snapshot_date,hospital_code,blood_bank_name,district,blood_group,hgb_probability,hgb_prediction
2026-09-07,18001,"Jaslok Hospital And Research Centre, Blood Centre",Mumbai,A+,0.034591210422059,0
2026-09-08,18001,"Jaslok Hospital And Research Centre, Blood Centre",Mumbai,A+,0.032387315830628,0
2026-09-09,18001,"Jaslok Hospital And Research Centre, Blood Centre",Mumbai,A+,0.021825092364580755,0
2026-09-07,18001,"Jaslok Hospital And Research Centre, Blood Centre",Mumbai,A-,0.7230546871564677,1
2026-09-08,18001,"Jaslok Hospital And Research Centre, Blood Centre",Mumbai,A-,0.9569767387238788,1
2026-09-09,18001,"Jaslok Hospital And Research Centre, Blood Centre",Mumbai,A-,0.9569767387238788,1
2026-09-07,18001,"Jaslok Hospital And Research Centre, Blood Centre",Mumbai,AB+,0.7230546871564677,1
2026-09-08,18001,"Jaslok Hospital And Research Centre, Blood Centre",Mumbai,AB+,0.11913752480167875,0
2026-09-09,18001,"Jaslok Hospital And Research Centre, Blood Centre",Mumbai,AB+,0.34411077595010625,0
2026-09-07,18001,"Jaslok Hospital And Research Centre, Blood Centre",Mumbai,AB-,0.7230546871564677,1
2026-09-08,18001,"Jaslok Hospital And Research Centre, Blood Centre",Mumbai,AB-,0.4483383250734861,0
2026-09-09,18001,"Jaslok Hospital And Research Centre, Blood Centre",Mumbai,AB-,0.647713153772467,1
2026-09-07,18001,"Jaslok Hospital And Research Centre, Blood Centre",Mumbai,B+,0.17997810455283492,0
2026-09-08,18001,"Jaslok Hospital And Research Centre, Blood Centre",Mumbai,B+,0.7063332006086539,1
2026-09-09,18001,"Jaslok Hospital And Research Centre, Blood Centre",Mumbai,B+,0.13408521785902233,0
2026-09-07,18001,"Jaslok Hospital And Research Centre, Blood Centre",Mumbai,B-,0.39087193484600613,0
2026-09-08,18001,"Jaslok Hospital And Research Centre, Blood Centre",Mumbai,B-,0.9569767387238788,1
2026-09-09,18001,"Jaslok Hospital And Research Centre, Blood Centre",Mumbai,B-,0.9569767387238788,1
2026-09-07,18001,"Jaslok Hospital And Research Centre, Blood Centre",Mumbai,O+,0.010830233153026282,0
2026-09-08,18001,"Jaslok Hospital And Research Centre, Blood Centre",Mumbai,O+,0.010353676002375575,0
2026-09-09,18001,"Jaslok Hospital And Research Centre, Blood Centre",Mumbai,O+,0.006719107412301543,0
2026-09-07,18001,"Jaslok Hospital And Research Centre, Blood Centre",Mumbai,O-,0.495161304823356,0
2026-09-08,18001,"Jaslok Hospital And Research Centre, Blood Centre",Mumbai,O-,0.9569767387238788,1
2026-09-09,18001,"Jaslok Hospital And Research Centre, Blood Centre",Mumbai,O-,0.9569767387238788,1
2026-09-07,18002,The B.D. Petit Parsee General Hospital Bsu,Mumbai,A+,0.9569767387238788,1
2026-09-08,18002,The B.D. Petit Parsee General Hospital Bsu,Mumbai,A+,0.9569767387238788,1
2026-09-09,18002,The B.D. Petit Parsee General Hospital Bsu,Mumbai,A+,0.9569767387238788,1
2026-09-07,18002,The B.D. Petit Parsee General Hospital Bsu,Mumbai,A-,0.09588567459878689,0
2026-09-08,18002,The B.D. Petit Parsee General Hospital Bsu,Mumbai,A-,0.09588567459878689,0
2026-09-09,18002,The B.D. Petit Parsee General Hospital Bsu,Mumbai,A-,0.09588567459878689,0
2026-09-07,18002,The B.D. Petit Parsee General Hospital Bsu,Mumbai,AB+,0.7542144173100465,1
2026-09-08,18002,The B.D. Petit Parsee General Hospital Bsu,Mumbai,AB+,0.8017482753365046,1
2026-09-09,18002,The B.D. Petit Parsee General Hospital Bsu,Mumbai,AB+,0.9569767387238788,1
2026-09-07,18002,The B.D. Petit Parsee General Hospital Bsu,Mumbai,AB-,0.9569767387238788,1
2026-09-08,18002,The B.D. Petit Parsee General Hospital Bsu,Mumbai,AB-,0.9569767387238788,1
2026-09-09,18002,The B.D. Petit Parsee General Hospital Bsu,Mumbai,AB-,0.9569767387238788,1
2026-09-07,18002,The B.D. Petit Parsee General Hospital Bsu,Mumbai,B+,0.9569767387238788,1
2026-09-08,18002,The B.D. Petit Parsee General Hospital Bsu,Mumbai,B+,0.9569767387238788,1
2026-09-09,18002,The B.D. Petit Parsee General Hospital Bsu,Mumbai,B+,0.9569767387238788,1
2026-09-07,18002,The B.D. Petit Parsee General Hospital Bsu,Mumbai,B-,0.09588567459878689,0
2026-09-08,18002,The B.D. Petit Parsee General Hospital Bsu,Mumbai,B-,0.09588567459878689,0
2026-09-09,18002,The B.D. Petit Parsee General Hospital Bsu,Mumbai,B-,0.09588567459878689,0
2026-09-07,18002,The B.D. Petit Parsee General Hospital Bsu,Mumbai,O+,0.9569767387238788,1
2026-09-08,18002,The B.D. Petit Parsee General Hospital Bsu,Mumbai,O+,0.9569767387238788,1
2026-09-09,18002,The B.D. Petit Parsee General Hospital Bsu,Mumbai,O+,0.9569767387238788,1
2026-09-07,18002,The B.D. Petit Parsee General Hospital Bsu,Mumbai,O-,0.8017482753365046,1
2026-09-08,18002,The B.D. Petit Parsee General Hospital Bsu,Mumbai,O-,0.32268418572950647,0
2026-09-09,18002,The B.D. Petit Parsee General Hospital Bsu,Mumbai,O-,0.14681513403309893,0
2026-09-07,18003,"Byl Nair Hospital, Blood Centre",Mumbai,A+,0.0021635971529209066,0
2026-09-08,18003,"Byl Nair Hospital, Blood Centre",Mumbai,A+,0.06773693304817312,0
2026-09-09,18003,"Byl Nair Hospital, Blood Centre",Mumbai,A+,0.0011891434105777774,0
2026-09-07,18003,"Byl Nair Hospital, Blood Centre",Mumbai,A-,0.16311692635487893,0
2026-09-08,18003,"Byl Nair Hospital, Blood Centre",Mumbai,A-,0.16311692635487893,0
2026-09-09,18003,"Byl Nair Hospital, Blood Centre",Mumbai,A-,0.09588567459878689,0
2026-09-07,18003,"Byl Nair Hospital, Blood Centre",Mumbai,AB+,0.0019925656544987004,0
2026-09-08,18003,"Byl Nair Hospital, Blood Centre",Mumbai,AB+,0.00795938224550174,0
2026-09-09,18003,"Byl Nair Hospital, Blood Centre",Mumbai,AB+,0.022993885989410382,0
2026-09-07,18003,"Byl Nair Hospital, Blood Centre",Mumbai,AB-,0.16311692635487893,0
2026-09-08,18003,"Byl Nair Hospital, Blood Centre",Mumbai,AB-,0.16311692635487893,0
2026-09-09,18003,"Byl Nair Hospital, Blood Centre",Mumbai,AB-,0.09588567459878689,0
2026-09-07,18003,"Byl Nair Hospital, Blood Centre",Mumbai,B+,0.00189020356093118,0
2026-09-08,18003,"Byl Nair Hospital, Blood Centre",Mumbai,B+,0.0016710067755597783,0
2026-09-09,18003,"Byl Nair Hospital, Blood Centre",Mumbai,B+,0.001342652951779423,0
2026-09-07,18003,"Byl Nair Hospital, Blood Centre",Mumbai,B-,0.1498097922182252,0
2026-09-08,18003,"Byl Nair Hospital, Blood Centre",Mumbai,B-,0.09588567459878689,0
2026-09-09,18003,"Byl Nair Hospital, Blood Centre",Mumbai,B-,0.057347578586959165,0
2026-09-07,18003,"Byl Nair Hospital, Blood Centre",Mumbai,O+,0.0016710067755597783,0
2026-09-08,18003,"Byl Nair Hospital, Blood Centre",Mumbai,O+,0.0016710067755597783,0
2026-09-09,18003,"Byl Nair Hospital, Blood Centre",Mumbai,O+,0.0012081753373930854,0
2026-09-07,18003,"Byl Nair Hospital, Blood Centre",Mumbai,O-,0.008863172675344767,0
2026-09-08,18003,"Byl Nair Hospital, Blood Centre",Mumbai,O-,0.008882849841305692,0
2026-09-09,18003,"Byl Nair Hospital, Blood Centre",Mumbai,O-,0.004308025452574265,0
2026-09-07,18004,Goodwill Social ClubS Amruta Blood Centre,Aurangabad,A+,0.002809541560350107,0
2026-09-08,18004,Goodwill Social ClubS Amruta Blood Centre,Aurangabad,A+,0.00189020356093118,0
2026-09-09,18004,Goodwill Social ClubS Amruta Blood Centre,Aurangabad,A+,0.0021205543004745573,0
2026-09-07,18004,Goodwill Social ClubS Amruta Blood Centre,Aurangabad,A-,0.02693490311827044,0
2026-09-08,18004,Goodwill Social ClubS Amruta Blood Centre,Aurangabad,A-,0.027568089055482303,0
2026-09-09,18004,Goodwill Social ClubS Amruta Blood Centre,Aurangabad,A-,0.028831849716799477,0
2026-09-07,18004,Goodwill Social ClubS Amruta Blood Centre,Aurangabad,AB+,0.004365594031356199,0
2026-09-08,18004,Goodwill Social ClubS Amruta Blood Centre,Aurangabad,AB+,0.09395577750662443,0
2026-09-09,18004,Goodwill Social ClubS Amruta Blood Centre,Aurangabad,AB+,0.010693541767822348,0
2026-09-07,18004,Goodwill Social ClubS Amruta Blood Centre,Aurangabad,AB-,0.9569767387238788,1
2026-09-08,18004,Goodwill Social ClubS Amruta Blood Centre,Aurangabad,AB-,0.31682855738935406,0
2026-09-09,18004,Goodwill Social ClubS Amruta Blood Centre,Aurangabad,AB-,0.6079895771448278,1
2026-09-07,18004,Goodwill Social ClubS Amruta Blood Centre,Aurangabad,B+,0.00189020356093118,0
2026-09-08,18004,Goodwill Social ClubS Amruta Blood Centre,Aurangabad,B+,0.00189020356093118,0
2026-09-09,18004,Goodwill Social ClubS Amruta Blood Centre,Aurangabad,B+,0.0016710067755597783,0
2026-09-07,18004,Goodwill Social ClubS Amruta Blood Centre,Aurangabad,B-,0.040014743840883535,0
2026-09-08,18004,Goodwill Social ClubS Amruta Blood Centre,Aurangabad,B-,0.16210439842287436,0
2026-09-09,18004,Goodwill Social ClubS Amruta Blood Centre,Aurangabad,B-,0.16311692635487893,0
2026-09-07,18004,Goodwill Social ClubS Amruta Blood Centre,Aurangabad,O+,0.0016710067755597783,0
2026-09-08,18004,Goodwill Social ClubS Amruta Blood Centre,Aurangabad,O+,0.0016656454620446208,0
2026-09-09,18004,Goodwill Social ClubS Amruta Blood Centre,Aurangabad,O+,0.0016710067755597783,0
2026-09-07,18004,Goodwill Social ClubS Amruta Blood Centre,Aurangabad,O-,0.030170888001377773,0
2026-09-08,18004,Goodwill Social ClubS Amruta Blood Centre,Aurangabad,O-,0.030170888001377773,0
2026-09-09,18004,Goodwill Social ClubS Amruta Blood Centre,Aurangabad,O-,0.030170888001377773,0
2026-09-07,18005,Breach Candy Hospital Trust Blood Centre,Mumbai,A+,0.001224356347402221,0
2026-09-08,18005,Breach Candy Hospital Trust Blood Centre,Mumbai,A+,0.008457751119871097,0
2026-09-09,18005,Breach Candy Hospital Trust Blood Centre,Mumbai,A+,0.006525528298804022,0
2026-09-07,18005,Breach Candy Hospital Trust Blood Centre,Mumbai,A-,0.32559708094662476,0
2026-09-08,18005,Breach Candy Hospital Trust Blood Centre,Mumbai,A-,0.7789323790913819,1
2026-09-09,18005,Breach Candy Hospital Trust Blood Centre,Mumbai,A-,0.32559708094662476,0
2026-09-07,18005,Breach Candy Hospital Trust Blood Centre,Mumbai,AB+,0.013412475786708603,0
2026-09-08,18005,Breach Candy Hospital Trust Blood Centre,Mumbai,AB+,0.04978598529659904,0
2026-09-09,18005,Breach Candy Hospital Trust Blood Centre,Mumbai,AB+,0.04960238329161027,0
2026-09-07,18005,Breach Candy Hospital Trust Blood Centre,Mumbai,AB-,0.8017482753365046,1
2026-09-08,18005,Breach Candy Hospital Trust Blood Centre,Mumbai,AB-,0.9569767387238788,1
2026-09-09,18005,Breach Candy Hospital Trust Blood Centre,Mumbai,AB-,0.32268418572950647,0
2026-09-07,18005,Breach Candy Hospital Trust Blood Centre,Mumbai,B+,0.0013202136328044714,0
2026-09-08,18005,Breach Candy Hospital Trust Blood Centre,Mumbai,B+,0.001284594665639421,0
2026-09-09,18005,Breach Candy Hospital Trust Blood Centre,Mumbai,B+,0.0012081753373930854,0
2026-09-07,18005,Breach Candy Hospital Trust Blood Centre,Mumbai,B-,0.32268418572950647,0
2026-09-08,18005,Breach Candy Hospital Trust Blood Centre,Mumbai,B-,0.14681513403309893,0
2026-09-09,18005,Breach Candy Hospital Trust Blood Centre,Mumbai,B-,0.09588567459878689,0
2026-09-07,18005,Breach Candy Hospital Trust Blood Centre,Mumbai,O+,0.0163247274333772,0
2026-09-08,18005,Breach Candy Hospital Trust Blood Centre,Mumbai,O+,0.017467652968191506,0
2026-09-09,18005,Breach Candy Hospital Trust Blood Centre,Mumbai,O+,0.006106507136012643,0
2026-09-07,18005,Breach Candy Hospital Trust Blood Centre,Mumbai,O-,0.32268418572950647,0
2026-09-08,18005,Breach Candy Hospital Trust Blood Centre,Mumbai,O-,0.7789323790913819,1
2026-09-09,18005,Breach Candy Hospital Trust Blood Centre,Mumbai,O-,0.2445208719495299,0
2026-09-07,18006,St. GeorgeS Hospital And Regional  Blood Centre,Mumbai,A+,0.045246629453624995,0
2026-09-08,18006,St. GeorgeS Hospital And Regional  Blood Centre,Mumbai,A+,0.08355632264691398,0
2026-09-09,18006,St. GeorgeS Hospital And Regional  Blood Centre,Mumbai,A+,0.3440699546020756,0
2026-09-07,18006,St. GeorgeS Hospital And Regional  Blood Centre,Mumbai,A-,0.9569767387238788,1
2026-09-08,18006,St. GeorgeS Hospital And Regional  Blood Centre,Mumbai,A-,0.9569767387238788,1
2026-09-09,18006,St. GeorgeS Hospital And Regional  Blood Centre,Mumbai,A-,0.9569767387238788,1
2026-09-07,18006,St. GeorgeS Hospital And Regional  Blood Centre,Mumbai,AB+,0.9569767387238788,1
2026-09-08,18006,St. GeorgeS Hospital And Regional  Blood Centre,Mumbai,AB+,0.9569767387238788,1
2026-09-09,18006,St. GeorgeS Hospital And Regional  Blood Centre,Mumbai,AB+,0.9569767387238788,1
2026-09-07,18006,St. GeorgeS Hospital And Regional  Blood Centre,Mumbai,AB-,0.9569767387238788,1
2026-09-08,18006,St. GeorgeS Hospital And Regional  Blood Centre,Mumbai,AB-,0.9569767387238788,1
2026-09-09,18006,St. GeorgeS Hospital And Regional  Blood Centre,Mumbai,AB-,0.9569767387238788,1
2026-09-07,18006,St. GeorgeS Hospital And Regional  Blood Centre,Mumbai,B+,0.6079895771448278,1
2026-09-08,18006,St. GeorgeS Hospital And Regional  Blood Centre,Mumbai,B+,0.786299925543641,1
2026-09-09,18006,St. GeorgeS Hospital And Regional  Blood Centre,Mumbai,B+,0.9569767387238788,1
2026-09-07,18006,St. GeorgeS Hospital And Regional  Blood Centre,Mumbai,B-,0.045072468254795155,0
2026-09-08,18006,St. GeorgeS Hospital And Regional  Blood Centre,Mumbai,B-,0.05202420222433954,0
2026-09-09,18006,St. GeorgeS Hospital And Regional  Blood Centre,Mumbai,B-,0.04708016808483685,0
2026-09-07,18006,St. GeorgeS Hospital And Regional  Blood Centre,Mumbai,O+,0.004741474055057642,0
2026-09-08,18006,St. GeorgeS Hospital And Regional  Blood Centre,Mumbai,O+,0.005094513150265763,0
2026-09-09,18006,St. GeorgeS Hospital And Regional  Blood Centre,Mumbai,O+,0.012357829944620587,0
2026-09-07,18006,St. GeorgeS Hospital And Regional  Blood Centre,Mumbai,O-,0.786299925543641,1
2026-09-08,18006,St. GeorgeS Hospital And Regional  Blood Centre,Mumbai,O-,0.9569767387238788,1
2026-09-09,18006,St. GeorgeS Hospital And Regional  Blood Centre,Mumbai,O-,0.9569767387238788,1
2026-09-07,18007,Saifee Hospital Trust Blood Centre,Mumbai,A+,0.2246574848471846,0
2026-09-08,18007,Saifee Hospital Trust Blood Centre,Mumbai,A+,0.06341399219371181,0
2026-09-09,18007,Saifee Hospital Trust Blood Centre,Mumbai,A+,0.6084507770725504,1
2026-09-07,18007,Saifee Hospital Trust Blood Centre,Mumbai,A-,0.09588567459878689,0
2026-09-08,18007,Saifee Hospital Trust Blood Centre,Mumbai,A-,0.09588567459878689,0
2026-09-09,18007,Saifee Hospital Trust Blood Centre,Mumbai,A-,0.7542144173100465,1
2026-09-07,18007,Saifee Hospital Trust Blood Centre,Mumbai,AB+,0.7063332006086539,1
2026-09-08,18007,Saifee Hospital Trust Blood Centre,Mumbai,AB+,0.3097949560448806,0
2026-09-09,18007,Saifee Hospital Trust Blood Centre,Mumbai,AB+,0.057027354883481915,0
2026-09-07,18007,Saifee Hospital Trust Blood Centre,Mumbai,AB-,0.9569767387238788,1
2026-09-08,18007,Saifee Hospital Trust Blood Centre,Mumbai,AB-,0.9569767387238788,1
2026-09-09,18007,Saifee Hospital Trust Blood Centre,Mumbai,AB-,0.9569767387238788,1
2026-09-07,18007,Saifee Hospital Trust Blood Centre,Mumbai,B+,0.9569767387238788,1
2026-09-08,18007,Saifee Hospital Trust Blood Centre,Mumbai,B+,0.31682855738935406,0
2026-09-09,18007,Saifee Hospital Trust Blood Centre,Mumbai,B+,0.6079895771448278,1
2026-09-07,18007,Saifee Hospital Trust Blood Centre,Mumbai,B-,0.04708016808483685,0
2026-09-08,18007,Saifee Hospital Trust Blood Centre,Mumbai,B-,0.04708016808483685,0
2026-09-09,18007,Saifee Hospital Trust Blood Centre,Mumbai,B-,0.04708016808483685,0
2026-09-07,18007,Saifee Hospital Trust Blood Centre,Mumbai,O+,0.10570652957947822,0
2026-09-08,18007,Saifee Hospital Trust Blood Centre,Mumbai,O+,0.07852987518052341,0
2026-09-09,18007,Saifee Hospital Trust Blood Centre,Mumbai,O+,0.028011667092352175,0
2026-09-07,18007,Saifee Hospital Trust Blood Centre,Mumbai,O-,0.8017482753365046,1
2026-09-08,18007,Saifee Hospital Trust Blood Centre,Mumbai,O-,0.9569767387238788,1
2026-09-09,18007,Saifee Hospital Trust Blood Centre,Mumbai,O-,0.9569767387238788,1
2026-09-07,18008,"Cama And Albles Hosp., Abdul Fazalbhoy Blood Centre",Mumbai,A+,0.9569767387238788,1
2026-09-08,18008,"Cama And Albles Hosp., Abdul Fazalbhoy Blood Centre",Mumbai,A+,0.9569767387238788,1
2026-09-09,18008,"Cama And Albles Hosp., Abdul Fazalbhoy Blood Centre",Mumbai,A+,0.9569767387238788,1
2026-09-07,18008,"Cama And Albles Hosp., Abdul Fazalbhoy Blood Centre",Mumbai,A-,0.9569767387238788,1
2026-09-08,18008,"Cama And Albles Hosp., Abdul Fazalbhoy Blood Centre",Mumbai,A-,0.9569767387238788,1
2026-09-09,18008,"Cama And Albles Hosp., Abdul Fazalbhoy Blood Centre",Mumbai,A-,0.9569767387238788,1
2026-09-07,18008,"Cama And Albles Hosp., Abdul Fazalbhoy Blood Centre",Mumbai,AB+,0.9569767387238788,1
2026-09-08,18008,"Cama And Albles Hosp., Abdul Fazalbhoy Blood Centre",Mumbai,AB+,0.9569767387238788,1
2026-09-09,18008,"Cama And Albles Hosp., Abdul Fazalbhoy Blood Centre",Mumbai,AB+,0.9569767387238788,1
2026-09-07,18008,"Cama And Albles Hosp., Abdul Fazalbhoy Blood Centre",Mumbai,AB-,0.9569767387238788,1
2026-09-08,18008,"Cama And Albles Hosp., Abdul Fazalbhoy Blood Centre",Mumbai,AB-,0.9569767387238788,1
2026-09-09,18008,"Cama And Albles Hosp., Abdul Fazalbhoy Blood Centre",Mumbai,AB-,0.9569767387238788,1
2026-09-07,18008,"Cama And Albles Hosp., Abdul Fazalbhoy Blood Centre",Mumbai,B+,0.9569767387238788,1
2026-09-08,18008,"Cama And Albles Hosp., Abdul Fazalbhoy Blood Centre",Mumbai,B+,0.9569767387238788,1
2026-09-09,18008,"Cama And Albles Hosp., Abdul Fazalbhoy Blood Centre",Mumbai,B+,0.9569767387238788,1
2026-09-07,18008,"Cama And Albles Hosp., Abdul Fazalbhoy Blood Centre",Mumbai,B-,0.9569767387238788,1
2026-09-08,18008,"Cama And Albles Hosp., Abdul Fazalbhoy Blood Centre",Mumbai,B-,0.9569767387238788,1
2026-09-09,18008,"Cama And Albles Hosp., Abdul Fazalbhoy Blood Centre",Mumbai,B-,0.9569767387238788,1
2026-09-07,18008,"Cama And Albles Hosp., Abdul Fazalbhoy Blood Centre",Mumbai,O+,0.9569767387238788,1
2026-09-08,18008,"Cama And Albles Hosp., Abdul Fazalbhoy Blood Centre",Mumbai,O+,0.9569767387238788,1
2026-09-09,18008,"Cama And Albles Hosp., Abdul Fazalbhoy Blood Centre",Mumbai,O+,0.9569767387238788,1
2026-09-07,18008,"Cama And Albles Hosp., Abdul Fazalbhoy Blood Centre",Mumbai,O-,0.9569767387238788,1
2026-09-08,18008,"Cama And Albles Hosp., Abdul Fazalbhoy Blood Centre",Mumbai,O-,0.9569767387238788,1
2026-09-09,18008,"Cama And Albles Hosp., Abdul Fazalbhoy Blood Centre",Mumbai,O-,0.9569767387238788,1
2026-09-07,18009,Bombay Red Cross Blood Centre,Mumbai,A+,0.9569767387238788,1
2026-09-08,18009,Bombay Red Cross Blood Centre,Mumbai,A+,0.9569767387238788,1
2026-09-09,18009,Bombay Red Cross Blood Centre,Mumbai,A+,0.9569767387238788,1
2026-09-07,18009,Bombay Red Cross Blood Centre,Mumbai,A-,0.786299925543641,1
2026-09-08,18009,Bombay Red Cross Blood Centre,Mumbai,A-,0.9569767387238788,1
2026-09-09,18009,Bombay Red Cross Blood Centre,Mumbai,A-,0.9569767387238788,1
2026-09-07,18009,Bombay Red Cross Blood Centre,Mumbai,AB+,0.9569767387238788,1
2026-09-08,18009,Bombay Red Cross Blood Centre,Mumbai,AB+,0.9569767387238788,1
2026-09-09,18009,Bombay Red Cross Blood Centre,Mumbai,AB+,0.9569767387238788,1
2026-09-07,18009,Bombay Red Cross Blood Centre,Mumbai,AB-,0.9569767387238788,1
2026-09-08,18009,Bombay Red Cross Blood Centre,Mumbai,AB-,0.9569767387238788,1
2026-09-09,18009,Bombay Red Cross Blood Centre,Mumbai,AB-,0.9569767387238788,1
2026-09-07,18009,Bombay Red Cross Blood Centre,Mumbai,B+,0.9569767387238788,1
2026-09-08,18009,Bombay Red Cross Blood Centre,Mumbai,B+,0.9569767387238788,1
2026-09-09,18009,Bombay Red Cross Blood Centre,Mumbai,B+,0.9569767387238788,1
2026-09-07,18009,Bombay Red Cross Blood Centre,Mumbai,B-,0.9569767387238788,1
2026-09-08,18009,Bombay Red Cross Blood Centre,Mumbai,B-,0.9569767387238788,1
2026-09-09,18009,Bombay Red Cross Blood Centre,Mumbai,B-,0.9569767387238788,1
2026-09-07,18009,Bombay Red Cross Blood Centre,Mumbai,O+,0.9569767387238788,1
2026-09-08,18009,Bombay Red Cross Blood Centre,Mumbai,O+,0.9569767387238788,1
2026-09-09,18009,Bombay Red Cross Blood Centre,Mumbai,O+,0.9569767387238788,1
2026-09-07,18009,Bombay Red Cross Blood Centre,Mumbai,O-,0.9569767387238788,1
2026-09-08,18009,Bombay Red Cross Blood Centre,Mumbai,O-,0.9569767387238788,1
2026-09-09,18009,Bombay Red Cross Blood Centre,Mumbai,O-,0.9569767387238788,1
2026-09-07,18011,General Hospital Blood Centre,Chandrapur,A+,0.0021018601704874897,0
2026-09-08,18011,General Hospital Blood Centre,Chandrapur,A+,0.0019925656544987004,0
2026-09-09,18011,General Hospital Blood Centre,Chandrapur,A+,0.01955440341409172,0
2026-09-07,18011,General Hospital Blood Centre,Chandrapur,A-,0.05202420222433954,0
2026-09-08,18011,General Hospital Blood Centre,Chandrapur,A-,0.04708016808483685,0
2026-09-09,18011,General Hospital Blood Centre,Chandrapur,A-,0.04708016808483685,0
2026-09-07,18011,General Hospital Blood Centre,Chandrapur,AB+,0.029419813395940842,0
2026-09-08,18011,General Hospital Blood Centre,Chandrapur,AB+,0.0050038186718143925,0
2026-09-09,18011,General Hospital Blood Centre,Chandrapur,AB+,0.009631188904240239,0
2026-09-07,18011,General Hospital Blood Centre,Chandrapur,AB-,0.02693490311827044,0
2026-09-08,18011,General Hospital Blood Centre,Chandrapur,AB-,0.08680707578515685,0
2026-09-09,18011,General Hospital Blood Centre,Chandrapur,AB-,0.0726101230638756,0
2026-09-07,18011,General Hospital Blood Centre,Chandrapur,B+,0.001932070220395917,0
2026-09-08,18011,General Hospital Blood Centre,Chandrapur,B+,0.0016710067755597783,0
2026-09-09,18011,General Hospital Blood Centre,Chandrapur,B+,0.006817413975949052,0
2026-09-07,18011,General Hospital Blood Centre,Chandrapur,B-,0.02693490311827044,0
2026-09-08,18011,General Hospital Blood Centre,Chandrapur,B-,0.03170067070020004,0
2026-09-09,18011,General Hospital Blood Centre,Chandrapur,B-,0.026304071503136787,0
2026-09-07,18011,General Hospital Blood Centre,Chandrapur,O+,0.00189020356093118,0
2026-09-08,18011,General Hospital Blood Centre,Chandrapur,O+,0.0016710067755597783,0
2026-09-09,18011,General Hospital Blood Centre,Chandrapur,O+,0.001670688725475448,0
2026-09-07,18011,General Hospital Blood Centre,Chandrapur,O-,0.012712982698188378,0
2026-09-08,18011,General Hospital Blood Centre,Chandrapur,O-,0.02501533837767574,0
2026-09-09,18011,General Hospital Blood Centre,Chandrapur,O-,0.022802306006585386,0
2026-09-07,18014,Bombay Hospital Trust Blood Centre,Mumbai,A+,0.9569767387238788,1
2026-09-08,18014,Bombay Hospital Trust Blood Centre,Mumbai,A+,0.9569767387238788,1
2026-09-09,18014,Bombay Hospital Trust Blood Centre,Mumbai,A+,0.9569767387238788,1
2026-09-07,18014,Bombay Hospital Trust Blood Centre,Mumbai,A-,0.9569767387238788,1
2026-09-08,18014,Bombay Hospital Trust Blood Centre,Mumbai,A-,0.9569767387238788,1
2026-09-09,18014,Bombay Hospital Trust Blood Centre,Mumbai,A-,0.9569767387238788,1
2026-09-07,18014,Bombay Hospital Trust Blood Centre,Mumbai,AB+,0.9569767387238788,1
2026-09-08,18014,Bombay Hospital Trust Blood Centre,Mumbai,AB+,0.9569767387238788,1
2026-09-09,18014,Bombay Hospital Trust Blood Centre,Mumbai,AB+,0.9569767387238788,1
2026-09-07,18014,Bombay Hospital Trust Blood Centre,Mumbai,AB-,0.9569767387238788,1
2026-09-08,18014,Bombay Hospital Trust Blood Centre,Mumbai,AB-,0.9569767387238788,1
2026-09-09,18014,Bombay Hospital Trust Blood Centre,Mumbai,AB-,0.9569767387238788,1
2026-09-07,18014,Bombay Hospital Trust Blood Centre,Mumbai,B+,0.9569767387238788,1
2026-09-08,18014,Bombay Hospital Trust Blood Centre,Mumbai,B+,0.9569767387238788,1
2026-09-09,18014,Bombay Hospital Trust Blood Centre,Mumbai,B+,0.9569767387238788,1
2026-09-07,18014,Bombay Hospital Trust Blood Centre,Mumbai,B-,0.9569767387238788,1
2026-09-08,18014,Bombay Hospital Trust Blood Centre,Mumbai,B-,0.9569767387238788,1
2026-09-09,18014,Bombay Hospital Trust Blood Centre,Mumbai,B-,0.9569767387238788,1
2026-09-07,18014,Bombay Hospital Trust Blood Centre,Mumbai,O+,0.9569767387238788,1
2026-09-08,18014,Bombay Hospital Trust Blood Centre,Mumbai,O+,0.9569767387238788,1
2026-09-09,18014,Bombay Hospital Trust Blood Centre,Mumbai,O+,0.9569767387238788,1
2026-09-07,18014,Bombay Hospital Trust Blood Centre,Mumbai,O-,0.9569767387238788,1
2026-09-08,18014,Bombay Hospital Trust Blood Centre,Mumbai,O-,0.9569767387238788,1
2026-09-09,18014,Bombay Hospital Trust Blood Centre,Mumbai,O-,0.9569767387238788,1
2026-09-07,18015,"P.D. Hinduja Hospital And Medical Research, Blood Centre",Mumbai,A+,0.31682855738935406,0
2026-09-08,18015,"P.D. Hinduja Hospital And Medical Research, Blood Centre",Mumbai,A+,0.03197288999425724,0
2026-09-09,18015,"P.D. Hinduja Hospital And Medical Research, Blood Centre",Mumbai,A+,0.03757501308950276,0
2026-09-07,18015,"P.D. Hinduja Hospital And Medical Research, Blood Centre",Mumbai,A-,0.9569767387238788,1
2026-09-08,18015,"P.D. Hinduja Hospital And Medical Research, Blood Centre",Mumbai,A-,0.9569767387238788,1
2026-09-09,18015,"P.D. Hinduja Hospital And Medical Research, Blood Centre",Mumbai,A-,0.9569767387238788,1
2026-09-07,18015,"P.D. Hinduja Hospital And Medical Research, Blood Centre",Mumbai,AB+,0.9569767387238788,1
2026-09-08,18015,"P.D. Hinduja Hospital And Medical Research, Blood Centre",Mumbai,AB+,0.9569767387238788,1
2026-09-09,18015,"P.D. Hinduja Hospital And Medical Research, Blood Centre",Mumbai,AB+,0.9569767387238788,1
2026-09-07,18015,"P.D. Hinduja Hospital And Medical Research, Blood Centre",Mumbai,AB-,0.9569767387238788,1
2026-09-08,18015,"P.D. Hinduja Hospital And Medical Research, Blood Centre",Mumbai,AB-,0.9569767387238788,1
2026-09-09,18015,"P.D. Hinduja Hospital And Medical Research, Blood Centre",Mumbai,AB-,0.9569767387238788,1
2026-09-07,18015,"P.D. Hinduja Hospital And Medical Research, Blood Centre",Mumbai,B+,0.4156498577737522,0
2026-09-08,18015,"P.D. Hinduja Hospital And Medical Research, Blood Centre",Mumbai,B+,0.3798038576626602,0
2026-09-09,18015,"P.D. Hinduja Hospital And Medical Research, Blood Centre",Mumbai,B+,0.32268418572950647,0
2026-09-07,18015,"P.D. Hinduja Hospital And Medical Research, Blood Centre",Mumbai,B-,0.9569767387238788,1
2026-09-08,18015,"P.D. Hinduja Hospital And Medical Research, Blood Centre",Mumbai,B-,0.9569767387238788,1
2026-09-09,18015,"P.D. Hinduja Hospital And Medical Research, Blood Centre",Mumbai,B-,0.9569767387238788,1
2026-09-07,18015,"P.D. Hinduja Hospital And Medical Research, Blood Centre",Mumbai,O+,0.0269692388167224,0
2026-09-08,18015,"P.D. Hinduja Hospital And Medical Research, Blood Centre",Mumbai,O+,0.04783224120099168,0
2026-09-09,18015,"P.D. Hinduja Hospital And Medical Research, Blood Centre",Mumbai,O+,0.01038901174006869,0
2026-09-07,18015,"P.D. Hinduja Hospital And Medical Research, Blood Centre",Mumbai,O-,0.9569767387238788,1
2026-09-08,18015,"P.D. Hinduja Hospital And Medical Research, Blood Centre",Mumbai,O-,0.9569767387238788,1
2026-09-09,18015,"P.D. Hinduja Hospital And Medical Research, Blood Centre",Mumbai,O-,0.9569767387238788,1
2026-09-07,18016,K.E.M. Hospital Blood Centre,Mumbai,A+,0.0015779651425224034,0
2026-09-08,18016,K.E.M. Hospital Blood Centre,Mumbai,A+,0.0012081753373930854,0
2026-09-09,18016,K.E.M. Hospital Blood Centre,Mumbai,A+,0.0195899055154714,0
2026-09-07,18016,K.E.M. Hospital Blood Centre,Mumbai,A-,0.9569767387238788,1
2026-09-08,18016,K.E.M. Hospital Blood Centre,Mumbai,A-,0.9569767387238788,1
2026-09-09,18016,K.E.M. Hospital Blood Centre,Mumbai,A-,0.9569767387238788,1
2026-09-07,18016,K.E.M. Hospital Blood Centre,Mumbai,AB+,0.013043116435576315,0
2026-09-08,18016,K.E.M. Hospital Blood Centre,Mumbai,AB+,0.008405666518709118,0
2026-09-09,18016,K.E.M. Hospital Blood Centre,Mumbai,AB+,0.01888581717941127,0
2026-09-07,18016,K.E.M. Hospital Blood Centre,Mumbai,AB-,0.9569767387238788,1
2026-09-08,18016,K.E.M. Hospital Blood Centre,Mumbai,AB-,0.9569767387238788,1
2026-09-09,18016,K.E.M. Hospital Blood Centre,Mumbai,AB-,0.9569767387238788,1
2026-09-07,18016,K.E.M. Hospital Blood Centre,Mumbai,B+,0.039918397043992825,0
2026-09-08,18016,K.E.M. Hospital Blood Centre,Mumbai,B+,0.05026165483372558,0
2026-09-09,18016,K.E.M. Hospital Blood Centre,Mumbai,B+,0.16210439842287436,0
2026-09-07,18016,K.E.M. Hospital Blood Centre,Mumbai,B-,0.9569767387238788,1
2026-09-08,18016,K.E.M. Hospital Blood Centre,Mumbai,B-,0.9569767387238788,1
2026-09-09,18016,K.E.M. Hospital Blood Centre,Mumbai,B-,0.9569767387238788,1
2026-09-07,18016,K.E.M. Hospital Blood Centre,Mumbai,O+,0.001670688725475448,0
2026-09-08,18016,K.E.M. Hospital Blood Centre,Mumbai,O+,0.004283323695341154,0
2026-09-09,18016,K.E.M. Hospital Blood Centre,Mumbai,O+,0.017078619096661578,0
2026-09-07,18016,K.E.M. Hospital Blood Centre,Mumbai,O-,0.05421883653906218,0
2026-09-08,18016,K.E.M. Hospital Blood Centre,Mumbai,O-,0.07105022241162556,0
2026-09-09,18016,K.E.M. Hospital Blood Centre,Mumbai,O-,0.04708016808483685,0
2026-09-07,18017,Masina Hospital Blood Centre,Mumbai,A+,0.6079895771448278,1
2026-09-08,18017,Masina Hospital Blood Centre,Mumbai,A+,0.786299925543641,1
2026-09-09,18017,Masina Hospital Blood Centre,Mumbai,A+,0.9569767387238788,1
2026-09-07,18017,Masina Hospital Blood Centre,Mumbai,A-,0.9569767387238788,1
2026-09-08,18017,Masina Hospital Blood Centre,Mumbai,A-,0.9569767387238788,1
2026-09-09,18017,Masina Hospital Blood Centre,Mumbai,A-,0.9569767387238788,1
2026-09-07,18017,Masina Hospital Blood Centre,Mumbai,AB+,0.9569767387238788,1
2026-09-08,18017,Masina Hospital Blood Centre,Mumbai,AB+,0.9569767387238788,1
2026-09-09,18017,Masina Hospital Blood Centre,Mumbai,AB+,0.9569767387238788,1
2026-09-07,18017,Masina Hospital Blood Centre,Mumbai,AB-,0.9569767387238788,1
2026-09-08,18017,Masina Hospital Blood Centre,Mumbai,AB-,0.9569767387238788,1
2026-09-09,18017,Masina Hospital Blood Centre,Mumbai,AB-,0.9569767387238788,1
2026-09-07,18017,Masina Hospital Blood Centre,Mumbai,B+,0.7789323790913819,1
2026-09-08,18017,Masina Hospital Blood Centre,Mumbai,B+,0.8017482753365046,1
2026-09-09,18017,Masina Hospital Blood Centre,Mumbai,B+,0.9569767387238788,1
2026-09-07,18017,Masina Hospital Blood Centre,Mumbai,B-,0.9569767387238788,1
2026-09-08,18017,Masina Hospital Blood Centre,Mumbai,B-,0.9569767387238788,1
2026-09-09,18017,Masina Hospital Blood Centre,Mumbai,B-,0.9569767387238788,1
2026-09-07,18017,Masina Hospital Blood Centre,Mumbai,O+,0.11706283976185261,0
2026-09-08,18017,Masina Hospital Blood Centre,Mumbai,O+,0.02694707412495222,0
2026-09-09,18017,Masina Hospital Blood Centre,Mumbai,O+,0.4350662552349655,0
2026-09-07,18017,Masina Hospital Blood Centre,Mumbai,O-,0.9569767387238788,1
2026-09-08,18017,Masina Hospital Blood Centre,Mumbai,O-,0.9569767387238788,1
2026-09-09,18017,Masina Hospital Blood Centre,Mumbai,O-,0.9569767387238788,1
2026-09-07,18018,N.M Wadia Hospital Blood Centre Parel Mumbai,Mumbai,A+,0.0022801206477151845,0
2026-09-08,18018,N.M Wadia Hospital Blood Centre Parel Mumbai,Mumbai,A+,0.028165233857003088,0
2026-09-09,18018,N.M Wadia Hospital Blood Centre Parel Mumbai,Mumbai,A+,0.004441680589584819,0
2026-09-07,18018,N.M Wadia Hospital Blood Centre Parel Mumbai,Mumbai,A-,0.9569767387238788,1
2026-09-08,18018,N.M Wadia Hospital Blood Centre Parel Mumbai,Mumbai,A-,0.9569767387238788,1
2026-09-09,18018,N.M Wadia Hospital Blood Centre Parel Mumbai,Mumbai,A-,0.9569767387238788,1
2026-09-07,18018,N.M Wadia Hospital Blood Centre Parel Mumbai,Mumbai,AB+,0.01734657195909022,0
2026-09-08,18018,N.M Wadia Hospital Blood Centre Parel Mumbai,Mumbai,AB+,0.028181830672753063,0
2026-09-09,18018,N.M Wadia Hospital Blood Centre Parel Mumbai,Mumbai,AB+,0.05314345579318012,0
2026-09-07,18018,N.M Wadia Hospital Blood Centre Parel Mumbai,Mumbai,AB-,0.9569767387238788,1
2026-09-08,18018,N.M Wadia Hospital Blood Centre Parel Mumbai,Mumbai,AB-,0.9569767387238788,1
2026-09-09,18018,N.M Wadia Hospital Blood Centre Parel Mumbai,Mumbai,AB-,0.9569767387238788,1
2026-09-07,18018,N.M Wadia Hospital Blood Centre Parel Mumbai,Mumbai,B+,0.002621488626421924,0
2026-09-08,18018,N.M Wadia Hospital Blood Centre Parel Mumbai,Mumbai,B+,0.008429494094847018,0
2026-09-09,18018,N.M Wadia Hospital Blood Centre Parel Mumbai,Mumbai,B+,0.002033618554739606,0
2026-09-07,18018,N.M Wadia Hospital Blood Centre Parel Mumbai,Mumbai,B-,0.9569767387238788,1
2026-09-08,18018,N.M Wadia Hospital Blood Centre Parel Mumbai,Mumbai,B-,0.9569767387238788,1
2026-09-09,18018,N.M Wadia Hospital Blood Centre Parel Mumbai,Mumbai,B-,0.9569767387238788,1
2026-09-07,18018,N.M Wadia Hospital Blood Centre Parel Mumbai,Mumbai,O+,0.00189020356093118,0
2026-09-08,18018,N.M Wadia Hospital Blood Centre Parel Mumbai,Mumbai,O+,0.0016710067755597783,0
2026-09-09,18018,N.M Wadia Hospital Blood Centre Parel Mumbai,Mumbai,O+,0.0015779651425224034,0
2026-09-07,18018,N.M Wadia Hospital Blood Centre Parel Mumbai,Mumbai,O-,0.9569767387238788,1
2026-09-08,18018,N.M Wadia Hospital Blood Centre Parel Mumbai,Mumbai,O-,0.9569767387238788,1
2026-09-09,18018,N.M Wadia Hospital Blood Centre Parel Mumbai,Mumbai,O-,0.9569767387238788,1
2026-09-07,18019,Prince Aly Khan Hospital Blood Centre,Mumbai,A+,0.012760506423855105,0
2026-09-08,18019,Prince Aly Khan Hospital Blood Centre,Mumbai,A+,0.012760506423855105,0
2026-09-09,18019,Prince Aly Khan Hospital Blood Centre,Mumbai,A+,0.012760506423855105,0
2026-09-07,18019,Prince Aly Khan Hospital Blood Centre,Mumbai,A-,0.9569767387238788,1
2026-09-08,18019,Prince Aly Khan Hospital Blood Centre,Mumbai,A-,0.9569767387238788,1
2026-09-09,18019,Prince Aly Khan Hospital Blood Centre,Mumbai,A-,0.9569767387238788,1
2026-09-07,18019,Prince Aly Khan Hospital Blood Centre,Mumbai,AB+,0.022229048452583756,0
2026-09-08,18019,Prince Aly Khan Hospital Blood Centre,Mumbai,AB+,0.022229048452583756,0
2026-09-09,18019,Prince Aly Khan Hospital Blood Centre,Mumbai,AB+,0.022229048452583756,0
2026-09-07,18019,Prince Aly Khan Hospital Blood Centre,Mumbai,AB-,0.9569767387238788,1
2026-09-08,18019,Prince Aly Khan Hospital Blood Centre,Mumbai,AB-,0.9569767387238788,1
2026-09-09,18019,Prince Aly Khan Hospital Blood Centre,Mumbai,AB-,0.9569767387238788,1
2026-09-07,18019,Prince Aly Khan Hospital Blood Centre,Mumbai,B+,0.015816975002225914,0
2026-09-08,18019,Prince Aly Khan Hospital Blood Centre,Mumbai,B+,0.015816975002225914,0
2026-09-09,18019,Prince Aly Khan Hospital Blood Centre,Mumbai,B+,0.015816975002225914,0
2026-09-07,18019,Prince Aly Khan Hospital Blood Centre,Mumbai,B-,0.9569767387238788,1
2026-09-08,18019,Prince Aly Khan Hospital Blood Centre,Mumbai,B-,0.9569767387238788,1
2026-09-09,18019,Prince Aly Khan Hospital Blood Centre,Mumbai,B-,0.9569767387238788,1
2026-09-07,18019,Prince Aly Khan Hospital Blood Centre,Mumbai,O+,0.013268239052090094,0
2026-09-08,18019,Prince Aly Khan Hospital Blood Centre,Mumbai,O+,0.013268239052090094,0
2026-09-09,18019,Prince Aly Khan Hospital Blood Centre,Mumbai,O+,0.013268239052090094,0
2026-09-07,18019,Prince Aly Khan Hospital Blood Centre,Mumbai,O-,0.9569767387238788,1
2026-09-08,18019,Prince Aly Khan Hospital Blood Centre,Mumbai,O-,0.9569767387238788,1
2026-09-09,18019,Prince Aly Khan Hospital Blood Centre,Mumbai,O-,0.9569767387238788,1
2026-09-07,18021,Sir J.J.Mahanagar Rakthapedhi,Mumbai,A+,0.0024969291568260575,0
2026-09-08,18021,Sir J.J.Mahanagar Rakthapedhi,Mumbai,A+,0.0024969291568260575,0
2026-09-09,18021,Sir J.J.Mahanagar Rakthapedhi,Mumbai,A+,0.0024969291568260575,0
2026-09-07,18021,Sir J.J.Mahanagar Rakthapedhi,Mumbai,A-,0.02626651767943478,0
2026-09-08,18021,Sir J.J.Mahanagar Rakthapedhi,Mumbai,A-,0.02626651767943478,0
2026-09-09,18021,Sir J.J.Mahanagar Rakthapedhi,Mumbai,A-,0.02626651767943478,0
2026-09-07,18021,Sir J.J.Mahanagar Rakthapedhi,Mumbai,AB+,0.0022991391054977797,0
2026-09-08,18021,Sir J.J.Mahanagar Rakthapedhi,Mumbai,AB+,0.0022991391054977797,0
2026-09-09,18021,Sir J.J.Mahanagar Rakthapedhi,Mumbai,AB+,0.0022991391054977797,0
2026-09-07,18021,Sir J.J.Mahanagar Rakthapedhi,Mumbai,AB-,0.030170888001377773,0
2026-09-08,18021,Sir J.J.Mahanagar Rakthapedhi,Mumbai,AB-,0.030170888001377773,0
2026-09-09,18021,Sir J.J.Mahanagar Rakthapedhi,Mumbai,AB-,0.030170888001377773,0
2026-09-07,18021,Sir J.J.Mahanagar Rakthapedhi,Mumbai,B+,0.0021789692231545,0
2026-09-08,18021,Sir J.J.Mahanagar Rakthapedhi,Mumbai,B+,0.0021789692231545,0
2026-09-09,18021,Sir J.J.Mahanagar Rakthapedhi,Mumbai,B+,0.0021789692231545,0
2026-09-07,18021,Sir J.J.Mahanagar Rakthapedhi,Mumbai,B-,0.015816975002225914,0
2026-09-08,18021,Sir J.J.Mahanagar Rakthapedhi,Mumbai,B-,0.015816975002225914,0
2026-09-09,18021,Sir J.J.Mahanagar Rakthapedhi,Mumbai,B-,0.015816975002225914,0
2026-09-07,18021,Sir J.J.Mahanagar Rakthapedhi,Mumbai,O+,0.013168107090995817,0
2026-09-08,18021,Sir J.J.Mahanagar Rakthapedhi,Mumbai,O+,0.013168107090995817,0
2026-09-09,18021,Sir J.J.Mahanagar Rakthapedhi,Mumbai,O+,0.013168107090995817,0
2026-09-07,18021,Sir J.J.Mahanagar Rakthapedhi,Mumbai,O-,0.022298314276277785,0
2026-09-08,18021,Sir J.J.Mahanagar Rakthapedhi,Mumbai,O-,0.022298314276277785,0
2026-09-09,18021,Sir J.J.Mahanagar Rakthapedhi,Mumbai,O-,0.022298314276277785,0
2026-09-07,18022,Sir H N Hospital And Research Centre Blood Centre,Mumbai,A+,0.003579983097991671,0
2026-09-08,18022,Sir H N Hospital And Research Centre Blood Centre,Mumbai,A+,0.013043116435576315,0
2026-09-09,18022,Sir H N Hospital And Research Centre Blood Centre,Mumbai,A+,0.013645413099033834,0
2026-09-07,18022,Sir H N Hospital And Research Centre Blood Centre,Mumbai,A-,0.9569767387238788,1
2026-09-08,18022,Sir H N Hospital And Research Centre Blood Centre,Mumbai,A-,0.9569767387238788,1
2026-09-09,18022,Sir H N Hospital And Research Centre Blood Centre,Mumbai,A-,0.9569767387238788,1
2026-09-07,18022,Sir H N Hospital And Research Centre Blood Centre,Mumbai,AB+,0.02280334130387227,0
2026-09-08,18022,Sir H N Hospital And Research Centre Blood Centre,Mumbai,AB+,0.011619101879072087,0
2026-09-09,18022,Sir H N Hospital And Research Centre Blood Centre,Mumbai,AB+,0.03013640246356194,0
2026-09-07,18022,Sir H N Hospital And Research Centre Blood Centre,Mumbai,AB-,0.9569767387238788,1
2026-09-08,18022,Sir H N Hospital And Research Centre Blood Centre,Mumbai,AB-,0.9569767387238788,1
2026-09-09,18022,Sir H N Hospital And Research Centre Blood Centre,Mumbai,AB-,0.9569767387238788,1
2026-09-07,18022,Sir H N Hospital And Research Centre Blood Centre,Mumbai,B+,0.005300888951349582,0
2026-09-08,18022,Sir H N Hospital And Research Centre Blood Centre,Mumbai,B+,0.008227092907759205,0
2026-09-09,18022,Sir H N Hospital And Research Centre Blood Centre,Mumbai,B+,0.0011891434105777774,0
2026-09-07,18022,Sir H N Hospital And Research Centre Blood Centre,Mumbai,B-,0.9569767387238788,1
2026-09-08,18022,Sir H N Hospital And Research Centre Blood Centre,Mumbai,B-,0.9569767387238788,1
2026-09-09,18022,Sir H N Hospital And Research Centre Blood Centre,Mumbai,B-,0.9569767387238788,1
2026-09-07,18022,Sir H N Hospital And Research Centre Blood Centre,Mumbai,O+,0.0017021043444613105,0
2026-09-08,18022,Sir H N Hospital And Research Centre Blood Centre,Mumbai,O+,0.008157610514701437,0
2026-09-09,18022,Sir H N Hospital And Research Centre Blood Centre,Mumbai,O+,0.0011914995535454466,0
2026-09-07,18022,Sir H N Hospital And Research Centre Blood Centre,Mumbai,O-,0.9569767387238788,1
2026-09-08,18022,Sir H N Hospital And Research Centre Blood Centre,Mumbai,O-,0.9569767387238788,1
2026-09-09,18022,Sir H N Hospital And Research Centre Blood Centre,Mumbai,O-,0.9569767387238788,1
2026-09-07,18023,Shushrusha Citizens Co-Op Hospital Blood Centre,Mumbai,A+,0.0028934761280761997,0
2026-09-08,18023,Shushrusha Citizens Co-Op Hospital Blood Centre,Mumbai,A+,0.0018398613121776769,0
2026-09-09,18023,Shushrusha Citizens Co-Op Hospital Blood Centre,Mumbai,A+,0.0022014326352260186,0
2026-09-07,18023,Shushrusha Citizens Co-Op Hospital Blood Centre,Mumbai,A-,0.9569767387238788,1
2026-09-08,18023,Shushrusha Citizens Co-Op Hospital Blood Centre,Mumbai,A-,0.9569767387238788,1
2026-09-09,18023,Shushrusha Citizens Co-Op Hospital Blood Centre,Mumbai,A-,0.9569767387238788,1
2026-09-07,18023,Shushrusha Citizens Co-Op Hospital Blood Centre,Mumbai,AB+,0.022652282591765858,0
2026-09-08,18023,Shushrusha Citizens Co-Op Hospital Blood Centre,Mumbai,AB+,0.022652282591765858,0
2026-09-09,18023,Shushrusha Citizens Co-Op Hospital Blood Centre,Mumbai,AB+,0.022652282591765858,0
2026-09-07,18023,Shushrusha Citizens Co-Op Hospital Blood Centre,Mumbai,AB-,0.9569767387238788,1
2026-09-08,18023,Shushrusha Citizens Co-Op Hospital Blood Centre,Mumbai,AB-,0.9569767387238788,1
2026-09-09,18023,Shushrusha Citizens Co-Op Hospital Blood Centre,Mumbai,AB-,0.9569767387238788,1
2026-09-07,18023,Shushrusha Citizens Co-Op Hospital Blood Centre,Mumbai,B+,0.004949183804473318,0
2026-09-08,18023,Shushrusha Citizens Co-Op Hospital Blood Centre,Mumbai,B+,0.004379405824755255,0
2026-09-09,18023,Shushrusha Citizens Co-Op Hospital Blood Centre,Mumbai,B+,0.004308025452574265,0
2026-09-07,18023,Shushrusha Citizens Co-Op Hospital Blood Centre,Mumbai,B-,0.9569767387238788,1
2026-09-08,18023,Shushrusha Citizens Co-Op Hospital Blood Centre,Mumbai,B-,0.9569767387238788,1
2026-09-09,18023,Shushrusha Citizens Co-Op Hospital Blood Centre,Mumbai,B-,0.9569767387238788,1
2026-09-07,18023,Shushrusha Citizens Co-Op Hospital Blood Centre,Mumbai,O+,0.008393553659726256,0
2026-09-08,18023,Shushrusha Citizens Co-Op Hospital Blood Centre,Mumbai,O+,0.001192181253429029,0
2026-09-09,18023,Shushrusha Citizens Co-Op Hospital Blood Centre,Mumbai,O+,0.0012081753373930854,0
2026-09-07,18023,Shushrusha Citizens Co-Op Hospital Blood Centre,Mumbai,O-,0.09588567459878689,0
2026-09-08,18023,Shushrusha Citizens Co-Op Hospital Blood Centre,Mumbai,O-,0.09588567459878689,0
2026-09-09,18023,Shushrusha Citizens Co-Op Hospital Blood Centre,Mumbai,O-,0.05421883653906218,0
2026-09-07,18024,Smt. Kapoorben Vasanji Lathiya Blood Centre,Mumbai,A+,0.023817093946015496,0
2026-09-08,18024,Smt. Kapoorben Vasanji Lathiya Blood Centre,Mumbai,A+,0.027439327306743616,0
2026-09-09,18024,Smt. Kapoorben Vasanji Lathiya Blood Centre,Mumbai,A+,0.023817093946015496,0
2026-09-07,18024,Smt. Kapoorben Vasanji Lathiya Blood Centre,Mumbai,A-,0.9569767387238788,1
2026-09-08,18024,Smt. Kapoorben Vasanji Lathiya Blood Centre,Mumbai,A-,0.9569767387238788,1
2026-09-09,18024,Smt. Kapoorben Vasanji Lathiya Blood Centre,Mumbai,A-,0.9569767387238788,1
2026-09-07,18024,Smt. Kapoorben Vasanji Lathiya Blood Centre,Mumbai,AB+,0.9569767387238788,1
2026-09-08,18024,Smt. Kapoorben Vasanji Lathiya Blood Centre,Mumbai,AB+,0.9569767387238788,1
2026-09-09,18024,Smt. Kapoorben Vasanji Lathiya Blood Centre,Mumbai,AB+,0.9569767387238788,1
2026-09-07,18024,Smt. Kapoorben Vasanji Lathiya Blood Centre,Mumbai,AB-,0.9569767387238788,1
2026-09-08,18024,Smt. Kapoorben Vasanji Lathiya Blood Centre,Mumbai,AB-,0.9569767387238788,1
2026-09-09,18024,Smt. Kapoorben Vasanji Lathiya Blood Centre,Mumbai,AB-,0.9569767387238788,1
2026-09-07,18024,Smt. Kapoorben Vasanji Lathiya Blood Centre,Mumbai,B+,0.012760506423855105,0
2026-09-08,18024,Smt. Kapoorben Vasanji Lathiya Blood Centre,Mumbai,B+,0.02501533837767574,0
2026-09-09,18024,Smt. Kapoorben Vasanji Lathiya Blood Centre,Mumbai,B+,0.032517947014675336,0
2026-09-07,18024,Smt. Kapoorben Vasanji Lathiya Blood Centre,Mumbai,B-,0.9569767387238788,1
2026-09-08,18024,Smt. Kapoorben Vasanji Lathiya Blood Centre,Mumbai,B-,0.9569767387238788,1
2026-09-09,18024,Smt. Kapoorben Vasanji Lathiya Blood Centre,Mumbai,B-,0.9569767387238788,1
2026-09-07,18024,Smt. Kapoorben Vasanji Lathiya Blood Centre,Mumbai,O+,0.022652282591765858,0
2026-09-08,18024,Smt. Kapoorben Vasanji Lathiya Blood Centre,Mumbai,O+,0.022652282591765858,0
2026-09-09,18024,Smt. Kapoorben Vasanji Lathiya Blood Centre,Mumbai,O+,0.06258588845286361,0
2026-09-07,18024,Smt. Kapoorben Vasanji Lathiya Blood Centre,Mumbai,O-,0.9569767387238788,1
2026-09-08,18024,Smt. Kapoorben Vasanji Lathiya Blood Centre,Mumbai,O-,0.9569767387238788,1
2026-09-09,18024,Smt. Kapoorben Vasanji Lathiya Blood Centre,Mumbai,O-,0.9569767387238788,1
2026-09-07,18025,"S. L. Raheja Hospital. Blood Centre, Mahim",Mumbai,A+,0.03228203334599859,0
2026-09-08,18025,"S. L. Raheja Hospital. Blood Centre, Mahim",Mumbai,A+,0.00873308528837508,0
2026-09-09,18025,"S. L. Raheja Hospital. Blood Centre, Mahim",Mumbai,A+,0.01743543024627702,0
2026-09-07,18025,"S. L. Raheja Hospital. Blood Centre, Mahim",Mumbai,A-,0.030170888001377773,0
2026-09-08,18025,"S. L. Raheja Hospital. Blood Centre, Mahim",Mumbai,A-,0.03197768588312568,0
2026-09-09,18025,"S. L. Raheja Hospital. Blood Centre, Mahim",Mumbai,A-,0.027568089055482303,0
2026-09-07,18025,"S. L. Raheja Hospital. Blood Centre, Mahim",Mumbai,AB+,0.005412343880938076,0
2026-09-08,18025,"S. L. Raheja Hospital. Blood Centre, Mahim",Mumbai,AB+,0.008770682325168472,0
2026-09-09,18025,"S. L. Raheja Hospital. Blood Centre, Mahim",Mumbai,AB+,0.006683875609908701,0
2026-09-07,18025,"S. L. Raheja Hospital. Blood Centre, Mahim",Mumbai,AB-,0.9569767387238788,1
2026-09-08,18025,"S. L. Raheja Hospital. Blood Centre, Mahim",Mumbai,AB-,0.9569767387238788,1
2026-09-09,18025,"S. L. Raheja Hospital. Blood Centre, Mahim",Mumbai,AB-,0.9569767387238788,1
2026-09-07,18025,"S. L. Raheja Hospital. Blood Centre, Mahim",Mumbai,B+,0.002081411434515316,0
2026-09-08,18025,"S. L. Raheja Hospital. Blood Centre, Mahim",Mumbai,B+,0.0017409769591235288,0
2026-09-09,18025,"S. L. Raheja Hospital. Blood Centre, Mahim",Mumbai,B+,0.008993248977606755,0
2026-09-07,18025,"S. L. Raheja Hospital. Blood Centre, Mahim",Mumbai,B-,0.02693490311827044,0
2026-09-08,18025,"S. L. Raheja Hospital. Blood Centre, Mahim",Mumbai,B-,0.02693490311827044,0
2026-09-09,18025,"S. L. Raheja Hospital. Blood Centre, Mahim",Mumbai,B-,0.02693490311827044,0
2026-09-07,18025,"S. L. Raheja Hospital. Blood Centre, Mahim",Mumbai,O+,0.002081411434515316,0
2026-09-08,18025,"S. L. Raheja Hospital. Blood Centre, Mahim",Mumbai,O+,0.00189020356093118,0
2026-09-09,18025,"S. L. Raheja Hospital. Blood Centre, Mahim",Mumbai,O+,0.0017071136955874786,0
2026-09-07,18025,"S. L. Raheja Hospital. Blood Centre, Mahim",Mumbai,O-,0.022229048452583756,0
2026-09-08,18025,"S. L. Raheja Hospital. Blood Centre, Mahim",Mumbai,O-,0.022229048452583756,0
2026-09-09,18025,"S. L. Raheja Hospital. Blood Centre, Mahim",Mumbai,O-,0.030146238907467458,0
2026-09-07,18026,"Shri Balyogi Shikshan Prasarak Mandal Charitable Trust, Sai Jeewan Blood  Centre",Akola,A+,0.0023119200201798863,0
2026-09-08,18026,"Shri Balyogi Shikshan Prasarak Mandal Charitable Trust, Sai Jeewan Blood  Centre",Akola,A+,0.00189020356093118,0
2026-09-09,18026,"Shri Balyogi Shikshan Prasarak Mandal Charitable Trust, Sai Jeewan Blood  Centre",Akola,A+,0.03178460714493597,0
2026-09-07,18026,"Shri Balyogi Shikshan Prasarak Mandal Charitable Trust, Sai Jeewan Blood  Centre",Akola,A-,0.4156498577737522,0
2026-09-08,18026,"Shri Balyogi Shikshan Prasarak Mandal Charitable Trust, Sai Jeewan Blood  Centre",Akola,A-,0.3798038576626602,0
2026-09-09,18026,"Shri Balyogi Shikshan Prasarak Mandal Charitable Trust, Sai Jeewan Blood  Centre",Akola,A-,0.204688025087197,0
2026-09-07,18026,"Shri Balyogi Shikshan Prasarak Mandal Charitable Trust, Sai Jeewan Blood  Centre",Akola,AB+,0.0019930177068998474,0
2026-09-08,18026,"Shri Balyogi Shikshan Prasarak Mandal Charitable Trust, Sai Jeewan Blood  Centre",Akola,AB+,0.0018083016729429655,0
2026-09-09,18026,"Shri Balyogi Shikshan Prasarak Mandal Charitable Trust, Sai Jeewan Blood  Centre",Akola,AB+,0.0018209264168215983,0
2026-09-07,18026,"Shri Balyogi Shikshan Prasarak Mandal Charitable Trust, Sai Jeewan Blood  Centre",Akola,AB-,0.030170888001377773,0
2026-09-08,18026,"Shri Balyogi Shikshan Prasarak Mandal Charitable Trust, Sai Jeewan Blood  Centre",Akola,AB-,0.045072468254795155,0
2026-09-09,18026,"Shri Balyogi Shikshan Prasarak Mandal Charitable Trust, Sai Jeewan Blood  Centre",Akola,AB-,0.05202420222433954,0
2026-09-07,18026,"Shri Balyogi Shikshan Prasarak Mandal Charitable Trust, Sai Jeewan Blood  Centre",Akola,B+,0.00597997742725099,0
2026-09-08,18026,"Shri Balyogi Shikshan Prasarak Mandal Charitable Trust, Sai Jeewan Blood  Centre",Akola,B+,0.0016710067755597783,0
2026-09-09,18026,"Shri Balyogi Shikshan Prasarak Mandal Charitable Trust, Sai Jeewan Blood  Centre",Akola,B+,0.0016710067755597783,0
2026-09-07,18026,"Shri Balyogi Shikshan Prasarak Mandal Charitable Trust, Sai Jeewan Blood  Centre",Akola,B-,0.02693490311827044,0
2026-09-08,18026,"Shri Balyogi Shikshan Prasarak Mandal Charitable Trust, Sai Jeewan Blood  Centre",Akola,B-,0.027568089055482303,0
2026-09-09,18026,"Shri Balyogi Shikshan Prasarak Mandal Charitable Trust, Sai Jeewan Blood  Centre",Akola,B-,0.09592721964234696,0
2026-09-07,18026,"Shri Balyogi Shikshan Prasarak Mandal Charitable Trust, Sai Jeewan Blood  Centre",Akola,O+,0.0012081753373930854,0
2026-09-08,18026,"Shri Balyogi Shikshan Prasarak Mandal Charitable Trust, Sai Jeewan Blood  Centre",Akola,O+,0.003496807756305401,0
2026-09-09,18026,"Shri Balyogi Shikshan Prasarak Mandal Charitable Trust, Sai Jeewan Blood  Centre",Akola,O+,0.002081411434515316,0
2026-09-07,18026,"Shri Balyogi Shikshan Prasarak Mandal Charitable Trust, Sai Jeewan Blood  Centre",Akola,O-,0.03013640246356194,0
2026-09-08,18026,"Shri Balyogi Shikshan Prasarak Mandal Charitable Trust, Sai Jeewan Blood  Centre",Akola,O-,0.022758323988153566,0
2026-09-09,18026,"Shri Balyogi Shikshan Prasarak Mandal Charitable Trust, Sai Jeewan Blood  Centre",Akola,O-,0.015710195711309275,0
2026-09-07,18027,M/S Beed Blood Centre,Beed,A+,0.021941441407029832,0
2026-09-08,18027,M/S Beed Blood Centre,Beed,A+,0.013132050606416023,0
2026-09-09,18027,M/S Beed Blood Centre,Beed,A+,0.004952209656900126,0
2026-09-07,18027,M/S Beed Blood Centre,Beed,A-,0.02693490311827044,0
2026-09-08,18027,M/S Beed Blood Centre,Beed,A-,0.08680707578515685,0
2026-09-09,18027,M/S Beed Blood Centre,Beed,A-,0.0726101230638756,0
2026-09-07,18027,M/S Beed Blood Centre,Beed,AB+,0.07132573596064462,0
2026-09-08,18027,M/S Beed Blood Centre,Beed,AB+,0.0990710312894796,0
2026-09-09,18027,M/S Beed Blood Centre,Beed,AB+,0.38942465309716595,0
2026-09-07,18027,M/S Beed Blood Centre,Beed,AB-,0.9569767387238788,1
2026-09-08,18027,M/S Beed Blood Centre,Beed,AB-,0.31682855738935406,0
2026-09-09,18027,M/S Beed Blood Centre,Beed,AB-,0.06727161103829896,0
2026-09-07,18027,M/S Beed Blood Centre,Beed,B+,0.009411258973292414,0
2026-09-08,18027,M/S Beed Blood Centre,Beed,B+,0.0012459902139273637,0
2026-09-09,18027,M/S Beed Blood Centre,Beed,B+,0.0021449062825874814,0
2026-09-07,18027,M/S Beed Blood Centre,Beed,B-,0.04708016808483685,0
2026-09-08,18027,M/S Beed Blood Centre,Beed,B-,0.16210439842287436,0
2026-09-09,18027,M/S Beed Blood Centre,Beed,B-,0.16311692635487893,0
2026-09-07,18027,M/S Beed Blood Centre,Beed,O+,0.003603545314420613,0
2026-09-08,18027,M/S Beed Blood Centre,Beed,O+,0.013669019329930848,0
2026-09-09,18027,M/S Beed Blood Centre,Beed,O+,0.004705008794405569,0
2026-09-07,18027,M/S Beed Blood Centre,Beed,O-,0.025599083673906342,0
2026-09-08,18027,M/S Beed Blood Centre,Beed,O-,0.039985132011666064,0
2026-09-09,18027,M/S Beed Blood Centre,Beed,O-,0.028831849716799477,0
2026-09-07,18030,K.J.Somaiya Medical College And Hospital Blood Centre,Mumbai,A+,0.002081411434515316,0
2026-09-08,18030,K.J.Somaiya Medical College And Hospital Blood Centre,Mumbai,A+,0.0021448794670033905,0
2026-09-09,18030,K.J.Somaiya Medical College And Hospital Blood Centre,Mumbai,A+,0.0021448794670033905,0
2026-09-07,18030,K.J.Somaiya Medical College And Hospital Blood Centre,Mumbai,A-,0.02693490311827044,0
2026-09-08,18030,K.J.Somaiya Medical College And Hospital Blood Centre,Mumbai,A-,0.02693490311827044,0
2026-09-09,18030,K.J.Somaiya Medical College And Hospital Blood Centre,Mumbai,A-,0.02693490311827044,0
2026-09-07,18030,K.J.Somaiya Medical College And Hospital Blood Centre,Mumbai,AB+,0.013268239052090094,0
2026-09-08,18030,K.J.Somaiya Medical College And Hospital Blood Centre,Mumbai,AB+,0.004379405824755255,0
2026-09-09,18030,K.J.Somaiya Medical College And Hospital Blood Centre,Mumbai,AB+,0.007453225897946742,0
2026-09-07,18030,K.J.Somaiya Medical College And Hospital Blood Centre,Mumbai,AB-,0.04708016808483685,0
2026-09-08,18030,K.J.Somaiya Medical College And Hospital Blood Centre,Mumbai,AB-,0.04708016808483685,0
2026-09-09,18030,K.J.Somaiya Medical College And Hospital Blood Centre,Mumbai,AB-,0.04708016808483685,0
2026-09-07,18030,K.J.Somaiya Medical College And Hospital Blood Centre,Mumbai,B+,0.014725701668990794,0
2026-09-08,18030,K.J.Somaiya Medical College And Hospital Blood Centre,Mumbai,B+,0.012013272845021718,0
2026-09-09,18030,K.J.Somaiya Medical College And Hospital Blood Centre,Mumbai,B+,0.010857912240506636,0
2026-09-07,18030,K.J.Somaiya Medical College And Hospital Blood Centre,Mumbai,B-,0.04708016808483685,0
2026-09-08,18030,K.J.Somaiya Medical College And Hospital Blood Centre,Mumbai,B-,0.04708016808483685,0
2026-09-09,18030,K.J.Somaiya Medical College And Hospital Blood Centre,Mumbai,B-,0.04708016808483685,0
2026-09-07,18030,K.J.Somaiya Medical College And Hospital Blood Centre,Mumbai,O+,0.00531450045088611,0
2026-09-08,18030,K.J.Somaiya Medical College And Hospital Blood Centre,Mumbai,O+,0.08967966767736849,0
2026-09-09,18030,K.J.Somaiya Medical College And Hospital Blood Centre,Mumbai,O+,0.005251529879163809,0
2026-09-07,18030,K.J.Somaiya Medical College And Hospital Blood Centre,Mumbai,O-,0.04708016808483685,0
2026-09-08,18030,K.J.Somaiya Medical College And Hospital Blood Centre,Mumbai,O-,0.04708016808483685,0
2026-09-09,18030,K.J.Somaiya Medical College And Hospital Blood Centre,Mumbai,O-,0.16210439842287436,0
2026-09-07,18031,"L.T.M.G., Municipal Hospital Blood Centre",Mumbai,A+,0.00208225315137505,0
2026-09-08,18031,"L.T.M.G., Municipal Hospital Blood Centre",Mumbai,A+,0.0023103468821924597,0
2026-09-09,18031,"L.T.M.G., Municipal Hospital Blood Centre",Mumbai,A+,0.00231722903390507,0
2026-09-07,18031,"L.T.M.G., Municipal Hospital Blood Centre",Mumbai,A-,0.06258588845286361,0
2026-09-08,18031,"L.T.M.G., Municipal Hospital Blood Centre",Mumbai,A-,0.021212475862087476,0
2026-09-09,18031,"L.T.M.G., Municipal Hospital Blood Centre",Mumbai,A-,0.5215023527855271,1
2026-09-07,18031,"L.T.M.G., Municipal Hospital Blood Centre",Mumbai,AB+,0.004905002227064425,0
2026-09-08,18031,"L.T.M.G., Municipal Hospital Blood Centre",Mumbai,AB+,0.006774267221099134,0
2026-09-09,18031,"L.T.M.G., Municipal Hospital Blood Centre",Mumbai,AB+,0.0564404160811553,0
2026-09-07,18031,"L.T.M.G., Municipal Hospital Blood Centre",Mumbai,AB-,0.31460226425080806,0
2026-09-08,18031,"L.T.M.G., Municipal Hospital Blood Centre",Mumbai,AB-,0.14315570558017862,0
2026-09-09,18031,"L.T.M.G., Municipal Hospital Blood Centre",Mumbai,AB-,0.39460517939250156,0
2026-09-07,18031,"L.T.M.G., Municipal Hospital Blood Centre",Mumbai,B+,0.0012081753373930854,0
2026-09-08,18031,"L.T.M.G., Municipal Hospital Blood Centre",Mumbai,B+,0.0012081753373930854,0
2026-09-09,18031,"L.T.M.G., Municipal Hospital Blood Centre",Mumbai,B+,0.0012081753373930854,0
2026-09-07,18031,"L.T.M.G., Municipal Hospital Blood Centre",Mumbai,B-,0.01282857812364662,0
2026-09-08,18031,"L.T.M.G., Municipal Hospital Blood Centre",Mumbai,B-,0.2442366164963751,0
2026-09-09,18031,"L.T.M.G., Municipal Hospital Blood Centre",Mumbai,B-,0.022758323988153566,0
2026-09-07,18031,"L.T.M.G., Municipal Hospital Blood Centre",Mumbai,O+,0.00721057569084415,0
2026-09-08,18031,"L.T.M.G., Municipal Hospital Blood Centre",Mumbai,O+,0.00189020356093118,0
2026-09-09,18031,"L.T.M.G., Municipal Hospital Blood Centre",Mumbai,O+,0.0012081753373930854,0
2026-09-07,18031,"L.T.M.G., Municipal Hospital Blood Centre",Mumbai,O-,0.019556178967243255,0
2026-09-08,18031,"L.T.M.G., Municipal Hospital Blood Centre",Mumbai,O-,0.014591058076991565,0
2026-09-09,18031,"L.T.M.G., Municipal Hospital Blood Centre",Mumbai,O-,0.02451590805122634,0
2026-09-07,18033,Bhabha Atomic Research Centre Hospital Blood Centre,Mumbai,A+,0.9569767387238788,1
2026-09-08,18033,Bhabha Atomic Research Centre Hospital Blood Centre,Mumbai,A+,0.9569767387238788,1
2026-09-09,18033,Bhabha Atomic Research Centre Hospital Blood Centre,Mumbai,A+,0.9569767387238788,1
2026-09-07,18033,Bhabha Atomic Research Centre Hospital Blood Centre,Mumbai,A-,0.9569767387238788,1
2026-09-08,18033,Bhabha Atomic Research Centre Hospital Blood Centre,Mumbai,A-,0.9569767387238788,1
2026-09-09,18033,Bhabha Atomic Research Centre Hospital Blood Centre,Mumbai,A-,0.9569767387238788,1
2026-09-07,18033,Bhabha Atomic Research Centre Hospital Blood Centre,Mumbai,AB+,0.9569767387238788,1
2026-09-08,18033,Bhabha Atomic Research Centre Hospital Blood Centre,Mumbai,AB+,0.9569767387238788,1
2026-09-09,18033,Bhabha Atomic Research Centre Hospital Blood Centre,Mumbai,AB+,0.9569767387238788,1
2026-09-07,18033,Bhabha Atomic Research Centre Hospital Blood Centre,Mumbai,AB-,0.9569767387238788,1
2026-09-08,18033,Bhabha Atomic Research Centre Hospital Blood Centre,Mumbai,AB-,0.9569767387238788,1
2026-09-09,18033,Bhabha Atomic Research Centre Hospital Blood Centre,Mumbai,AB-,0.9569767387238788,1
2026-09-07,18033,Bhabha Atomic Research Centre Hospital Blood Centre,Mumbai,B+,0.9569767387238788,1
2026-09-08,18033,Bhabha Atomic Research Centre Hospital Blood Centre,Mumbai,B+,0.9569767387238788,1
2026-09-09,18033,Bhabha Atomic Research Centre Hospital Blood Centre,Mumbai,B+,0.9569767387238788,1
2026-09-07,18033,Bhabha Atomic Research Centre Hospital Blood Centre,Mumbai,B-,0.9569767387238788,1
2026-09-08,18033,Bhabha Atomic Research Centre Hospital Blood Centre,Mumbai,B-,0.9569767387238788,1
2026-09-09,18033,Bhabha Atomic Research Centre Hospital Blood Centre,Mumbai,B-,0.9569767387238788,1
2026-09-07,18033,Bhabha Atomic Research Centre Hospital Blood Centre,Mumbai,O+,0.9569767387238788,1
2026-09-08,18033,Bhabha Atomic Research Centre Hospital Blood Centre,Mumbai,O+,0.9569767387238788,1
2026-09-09,18033,Bhabha Atomic Research Centre Hospital Blood Centre,Mumbai,O+,0.9569767387238788,1
2026-09-07,18033,Bhabha Atomic Research Centre Hospital Blood Centre,Mumbai,O-,0.9569767387238788,1
2026-09-08,18033,Bhabha Atomic Research Centre Hospital Blood Centre,Mumbai,O-,0.9569767387238788,1
2026-09-09,18033,Bhabha Atomic Research Centre Hospital Blood Centre,Mumbai,O-,0.9569767387238788,1
2026-09-07,18034,"Seth V.C.Gandhi And M.A.Vora Municipal General Hospital, Rajawadi ,Ghatkopar",Mumbai,A+,0.0017649198552247415,0
2026-09-08,18034,"Seth V.C.Gandhi And M.A.Vora Municipal General Hospital, Rajawadi ,Ghatkopar",Mumbai,A+,0.002893654546957807,0
2026-09-09,18034,"Seth V.C.Gandhi And M.A.Vora Municipal General Hospital, Rajawadi ,Ghatkopar",Mumbai,A+,0.012657508152990762,0
2026-09-07,18034,"Seth V.C.Gandhi And M.A.Vora Municipal General Hospital, Rajawadi ,Ghatkopar",Mumbai,A-,0.04708016808483685,0
2026-09-08,18034,"Seth V.C.Gandhi And M.A.Vora Municipal General Hospital, Rajawadi ,Ghatkopar",Mumbai,A-,0.04708016808483685,0
2026-09-09,18034,"Seth V.C.Gandhi And M.A.Vora Municipal General Hospital, Rajawadi ,Ghatkopar",Mumbai,A-,0.04708016808483685,0
2026-09-07,18034,"Seth V.C.Gandhi And M.A.Vora Municipal General Hospital, Rajawadi ,Ghatkopar",Mumbai,AB+,0.007800721337917326,0
2026-09-08,18034,"Seth V.C.Gandhi And M.A.Vora Municipal General Hospital, Rajawadi ,Ghatkopar",Mumbai,AB+,0.007800721337917326,0
2026-09-09,18034,"Seth V.C.Gandhi And M.A.Vora Municipal General Hospital, Rajawadi ,Ghatkopar",Mumbai,AB+,0.007800721337917326,0
2026-09-07,18034,"Seth V.C.Gandhi And M.A.Vora Municipal General Hospital, Rajawadi ,Ghatkopar",Mumbai,AB-,0.09588567459878689,0
2026-09-08,18034,"Seth V.C.Gandhi And M.A.Vora Municipal General Hospital, Rajawadi ,Ghatkopar",Mumbai,AB-,0.09588567459878689,0
2026-09-09,18034,"Seth V.C.Gandhi And M.A.Vora Municipal General Hospital, Rajawadi ,Ghatkopar",Mumbai,AB-,0.09588567459878689,0
2026-09-07,18034,"Seth V.C.Gandhi And M.A.Vora Municipal General Hospital, Rajawadi ,Ghatkopar",Mumbai,B+,0.040014743840883535,0
2026-09-08,18034,"Seth V.C.Gandhi And M.A.Vora Municipal General Hospital, Rajawadi ,Ghatkopar",Mumbai,B+,0.03129416750197441,0
2026-09-09,18034,"Seth V.C.Gandhi And M.A.Vora Municipal General Hospital, Rajawadi ,Ghatkopar",Mumbai,B+,0.040014743840883535,0
2026-09-07,18034,"Seth V.C.Gandhi And M.A.Vora Municipal General Hospital, Rajawadi ,Ghatkopar",Mumbai,B-,0.030170888001377773,0
2026-09-08,18034,"Seth V.C.Gandhi And M.A.Vora Municipal General Hospital, Rajawadi ,Ghatkopar",Mumbai,B-,0.030170888001377773,0
2026-09-09,18034,"Seth V.C.Gandhi And M.A.Vora Municipal General Hospital, Rajawadi ,Ghatkopar",Mumbai,B-,0.045072468254795155,0
2026-09-07,18034,"Seth V.C.Gandhi And M.A.Vora Municipal General Hospital, Rajawadi ,Ghatkopar",Mumbai,O+,0.001917118468168659,0
2026-09-08,18034,"Seth V.C.Gandhi And M.A.Vora Municipal General Hospital, Rajawadi ,Ghatkopar",Mumbai,O+,0.0019756113715595613,0
2026-09-09,18034,"Seth V.C.Gandhi And M.A.Vora Municipal General Hospital, Rajawadi ,Ghatkopar",Mumbai,O+,0.0041530688333995406,0
2026-09-07,18034,"Seth V.C.Gandhi And M.A.Vora Municipal General Hospital, Rajawadi ,Ghatkopar",Mumbai,O-,0.9569767387238788,1
2026-09-08,18034,"Seth V.C.Gandhi And M.A.Vora Municipal General Hospital, Rajawadi ,Ghatkopar",Mumbai,O-,0.9569767387238788,1
2026-09-09,18034,"Seth V.C.Gandhi And M.A.Vora Municipal General Hospital, Rajawadi ,Ghatkopar",Mumbai,O-,0.9569767387238788,1
2026-09-07,18035,"Sushilaben R. Mehta And Sir. Kikabai Cardiac Institute, Blood Centre",Mumbai,A+,0.0040764413555559745,0
2026-09-08,18035,"Sushilaben R. Mehta And Sir. Kikabai Cardiac Institute, Blood Centre",Mumbai,A+,0.0017049515079086775,0
2026-09-09,18035,"Sushilaben R. Mehta And Sir. Kikabai Cardiac Institute, Blood Centre",Mumbai,A+,0.003373368554286375,0
2026-09-07,18035,"Sushilaben R. Mehta And Sir. Kikabai Cardiac Institute, Blood Centre",Mumbai,A-,0.09588567459878689,0
2026-09-08,18035,"Sushilaben R. Mehta And Sir. Kikabai Cardiac Institute, Blood Centre",Mumbai,A-,0.09588567459878689,0
2026-09-09,18035,"Sushilaben R. Mehta And Sir. Kikabai Cardiac Institute, Blood Centre",Mumbai,A-,0.09588567459878689,0
2026-09-07,18035,"Sushilaben R. Mehta And Sir. Kikabai Cardiac Institute, Blood Centre",Mumbai,AB+,0.011696373804155577,0
2026-09-08,18035,"Sushilaben R. Mehta And Sir. Kikabai Cardiac Institute, Blood Centre",Mumbai,AB+,0.2442366164963751,0
2026-09-09,18035,"Sushilaben R. Mehta And Sir. Kikabai Cardiac Institute, Blood Centre",Mumbai,AB+,0.01366803325306424,0
2026-09-07,18035,"Sushilaben R. Mehta And Sir. Kikabai Cardiac Institute, Blood Centre",Mumbai,AB-,0.9569767387238788,1
2026-09-08,18035,"Sushilaben R. Mehta And Sir. Kikabai Cardiac Institute, Blood Centre",Mumbai,AB-,0.9569767387238788,1
2026-09-09,18035,"Sushilaben R. Mehta And Sir. Kikabai Cardiac Institute, Blood Centre",Mumbai,AB-,0.9569767387238788,1
2026-09-07,18035,"Sushilaben R. Mehta And Sir. Kikabai Cardiac Institute, Blood Centre",Mumbai,B+,0.0022399823109528,0
2026-09-08,18035,"Sushilaben R. Mehta And Sir. Kikabai Cardiac Institute, Blood Centre",Mumbai,B+,0.002081411434515316,0
2026-09-09,18035,"Sushilaben R. Mehta And Sir. Kikabai Cardiac Institute, Blood Centre",Mumbai,B+,0.00189020356093118,0
2026-09-07,18035,"Sushilaben R. Mehta And Sir. Kikabai Cardiac Institute, Blood Centre",Mumbai,B-,0.017718354444483823,0
2026-09-08,18035,"Sushilaben R. Mehta And Sir. Kikabai Cardiac Institute, Blood Centre",Mumbai,B-,0.017718354444483823,0
2026-09-09,18035,"Sushilaben R. Mehta And Sir. Kikabai Cardiac Institute, Blood Centre",Mumbai,B-,0.02394800779367308,0
2026-09-07,18035,"Sushilaben R. Mehta And Sir. Kikabai Cardiac Institute, Blood Centre",Mumbai,O+,0.0023502869046517125,0
2026-09-08,18035,"Sushilaben R. Mehta And Sir. Kikabai Cardiac Institute, Blood Centre",Mumbai,O+,0.0018534199424839303,0
2026-09-09,18035,"Sushilaben R. Mehta And Sir. Kikabai Cardiac Institute, Blood Centre",Mumbai,O+,0.018083827018005406,0
2026-09-07,18035,"Sushilaben R. Mehta And Sir. Kikabai Cardiac Institute, Blood Centre",Mumbai,O-,0.030170888001377773,0
2026-09-08,18035,"Sushilaben R. Mehta And Sir. Kikabai Cardiac Institute, Blood Centre",Mumbai,O-,0.030170888001377773,0
2026-09-09,18035,"Sushilaben R. Mehta And Sir. Kikabai Cardiac Institute, Blood Centre",Mumbai,O-,0.030170888001377773,0
2026-09-07,18037,Deepak Foundations Anviksha Blood Centre,Mumbai,A+,0.0012081753373930854,0
2026-09-08,18037,Deepak Foundations Anviksha Blood Centre,Mumbai,A+,0.03256295007975283,0
2026-09-09,18037,Deepak Foundations Anviksha Blood Centre,Mumbai,A+,0.0025031783592809574,0
2026-09-07,18037,Deepak Foundations Anviksha Blood Centre,Mumbai,A-,0.9569767387238788,1
2026-09-08,18037,Deepak Foundations Anviksha Blood Centre,Mumbai,A-,0.9569767387238788,1
2026-09-09,18037,Deepak Foundations Anviksha Blood Centre,Mumbai,A-,0.9569767387238788,1
2026-09-07,18037,Deepak Foundations Anviksha Blood Centre,Mumbai,AB+,0.011709864981857434,0
2026-09-08,18037,Deepak Foundations Anviksha Blood Centre,Mumbai,AB+,0.02009877846902333,0
2026-09-09,18037,Deepak Foundations Anviksha Blood Centre,Mumbai,AB+,0.012489657653139148,0
2026-09-07,18037,Deepak Foundations Anviksha Blood Centre,Mumbai,AB-,0.9569767387238788,1
2026-09-08,18037,Deepak Foundations Anviksha Blood Centre,Mumbai,AB-,0.9569767387238788,1
2026-09-09,18037,Deepak Foundations Anviksha Blood Centre,Mumbai,AB-,0.9569767387238788,1
2026-09-07,18037,Deepak Foundations Anviksha Blood Centre,Mumbai,B+,0.0012081753373930854,0
2026-09-08,18037,Deepak Foundations Anviksha Blood Centre,Mumbai,B+,0.014953100176834563,0
2026-09-09,18037,Deepak Foundations Anviksha Blood Centre,Mumbai,B+,0.004100068578485617,0
2026-09-07,18037,Deepak Foundations Anviksha Blood Centre,Mumbai,B-,0.9569767387238788,1
2026-09-08,18037,Deepak Foundations Anviksha Blood Centre,Mumbai,B-,0.32268418572950647,0
2026-09-09,18037,Deepak Foundations Anviksha Blood Centre,Mumbai,B-,0.7789323790913819,1
2026-09-07,18037,Deepak Foundations Anviksha Blood Centre,Mumbai,O+,0.0012081753373930854,0
2026-09-08,18037,Deepak Foundations Anviksha Blood Centre,Mumbai,O+,0.0016710067755597783,0
2026-09-09,18037,Deepak Foundations Anviksha Blood Centre,Mumbai,O+,0.001670688725475448,0
2026-09-07,18037,Deepak Foundations Anviksha Blood Centre,Mumbai,O-,0.9569767387238788,1
2026-09-08,18037,Deepak Foundations Anviksha Blood Centre,Mumbai,O-,0.9569767387238788,1
2026-09-09,18037,Deepak Foundations Anviksha Blood Centre,Mumbai,O-,0.9569767387238788,1
2026-09-07,18038,"K.B.Bhabha Muncipal General Hospital, Blood Centre",Mumbai,A+,0.9569767387238788,1
2026-09-08,18038,"K.B.Bhabha Muncipal General Hospital, Blood Centre",Mumbai,A+,0.9569767387238788,1
2026-09-09,18038,"K.B.Bhabha Muncipal General Hospital, Blood Centre",Mumbai,A+,0.9569767387238788,1
2026-09-07,18038,"K.B.Bhabha Muncipal General Hospital, Blood Centre",Mumbai,A-,0.9569767387238788,1
2026-09-08,18038,"K.B.Bhabha Muncipal General Hospital, Blood Centre",Mumbai,A-,0.9569767387238788,1
2026-09-09,18038,"K.B.Bhabha Muncipal General Hospital, Blood Centre",Mumbai,A-,0.9569767387238788,1
2026-09-07,18038,"K.B.Bhabha Muncipal General Hospital, Blood Centre",Mumbai,AB+,0.9569767387238788,1
2026-09-08,18038,"K.B.Bhabha Muncipal General Hospital, Blood Centre",Mumbai,AB+,0.9569767387238788,1
2026-09-09,18038,"K.B.Bhabha Muncipal General Hospital, Blood Centre",Mumbai,AB+,0.9569767387238788,1
2026-09-07,18038,"K.B.Bhabha Muncipal General Hospital, Blood Centre",Mumbai,AB-,0.9569767387238788,1
2026-09-08,18038,"K.B.Bhabha Muncipal General Hospital, Blood Centre",Mumbai,AB-,0.9569767387238788,1
2026-09-09,18038,"K.B.Bhabha Muncipal General Hospital, Blood Centre",Mumbai,AB-,0.9569767387238788,1
2026-09-07,18038,"K.B.Bhabha Muncipal General Hospital, Blood Centre",Mumbai,B+,0.9569767387238788,1
2026-09-08,18038,"K.B.Bhabha Muncipal General Hospital, Blood Centre",Mumbai,B+,0.9569767387238788,1
2026-09-09,18038,"K.B.Bhabha Muncipal General Hospital, Blood Centre",Mumbai,B+,0.9569767387238788,1
2026-09-07,18038,"K.B.Bhabha Muncipal General Hospital, Blood Centre",Mumbai,B-,0.9569767387238788,1
2026-09-08,18038,"K.B.Bhabha Muncipal General Hospital, Blood Centre",Mumbai,B-,0.9569767387238788,1
2026-09-09,18038,"K.B.Bhabha Muncipal General Hospital, Blood Centre",Mumbai,B-,0.9569767387238788,1
2026-09-07,18038,"K.B.Bhabha Muncipal General Hospital, Blood Centre",Mumbai,O+,0.9569767387238788,1
2026-09-08,18038,"K.B.Bhabha Muncipal General Hospital, Blood Centre",Mumbai,O+,0.9569767387238788,1
2026-09-09,18038,"K.B.Bhabha Muncipal General Hospital, Blood Centre",Mumbai,O+,0.9569767387238788,1
2026-09-07,18038,"K.B.Bhabha Muncipal General Hospital, Blood Centre",Mumbai,O-,0.9569767387238788,1
2026-09-08,18038,"K.B.Bhabha Muncipal General Hospital, Blood Centre",Mumbai,O-,0.9569767387238788,1
2026-09-09,18038,"K.B.Bhabha Muncipal General Hospital, Blood Centre",Mumbai,O-,0.9569767387238788,1
2026-09-07,18039,Lilavati Hospital And Research Centre Blood Centre,Mumbai,A+,0.0017409769591235288,0
2026-09-08,18039,Lilavati Hospital And Research Centre Blood Centre,Mumbai,A+,0.006149837633989219,0
2026-09-09,18039,Lilavati Hospital And Research Centre Blood Centre,Mumbai,A+,0.005500997027178418,0
2026-09-07,18039,Lilavati Hospital And Research Centre Blood Centre,Mumbai,A-,0.786299925543641,1
2026-09-08,18039,Lilavati Hospital And Research Centre Blood Centre,Mumbai,A-,0.9569767387238788,1
2026-09-09,18039,Lilavati Hospital And Research Centre Blood Centre,Mumbai,A-,0.9569767387238788,1
2026-09-07,18039,Lilavati Hospital And Research Centre Blood Centre,Mumbai,AB+,0.011649061818406194,0
2026-09-08,18039,Lilavati Hospital And Research Centre Blood Centre,Mumbai,AB+,0.01743543024627702,0
2026-09-09,18039,Lilavati Hospital And Research Centre Blood Centre,Mumbai,AB+,0.00923984965329777,0
2026-09-07,18039,Lilavati Hospital And Research Centre Blood Centre,Mumbai,AB-,0.786299925543641,1
2026-09-08,18039,Lilavati Hospital And Research Centre Blood Centre,Mumbai,AB-,0.9569767387238788,1
2026-09-09,18039,Lilavati Hospital And Research Centre Blood Centre,Mumbai,AB-,0.9569767387238788,1
2026-09-07,18039,Lilavati Hospital And Research Centre Blood Centre,Mumbai,B+,0.0012081753373930854,0
2026-09-08,18039,Lilavati Hospital And Research Centre Blood Centre,Mumbai,B+,0.00189020356093118,0
2026-09-09,18039,Lilavati Hospital And Research Centre Blood Centre,Mumbai,B+,0.003743673822516977,0
2026-09-07,18039,Lilavati Hospital And Research Centre Blood Centre,Mumbai,B-,0.7033044004560453,1
2026-09-08,18039,Lilavati Hospital And Research Centre Blood Centre,Mumbai,B-,0.32268418572950647,0
2026-09-09,18039,Lilavati Hospital And Research Centre Blood Centre,Mumbai,B-,0.7789323790913819,1
2026-09-07,18039,Lilavati Hospital And Research Centre Blood Centre,Mumbai,O+,0.002651359521117339,0
2026-09-08,18039,Lilavati Hospital And Research Centre Blood Centre,Mumbai,O+,0.006738386874896772,0
2026-09-09,18039,Lilavati Hospital And Research Centre Blood Centre,Mumbai,O+,0.038738849873320415,0
2026-09-07,18039,Lilavati Hospital And Research Centre Blood Centre,Mumbai,O-,0.495161304823356,0
2026-09-08,18039,Lilavati Hospital And Research Centre Blood Centre,Mumbai,O-,0.32268418572950647,0
2026-09-09,18039,Lilavati Hospital And Research Centre Blood Centre,Mumbai,O-,0.7789323790913819,1
2026-09-07,18040,Sant Nirankari Blood Centre,Mumbai Suburban,A+,0.0414234842756458,0
2026-09-08,18040,Sant Nirankari Blood Centre,Mumbai Suburban,A+,0.004212759904429847,0
2026-09-09,18040,Sant Nirankari Blood Centre,Mumbai Suburban,A+,0.0011799526845666993,0
2026-09-07,18040,Sant Nirankari Blood Centre,Mumbai Suburban,A-,0.5857594138375063,1
2026-09-08,18040,Sant Nirankari Blood Centre,Mumbai Suburban,A-,0.786299925543641,1
2026-09-09,18040,Sant Nirankari Blood Centre,Mumbai Suburban,A-,0.9569767387238788,1
2026-09-07,18040,Sant Nirankari Blood Centre,Mumbai Suburban,AB+,0.006640859060677679,0
2026-09-08,18040,Sant Nirankari Blood Centre,Mumbai Suburban,AB+,0.004741474055057642,0
2026-09-09,18040,Sant Nirankari Blood Centre,Mumbai Suburban,AB+,0.028629692588588395,0
2026-09-07,18040,Sant Nirankari Blood Centre,Mumbai Suburban,AB-,0.9569767387238788,1
2026-09-08,18040,Sant Nirankari Blood Centre,Mumbai Suburban,AB-,0.9569767387238788,1
2026-09-09,18040,Sant Nirankari Blood Centre,Mumbai Suburban,AB-,0.9569767387238788,1
2026-09-07,18040,Sant Nirankari Blood Centre,Mumbai Suburban,B+,0.0016538748790557787,0
2026-09-08,18040,Sant Nirankari Blood Centre,Mumbai Suburban,B+,0.0012081753373930854,0
2026-09-09,18040,Sant Nirankari Blood Centre,Mumbai Suburban,B+,0.0011957829087145444,0
2026-09-07,18040,Sant Nirankari Blood Centre,Mumbai Suburban,B-,0.7542144173100465,1
2026-09-08,18040,Sant Nirankari Blood Centre,Mumbai Suburban,B-,0.2783798409693005,0
2026-09-09,18040,Sant Nirankari Blood Centre,Mumbai Suburban,B-,0.11373612212391229,0
2026-09-07,18040,Sant Nirankari Blood Centre,Mumbai Suburban,O+,0.0016538748790557787,0
2026-09-08,18040,Sant Nirankari Blood Centre,Mumbai Suburban,O+,0.0012081753373930854,0
2026-09-09,18040,Sant Nirankari Blood Centre,Mumbai Suburban,O+,0.0011957829087145444,0
2026-09-07,18040,Sant Nirankari Blood Centre,Mumbai Suburban,O-,0.11373612212391229,0
2026-09-08,18040,Sant Nirankari Blood Centre,Mumbai Suburban,O-,0.1791511862761025,0
2026-09-09,18040,Sant Nirankari Blood Centre,Mumbai Suburban,O-,0.07097093226410016,0
2026-09-07,18042,"Matoshri Valbai Mulji Shah, Arpan Blood Centre",Mumbai,A+,0.04031128327985595,0
2026-09-08,18042,"Matoshri Valbai Mulji Shah, Arpan Blood Centre",Mumbai,A+,0.1182916651827731,0
2026-09-09,18042,"Matoshri Valbai Mulji Shah, Arpan Blood Centre",Mumbai,A+,0.030136952994015028,0
2026-09-07,18042,"Matoshri Valbai Mulji Shah, Arpan Blood Centre",Mumbai,A-,0.32268418572950647,0
2026-09-08,18042,"Matoshri Valbai Mulji Shah, Arpan Blood Centre",Mumbai,A-,0.14681513403309893,0
2026-09-09,18042,"Matoshri Valbai Mulji Shah, Arpan Blood Centre",Mumbai,A-,0.05421883653906218,0
2026-09-07,18042,"Matoshri Valbai Mulji Shah, Arpan Blood Centre",Mumbai,AB+,0.010418461104696778,0
2026-09-08,18042,"Matoshri Valbai Mulji Shah, Arpan Blood Centre",Mumbai,AB+,0.008753381665796646,0
2026-09-09,18042,"Matoshri Valbai Mulji Shah, Arpan Blood Centre",Mumbai,AB+,0.011266102082513522,0
2026-09-07,18042,"Matoshri Valbai Mulji Shah, Arpan Blood Centre",Mumbai,AB-,0.07105022241162556,0
2026-09-08,18042,"Matoshri Valbai Mulji Shah, Arpan Blood Centre",Mumbai,AB-,0.04708016808483685,0
2026-09-09,18042,"Matoshri Valbai Mulji Shah, Arpan Blood Centre",Mumbai,AB-,0.04708016808483685,0
2026-09-07,18042,"Matoshri Valbai Mulji Shah, Arpan Blood Centre",Mumbai,B+,0.004198795774744839,0
2026-09-08,18042,"Matoshri Valbai Mulji Shah, Arpan Blood Centre",Mumbai,B+,0.013916537713541888,0
2026-09-09,18042,"Matoshri Valbai Mulji Shah, Arpan Blood Centre",Mumbai,B+,0.013668960076372593,0
2026-09-07,18042,"Matoshri Valbai Mulji Shah, Arpan Blood Centre",Mumbai,B-,0.026985526510550292,0
2026-09-08,18042,"Matoshri Valbai Mulji Shah, Arpan Blood Centre",Mumbai,B-,0.08680707578515685,0
2026-09-09,18042,"Matoshri Valbai Mulji Shah, Arpan Blood Centre",Mumbai,B-,0.1436924967281039,0
2026-09-07,18042,"Matoshri Valbai Mulji Shah, Arpan Blood Centre",Mumbai,O+,0.014741662300207273,0
2026-09-08,18042,"Matoshri Valbai Mulji Shah, Arpan Blood Centre",Mumbai,O+,0.018063148608895494,0
2026-09-09,18042,"Matoshri Valbai Mulji Shah, Arpan Blood Centre",Mumbai,O+,0.011104572314858301,0
2026-09-07,18042,"Matoshri Valbai Mulji Shah, Arpan Blood Centre",Mumbai,O-,0.04708016808483685,0
2026-09-08,18042,"Matoshri Valbai Mulji Shah, Arpan Blood Centre",Mumbai,O-,0.5857594138375063,1
2026-09-09,18042,"Matoshri Valbai Mulji Shah, Arpan Blood Centre",Mumbai,O-,0.26373230248423335,0
2026-09-07,18043,Poona Serological Institute Blood Centre,Pune,A+,0.0012081753373930854,0
2026-09-08,18043,Poona Serological Institute Blood Centre,Pune,A+,0.0012025850391115356,0
2026-09-09,18043,Poona Serological Institute Blood Centre,Pune,A+,0.0015278764100423075,0
2026-09-07,18043,Poona Serological Institute Blood Centre,Pune,A-,0.04708016808483685,0
2026-09-08,18043,Poona Serological Institute Blood Centre,Pune,A-,0.0082801112130431,0
2026-09-09,18043,Poona Serological Institute Blood Centre,Pune,A-,0.06418946433489893,0
2026-09-07,18043,Poona Serological Institute Blood Centre,Pune,AB+,0.004860302480459345,0
2026-09-08,18043,Poona Serological Institute Blood Centre,Pune,AB+,0.0012081753373930854,0
2026-09-09,18043,Poona Serological Institute Blood Centre,Pune,AB+,0.0350641935943367,0
2026-09-07,18043,Poona Serological Institute Blood Centre,Pune,AB-,0.9569767387238788,1
2026-09-08,18043,Poona Serological Institute Blood Centre,Pune,AB-,0.204688025087197,0
2026-09-09,18043,Poona Serological Institute Blood Centre,Pune,AB-,0.1355634795387211,0
2026-09-07,18043,Poona Serological Institute Blood Centre,Pune,B+,0.0012081753373930854,0
2026-09-08,18043,Poona Serological Institute Blood Centre,Pune,B+,0.0012025850391115356,0
2026-09-09,18043,Poona Serological Institute Blood Centre,Pune,B+,0.01367267164463514,0
2026-09-07,18043,Poona Serological Institute Blood Centre,Pune,B-,0.02394800779367308,0
2026-09-08,18043,Poona Serological Institute Blood Centre,Pune,B-,0.011053894163460969,0
2026-09-09,18043,Poona Serological Institute Blood Centre,Pune,B-,0.08113965398254323,0
2026-09-07,18043,Poona Serological Institute Blood Centre,Pune,O+,0.0012081753373930854,0
2026-09-08,18043,Poona Serological Institute Blood Centre,Pune,O+,0.0012025850391115356,0
2026-09-09,18043,Poona Serological Institute Blood Centre,Pune,O+,0.0015278764100423075,0
2026-09-07,18043,Poona Serological Institute Blood Centre,Pune,O-,0.008461781613140911,0
2026-09-08,18043,Poona Serological Institute Blood Centre,Pune,O-,0.0020788401410570135,0
2026-09-09,18043,Poona Serological Institute Blood Centre,Pune,O-,0.010060199351025227,0
2026-09-07,18044,Bandra Holly Family Hospital Society Blood Centre,Mumbai,A+,0.002059866613909137,0
2026-09-08,18044,Bandra Holly Family Hospital Society Blood Centre,Mumbai,A+,0.0014341179107173402,0
2026-09-09,18044,Bandra Holly Family Hospital Society Blood Centre,Mumbai,A+,0.0016027396345595199,0
2026-09-07,18044,Bandra Holly Family Hospital Society Blood Centre,Mumbai,A-,0.03170067070020004,0
2026-09-08,18044,Bandra Holly Family Hospital Society Blood Centre,Mumbai,A-,0.03853266320620425,0
2026-09-09,18044,Bandra Holly Family Hospital Society Blood Centre,Mumbai,A-,0.07436120048875271,0
2026-09-07,18044,Bandra Holly Family Hospital Society Blood Centre,Mumbai,AB+,0.002885565664141321,0
2026-09-08,18044,Bandra Holly Family Hospital Society Blood Centre,Mumbai,AB+,0.002885565664141321,0
2026-09-09,18044,Bandra Holly Family Hospital Society Blood Centre,Mumbai,AB+,0.0034268744876598074,0
2026-09-07,18044,Bandra Holly Family Hospital Society Blood Centre,Mumbai,AB-,0.022229048452583756,0
2026-09-08,18044,Bandra Holly Family Hospital Society Blood Centre,Mumbai,AB-,0.022229048452583756,0
2026-09-09,18044,Bandra Holly Family Hospital Society Blood Centre,Mumbai,AB-,0.022229048452583756,0
2026-09-07,18044,Bandra Holly Family Hospital Society Blood Centre,Mumbai,B+,0.002349877188887473,0
2026-09-08,18044,Bandra Holly Family Hospital Society Blood Centre,Mumbai,B+,0.002349638415328585,0
2026-09-09,18044,Bandra Holly Family Hospital Society Blood Centre,Mumbai,B+,0.001479438779035927,0
2026-09-07,18044,Bandra Holly Family Hospital Society Blood Centre,Mumbai,B-,0.02693490311827044,0
2026-09-08,18044,Bandra Holly Family Hospital Society Blood Centre,Mumbai,B-,0.02693490311827044,0
2026-09-09,18044,Bandra Holly Family Hospital Society Blood Centre,Mumbai,B-,0.02693490311827044,0
2026-09-07,18044,Bandra Holly Family Hospital Society Blood Centre,Mumbai,O+,0.002155927722178089,0
2026-09-08,18044,Bandra Holly Family Hospital Society Blood Centre,Mumbai,O+,0.002843693631408631,0
2026-09-09,18044,Bandra Holly Family Hospital Society Blood Centre,Mumbai,O+,0.003039551503312881,0
2026-09-07,18044,Bandra Holly Family Hospital Society Blood Centre,Mumbai,O-,0.022652282591765858,0
2026-09-08,18044,Bandra Holly Family Hospital Society Blood Centre,Mumbai,O-,0.022652282591765858,0
2026-09-09,18044,Bandra Holly Family Hospital Society Blood Centre,Mumbai,O-,0.01794624477644004,0
2026-09-07,18045,"Dr. L. H. Hiranandani Hospital, Blood Centre",Mumbai,A+,0.005413393383159475,0
2026-09-08,18045,"Dr. L. H. Hiranandani Hospital, Blood Centre",Mumbai,A+,0.045215405522483515,0
2026-09-09,18045,"Dr. L. H. Hiranandani Hospital, Blood Centre",Mumbai,A+,0.0750541125195365,0
2026-09-07,18045,"Dr. L. H. Hiranandani Hospital, Blood Centre",Mumbai,A-,0.9569767387238788,1
2026-09-08,18045,"Dr. L. H. Hiranandani Hospital, Blood Centre",Mumbai,A-,0.9569767387238788,1
2026-09-09,18045,"Dr. L. H. Hiranandani Hospital, Blood Centre",Mumbai,A-,0.9569767387238788,1
2026-09-07,18045,"Dr. L. H. Hiranandani Hospital, Blood Centre",Mumbai,AB+,0.004950703064177182,0
2026-09-08,18045,"Dr. L. H. Hiranandani Hospital, Blood Centre",Mumbai,AB+,0.008270055668488492,0
2026-09-09,18045,"Dr. L. H. Hiranandani Hospital, Blood Centre",Mumbai,AB+,0.00938920926269165,0
2026-09-07,18045,"Dr. L. H. Hiranandani Hospital, Blood Centre",Mumbai,AB-,0.9569767387238788,1
2026-09-08,18045,"Dr. L. H. Hiranandani Hospital, Blood Centre",Mumbai,AB-,0.9569767387238788,1
2026-09-09,18045,"Dr. L. H. Hiranandani Hospital, Blood Centre",Mumbai,AB-,0.9569767387238788,1
2026-09-07,18045,"Dr. L. H. Hiranandani Hospital, Blood Centre",Mumbai,B+,0.0023477024961107147,0
2026-09-08,18045,"Dr. L. H. Hiranandani Hospital, Blood Centre",Mumbai,B+,0.002546606472874805,0
2026-09-09,18045,"Dr. L. H. Hiranandani Hospital, Blood Centre",Mumbai,B+,0.00189020356093118,0
2026-09-07,18045,"Dr. L. H. Hiranandani Hospital, Blood Centre",Mumbai,B-,0.060253636711757444,0
2026-09-08,18045,"Dr. L. H. Hiranandani Hospital, Blood Centre",Mumbai,B-,0.02394800779367308,0
2026-09-09,18045,"Dr. L. H. Hiranandani Hospital, Blood Centre",Mumbai,B-,0.022802306006585386,0
2026-09-07,18045,"Dr. L. H. Hiranandani Hospital, Blood Centre",Mumbai,O+,0.001790635633524384,0
2026-09-08,18045,"Dr. L. H. Hiranandani Hospital, Blood Centre",Mumbai,O+,0.0037313959968032773,0
2026-09-09,18045,"Dr. L. H. Hiranandani Hospital, Blood Centre",Mumbai,O+,0.01955440341409172,0
2026-09-07,18045,"Dr. L. H. Hiranandani Hospital, Blood Centre",Mumbai,O-,0.05202699237413728,0
2026-09-08,18045,"Dr. L. H. Hiranandani Hospital, Blood Centre",Mumbai,O-,0.031515344226172685,0
2026-09-09,18045,"Dr. L. H. Hiranandani Hospital, Blood Centre",Mumbai,O-,0.020562505324546617,0
2026-09-07,18047,Fortis  Hospital Blood Centre,Mumbai,A+,0.0014911162089477111,0
2026-09-08,18047,Fortis  Hospital Blood Centre,Mumbai,A+,0.001479438779035927,0
2026-09-09,18047,Fortis  Hospital Blood Centre,Mumbai,A+,0.0021648437768989324,0
2026-09-07,18047,Fortis  Hospital Blood Centre,Mumbai,A-,0.9569767387238788,1
2026-09-08,18047,Fortis  Hospital Blood Centre,Mumbai,A-,0.9569767387238788,1
2026-09-09,18047,Fortis  Hospital Blood Centre,Mumbai,A-,0.9569767387238788,1
2026-09-07,18047,Fortis  Hospital Blood Centre,Mumbai,AB+,0.01932592657034984,0
2026-09-08,18047,Fortis  Hospital Blood Centre,Mumbai,AB+,0.027739993989417944,0
2026-09-09,18047,Fortis  Hospital Blood Centre,Mumbai,AB+,0.07594416915653393,0
2026-09-07,18047,Fortis  Hospital Blood Centre,Mumbai,AB-,0.9569767387238788,1
2026-09-08,18047,Fortis  Hospital Blood Centre,Mumbai,AB-,0.9569767387238788,1
2026-09-09,18047,Fortis  Hospital Blood Centre,Mumbai,AB-,0.9569767387238788,1
2026-09-07,18047,Fortis  Hospital Blood Centre,Mumbai,B+,0.005094513150265763,0
2026-09-08,18047,Fortis  Hospital Blood Centre,Mumbai,B+,0.00466778918952197,0
2026-09-09,18047,Fortis  Hospital Blood Centre,Mumbai,B+,0.018471059907009025,0
2026-09-07,18047,Fortis  Hospital Blood Centre,Mumbai,B-,0.9569767387238788,1
2026-09-08,18047,Fortis  Hospital Blood Centre,Mumbai,B-,0.31682855738935406,0
2026-09-09,18047,Fortis  Hospital Blood Centre,Mumbai,B-,0.6079895771448278,1
2026-09-07,18047,Fortis  Hospital Blood Centre,Mumbai,O+,0.02066362950795207,0
2026-09-08,18047,Fortis  Hospital Blood Centre,Mumbai,O+,0.006215756571272653,0
2026-09-09,18047,Fortis  Hospital Blood Centre,Mumbai,O+,0.00602938938853866,0
2026-09-07,18047,Fortis  Hospital Blood Centre,Mumbai,O-,0.9569767387238788,1
2026-09-08,18047,Fortis  Hospital Blood Centre,Mumbai,O-,0.32268418572950647,0
2026-09-09,18047,Fortis  Hospital Blood Centre,Mumbai,O-,0.7789323790913819,1
2026-09-07,18048,Kokilaben Dhirubhai Ambani Blood Centre,Mumbai,A+,0.0014864010431503826,0
2026-09-08,18048,Kokilaben Dhirubhai Ambani Blood Centre,Mumbai,A+,0.0012081753373930854,0
2026-09-09,18048,Kokilaben Dhirubhai Ambani Blood Centre,Mumbai,A+,0.0012081753373930854,0
2026-09-07,18048,Kokilaben Dhirubhai Ambani Blood Centre,Mumbai,A-,0.31682855738935406,0
2026-09-08,18048,Kokilaben Dhirubhai Ambani Blood Centre,Mumbai,A-,0.11137846256372314,0
2026-09-09,18048,Kokilaben Dhirubhai Ambani Blood Centre,Mumbai,A-,0.04517090010282452,0
2026-09-07,18048,Kokilaben Dhirubhai Ambani Blood Centre,Mumbai,AB+,0.09588567459878689,0
2026-09-08,18048,Kokilaben Dhirubhai Ambani Blood Centre,Mumbai,AB+,0.09588567459878689,0
2026-09-09,18048,Kokilaben Dhirubhai Ambani Blood Centre,Mumbai,AB+,0.060967217600820765,0
2026-09-07,18048,Kokilaben Dhirubhai Ambani Blood Centre,Mumbai,AB-,0.9569767387238788,1
2026-09-08,18048,Kokilaben Dhirubhai Ambani Blood Centre,Mumbai,AB-,0.9569767387238788,1
2026-09-09,18048,Kokilaben Dhirubhai Ambani Blood Centre,Mumbai,AB-,0.9569767387238788,1
2026-09-07,18048,Kokilaben Dhirubhai Ambani Blood Centre,Mumbai,B+,0.005611206279874779,0
2026-09-08,18048,Kokilaben Dhirubhai Ambani Blood Centre,Mumbai,B+,0.010749653592981887,0
2026-09-09,18048,Kokilaben Dhirubhai Ambani Blood Centre,Mumbai,B+,0.0011891434105777774,0
2026-09-07,18048,Kokilaben Dhirubhai Ambani Blood Centre,Mumbai,B-,0.32559708094662476,0
2026-09-08,18048,Kokilaben Dhirubhai Ambani Blood Centre,Mumbai,B-,0.14681513403309893,0
2026-09-09,18048,Kokilaben Dhirubhai Ambani Blood Centre,Mumbai,B-,0.057347578586959165,0
2026-09-07,18048,Kokilaben Dhirubhai Ambani Blood Centre,Mumbai,O+,0.026931144055723843,0
2026-09-08,18048,Kokilaben Dhirubhai Ambani Blood Centre,Mumbai,O+,0.02693490311827044,0
2026-09-09,18048,Kokilaben Dhirubhai Ambani Blood Centre,Mumbai,O+,0.006517762440345368,0
2026-09-07,18048,Kokilaben Dhirubhai Ambani Blood Centre,Mumbai,O-,0.05421883653906218,0
2026-09-08,18048,Kokilaben Dhirubhai Ambani Blood Centre,Mumbai,O-,0.07105022241162556,0
2026-09-09,18048,Kokilaben Dhirubhai Ambani Blood Centre,Mumbai,O-,0.04374623320128272,0
2026-09-07,18049,Rotary D.G Goenka Blood Centre( Municipal Gen. Hospital),Mumbai,A+,0.08006867233862756,0
2026-09-08,18049,Rotary D.G Goenka Blood Centre( Municipal Gen. Hospital),Mumbai,A+,0.012041833369317816,0
2026-09-09,18049,Rotary D.G Goenka Blood Centre( Municipal Gen. Hospital),Mumbai,A+,0.005224214759892993,0
2026-09-07,18049,Rotary D.G Goenka Blood Centre( Municipal Gen. Hospital),Mumbai,A-,0.04708016808483685,0
2026-09-08,18049,Rotary D.G Goenka Blood Centre( Municipal Gen. Hospital),Mumbai,A-,0.04708016808483685,0
2026-09-09,18049,Rotary D.G Goenka Blood Centre( Municipal Gen. Hospital),Mumbai,A-,0.04708016808483685,0
2026-09-07,18049,Rotary D.G Goenka Blood Centre( Municipal Gen. Hospital),Mumbai,AB+,0.012208333080213981,0
2026-09-08,18049,Rotary D.G Goenka Blood Centre( Municipal Gen. Hospital),Mumbai,AB+,0.011958586608576722,0
2026-09-09,18049,Rotary D.G Goenka Blood Centre( Municipal Gen. Hospital),Mumbai,AB+,0.014086516689326848,0
2026-09-07,18049,Rotary D.G Goenka Blood Centre( Municipal Gen. Hospital),Mumbai,AB-,0.04708016808483685,0
2026-09-08,18049,Rotary D.G Goenka Blood Centre( Municipal Gen. Hospital),Mumbai,AB-,0.16210439842287436,0
2026-09-09,18049,Rotary D.G Goenka Blood Centre( Municipal Gen. Hospital),Mumbai,AB-,0.16311692635487893,0
2026-09-07,18049,Rotary D.G Goenka Blood Centre( Municipal Gen. Hospital),Mumbai,B+,0.029659789359224684,0
2026-09-08,18049,Rotary D.G Goenka Blood Centre( Municipal Gen. Hospital),Mumbai,B+,0.028832913852267383,0
2026-09-09,18049,Rotary D.G Goenka Blood Centre( Municipal Gen. Hospital),Mumbai,B+,0.009024560018186465,0
2026-09-07,18049,Rotary D.G Goenka Blood Centre( Municipal Gen. Hospital),Mumbai,B-,0.04708016808483685,0
2026-09-08,18049,Rotary D.G Goenka Blood Centre( Municipal Gen. Hospital),Mumbai,B-,0.04708016808483685,0
2026-09-09,18049,Rotary D.G Goenka Blood Centre( Municipal Gen. Hospital),Mumbai,B-,0.04708016808483685,0
2026-09-07,18049,Rotary D.G Goenka Blood Centre( Municipal Gen. Hospital),Mumbai,O+,0.004530929331873476,0
2026-09-08,18049,Rotary D.G Goenka Blood Centre( Municipal Gen. Hospital),Mumbai,O+,0.0050038186718143925,0
2026-09-09,18049,Rotary D.G Goenka Blood Centre( Municipal Gen. Hospital),Mumbai,O+,0.0049567021558786836,0
2026-09-07,18049,Rotary D.G Goenka Blood Centre( Municipal Gen. Hospital),Mumbai,O-,0.16311692635487893,0
2026-09-08,18049,Rotary D.G Goenka Blood Centre( Municipal Gen. Hospital),Mumbai,O-,0.09588567459878689,0
2026-09-09,18049,Rotary D.G Goenka Blood Centre( Municipal Gen. Hospital),Mumbai,O-,0.09588567459878689,0
2026-09-07,18050,Sevenhills Healthcare Private Limited Hospital Blood Centre,Mumbai,A+,0.006564342091054691,0
2026-09-08,18050,Sevenhills Healthcare Private Limited Hospital Blood Centre,Mumbai,A+,0.004379405824755255,0
2026-09-09,18050,Sevenhills Healthcare Private Limited Hospital Blood Centre,Mumbai,A+,0.0015422445448782629,0
2026-09-07,18050,Sevenhills Healthcare Private Limited Hospital Blood Centre,Mumbai,A-,0.9569767387238788,1
2026-09-08,18050,Sevenhills Healthcare Private Limited Hospital Blood Centre,Mumbai,A-,0.9569767387238788,1
2026-09-09,18050,Sevenhills Healthcare Private Limited Hospital Blood Centre,Mumbai,A-,0.9569767387238788,1
2026-09-07,18050,Sevenhills Healthcare Private Limited Hospital Blood Centre,Mumbai,AB+,0.05322686320679335,0
2026-09-08,18050,Sevenhills Healthcare Private Limited Hospital Blood Centre,Mumbai,AB+,0.39460517939250156,0
2026-09-09,18050,Sevenhills Healthcare Private Limited Hospital Blood Centre,Mumbai,AB+,0.20490774307555473,0
2026-09-07,18050,Sevenhills Healthcare Private Limited Hospital Blood Centre,Mumbai,AB-,0.9569767387238788,1
2026-09-08,18050,Sevenhills Healthcare Private Limited Hospital Blood Centre,Mumbai,AB-,0.9569767387238788,1
2026-09-09,18050,Sevenhills Healthcare Private Limited Hospital Blood Centre,Mumbai,AB-,0.9569767387238788,1
2026-09-07,18050,Sevenhills Healthcare Private Limited Hospital Blood Centre,Mumbai,B+,0.006357369180261352,0
2026-09-08,18050,Sevenhills Healthcare Private Limited Hospital Blood Centre,Mumbai,B+,0.0012081753373930854,0
2026-09-09,18050,Sevenhills Healthcare Private Limited Hospital Blood Centre,Mumbai,B+,0.0012081753373930854,0
2026-09-07,18050,Sevenhills Healthcare Private Limited Hospital Blood Centre,Mumbai,B-,0.7542144173100465,1
2026-09-08,18050,Sevenhills Healthcare Private Limited Hospital Blood Centre,Mumbai,B-,0.8017482753365046,1
2026-09-09,18050,Sevenhills Healthcare Private Limited Hospital Blood Centre,Mumbai,B-,0.9569767387238788,1
2026-09-07,18050,Sevenhills Healthcare Private Limited Hospital Blood Centre,Mumbai,O+,0.0037252458879842225,0
2026-09-08,18050,Sevenhills Healthcare Private Limited Hospital Blood Centre,Mumbai,O+,0.0012081753373930854,0
2026-09-09,18050,Sevenhills Healthcare Private Limited Hospital Blood Centre,Mumbai,O+,0.0012081753373930854,0
2026-09-07,18050,Sevenhills Healthcare Private Limited Hospital Blood Centre,Mumbai,O-,0.5964186700675067,1
2026-09-08,18050,Sevenhills Healthcare Private Limited Hospital Blood Centre,Mumbai,O-,0.786299925543641,1
2026-09-09,18050,Sevenhills Healthcare Private Limited Hospital Blood Centre,Mumbai,O-,0.9569767387238788,1
2026-09-07,18051,V.N. Desai Municipal General Hospital Blood Centre,Mumbai,A+,0.9569767387238788,1
2026-09-08,18051,V.N. Desai Municipal General Hospital Blood Centre,Mumbai,A+,0.9569767387238788,1
2026-09-09,18051,V.N. Desai Municipal General Hospital Blood Centre,Mumbai,A+,0.9569767387238788,1
2026-09-07,18051,V.N. Desai Municipal General Hospital Blood Centre,Mumbai,A-,0.9569767387238788,1
2026-09-08,18051,V.N. Desai Municipal General Hospital Blood Centre,Mumbai,A-,0.9569767387238788,1
2026-09-09,18051,V.N. Desai Municipal General Hospital Blood Centre,Mumbai,A-,0.9569767387238788,1
2026-09-07,18051,V.N. Desai Municipal General Hospital Blood Centre,Mumbai,AB+,0.9569767387238788,1
2026-09-08,18051,V.N. Desai Municipal General Hospital Blood Centre,Mumbai,AB+,0.9569767387238788,1
2026-09-09,18051,V.N. Desai Municipal General Hospital Blood Centre,Mumbai,AB+,0.9569767387238788,1
2026-09-07,18051,V.N. Desai Municipal General Hospital Blood Centre,Mumbai,AB-,0.9569767387238788,1
2026-09-08,18051,V.N. Desai Municipal General Hospital Blood Centre,Mumbai,AB-,0.9569767387238788,1
2026-09-09,18051,V.N. Desai Municipal General Hospital Blood Centre,Mumbai,AB-,0.9569767387238788,1
2026-09-07,18051,V.N. Desai Municipal General Hospital Blood Centre,Mumbai,B+,0.9569767387238788,1
2026-09-08,18051,V.N. Desai Municipal General Hospital Blood Centre,Mumbai,B+,0.9569767387238788,1
2026-09-09,18051,V.N. Desai Municipal General Hospital Blood Centre,Mumbai,B+,0.9569767387238788,1
2026-09-07,18051,V.N. Desai Municipal General Hospital Blood Centre,Mumbai,B-,0.9569767387238788,1
2026-09-08,18051,V.N. Desai Municipal General Hospital Blood Centre,Mumbai,B-,0.9569767387238788,1
2026-09-09,18051,V.N. Desai Municipal General Hospital Blood Centre,Mumbai,B-,0.9569767387238788,1
2026-09-07,18051,V.N. Desai Municipal General Hospital Blood Centre,Mumbai,O+,0.9569767387238788,1
2026-09-08,18051,V.N. Desai Municipal General Hospital Blood Centre,Mumbai,O+,0.9569767387238788,1
2026-09-09,18051,V.N. Desai Municipal General Hospital Blood Centre,Mumbai,O+,0.9569767387238788,1
2026-09-07,18051,V.N. Desai Municipal General Hospital Blood Centre,Mumbai,O-,0.9569767387238788,1
2026-09-08,18051,V.N. Desai Municipal General Hospital Blood Centre,Mumbai,O-,0.9569767387238788,1
2026-09-09,18051,V.N. Desai Municipal General Hospital Blood Centre,Mumbai,O-,0.9569767387238788,1
2026-09-07,18052,Holy Spirit Hospital Blood Centre,Mumbai,A+,0.01244985445390593,0
2026-09-08,18052,Holy Spirit Hospital Blood Centre,Mumbai,A+,0.015877012616624823,0
2026-09-09,18052,Holy Spirit Hospital Blood Centre,Mumbai,A+,0.005692001302856833,0
2026-09-07,18052,Holy Spirit Hospital Blood Centre,Mumbai,A-,0.5857594138375063,1
2026-09-08,18052,Holy Spirit Hospital Blood Centre,Mumbai,A-,0.786299925543641,1
2026-09-09,18052,Holy Spirit Hospital Blood Centre,Mumbai,A-,0.32268418572950647,0
2026-09-07,18052,Holy Spirit Hospital Blood Centre,Mumbai,AB+,0.02736043162432607,0
2026-09-08,18052,Holy Spirit Hospital Blood Centre,Mumbai,AB+,0.030146238907467458,0
2026-09-09,18052,Holy Spirit Hospital Blood Centre,Mumbai,AB+,0.039985132011666064,0
2026-09-07,18052,Holy Spirit Hospital Blood Centre,Mumbai,AB-,0.9569767387238788,1
2026-09-08,18052,Holy Spirit Hospital Blood Centre,Mumbai,AB-,0.9569767387238788,1
2026-09-09,18052,Holy Spirit Hospital Blood Centre,Mumbai,AB-,0.9569767387238788,1
2026-09-07,18052,Holy Spirit Hospital Blood Centre,Mumbai,B+,0.014113764350527564,0
2026-09-08,18052,Holy Spirit Hospital Blood Centre,Mumbai,B+,0.00602938938853866,0
2026-09-09,18052,Holy Spirit Hospital Blood Centre,Mumbai,B+,0.008657343230452506,0
2026-09-07,18052,Holy Spirit Hospital Blood Centre,Mumbai,B-,0.14112269269756184,0
2026-09-08,18052,Holy Spirit Hospital Blood Centre,Mumbai,B-,0.1456176115325335,0
2026-09-09,18052,Holy Spirit Hospital Blood Centre,Mumbai,B-,0.09588567459878689,0
2026-09-07,18052,Holy Spirit Hospital Blood Centre,Mumbai,O+,0.02157148947163842,0
2026-09-08,18052,Holy Spirit Hospital Blood Centre,Mumbai,O+,0.011258995537244932,0
2026-09-09,18052,Holy Spirit Hospital Blood Centre,Mumbai,O+,0.00397894031512615,0
2026-09-07,18052,Holy Spirit Hospital Blood Centre,Mumbai,O-,0.7063332006086539,1
2026-09-08,18052,Holy Spirit Hospital Blood Centre,Mumbai,O-,0.7023354628463374,1
2026-09-09,18052,Holy Spirit Hospital Blood Centre,Mumbai,O-,0.32268418572950647,0
2026-09-07,18055,"Meenatai Thackeray Blood Centre, Goregaon, Mumbai, Managed By Prabodhan  Goregaon",Mumbai,A+,0.0016710067755597783,0
2026-09-08,18055,"Meenatai Thackeray Blood Centre, Goregaon, Mumbai, Managed By Prabodhan  Goregaon",Mumbai,A+,0.003790543824054217,0
2026-09-09,18055,"Meenatai Thackeray Blood Centre, Goregaon, Mumbai, Managed By Prabodhan  Goregaon",Mumbai,A+,0.0028884957514032587,0
2026-09-07,18055,"Meenatai Thackeray Blood Centre, Goregaon, Mumbai, Managed By Prabodhan  Goregaon",Mumbai,A-,0.9569767387238788,1
2026-09-08,18055,"Meenatai Thackeray Blood Centre, Goregaon, Mumbai, Managed By Prabodhan  Goregaon",Mumbai,A-,0.9569767387238788,1
2026-09-09,18055,"Meenatai Thackeray Blood Centre, Goregaon, Mumbai, Managed By Prabodhan  Goregaon",Mumbai,A-,0.9569767387238788,1
2026-09-07,18055,"Meenatai Thackeray Blood Centre, Goregaon, Mumbai, Managed By Prabodhan  Goregaon",Mumbai,AB+,0.004263862409811315,0
2026-09-08,18055,"Meenatai Thackeray Blood Centre, Goregaon, Mumbai, Managed By Prabodhan  Goregaon",Mumbai,AB+,0.0016710067755597783,0
2026-09-09,18055,"Meenatai Thackeray Blood Centre, Goregaon, Mumbai, Managed By Prabodhan  Goregaon",Mumbai,AB+,0.0054404205085229335,0
2026-09-07,18055,"Meenatai Thackeray Blood Centre, Goregaon, Mumbai, Managed By Prabodhan  Goregaon",Mumbai,AB-,0.9569767387238788,1
2026-09-08,18055,"Meenatai Thackeray Blood Centre, Goregaon, Mumbai, Managed By Prabodhan  Goregaon",Mumbai,AB-,0.9569767387238788,1
2026-09-09,18055,"Meenatai Thackeray Blood Centre, Goregaon, Mumbai, Managed By Prabodhan  Goregaon",Mumbai,AB-,0.9569767387238788,1
2026-09-07,18055,"Meenatai Thackeray Blood Centre, Goregaon, Mumbai, Managed By Prabodhan  Goregaon",Mumbai,B+,0.0012081753373930854,0
2026-09-08,18055,"Meenatai Thackeray Blood Centre, Goregaon, Mumbai, Managed By Prabodhan  Goregaon",Mumbai,B+,0.0012081753373930854,0
2026-09-09,18055,"Meenatai Thackeray Blood Centre, Goregaon, Mumbai, Managed By Prabodhan  Goregaon",Mumbai,B+,0.013168107090995817,0
2026-09-07,18055,"Meenatai Thackeray Blood Centre, Goregaon, Mumbai, Managed By Prabodhan  Goregaon",Mumbai,B-,0.9569767387238788,1
2026-09-08,18055,"Meenatai Thackeray Blood Centre, Goregaon, Mumbai, Managed By Prabodhan  Goregaon",Mumbai,B-,0.9569767387238788,1
2026-09-09,18055,"Meenatai Thackeray Blood Centre, Goregaon, Mumbai, Managed By Prabodhan  Goregaon",Mumbai,B-,0.9569767387238788,1
2026-09-07,18055,"Meenatai Thackeray Blood Centre, Goregaon, Mumbai, Managed By Prabodhan  Goregaon",Mumbai,O+,0.0016710067755597783,0
2026-09-08,18055,"Meenatai Thackeray Blood Centre, Goregaon, Mumbai, Managed By Prabodhan  Goregaon",Mumbai,O+,0.006032265075398925,0
2026-09-09,18055,"Meenatai Thackeray Blood Centre, Goregaon, Mumbai, Managed By Prabodhan  Goregaon",Mumbai,O+,0.0016710067755597783,0
2026-09-07,18055,"Meenatai Thackeray Blood Centre, Goregaon, Mumbai, Managed By Prabodhan  Goregaon",Mumbai,O-,0.9569767387238788,1
2026-09-08,18055,"Meenatai Thackeray Blood Centre, Goregaon, Mumbai, Managed By Prabodhan  Goregaon",Mumbai,O-,0.9569767387238788,1
2026-09-09,18055,"Meenatai Thackeray Blood Centre, Goregaon, Mumbai, Managed By Prabodhan  Goregaon",Mumbai,O-,0.9569767387238788,1
2026-09-07,18056,Manas Serological Institute Blood Centre,Mumbai,A+,0.1498097922182252,0
2026-09-08,18056,Manas Serological Institute Blood Centre,Mumbai,A+,0.012826000047267415,0
2026-09-09,18056,Manas Serological Institute Blood Centre,Mumbai,A+,0.06386500977222308,0
2026-09-07,18056,Manas Serological Institute Blood Centre,Mumbai,A-,0.9569767387238788,1
2026-09-08,18056,Manas Serological Institute Blood Centre,Mumbai,A-,0.9569767387238788,1
2026-09-09,18056,Manas Serological Institute Blood Centre,Mumbai,A-,0.9569767387238788,1
2026-09-07,18056,Manas Serological Institute Blood Centre,Mumbai,AB+,0.2246574848471846,0
2026-09-08,18056,Manas Serological Institute Blood Centre,Mumbai,AB+,0.04485136221338359,0
2026-09-09,18056,Manas Serological Institute Blood Centre,Mumbai,AB+,0.02655735144025587,0
2026-09-07,18056,Manas Serological Institute Blood Centre,Mumbai,AB-,0.9569767387238788,1
2026-09-08,18056,Manas Serological Institute Blood Centre,Mumbai,AB-,0.9569767387238788,1
2026-09-09,18056,Manas Serological Institute Blood Centre,Mumbai,AB-,0.9569767387238788,1
2026-09-07,18056,Manas Serological Institute Blood Centre,Mumbai,B+,0.15740285641896068,0
2026-09-08,18056,Manas Serological Institute Blood Centre,Mumbai,B+,0.012826000047267415,0
2026-09-09,18056,Manas Serological Institute Blood Centre,Mumbai,B+,0.13759413587940988,0
2026-09-07,18056,Manas Serological Institute Blood Centre,Mumbai,B-,0.9569767387238788,1
2026-09-08,18056,Manas Serological Institute Blood Centre,Mumbai,B-,0.9569767387238788,1
2026-09-09,18056,Manas Serological Institute Blood Centre,Mumbai,B-,0.9569767387238788,1
2026-09-07,18056,Manas Serological Institute Blood Centre,Mumbai,O+,0.09588567459878689,0
2026-09-08,18056,Manas Serological Institute Blood Centre,Mumbai,O+,0.012826000047267415,0
2026-09-09,18056,Manas Serological Institute Blood Centre,Mumbai,O+,0.2034350426400119,0
2026-09-07,18056,Manas Serological Institute Blood Centre,Mumbai,O-,0.9569767387238788,1
2026-09-08,18056,Manas Serological Institute Blood Centre,Mumbai,O-,0.9569767387238788,1
2026-09-09,18056,Manas Serological Institute Blood Centre,Mumbai,O-,0.9569767387238788,1
2026-09-07,18057,Suburban Hi-Tech Blood Centre,Mumbai,A+,0.02027163235430201,0
2026-09-08,18057,Suburban Hi-Tech Blood Centre,Mumbai,A+,0.021085724298650785,0
2026-09-09,18057,Suburban Hi-Tech Blood Centre,Mumbai,A+,0.030608318530166132,0
2026-09-07,18057,Suburban Hi-Tech Blood Centre,Mumbai,A-,0.9569767387238788,1
2026-09-08,18057,Suburban Hi-Tech Blood Centre,Mumbai,A-,0.9569767387238788,1
2026-09-09,18057,Suburban Hi-Tech Blood Centre,Mumbai,A-,0.9569767387238788,1
2026-09-07,18057,Suburban Hi-Tech Blood Centre,Mumbai,AB+,0.786299925543641,1
2026-09-08,18057,Suburban Hi-Tech Blood Centre,Mumbai,AB+,0.007734262125807521,0
2026-09-09,18057,Suburban Hi-Tech Blood Centre,Mumbai,AB+,0.04494297767846824,0
2026-09-07,18057,Suburban Hi-Tech Blood Centre,Mumbai,AB-,0.9569767387238788,1
2026-09-08,18057,Suburban Hi-Tech Blood Centre,Mumbai,AB-,0.9569767387238788,1
2026-09-09,18057,Suburban Hi-Tech Blood Centre,Mumbai,AB-,0.9569767387238788,1
2026-09-07,18057,Suburban Hi-Tech Blood Centre,Mumbai,B+,0.05113939478942876,0
2026-09-08,18057,Suburban Hi-Tech Blood Centre,Mumbai,B+,0.06879577883556486,0
2026-09-09,18057,Suburban Hi-Tech Blood Centre,Mumbai,B+,0.10203680815748153,0
2026-09-07,18057,Suburban Hi-Tech Blood Centre,Mumbai,B-,0.8170939210353315,1
2026-09-08,18057,Suburban Hi-Tech Blood Centre,Mumbai,B-,0.9569767387238788,1
2026-09-09,18057,Suburban Hi-Tech Blood Centre,Mumbai,B-,0.9569767387238788,1
2026-09-07,18057,Suburban Hi-Tech Blood Centre,Mumbai,O+,0.1507593434659062,0
2026-09-08,18057,Suburban Hi-Tech Blood Centre,Mumbai,O+,0.04988971994139439,0
2026-09-09,18057,Suburban Hi-Tech Blood Centre,Mumbai,O+,0.1411140962143383,0
2026-09-07,18057,Suburban Hi-Tech Blood Centre,Mumbai,O-,0.1498097922182252,0
2026-09-08,18057,Suburban Hi-Tech Blood Centre,Mumbai,O-,0.09588567459878689,0
2026-09-09,18057,Suburban Hi-Tech Blood Centre,Mumbai,O-,0.09588567459878689,0
2026-09-07,18058,Sion Blood Centre,Mumbai,A+,0.00189020356093118,0
2026-09-08,18058,Sion Blood Centre,Mumbai,A+,0.0014489215994458093,0
2026-09-09,18058,Sion Blood Centre,Mumbai,A+,0.0028666811130925347,0
2026-09-07,18058,Sion Blood Centre,Mumbai,A-,0.9569767387238788,1
2026-09-08,18058,Sion Blood Centre,Mumbai,A-,0.9569767387238788,1
2026-09-09,18058,Sion Blood Centre,Mumbai,A-,0.9569767387238788,1
2026-09-07,18058,Sion Blood Centre,Mumbai,AB+,0.02341622749645717,0
2026-09-08,18058,Sion Blood Centre,Mumbai,AB+,0.020975275499327442,0
2026-09-09,18058,Sion Blood Centre,Mumbai,AB+,0.012760506423855105,0
2026-09-07,18058,Sion Blood Centre,Mumbai,AB-,0.9569767387238788,1
2026-09-08,18058,Sion Blood Centre,Mumbai,AB-,0.9569767387238788,1
2026-09-09,18058,Sion Blood Centre,Mumbai,AB-,0.9569767387238788,1
2026-09-07,18058,Sion Blood Centre,Mumbai,B+,0.013457969542822421,0
2026-09-08,18058,Sion Blood Centre,Mumbai,B+,0.0018525315013933708,0
2026-09-09,18058,Sion Blood Centre,Mumbai,B+,0.0014240538284837792,0
2026-09-07,18058,Sion Blood Centre,Mumbai,B-,0.9569767387238788,1
2026-09-08,18058,Sion Blood Centre,Mumbai,B-,0.9569767387238788,1
2026-09-09,18058,Sion Blood Centre,Mumbai,B-,0.9569767387238788,1
2026-09-07,18058,Sion Blood Centre,Mumbai,O+,0.0016710067755597783,0
2026-09-08,18058,Sion Blood Centre,Mumbai,O+,0.0015713377579986332,0
2026-09-09,18058,Sion Blood Centre,Mumbai,O+,0.002311605534010575,0
2026-09-07,18058,Sion Blood Centre,Mumbai,O-,0.9569767387238788,1
2026-09-08,18058,Sion Blood Centre,Mumbai,O-,0.9569767387238788,1
2026-09-09,18058,Sion Blood Centre,Mumbai,O-,0.9569767387238788,1
2026-09-07,18059,Bharatratna Dr Babasaheb Ambedkar Mun. Gen. Hospital Blood Centre,Mumbai,A+,0.9569767387238788,1
2026-09-08,18059,Bharatratna Dr Babasaheb Ambedkar Mun. Gen. Hospital Blood Centre,Mumbai,A+,0.9569767387238788,1
2026-09-09,18059,Bharatratna Dr Babasaheb Ambedkar Mun. Gen. Hospital Blood Centre,Mumbai,A+,0.9569767387238788,1
2026-09-07,18059,Bharatratna Dr Babasaheb Ambedkar Mun. Gen. Hospital Blood Centre,Mumbai,A-,0.9569767387238788,1
2026-09-08,18059,Bharatratna Dr Babasaheb Ambedkar Mun. Gen. Hospital Blood Centre,Mumbai,A-,0.9569767387238788,1
2026-09-09,18059,Bharatratna Dr Babasaheb Ambedkar Mun. Gen. Hospital Blood Centre,Mumbai,A-,0.9569767387238788,1
2026-09-07,18059,Bharatratna Dr Babasaheb Ambedkar Mun. Gen. Hospital Blood Centre,Mumbai,AB+,0.9569767387238788,1
2026-09-08,18059,Bharatratna Dr Babasaheb Ambedkar Mun. Gen. Hospital Blood Centre,Mumbai,AB+,0.9569767387238788,1
2026-09-09,18059,Bharatratna Dr Babasaheb Ambedkar Mun. Gen. Hospital Blood Centre,Mumbai,AB+,0.9569767387238788,1
2026-09-07,18059,Bharatratna Dr Babasaheb Ambedkar Mun. Gen. Hospital Blood Centre,Mumbai,AB-,0.9569767387238788,1
2026-09-08,18059,Bharatratna Dr Babasaheb Ambedkar Mun. Gen. Hospital Blood Centre,Mumbai,AB-,0.9569767387238788,1
2026-09-09,18059,Bharatratna Dr Babasaheb Ambedkar Mun. Gen. Hospital Blood Centre,Mumbai,AB-,0.9569767387238788,1
2026-09-07,18059,Bharatratna Dr Babasaheb Ambedkar Mun. Gen. Hospital Blood Centre,Mumbai,B+,0.9569767387238788,1
2026-09-08,18059,Bharatratna Dr Babasaheb Ambedkar Mun. Gen. Hospital Blood Centre,Mumbai,B+,0.9569767387238788,1
2026-09-09,18059,Bharatratna Dr Babasaheb Ambedkar Mun. Gen. Hospital Blood Centre,Mumbai,B+,0.9569767387238788,1
2026-09-07,18059,Bharatratna Dr Babasaheb Ambedkar Mun. Gen. Hospital Blood Centre,Mumbai,B-,0.9569767387238788,1
2026-09-08,18059,Bharatratna Dr Babasaheb Ambedkar Mun. Gen. Hospital Blood Centre,Mumbai,B-,0.9569767387238788,1
2026-09-09,18059,Bharatratna Dr Babasaheb Ambedkar Mun. Gen. Hospital Blood Centre,Mumbai,B-,0.9569767387238788,1
2026-09-07,18059,Bharatratna Dr Babasaheb Ambedkar Mun. Gen. Hospital Blood Centre,Mumbai,O+,0.9569767387238788,1
2026-09-08,18059,Bharatratna Dr Babasaheb Ambedkar Mun. Gen. Hospital Blood Centre,Mumbai,O+,0.9569767387238788,1
2026-09-09,18059,Bharatratna Dr Babasaheb Ambedkar Mun. Gen. Hospital Blood Centre,Mumbai,O+,0.9569767387238788,1
2026-09-07,18059,Bharatratna Dr Babasaheb Ambedkar Mun. Gen. Hospital Blood Centre,Mumbai,O-,0.9569767387238788,1
2026-09-08,18059,Bharatratna Dr Babasaheb Ambedkar Mun. Gen. Hospital Blood Centre,Mumbai,O-,0.9569767387238788,1
2026-09-09,18059,Bharatratna Dr Babasaheb Ambedkar Mun. Gen. Hospital Blood Centre,Mumbai,O-,0.9569767387238788,1
2026-09-07,18061,"Acharya Anandrishiji Blood Centre, Pune",Pune,A+,0.002081411434515316,0
2026-09-08,18061,"Acharya Anandrishiji Blood Centre, Pune",Pune,A+,0.003396093168997379,0
2026-09-09,18061,"Acharya Anandrishiji Blood Centre, Pune",Pune,A+,0.00189020356093118,0
2026-09-07,18061,"Acharya Anandrishiji Blood Centre, Pune",Pune,A-,0.09588567459878689,0
2026-09-08,18061,"Acharya Anandrishiji Blood Centre, Pune",Pune,A-,0.09588567459878689,0
2026-09-09,18061,"Acharya Anandrishiji Blood Centre, Pune",Pune,A-,0.09588567459878689,0
2026-09-07,18061,"Acharya Anandrishiji Blood Centre, Pune",Pune,AB+,0.030170888001377773,0
2026-09-08,18061,"Acharya Anandrishiji Blood Centre, Pune",Pune,AB+,0.030170888001377773,0
2026-09-09,18061,"Acharya Anandrishiji Blood Centre, Pune",Pune,AB+,0.030170888001377773,0
2026-09-07,18061,"Acharya Anandrishiji Blood Centre, Pune",Pune,AB-,0.9569767387238788,1
2026-09-08,18061,"Acharya Anandrishiji Blood Centre, Pune",Pune,AB-,0.9569767387238788,1
2026-09-09,18061,"Acharya Anandrishiji Blood Centre, Pune",Pune,AB-,0.9569767387238788,1
2026-09-07,18061,"Acharya Anandrishiji Blood Centre, Pune",Pune,B+,0.00189020356093118,0
2026-09-08,18061,"Acharya Anandrishiji Blood Centre, Pune",Pune,B+,0.002230113899832779,0
2026-09-09,18061,"Acharya Anandrishiji Blood Centre, Pune",Pune,B+,0.0028665297197551748,0
2026-09-07,18061,"Acharya Anandrishiji Blood Centre, Pune",Pune,B-,0.022229048452583756,0
2026-09-08,18061,"Acharya Anandrishiji Blood Centre, Pune",Pune,B-,0.022229048452583756,0
2026-09-09,18061,"Acharya Anandrishiji Blood Centre, Pune",Pune,B-,0.030146238907467458,0
2026-09-07,18061,"Acharya Anandrishiji Blood Centre, Pune",Pune,O+,0.002081411434515316,0
2026-09-08,18061,"Acharya Anandrishiji Blood Centre, Pune",Pune,O+,0.002230113899832779,0
2026-09-09,18061,"Acharya Anandrishiji Blood Centre, Pune",Pune,O+,0.0018893597350191263,0
2026-09-07,18061,"Acharya Anandrishiji Blood Centre, Pune",Pune,O-,0.04708016808483685,0
2026-09-08,18061,"Acharya Anandrishiji Blood Centre, Pune",Pune,O-,0.04708016808483685,0
2026-09-09,18061,"Acharya Anandrishiji Blood Centre, Pune",Pune,O-,0.04708016808483685,0
2026-09-07,18062,Akshay Blood Centre,Pune,A+,0.0012081753373930854,0
2026-09-08,18062,Akshay Blood Centre,Pune,A+,0.002081411434515316,0
2026-09-09,18062,Akshay Blood Centre,Pune,A+,0.00189020356093118,0
2026-09-07,18062,Akshay Blood Centre,Pune,A-,0.053131700368957056,0
2026-09-08,18062,Akshay Blood Centre,Pune,A-,0.0875381143353213,0
2026-09-09,18062,Akshay Blood Centre,Pune,A-,0.040014743840883535,0
2026-09-07,18062,Akshay Blood Centre,Pune,AB+,0.0012459902139273637,0
2026-09-08,18062,Akshay Blood Centre,Pune,AB+,0.0017409769591235288,0
2026-09-09,18062,Akshay Blood Centre,Pune,AB+,0.024249462454888102,0
2026-09-07,18062,Akshay Blood Centre,Pune,AB-,0.9569767387238788,1
2026-09-08,18062,Akshay Blood Centre,Pune,AB-,0.9569767387238788,1
2026-09-09,18062,Akshay Blood Centre,Pune,AB-,0.9569767387238788,1
2026-09-07,18062,Akshay Blood Centre,Pune,B+,0.0016348296781213546,0
2026-09-08,18062,Akshay Blood Centre,Pune,B+,0.0012081753373930854,0
2026-09-09,18062,Akshay Blood Centre,Pune,B+,0.0016710067755597783,0
2026-09-07,18062,Akshay Blood Centre,Pune,B-,0.018872138899527623,0
2026-09-08,18062,Akshay Blood Centre,Pune,B-,0.018225368843050854,0
2026-09-09,18062,Akshay Blood Centre,Pune,B-,0.02626651767943478,0
2026-09-07,18062,Akshay Blood Centre,Pune,O+,0.0011957829087145444,0
2026-09-08,18062,Akshay Blood Centre,Pune,O+,0.0012081753373930854,0
2026-09-09,18062,Akshay Blood Centre,Pune,O+,0.0021789692231545,0
2026-09-07,18062,Akshay Blood Centre,Pune,O-,0.5521787184413446,1
2026-09-08,18062,Akshay Blood Centre,Pune,O-,0.023969954009196905,0
2026-09-09,18062,Akshay Blood Centre,Pune,O-,0.1361296049642902,0
2026-09-07,18064,M/S Bharati Vidyapeeth Medical Foundations Bharati Hospital Blood Centre,Pune,A+,0.005943732742739207,0
2026-09-08,18064,M/S Bharati Vidyapeeth Medical Foundations Bharati Hospital Blood Centre,Pune,A+,0.006939034099411391,0
2026-09-09,18064,M/S Bharati Vidyapeeth Medical Foundations Bharati Hospital Blood Centre,Pune,A+,0.0017089051130387276,0
2026-09-07,18064,M/S Bharati Vidyapeeth Medical Foundations Bharati Hospital Blood Centre,Pune,A-,0.024215324238568026,0
2026-09-08,18064,M/S Bharati Vidyapeeth Medical Foundations Bharati Hospital Blood Centre,Pune,A-,0.06717978117107769,0
2026-09-09,18064,M/S Bharati Vidyapeeth Medical Foundations Bharati Hospital Blood Centre,Pune,A-,0.06899926366343094,0
2026-09-07,18064,M/S Bharati Vidyapeeth Medical Foundations Bharati Hospital Blood Centre,Pune,AB+,0.0012459902139273637,0
2026-09-08,18064,M/S Bharati Vidyapeeth Medical Foundations Bharati Hospital Blood Centre,Pune,AB+,0.001917118468168659,0
2026-09-09,18064,M/S Bharati Vidyapeeth Medical Foundations Bharati Hospital Blood Centre,Pune,AB+,0.0018123925030756954,0
2026-09-07,18064,M/S Bharati Vidyapeeth Medical Foundations Bharati Hospital Blood Centre,Pune,AB-,0.9569767387238788,1
2026-09-08,18064,M/S Bharati Vidyapeeth Medical Foundations Bharati Hospital Blood Centre,Pune,AB-,0.9569767387238788,1
2026-09-09,18064,M/S Bharati Vidyapeeth Medical Foundations Bharati Hospital Blood Centre,Pune,AB-,0.9569767387238788,1
2026-09-07,18064,M/S Bharati Vidyapeeth Medical Foundations Bharati Hospital Blood Centre,Pune,B+,0.002081411434515316,0
2026-09-08,18064,M/S Bharati Vidyapeeth Medical Foundations Bharati Hospital Blood Centre,Pune,B+,0.0016710067755597783,0
2026-09-09,18064,M/S Bharati Vidyapeeth Medical Foundations Bharati Hospital Blood Centre,Pune,B+,0.0015779651425224034,0
2026-09-07,18064,M/S Bharati Vidyapeeth Medical Foundations Bharati Hospital Blood Centre,Pune,B-,0.15242358280490323,0
2026-09-08,18064,M/S Bharati Vidyapeeth Medical Foundations Bharati Hospital Blood Centre,Pune,B-,0.05421883653906218,0
2026-09-09,18064,M/S Bharati Vidyapeeth Medical Foundations Bharati Hospital Blood Centre,Pune,B-,0.16311692635487893,0
2026-09-07,18064,M/S Bharati Vidyapeeth Medical Foundations Bharati Hospital Blood Centre,Pune,O+,0.007053554798382131,0
2026-09-08,18064,M/S Bharati Vidyapeeth Medical Foundations Bharati Hospital Blood Centre,Pune,O+,0.032626422992556185,0
2026-09-09,18064,M/S Bharati Vidyapeeth Medical Foundations Bharati Hospital Blood Centre,Pune,O+,0.006527793710970173,0
2026-09-07,18064,M/S Bharati Vidyapeeth Medical Foundations Bharati Hospital Blood Centre,Pune,O-,0.6732578724904705,1
2026-09-08,18064,M/S Bharati Vidyapeeth Medical Foundations Bharati Hospital Blood Centre,Pune,O-,0.8017482753365046,1
2026-09-09,18064,M/S Bharati Vidyapeeth Medical Foundations Bharati Hospital Blood Centre,Pune,O-,0.31682855738935406,0
2026-09-07,18065,"Deenanath Mangeshkar Hospital, Blood Centre",Pune,A+,0.002349754007938605,0
2026-09-08,18065,"Deenanath Mangeshkar Hospital, Blood Centre",Pune,A+,0.001342652951779423,0
2026-09-09,18065,"Deenanath Mangeshkar Hospital, Blood Centre",Pune,A+,0.00189020356093118,0
2026-09-07,18065,"Deenanath Mangeshkar Hospital, Blood Centre",Pune,A-,0.04708016808483685,0
2026-09-08,18065,"Deenanath Mangeshkar Hospital, Blood Centre",Pune,A-,0.04708016808483685,0
2026-09-09,18065,"Deenanath Mangeshkar Hospital, Blood Centre",Pune,A-,0.04708016808483685,0
2026-09-07,18065,"Deenanath Mangeshkar Hospital, Blood Centre",Pune,AB+,0.03417451270527365,0
2026-09-08,18065,"Deenanath Mangeshkar Hospital, Blood Centre",Pune,AB+,0.008006484889971535,0
2026-09-09,18065,"Deenanath Mangeshkar Hospital, Blood Centre",Pune,AB+,0.029661474768154224,0
2026-09-07,18065,"Deenanath Mangeshkar Hospital, Blood Centre",Pune,AB-,0.786299925543641,1
2026-09-08,18065,"Deenanath Mangeshkar Hospital, Blood Centre",Pune,AB-,0.9569767387238788,1
2026-09-09,18065,"Deenanath Mangeshkar Hospital, Blood Centre",Pune,AB-,0.16080678683282623,0
2026-09-07,18065,"Deenanath Mangeshkar Hospital, Blood Centre",Pune,B+,0.002081411434515316,0
2026-09-08,18065,"Deenanath Mangeshkar Hospital, Blood Centre",Pune,B+,0.001960588491586925,0
2026-09-09,18065,"Deenanath Mangeshkar Hospital, Blood Centre",Pune,B+,0.00189020356093118,0
2026-09-07,18065,"Deenanath Mangeshkar Hospital, Blood Centre",Pune,B-,0.01625802804544539,0
2026-09-08,18065,"Deenanath Mangeshkar Hospital, Blood Centre",Pune,B-,0.017326246650539934,0
2026-09-09,18065,"Deenanath Mangeshkar Hospital, Blood Centre",Pune,B-,0.022802306006585386,0
2026-09-07,18065,"Deenanath Mangeshkar Hospital, Blood Centre",Pune,O+,0.001670688725475448,0
2026-09-08,18065,"Deenanath Mangeshkar Hospital, Blood Centre",Pune,O+,0.0012081753373930854,0
2026-09-09,18065,"Deenanath Mangeshkar Hospital, Blood Centre",Pune,O+,0.0012081753373930854,0
2026-09-07,18065,"Deenanath Mangeshkar Hospital, Blood Centre",Pune,O-,0.006049886604348551,0
2026-09-08,18065,"Deenanath Mangeshkar Hospital, Blood Centre",Pune,O-,0.022628280857787,0
2026-09-09,18065,"Deenanath Mangeshkar Hospital, Blood Centre",Pune,O-,0.010013754053528529,0
2026-09-07,18067,Indian Serological Institute Blood Centre,Pune,A+,0.018069289437621084,0
2026-09-08,18067,Indian Serological Institute Blood Centre,Pune,A+,0.018069289437621084,0
2026-09-09,18067,Indian Serological Institute Blood Centre,Pune,A+,0.018069289437621084,0
2026-09-07,18067,Indian Serological Institute Blood Centre,Pune,A-,0.9569767387238788,1
2026-09-08,18067,Indian Serological Institute Blood Centre,Pune,A-,0.9569767387238788,1
2026-09-09,18067,Indian Serological Institute Blood Centre,Pune,A-,0.9569767387238788,1
2026-09-07,18067,Indian Serological Institute Blood Centre,Pune,AB+,0.022229048452583756,0
2026-09-08,18067,Indian Serological Institute Blood Centre,Pune,AB+,0.022229048452583756,0
2026-09-09,18067,Indian Serological Institute Blood Centre,Pune,AB+,0.022229048452583756,0
2026-09-07,18067,Indian Serological Institute Blood Centre,Pune,AB-,0.9569767387238788,1
2026-09-08,18067,Indian Serological Institute Blood Centre,Pune,AB-,0.9569767387238788,1
2026-09-09,18067,Indian Serological Institute Blood Centre,Pune,AB-,0.9569767387238788,1
2026-09-07,18067,Indian Serological Institute Blood Centre,Pune,B+,0.030170888001377773,0
2026-09-08,18067,Indian Serological Institute Blood Centre,Pune,B+,0.030170888001377773,0
2026-09-09,18067,Indian Serological Institute Blood Centre,Pune,B+,0.030170888001377773,0
2026-09-07,18067,Indian Serological Institute Blood Centre,Pune,B-,0.9569767387238788,1
2026-09-08,18067,Indian Serological Institute Blood Centre,Pune,B-,0.9569767387238788,1
2026-09-09,18067,Indian Serological Institute Blood Centre,Pune,B-,0.9569767387238788,1
2026-09-07,18067,Indian Serological Institute Blood Centre,Pune,O+,0.004789227687032096,0
2026-09-08,18067,Indian Serological Institute Blood Centre,Pune,O+,0.004789227687032096,0
2026-09-09,18067,Indian Serological Institute Blood Centre,Pune,O+,0.004789227687032096,0
2026-09-07,18067,Indian Serological Institute Blood Centre,Pune,O-,0.04708016808483685,0
2026-09-08,18067,Indian Serological Institute Blood Centre,Pune,O-,0.04708016808483685,0
2026-09-09,18067,Indian Serological Institute Blood Centre,Pune,O-,0.04708016808483685,0
2026-09-07,18068,"Sadhu Vaswani Mission Medical Complex, Inlaks And Budharani Hospital Blood  Centre, Pune",Pune,A+,0.008572285694156245,0
2026-09-08,18068,"Sadhu Vaswani Mission Medical Complex, Inlaks And Budharani Hospital Blood  Centre, Pune",Pune,A+,0.010386411989893185,0
2026-09-09,18068,"Sadhu Vaswani Mission Medical Complex, Inlaks And Budharani Hospital Blood  Centre, Pune",Pune,A+,0.00997999823568397,0
2026-09-07,18068,"Sadhu Vaswani Mission Medical Complex, Inlaks And Budharani Hospital Blood  Centre, Pune",Pune,A-,0.9569767387238788,1
2026-09-08,18068,"Sadhu Vaswani Mission Medical Complex, Inlaks And Budharani Hospital Blood  Centre, Pune",Pune,A-,0.9569767387238788,1
2026-09-09,18068,"Sadhu Vaswani Mission Medical Complex, Inlaks And Budharani Hospital Blood  Centre, Pune",Pune,A-,0.9569767387238788,1
2026-09-07,18068,"Sadhu Vaswani Mission Medical Complex, Inlaks And Budharani Hospital Blood  Centre, Pune",Pune,AB+,0.022229048452583756,0
2026-09-08,18068,"Sadhu Vaswani Mission Medical Complex, Inlaks And Budharani Hospital Blood  Centre, Pune",Pune,AB+,0.022229048452583756,0
2026-09-09,18068,"Sadhu Vaswani Mission Medical Complex, Inlaks And Budharani Hospital Blood  Centre, Pune",Pune,AB+,0.022229048452583756,0
2026-09-07,18068,"Sadhu Vaswani Mission Medical Complex, Inlaks And Budharani Hospital Blood  Centre, Pune",Pune,AB-,0.9569767387238788,1
2026-09-08,18068,"Sadhu Vaswani Mission Medical Complex, Inlaks And Budharani Hospital Blood  Centre, Pune",Pune,AB-,0.9569767387238788,1
2026-09-09,18068,"Sadhu Vaswani Mission Medical Complex, Inlaks And Budharani Hospital Blood  Centre, Pune",Pune,AB-,0.9569767387238788,1
2026-09-07,18068,"Sadhu Vaswani Mission Medical Complex, Inlaks And Budharani Hospital Blood  Centre, Pune",Pune,B+,0.020904625123971836,0
2026-09-08,18068,"Sadhu Vaswani Mission Medical Complex, Inlaks And Budharani Hospital Blood  Centre, Pune",Pune,B+,0.03466932460927841,0
2026-09-09,18068,"Sadhu Vaswani Mission Medical Complex, Inlaks And Budharani Hospital Blood  Centre, Pune",Pune,B+,0.026789297498520718,0
2026-09-07,18068,"Sadhu Vaswani Mission Medical Complex, Inlaks And Budharani Hospital Blood  Centre, Pune",Pune,B-,0.9569767387238788,1
2026-09-08,18068,"Sadhu Vaswani Mission Medical Complex, Inlaks And Budharani Hospital Blood  Centre, Pune",Pune,B-,0.9569767387238788,1
2026-09-09,18068,"Sadhu Vaswani Mission Medical Complex, Inlaks And Budharani Hospital Blood  Centre, Pune",Pune,B-,0.9569767387238788,1
2026-09-07,18068,"Sadhu Vaswani Mission Medical Complex, Inlaks And Budharani Hospital Blood  Centre, Pune",Pune,O+,0.00873308528837508,0
2026-09-08,18068,"Sadhu Vaswani Mission Medical Complex, Inlaks And Budharani Hospital Blood  Centre, Pune",Pune,O+,0.01743543024627702,0
2026-09-09,18068,"Sadhu Vaswani Mission Medical Complex, Inlaks And Budharani Hospital Blood  Centre, Pune",Pune,O+,0.01104163663258099,0
2026-09-07,18068,"Sadhu Vaswani Mission Medical Complex, Inlaks And Budharani Hospital Blood  Centre, Pune",Pune,O-,0.027568089055482303,0
2026-09-08,18068,"Sadhu Vaswani Mission Medical Complex, Inlaks And Budharani Hospital Blood  Centre, Pune",Pune,O-,0.15869799194769443,0
2026-09-09,18068,"Sadhu Vaswani Mission Medical Complex, Inlaks And Budharani Hospital Blood  Centre, Pune",Pune,O-,0.06811104617048193,0
2026-09-07,18069,Jankalyan Raktapedhi Pune,Pune,A+,0.0011957829087145444,0
2026-09-08,18069,Jankalyan Raktapedhi Pune,Pune,A+,0.0012081753373930854,0
2026-09-09,18069,Jankalyan Raktapedhi Pune,Pune,A+,0.0011957829087145444,0
2026-09-07,18069,Jankalyan Raktapedhi Pune,Pune,A-,0.05085642751152795,0
2026-09-08,18069,Jankalyan Raktapedhi Pune,Pune,A-,0.023817093946015496,0
2026-09-09,18069,Jankalyan Raktapedhi Pune,Pune,A-,0.017532942671537054,0
2026-09-07,18069,Jankalyan Raktapedhi Pune,Pune,AB+,0.0011957829087145444,0
2026-09-08,18069,Jankalyan Raktapedhi Pune,Pune,AB+,0.0014471106705208254,0
2026-09-09,18069,Jankalyan Raktapedhi Pune,Pune,AB+,0.0014471106705208254,0
2026-09-07,18069,Jankalyan Raktapedhi Pune,Pune,AB-,0.11373612212391229,0
2026-09-08,18069,Jankalyan Raktapedhi Pune,Pune,AB-,0.1791511862761025,0
2026-09-09,18069,Jankalyan Raktapedhi Pune,Pune,AB-,0.07097093226410016,0
2026-09-07,18069,Jankalyan Raktapedhi Pune,Pune,B+,0.0011949710128818349,0
2026-09-08,18069,Jankalyan Raktapedhi Pune,Pune,B+,0.0011957829087145444,0
2026-09-09,18069,Jankalyan Raktapedhi Pune,Pune,B+,0.0012081753373930854,0
2026-09-07,18069,Jankalyan Raktapedhi Pune,Pune,B-,0.007544474503144169,0
2026-09-08,18069,Jankalyan Raktapedhi Pune,Pune,B-,0.01198373595876766,0
2026-09-09,18069,Jankalyan Raktapedhi Pune,Pune,B-,0.3717311191666152,0
2026-09-07,18069,Jankalyan Raktapedhi Pune,Pune,O+,0.0011949710128818349,0
2026-09-08,18069,Jankalyan Raktapedhi Pune,Pune,O+,0.0011957829087145444,0
2026-09-09,18069,Jankalyan Raktapedhi Pune,Pune,O+,0.0012081753373930854,0
2026-09-07,18069,Jankalyan Raktapedhi Pune,Pune,O-,0.24030133563931505,0
2026-09-08,18069,Jankalyan Raktapedhi Pune,Pune,O-,0.14598331727664357,0
2026-09-09,18069,Jankalyan Raktapedhi Pune,Pune,O-,0.08716338290780895,0
2026-09-07,18070,Jehangir Hospital Blood Centre,Pune,A+,0.0014478420828308214,0
2026-09-08,18070,Jehangir Hospital Blood Centre,Pune,A+,0.003141396064411927,0
2026-09-09,18070,Jehangir Hospital Blood Centre,Pune,A+,0.0012081753373930854,0
2026-09-07,18070,Jehangir Hospital Blood Centre,Pune,A-,0.030170888001377773,0
2026-09-08,18070,Jehangir Hospital Blood Centre,Pune,A-,0.030170888001377773,0
2026-09-09,18070,Jehangir Hospital Blood Centre,Pune,A-,0.07000733556595519,0
2026-09-07,18070,Jehangir Hospital Blood Centre,Pune,AB+,0.014087102374573161,0
2026-09-08,18070,Jehangir Hospital Blood Centre,Pune,AB+,0.014087102374573161,0
2026-09-09,18070,Jehangir Hospital Blood Centre,Pune,AB+,0.06547332477819073,0
2026-09-07,18070,Jehangir Hospital Blood Centre,Pune,AB-,0.04708016808483685,0
2026-09-08,18070,Jehangir Hospital Blood Centre,Pune,AB-,0.16210439842287436,0
2026-09-09,18070,Jehangir Hospital Blood Centre,Pune,AB-,0.6732578724904705,1
2026-09-07,18070,Jehangir Hospital Blood Centre,Pune,B+,0.005247522308481812,0
2026-09-08,18070,Jehangir Hospital Blood Centre,Pune,B+,0.008261687348413614,0
2026-09-09,18070,Jehangir Hospital Blood Centre,Pune,B+,0.00577237752718294,0
2026-09-07,18070,Jehangir Hospital Blood Centre,Pune,B-,0.03170067070020004,0
2026-09-08,18070,Jehangir Hospital Blood Centre,Pune,B-,0.025599083673906342,0
2026-09-09,18070,Jehangir Hospital Blood Centre,Pune,B-,0.02014311720528692,0
2026-09-07,18070,Jehangir Hospital Blood Centre,Pune,O+,0.00531931985247357,0
2026-09-08,18070,Jehangir Hospital Blood Centre,Pune,O+,0.03226910849613361,0
2026-09-09,18070,Jehangir Hospital Blood Centre,Pune,O+,0.001546854903319778,0
2026-09-07,18070,Jehangir Hospital Blood Centre,Pune,O-,0.014893758478657084,0
2026-09-08,18070,Jehangir Hospital Blood Centre,Pune,O-,0.015549220216517364,0
2026-09-09,18070,Jehangir Hospital Blood Centre,Pune,O-,0.020562505324546617,0
2026-09-07,18071,Kem Hospital Blood Centre,Pune,A+,0.011098655428654772,0
2026-09-08,18071,Kem Hospital Blood Centre,Pune,A+,0.016457453684384036,0
2026-09-09,18071,Kem Hospital Blood Centre,Pune,A+,0.19751895430568422,0
2026-09-07,18071,Kem Hospital Blood Centre,Pune,A-,0.9569767387238788,1
2026-09-08,18071,Kem Hospital Blood Centre,Pune,A-,0.9569767387238788,1
2026-09-09,18071,Kem Hospital Blood Centre,Pune,A-,0.9569767387238788,1
2026-09-07,18071,Kem Hospital Blood Centre,Pune,AB+,0.7230546871564677,1
2026-09-08,18071,Kem Hospital Blood Centre,Pune,AB+,0.32268418572950647,0
2026-09-09,18071,Kem Hospital Blood Centre,Pune,AB+,0.7789323790913819,1
2026-09-07,18071,Kem Hospital Blood Centre,Pune,AB-,0.6466837376190555,1
2026-09-08,18071,Kem Hospital Blood Centre,Pune,AB-,0.29764204158033825,0
2026-09-09,18071,Kem Hospital Blood Centre,Pune,AB-,0.647713153772467,1
2026-09-07,18071,Kem Hospital Blood Centre,Pune,B+,0.010888871414899089,0
2026-09-08,18071,Kem Hospital Blood Centre,Pune,B+,0.002991346738442298,0
2026-09-09,18071,Kem Hospital Blood Centre,Pune,B+,0.013864312471656183,0
2026-09-07,18071,Kem Hospital Blood Centre,Pune,B-,0.9569767387238788,1
2026-09-08,18071,Kem Hospital Blood Centre,Pune,B-,0.9569767387238788,1
2026-09-09,18071,Kem Hospital Blood Centre,Pune,B-,0.9569767387238788,1
2026-09-07,18071,Kem Hospital Blood Centre,Pune,O+,0.019724414018038188,0
2026-09-08,18071,Kem Hospital Blood Centre,Pune,O+,0.15343385024777564,0
2026-09-09,18071,Kem Hospital Blood Centre,Pune,O+,0.4857745378991611,0
2026-09-07,18071,Kem Hospital Blood Centre,Pune,O-,0.04708016808483685,0
2026-09-08,18071,Kem Hospital Blood Centre,Pune,O-,0.04708016808483685,0
2026-09-09,18071,Kem Hospital Blood Centre,Pune,O-,0.5857594138375063,1
2026-09-07,18072,"Metro Blood Centre,Civil Hospital Aundh Pune",Pune,A+,0.00189020356093118,0
2026-09-08,18072,"Metro Blood Centre,Civil Hospital Aundh Pune",Pune,A+,0.0023108775049933,0
2026-09-09,18072,"Metro Blood Centre,Civil Hospital Aundh Pune",Pune,A+,0.00189020356093118,0
2026-09-07,18072,"Metro Blood Centre,Civil Hospital Aundh Pune",Pune,A-,0.017718354444483823,0
2026-09-08,18072,"Metro Blood Centre,Civil Hospital Aundh Pune",Pune,A-,0.017718354444483823,0
2026-09-09,18072,"Metro Blood Centre,Civil Hospital Aundh Pune",Pune,A-,0.017718354444483823,0
2026-09-07,18072,"Metro Blood Centre,Civil Hospital Aundh Pune",Pune,AB+,0.08817996171166187,0
2026-09-08,18072,"Metro Blood Centre,Civil Hospital Aundh Pune",Pune,AB+,0.014087102374573161,0
2026-09-09,18072,"Metro Blood Centre,Civil Hospital Aundh Pune",Pune,AB+,0.033557252055806404,0
2026-09-07,18072,"Metro Blood Centre,Civil Hospital Aundh Pune",Pune,AB-,0.9569767387238788,1
2026-09-08,18072,"Metro Blood Centre,Civil Hospital Aundh Pune",Pune,AB-,0.9569767387238788,1
2026-09-09,18072,"Metro Blood Centre,Civil Hospital Aundh Pune",Pune,AB-,0.9569767387238788,1
2026-09-07,18072,"Metro Blood Centre,Civil Hospital Aundh Pune",Pune,B+,0.002164352835763005,0
2026-09-08,18072,"Metro Blood Centre,Civil Hospital Aundh Pune",Pune,B+,0.0019925656544987004,0
2026-09-09,18072,"Metro Blood Centre,Civil Hospital Aundh Pune",Pune,B+,0.03963540525914988,0
2026-09-07,18072,"Metro Blood Centre,Civil Hospital Aundh Pune",Pune,B-,0.012760506423855105,0
2026-09-08,18072,"Metro Blood Centre,Civil Hospital Aundh Pune",Pune,B-,0.010592496217996626,0
2026-09-09,18072,"Metro Blood Centre,Civil Hospital Aundh Pune",Pune,B-,0.01734657195909022,0
2026-09-07,18072,"Metro Blood Centre,Civil Hospital Aundh Pune",Pune,O+,0.0049129734727776575,0
2026-09-08,18072,"Metro Blood Centre,Civil Hospital Aundh Pune",Pune,O+,0.0049129734727776575,0
2026-09-09,18072,"Metro Blood Centre,Civil Hospital Aundh Pune",Pune,O+,0.00189020356093118,0
2026-09-07,18072,"Metro Blood Centre,Civil Hospital Aundh Pune",Pune,O-,0.04708016808483685,0
2026-09-08,18072,"Metro Blood Centre,Civil Hospital Aundh Pune",Pune,O-,0.04708016808483685,0
2026-09-09,18072,"Metro Blood Centre,Civil Hospital Aundh Pune",Pune,O-,0.04708016808483685,0
2026-09-07,18073,"Grant Medical Foundation,  A.H. Wadia Trust Blood Centre",Pune,A+,0.002349754007938605,0
2026-09-08,18073,"Grant Medical Foundation,  A.H. Wadia Trust Blood Centre",Pune,A+,0.001479420270781203,0
2026-09-09,18073,"Grant Medical Foundation,  A.H. Wadia Trust Blood Centre",Pune,A+,0.00189020356093118,0
2026-09-07,18073,"Grant Medical Foundation,  A.H. Wadia Trust Blood Centre",Pune,A-,0.018069289437621084,0
2026-09-08,18073,"Grant Medical Foundation,  A.H. Wadia Trust Blood Centre",Pune,A-,0.018069289437621084,0
2026-09-09,18073,"Grant Medical Foundation,  A.H. Wadia Trust Blood Centre",Pune,A-,0.018069289437621084,0
2026-09-07,18073,"Grant Medical Foundation,  A.H. Wadia Trust Blood Centre",Pune,AB+,0.01184275025254067,0
2026-09-08,18073,"Grant Medical Foundation,  A.H. Wadia Trust Blood Centre",Pune,AB+,0.009468687501310136,0
2026-09-09,18073,"Grant Medical Foundation,  A.H. Wadia Trust Blood Centre",Pune,AB+,0.05675855019683299,0
2026-09-07,18073,"Grant Medical Foundation,  A.H. Wadia Trust Blood Centre",Pune,AB-,0.35436282402880315,0
2026-09-08,18073,"Grant Medical Foundation,  A.H. Wadia Trust Blood Centre",Pune,AB-,0.26637804198487136,0
2026-09-09,18073,"Grant Medical Foundation,  A.H. Wadia Trust Blood Centre",Pune,AB-,0.12188306902420872,0
2026-09-07,18073,"Grant Medical Foundation,  A.H. Wadia Trust Blood Centre",Pune,B+,0.0021205543004745573,0
2026-09-08,18073,"Grant Medical Foundation,  A.H. Wadia Trust Blood Centre",Pune,B+,0.00189020356093118,0
2026-09-09,18073,"Grant Medical Foundation,  A.H. Wadia Trust Blood Centre",Pune,B+,0.0016710067755597783,0
2026-09-07,18073,"Grant Medical Foundation,  A.H. Wadia Trust Blood Centre",Pune,B-,0.014087102374573161,0
2026-09-08,18073,"Grant Medical Foundation,  A.H. Wadia Trust Blood Centre",Pune,B-,0.6227516167254719,1
2026-09-09,18073,"Grant Medical Foundation,  A.H. Wadia Trust Blood Centre",Pune,B-,0.019330266248131632,0
2026-09-07,18073,"Grant Medical Foundation,  A.H. Wadia Trust Blood Centre",Pune,O+,0.0016710067755597783,0
2026-09-08,18073,"Grant Medical Foundation,  A.H. Wadia Trust Blood Centre",Pune,O+,0.0018239249439529744,0
2026-09-09,18073,"Grant Medical Foundation,  A.H. Wadia Trust Blood Centre",Pune,O+,0.0012081753373930854,0
2026-09-07,18073,"Grant Medical Foundation,  A.H. Wadia Trust Blood Centre",Pune,O-,0.020296942815454477,0
2026-09-08,18073,"Grant Medical Foundation,  A.H. Wadia Trust Blood Centre",Pune,O-,0.004699409582270632,0
2026-09-09,18073,"Grant Medical Foundation,  A.H. Wadia Trust Blood Centre",Pune,O-,0.3943931238552558,0
2026-09-07,18076,"Abhinav Sikshan MandalS,  Sanjeevan Blood Centre",Kolhapur,A+,0.0016710067755597783,0
2026-09-08,18076,"Abhinav Sikshan MandalS,  Sanjeevan Blood Centre",Kolhapur,A+,0.0015779651425224034,0
2026-09-09,18076,"Abhinav Sikshan MandalS,  Sanjeevan Blood Centre",Kolhapur,A+,0.00189020356093118,0
2026-09-07,18076,"Abhinav Sikshan MandalS,  Sanjeevan Blood Centre",Kolhapur,A-,0.05202420222433954,0
2026-09-08,18076,"Abhinav Sikshan MandalS,  Sanjeevan Blood Centre",Kolhapur,A-,0.04708016808483685,0
2026-09-09,18076,"Abhinav Sikshan MandalS,  Sanjeevan Blood Centre",Kolhapur,A-,0.5857594138375063,1
2026-09-07,18076,"Abhinav Sikshan MandalS,  Sanjeevan Blood Centre",Kolhapur,AB+,0.06373741432936972,0
2026-09-08,18076,"Abhinav Sikshan MandalS,  Sanjeevan Blood Centre",Kolhapur,AB+,0.004441680589584819,0
2026-09-09,18076,"Abhinav Sikshan MandalS,  Sanjeevan Blood Centre",Kolhapur,AB+,0.007465900160729858,0
2026-09-07,18076,"Abhinav Sikshan MandalS,  Sanjeevan Blood Centre",Kolhapur,AB-,0.31682855738935406,0
2026-09-08,18076,"Abhinav Sikshan MandalS,  Sanjeevan Blood Centre",Kolhapur,AB-,0.11137846256372314,0
2026-09-09,18076,"Abhinav Sikshan MandalS,  Sanjeevan Blood Centre",Kolhapur,AB-,0.16311692635487893,0
2026-09-07,18076,"Abhinav Sikshan MandalS,  Sanjeevan Blood Centre",Kolhapur,B+,0.0016710067755597783,0
2026-09-08,18076,"Abhinav Sikshan MandalS,  Sanjeevan Blood Centre",Kolhapur,B+,0.0015779651425224034,0
2026-09-09,18076,"Abhinav Sikshan MandalS,  Sanjeevan Blood Centre",Kolhapur,B+,0.00189020356093118,0
2026-09-07,18076,"Abhinav Sikshan MandalS,  Sanjeevan Blood Centre",Kolhapur,B-,0.7542144173100465,1
2026-09-08,18076,"Abhinav Sikshan MandalS,  Sanjeevan Blood Centre",Kolhapur,B-,0.8017482753365046,1
2026-09-09,18076,"Abhinav Sikshan MandalS,  Sanjeevan Blood Centre",Kolhapur,B-,0.9569767387238788,1
2026-09-07,18076,"Abhinav Sikshan MandalS,  Sanjeevan Blood Centre",Kolhapur,O+,0.01361717677512894,0
2026-09-08,18076,"Abhinav Sikshan MandalS,  Sanjeevan Blood Centre",Kolhapur,O+,0.0015779651425224034,0
2026-09-09,18076,"Abhinav Sikshan MandalS,  Sanjeevan Blood Centre",Kolhapur,O+,0.0028884957514032587,0
2026-09-07,18076,"Abhinav Sikshan MandalS,  Sanjeevan Blood Centre",Kolhapur,O-,0.9569767387238788,1
2026-09-08,18076,"Abhinav Sikshan MandalS,  Sanjeevan Blood Centre",Kolhapur,O-,0.32268418572950647,0
2026-09-09,18076,"Abhinav Sikshan MandalS,  Sanjeevan Blood Centre",Kolhapur,O-,0.14681513403309893,0
2026-09-07,18077,Padmashree Dr.D.Y Patil (Vishweshwar) Blood Centre,Pune,A+,0.9569767387238788,1
2026-09-08,18077,Padmashree Dr.D.Y Patil (Vishweshwar) Blood Centre,Pune,A+,0.9569767387238788,1
2026-09-09,18077,Padmashree Dr.D.Y Patil (Vishweshwar) Blood Centre,Pune,A+,0.9569767387238788,1
2026-09-07,18077,Padmashree Dr.D.Y Patil (Vishweshwar) Blood Centre,Pune,A-,0.9569767387238788,1
2026-09-08,18077,Padmashree Dr.D.Y Patil (Vishweshwar) Blood Centre,Pune,A-,0.9569767387238788,1
2026-09-09,18077,Padmashree Dr.D.Y Patil (Vishweshwar) Blood Centre,Pune,A-,0.9569767387238788,1
2026-09-07,18077,Padmashree Dr.D.Y Patil (Vishweshwar) Blood Centre,Pune,AB+,0.9569767387238788,1
2026-09-08,18077,Padmashree Dr.D.Y Patil (Vishweshwar) Blood Centre,Pune,AB+,0.9569767387238788,1
2026-09-09,18077,Padmashree Dr.D.Y Patil (Vishweshwar) Blood Centre,Pune,AB+,0.9569767387238788,1
2026-09-07,18077,Padmashree Dr.D.Y Patil (Vishweshwar) Blood Centre,Pune,AB-,0.9569767387238788,1
2026-09-08,18077,Padmashree Dr.D.Y Patil (Vishweshwar) Blood Centre,Pune,AB-,0.9569767387238788,1
2026-09-09,18077,Padmashree Dr.D.Y Patil (Vishweshwar) Blood Centre,Pune,AB-,0.9569767387238788,1
2026-09-07,18077,Padmashree Dr.D.Y Patil (Vishweshwar) Blood Centre,Pune,B+,0.9569767387238788,1
2026-09-08,18077,Padmashree Dr.D.Y Patil (Vishweshwar) Blood Centre,Pune,B+,0.9569767387238788,1
2026-09-09,18077,Padmashree Dr.D.Y Patil (Vishweshwar) Blood Centre,Pune,B+,0.9569767387238788,1
2026-09-07,18077,Padmashree Dr.D.Y Patil (Vishweshwar) Blood Centre,Pune,B-,0.9569767387238788,1
2026-09-08,18077,Padmashree Dr.D.Y Patil (Vishweshwar) Blood Centre,Pune,B-,0.9569767387238788,1
2026-09-09,18077,Padmashree Dr.D.Y Patil (Vishweshwar) Blood Centre,Pune,B-,0.9569767387238788,1
2026-09-07,18077,Padmashree Dr.D.Y Patil (Vishweshwar) Blood Centre,Pune,O+,0.9569767387238788,1
2026-09-08,18077,Padmashree Dr.D.Y Patil (Vishweshwar) Blood Centre,Pune,O+,0.9569767387238788,1
2026-09-09,18077,Padmashree Dr.D.Y Patil (Vishweshwar) Blood Centre,Pune,O+,0.9569767387238788,1
2026-09-07,18077,Padmashree Dr.D.Y Patil (Vishweshwar) Blood Centre,Pune,O-,0.9569767387238788,1
2026-09-08,18077,Padmashree Dr.D.Y Patil (Vishweshwar) Blood Centre,Pune,O-,0.9569767387238788,1
2026-09-09,18077,Padmashree Dr.D.Y Patil (Vishweshwar) Blood Centre,Pune,O-,0.9569767387238788,1
2026-09-07,18078,Noble Charitable Trust S Noble Blood Centre,Pune,A+,0.0015713377579986332,0
2026-09-08,18078,Noble Charitable Trust S Noble Blood Centre,Pune,A+,0.0037252458879842225,0
2026-09-09,18078,Noble Charitable Trust S Noble Blood Centre,Pune,A+,0.002081411434515316,0
2026-09-07,18078,Noble Charitable Trust S Noble Blood Centre,Pune,A-,0.025599083673906342,0
2026-09-08,18078,Noble Charitable Trust S Noble Blood Centre,Pune,A-,0.022229048452583756,0
2026-09-09,18078,Noble Charitable Trust S Noble Blood Centre,Pune,A-,0.022229048452583756,0
2026-09-07,18078,Noble Charitable Trust S Noble Blood Centre,Pune,AB+,0.005381337786259916,0
2026-09-08,18078,Noble Charitable Trust S Noble Blood Centre,Pune,AB+,0.0024786230349288616,0
2026-09-09,18078,Noble Charitable Trust S Noble Blood Centre,Pune,AB+,0.00248171818125369,0
2026-09-07,18078,Noble Charitable Trust S Noble Blood Centre,Pune,AB-,0.017088907589379684,0
2026-09-08,18078,Noble Charitable Trust S Noble Blood Centre,Pune,AB-,0.017718354444483823,0
2026-09-09,18078,Noble Charitable Trust S Noble Blood Centre,Pune,AB-,0.017718354444483823,0
2026-09-07,18078,Noble Charitable Trust S Noble Blood Centre,Pune,B+,0.0011957829087145444,0
2026-09-08,18078,Noble Charitable Trust S Noble Blood Centre,Pune,B+,0.002081411434515316,0
2026-09-09,18078,Noble Charitable Trust S Noble Blood Centre,Pune,B+,0.0028108084060018664,0
2026-09-07,18078,Noble Charitable Trust S Noble Blood Centre,Pune,B-,0.020904625123971836,0
2026-09-08,18078,Noble Charitable Trust S Noble Blood Centre,Pune,B-,0.02693490311827044,0
2026-09-09,18078,Noble Charitable Trust S Noble Blood Centre,Pune,B-,0.02693490311827044,0
2026-09-07,18078,Noble Charitable Trust S Noble Blood Centre,Pune,O+,0.0011957829087145444,0
2026-09-08,18078,Noble Charitable Trust S Noble Blood Centre,Pune,O+,0.00189020356093118,0
2026-09-09,18078,Noble Charitable Trust S Noble Blood Centre,Pune,O+,0.00189020356093118,0
2026-09-07,18078,Noble Charitable Trust S Noble Blood Centre,Pune,O-,0.044314044914100105,0
2026-09-08,18078,Noble Charitable Trust S Noble Blood Centre,Pune,O-,0.027800277365396576,0
2026-09-09,18078,Noble Charitable Trust S Noble Blood Centre,Pune,O-,0.017718354444483823,0
2026-09-07,18079,Pimpari Serological Institute Blood Centre,Pune,A+,0.014087102374573161,0
2026-09-08,18079,Pimpari Serological Institute Blood Centre,Pune,A+,0.014087102374573161,0
2026-09-09,18079,Pimpari Serological Institute Blood Centre,Pune,A+,0.013018713377242303,0
2026-09-07,18079,Pimpari Serological Institute Blood Centre,Pune,A-,0.04708016808483685,0
2026-09-08,18079,Pimpari Serological Institute Blood Centre,Pune,A-,0.04708016808483685,0
2026-09-09,18079,Pimpari Serological Institute Blood Centre,Pune,A-,0.16210439842287436,0
2026-09-07,18079,Pimpari Serological Institute Blood Centre,Pune,AB+,0.001964233974065344,0
2026-09-08,18079,Pimpari Serological Institute Blood Centre,Pune,AB+,0.001964233974065344,0
2026-09-09,18079,Pimpari Serological Institute Blood Centre,Pune,AB+,0.001964233974065344,0
2026-09-07,18079,Pimpari Serological Institute Blood Centre,Pune,AB-,0.9569767387238788,1
2026-09-08,18079,Pimpari Serological Institute Blood Centre,Pune,AB-,0.9569767387238788,1
2026-09-09,18079,Pimpari Serological Institute Blood Centre,Pune,AB-,0.9569767387238788,1
2026-09-07,18079,Pimpari Serological Institute Blood Centre,Pune,B+,0.018069289437621084,0
2026-09-08,18079,Pimpari Serological Institute Blood Centre,Pune,B+,0.018069289437621084,0
2026-09-09,18079,Pimpari Serological Institute Blood Centre,Pune,B+,0.019461418311736985,0
2026-09-07,18079,Pimpari Serological Institute Blood Centre,Pune,B-,0.030170888001377773,0
2026-09-08,18079,Pimpari Serological Institute Blood Centre,Pune,B-,0.030170888001377773,0
2026-09-09,18079,Pimpari Serological Institute Blood Centre,Pune,B-,0.03197768588312568,0
2026-09-07,18079,Pimpari Serological Institute Blood Centre,Pune,O+,0.001964233974065344,0
2026-09-08,18079,Pimpari Serological Institute Blood Centre,Pune,O+,0.001964233974065344,0
2026-09-09,18079,Pimpari Serological Institute Blood Centre,Pune,O+,0.0019756113715595613,0
2026-09-07,18079,Pimpari Serological Institute Blood Centre,Pune,O-,0.9569767387238788,1
2026-09-08,18079,Pimpari Serological Institute Blood Centre,Pune,O-,0.9569767387238788,1
2026-09-09,18079,Pimpari Serological Institute Blood Centre,Pune,O-,0.32268418572950647,0
2026-09-07,18080,Konkan Mitra Mandal Medical TrustS Sahyadri Speaciality Hospital Blood Centre,Pune,A+,0.0017409769591235288,0
2026-09-08,18080,Konkan Mitra Mandal Medical TrustS Sahyadri Speaciality Hospital Blood Centre,Pune,A+,0.0016111035360402404,0
2026-09-09,18080,Konkan Mitra Mandal Medical TrustS Sahyadri Speaciality Hospital Blood Centre,Pune,A+,0.0041530688333995406,0
2026-09-07,18080,Konkan Mitra Mandal Medical TrustS Sahyadri Speaciality Hospital Blood Centre,Pune,A-,0.030170888001377773,0
2026-09-08,18080,Konkan Mitra Mandal Medical TrustS Sahyadri Speaciality Hospital Blood Centre,Pune,A-,0.03197768588312568,0
2026-09-09,18080,Konkan Mitra Mandal Medical TrustS Sahyadri Speaciality Hospital Blood Centre,Pune,A-,0.026985526510550292,0
2026-09-07,18080,Konkan Mitra Mandal Medical TrustS Sahyadri Speaciality Hospital Blood Centre,Pune,AB+,0.001917118468168659,0
2026-09-08,18080,Konkan Mitra Mandal Medical TrustS Sahyadri Speaciality Hospital Blood Centre,Pune,AB+,0.001976573217536858,0
2026-09-09,18080,Konkan Mitra Mandal Medical TrustS Sahyadri Speaciality Hospital Blood Centre,Pune,AB+,0.0023541941224120453,0
2026-09-07,18080,Konkan Mitra Mandal Medical TrustS Sahyadri Speaciality Hospital Blood Centre,Pune,AB-,0.9569767387238788,1
2026-09-08,18080,Konkan Mitra Mandal Medical TrustS Sahyadri Speaciality Hospital Blood Centre,Pune,AB-,0.31682855738935406,0
2026-09-09,18080,Konkan Mitra Mandal Medical TrustS Sahyadri Speaciality Hospital Blood Centre,Pune,AB-,0.07307873484699798,0
2026-09-07,18080,Konkan Mitra Mandal Medical TrustS Sahyadri Speaciality Hospital Blood Centre,Pune,B+,0.0037616187987913603,0
2026-09-08,18080,Konkan Mitra Mandal Medical TrustS Sahyadri Speaciality Hospital Blood Centre,Pune,B+,0.0015937236773548662,0
2026-09-09,18080,Konkan Mitra Mandal Medical TrustS Sahyadri Speaciality Hospital Blood Centre,Pune,B+,0.0016656454620446208,0
2026-09-07,18080,Konkan Mitra Mandal Medical TrustS Sahyadri Speaciality Hospital Blood Centre,Pune,B-,0.022652282591765858,0
2026-09-08,18080,Konkan Mitra Mandal Medical TrustS Sahyadri Speaciality Hospital Blood Centre,Pune,B-,0.022652282591765858,0
2026-09-09,18080,Konkan Mitra Mandal Medical TrustS Sahyadri Speaciality Hospital Blood Centre,Pune,B-,0.022652282591765858,0
2026-09-07,18080,Konkan Mitra Mandal Medical TrustS Sahyadri Speaciality Hospital Blood Centre,Pune,O+,0.007642355451066477,0
2026-09-08,18080,Konkan Mitra Mandal Medical TrustS Sahyadri Speaciality Hospital Blood Centre,Pune,O+,0.001192181253429029,0
2026-09-09,18080,Konkan Mitra Mandal Medical TrustS Sahyadri Speaciality Hospital Blood Centre,Pune,O+,0.0012081753373930854,0
2026-09-07,18080,Konkan Mitra Mandal Medical TrustS Sahyadri Speaciality Hospital Blood Centre,Pune,O-,0.022229048452583756,0
2026-09-08,18080,Konkan Mitra Mandal Medical TrustS Sahyadri Speaciality Hospital Blood Centre,Pune,O-,0.02965889291932624,0
2026-09-09,18080,Konkan Mitra Mandal Medical TrustS Sahyadri Speaciality Hospital Blood Centre,Pune,O-,0.06677048280485468,0
2026-09-07,18081,Aditya Birla Memorial Hospital Blood Centre,Pune,A+,0.0019756113715595613,0
2026-09-08,18081,Aditya Birla Memorial Hospital Blood Centre,Pune,A+,0.0022832729539047102,0
2026-09-09,18081,Aditya Birla Memorial Hospital Blood Centre,Pune,A+,0.001917118468168659,0
2026-09-07,18081,Aditya Birla Memorial Hospital Blood Centre,Pune,A-,0.030170888001377773,0
2026-09-08,18081,Aditya Birla Memorial Hospital Blood Centre,Pune,A-,0.030170888001377773,0
2026-09-09,18081,Aditya Birla Memorial Hospital Blood Centre,Pune,A-,0.030170888001377773,0
2026-09-07,18081,Aditya Birla Memorial Hospital Blood Centre,Pune,AB+,0.014066872227199366,0
2026-09-08,18081,Aditya Birla Memorial Hospital Blood Centre,Pune,AB+,0.09193417241413168,0
2026-09-09,18081,Aditya Birla Memorial Hospital Blood Centre,Pune,AB+,0.1199676227681818,0
2026-09-07,18081,Aditya Birla Memorial Hospital Blood Centre,Pune,AB-,0.04708016808483685,0
2026-09-08,18081,Aditya Birla Memorial Hospital Blood Centre,Pune,AB-,0.04708016808483685,0
2026-09-09,18081,Aditya Birla Memorial Hospital Blood Centre,Pune,AB-,0.04708016808483685,0
2026-09-07,18081,Aditya Birla Memorial Hospital Blood Centre,Pune,B+,0.0019296236591238637,0
2026-09-08,18081,Aditya Birla Memorial Hospital Blood Centre,Pune,B+,0.001479420270781203,0
2026-09-09,18081,Aditya Birla Memorial Hospital Blood Centre,Pune,B+,0.0022440051455927144,0
2026-09-07,18081,Aditya Birla Memorial Hospital Blood Centre,Pune,B-,0.028831849716799477,0
2026-09-08,18081,Aditya Birla Memorial Hospital Blood Centre,Pune,B-,0.030170888001377773,0
2026-09-09,18081,Aditya Birla Memorial Hospital Blood Centre,Pune,B-,0.030170888001377773,0
2026-09-07,18081,Aditya Birla Memorial Hospital Blood Centre,Pune,O+,0.002471303600153932,0
2026-09-08,18081,Aditya Birla Memorial Hospital Blood Centre,Pune,O+,0.002471303600153932,0
2026-09-09,18081,Aditya Birla Memorial Hospital Blood Centre,Pune,O+,0.002471303600153932,0
2026-09-07,18081,Aditya Birla Memorial Hospital Blood Centre,Pune,O-,0.026985526510550292,0
2026-09-08,18081,Aditya Birla Memorial Hospital Blood Centre,Pune,O-,0.02693490311827044,0
2026-09-09,18081,Aditya Birla Memorial Hospital Blood Centre,Pune,O-,0.02693490311827044,0
2026-09-07,18082,Rakesh Jain Memorial Blood Centre,Pune,A+,0.007800721337917326,0
2026-09-08,18082,Rakesh Jain Memorial Blood Centre,Pune,A+,0.004741474055057642,0
2026-09-09,18082,Rakesh Jain Memorial Blood Centre,Pune,A+,0.01268877059993379,0
2026-09-07,18082,Rakesh Jain Memorial Blood Centre,Pune,A-,0.030170888001377773,0
2026-09-08,18082,Rakesh Jain Memorial Blood Centre,Pune,A-,0.030170888001377773,0
2026-09-09,18082,Rakesh Jain Memorial Blood Centre,Pune,A-,0.030170888001377773,0
2026-09-07,18082,Rakesh Jain Memorial Blood Centre,Pune,AB+,0.025965664226108902,0
2026-09-08,18082,Rakesh Jain Memorial Blood Centre,Pune,AB+,0.02693490311827044,0
2026-09-09,18082,Rakesh Jain Memorial Blood Centre,Pune,AB+,0.02693490311827044,0
2026-09-07,18082,Rakesh Jain Memorial Blood Centre,Pune,AB-,0.9569767387238788,1
2026-09-08,18082,Rakesh Jain Memorial Blood Centre,Pune,AB-,0.9569767387238788,1
2026-09-09,18082,Rakesh Jain Memorial Blood Centre,Pune,AB-,0.9569767387238788,1
2026-09-07,18082,Rakesh Jain Memorial Blood Centre,Pune,B+,0.004365594031356199,0
2026-09-08,18082,Rakesh Jain Memorial Blood Centre,Pune,B+,0.0015832341795196283,0
2026-09-09,18082,Rakesh Jain Memorial Blood Centre,Pune,B+,0.0022619421178297957,0
2026-09-07,18082,Rakesh Jain Memorial Blood Centre,Pune,B-,0.09588567459878689,0
2026-09-08,18082,Rakesh Jain Memorial Blood Centre,Pune,B-,0.09588567459878689,0
2026-09-09,18082,Rakesh Jain Memorial Blood Centre,Pune,B-,0.09588567459878689,0
2026-09-07,18082,Rakesh Jain Memorial Blood Centre,Pune,O+,0.0014919504094907453,0
2026-09-08,18082,Rakesh Jain Memorial Blood Centre,Pune,O+,0.0022163319983391867,0
2026-09-09,18082,Rakesh Jain Memorial Blood Centre,Pune,O+,0.0025361054958439686,0
2026-09-07,18082,Rakesh Jain Memorial Blood Centre,Pune,O-,0.09588567459878689,0
2026-09-08,18082,Rakesh Jain Memorial Blood Centre,Pune,O-,0.09588567459878689,0
2026-09-09,18082,Rakesh Jain Memorial Blood Centre,Pune,O-,0.09588567459878689,0
2026-09-07,18083,Smt Kashibai Navale General Hospital Blood Centre,Pune,A+,0.04708016808483685,0
2026-09-08,18083,Smt Kashibai Navale General Hospital Blood Centre,Pune,A+,0.04708016808483685,0
2026-09-09,18083,Smt Kashibai Navale General Hospital Blood Centre,Pune,A+,0.04708016808483685,0
2026-09-07,18083,Smt Kashibai Navale General Hospital Blood Centre,Pune,A-,0.8017482753365046,1
2026-09-08,18083,Smt Kashibai Navale General Hospital Blood Centre,Pune,A-,0.9569767387238788,1
2026-09-09,18083,Smt Kashibai Navale General Hospital Blood Centre,Pune,A-,0.9569767387238788,1
2026-09-07,18083,Smt Kashibai Navale General Hospital Blood Centre,Pune,AB+,0.09588567459878689,0
2026-09-08,18083,Smt Kashibai Navale General Hospital Blood Centre,Pune,AB+,0.09588567459878689,0
2026-09-09,18083,Smt Kashibai Navale General Hospital Blood Centre,Pune,AB+,0.05421883653906218,0
2026-09-07,18083,Smt Kashibai Navale General Hospital Blood Centre,Pune,AB-,0.9569767387238788,1
2026-09-08,18083,Smt Kashibai Navale General Hospital Blood Centre,Pune,AB-,0.9569767387238788,1
2026-09-09,18083,Smt Kashibai Navale General Hospital Blood Centre,Pune,AB-,0.9569767387238788,1
2026-09-07,18083,Smt Kashibai Navale General Hospital Blood Centre,Pune,B+,0.09588567459878689,0
2026-09-08,18083,Smt Kashibai Navale General Hospital Blood Centre,Pune,B+,0.09588567459878689,0
2026-09-09,18083,Smt Kashibai Navale General Hospital Blood Centre,Pune,B+,0.09588567459878689,0
2026-09-07,18083,Smt Kashibai Navale General Hospital Blood Centre,Pune,B-,0.14681513403309893,0
2026-09-08,18083,Smt Kashibai Navale General Hospital Blood Centre,Pune,B-,0.09588567459878689,0
2026-09-09,18083,Smt Kashibai Navale General Hospital Blood Centre,Pune,B-,0.09588567459878689,0
2026-09-07,18083,Smt Kashibai Navale General Hospital Blood Centre,Pune,O+,0.030170888001377773,0
2026-09-08,18083,Smt Kashibai Navale General Hospital Blood Centre,Pune,O+,0.030170888001377773,0
2026-09-09,18083,Smt Kashibai Navale General Hospital Blood Centre,Pune,O+,0.022574233734271826,0
2026-09-07,18083,Smt Kashibai Navale General Hospital Blood Centre,Pune,O-,0.9569767387238788,1
2026-09-08,18083,Smt Kashibai Navale General Hospital Blood Centre,Pune,O-,0.9569767387238788,1
2026-09-09,18083,Smt Kashibai Navale General Hospital Blood Centre,Pune,O-,0.9569767387238788,1
2026-09-07,18084,Chakan Blood Centre,Pune,A+,0.0016710067755597783,0
2026-09-08,18084,Chakan Blood Centre,Pune,A+,0.00189020356093118,0
2026-09-09,18084,Chakan Blood Centre,Pune,A+,0.0016488822873041206,0
2026-09-07,18084,Chakan Blood Centre,Pune,A-,0.2518385541116282,0
2026-09-08,18084,Chakan Blood Centre,Pune,A-,0.02149281323294006,0
2026-09-09,18084,Chakan Blood Centre,Pune,A-,0.19251639819726168,0
2026-09-07,18084,Chakan Blood Centre,Pune,AB+,0.2642845293953989,0
2026-09-08,18084,Chakan Blood Centre,Pune,AB+,0.11274656369109907,0
2026-09-09,18084,Chakan Blood Centre,Pune,AB+,0.03299038497239942,0
2026-09-07,18084,Chakan Blood Centre,Pune,AB-,0.022802306006585386,0
2026-09-08,18084,Chakan Blood Centre,Pune,AB-,0.03732858522482786,0
2026-09-09,18084,Chakan Blood Centre,Pune,AB-,0.03691575787934248,0
2026-09-07,18084,Chakan Blood Centre,Pune,B+,0.00189020356093118,0
2026-09-08,18084,Chakan Blood Centre,Pune,B+,0.0016710067755597783,0
2026-09-09,18084,Chakan Blood Centre,Pune,B+,0.0016488822873041206,0
2026-09-07,18084,Chakan Blood Centre,Pune,B-,0.045072468254795155,0
2026-09-08,18084,Chakan Blood Centre,Pune,B-,0.05202420222433954,0
2026-09-09,18084,Chakan Blood Centre,Pune,B-,0.04708016808483685,0
2026-09-07,18084,Chakan Blood Centre,Pune,O+,0.001670688725475448,0
2026-09-08,18084,Chakan Blood Centre,Pune,O+,0.0015713377579986332,0
2026-09-09,18084,Chakan Blood Centre,Pune,O+,0.0016488822873041206,0
2026-09-07,18084,Chakan Blood Centre,Pune,O-,0.022652282591765858,0
2026-09-08,18084,Chakan Blood Centre,Pune,O-,0.15495263251072106,0
2026-09-09,18084,Chakan Blood Centre,Pune,O-,0.05103127857126405,0
2026-09-07,18085,"Indian Red Cross Society, (Late Manikbai Chandulal Saraf ) Blood Centre, Pune",Pune,A+,0.01932592657034984,0
2026-09-08,18085,"Indian Red Cross Society, (Late Manikbai Chandulal Saraf ) Blood Centre, Pune",Pune,A+,0.043631615830258395,0
2026-09-09,18085,"Indian Red Cross Society, (Late Manikbai Chandulal Saraf ) Blood Centre, Pune",Pune,A+,0.07938321295833754,0
2026-09-07,18085,"Indian Red Cross Society, (Late Manikbai Chandulal Saraf ) Blood Centre, Pune",Pune,A-,0.9569767387238788,1
2026-09-08,18085,"Indian Red Cross Society, (Late Manikbai Chandulal Saraf ) Blood Centre, Pune",Pune,A-,0.9569767387238788,1
2026-09-09,18085,"Indian Red Cross Society, (Late Manikbai Chandulal Saraf ) Blood Centre, Pune",Pune,A-,0.9569767387238788,1
2026-09-07,18085,"Indian Red Cross Society, (Late Manikbai Chandulal Saraf ) Blood Centre, Pune",Pune,AB+,0.9569767387238788,1
2026-09-08,18085,"Indian Red Cross Society, (Late Manikbai Chandulal Saraf ) Blood Centre, Pune",Pune,AB+,0.9569767387238788,1
2026-09-09,18085,"Indian Red Cross Society, (Late Manikbai Chandulal Saraf ) Blood Centre, Pune",Pune,AB+,0.9569767387238788,1
2026-09-07,18085,"Indian Red Cross Society, (Late Manikbai Chandulal Saraf ) Blood Centre, Pune",Pune,AB-,0.9569767387238788,1
2026-09-08,18085,"Indian Red Cross Society, (Late Manikbai Chandulal Saraf ) Blood Centre, Pune",Pune,AB-,0.9569767387238788,1
2026-09-09,18085,"Indian Red Cross Society, (Late Manikbai Chandulal Saraf ) Blood Centre, Pune",Pune,AB-,0.9569767387238788,1
2026-09-07,18085,"Indian Red Cross Society, (Late Manikbai Chandulal Saraf ) Blood Centre, Pune",Pune,B+,0.010551416224103454,0
2026-09-08,18085,"Indian Red Cross Society, (Late Manikbai Chandulal Saraf ) Blood Centre, Pune",Pune,B+,0.01413539243855274,0
2026-09-09,18085,"Indian Red Cross Society, (Late Manikbai Chandulal Saraf ) Blood Centre, Pune",Pune,B+,0.014804762304753728,0
2026-09-07,18085,"Indian Red Cross Society, (Late Manikbai Chandulal Saraf ) Blood Centre, Pune",Pune,B-,0.9569767387238788,1
2026-09-08,18085,"Indian Red Cross Society, (Late Manikbai Chandulal Saraf ) Blood Centre, Pune",Pune,B-,0.9569767387238788,1
2026-09-09,18085,"Indian Red Cross Society, (Late Manikbai Chandulal Saraf ) Blood Centre, Pune",Pune,B-,0.9569767387238788,1
2026-09-07,18085,"Indian Red Cross Society, (Late Manikbai Chandulal Saraf ) Blood Centre, Pune",Pune,O+,0.9569767387238788,1
2026-09-08,18085,"Indian Red Cross Society, (Late Manikbai Chandulal Saraf ) Blood Centre, Pune",Pune,O+,0.9569767387238788,1
2026-09-09,18085,"Indian Red Cross Society, (Late Manikbai Chandulal Saraf ) Blood Centre, Pune",Pune,O+,0.9569767387238788,1
2026-09-07,18085,"Indian Red Cross Society, (Late Manikbai Chandulal Saraf ) Blood Centre, Pune",Pune,O-,0.9569767387238788,1
2026-09-08,18085,"Indian Red Cross Society, (Late Manikbai Chandulal Saraf ) Blood Centre, Pune",Pune,O-,0.9569767387238788,1
2026-09-09,18085,"Indian Red Cross Society, (Late Manikbai Chandulal Saraf ) Blood Centre, Pune",Pune,O-,0.9569767387238788,1
2026-09-07,18086,Central India Institute Of Haematology And OncologyS Blood And Blood Component  Bank And Apheresis U,Nagpur,A+,0.002164219287050075,0
2026-09-08,18086,Central India Institute Of Haematology And OncologyS Blood And Blood Component  Bank And Apheresis U,Nagpur,A+,0.0017649198552247415,0
2026-09-09,18086,Central India Institute Of Haematology And OncologyS Blood And Blood Component  Bank And Apheresis U,Nagpur,A+,0.001192181253429029,0
2026-09-07,18086,Central India Institute Of Haematology And OncologyS Blood And Blood Component  Bank And Apheresis U,Nagpur,A-,0.07105022241162556,0
2026-09-08,18086,Central India Institute Of Haematology And OncologyS Blood And Blood Component  Bank And Apheresis U,Nagpur,A-,0.16210439842287436,0
2026-09-09,18086,Central India Institute Of Haematology And OncologyS Blood And Blood Component  Bank And Apheresis U,Nagpur,A-,0.6732578724904705,1
2026-09-07,18086,Central India Institute Of Haematology And OncologyS Blood And Blood Component  Bank And Apheresis U,Nagpur,AB+,0.0015832341795196283,0
2026-09-08,18086,Central India Institute Of Haematology And OncologyS Blood And Blood Component  Bank And Apheresis U,Nagpur,AB+,0.0022619421178297957,0
2026-09-09,18086,Central India Institute Of Haematology And OncologyS Blood And Blood Component  Bank And Apheresis U,Nagpur,AB+,0.001342669751310361,0
2026-09-07,18086,Central India Institute Of Haematology And OncologyS Blood And Blood Component  Bank And Apheresis U,Nagpur,AB-,0.9569767387238788,1
2026-09-08,18086,Central India Institute Of Haematology And OncologyS Blood And Blood Component  Bank And Apheresis U,Nagpur,AB-,0.9569767387238788,1
2026-09-09,18086,Central India Institute Of Haematology And OncologyS Blood And Blood Component  Bank And Apheresis U,Nagpur,AB-,0.9569767387238788,1
2026-09-07,18086,Central India Institute Of Haematology And OncologyS Blood And Blood Component  Bank And Apheresis U,Nagpur,B+,0.0012081753373930854,0
2026-09-08,18086,Central India Institute Of Haematology And OncologyS Blood And Blood Component  Bank And Apheresis U,Nagpur,B+,0.0016710067755597783,0
2026-09-09,18086,Central India Institute Of Haematology And OncologyS Blood And Blood Component  Bank And Apheresis U,Nagpur,B+,0.001648900535990075,0
2026-09-07,18086,Central India Institute Of Haematology And OncologyS Blood And Blood Component  Bank And Apheresis U,Nagpur,B-,0.09588567459878689,0
2026-09-08,18086,Central India Institute Of Haematology And OncologyS Blood And Blood Component  Bank And Apheresis U,Nagpur,B-,0.09588567459878689,0
2026-09-09,18086,Central India Institute Of Haematology And OncologyS Blood And Blood Component  Bank And Apheresis U,Nagpur,B-,0.09588567459878689,0
2026-09-07,18086,Central India Institute Of Haematology And OncologyS Blood And Blood Component  Bank And Apheresis U,Nagpur,O+,0.0012081753373930854,0
2026-09-08,18086,Central India Institute Of Haematology And OncologyS Blood And Blood Component  Bank And Apheresis U,Nagpur,O+,0.0016710067755597783,0
2026-09-09,18086,Central India Institute Of Haematology And OncologyS Blood And Blood Component  Bank And Apheresis U,Nagpur,O+,0.0016710067755597783,0
2026-09-07,18086,Central India Institute Of Haematology And OncologyS Blood And Blood Component  Bank And Apheresis U,Nagpur,O-,0.04799445444121937,0
2026-09-08,18086,Central India Institute Of Haematology And OncologyS Blood And Blood Component  Bank And Apheresis U,Nagpur,O-,0.025599083673906342,0
2026-09-09,18086,Central India Institute Of Haematology And OncologyS Blood And Blood Component  Bank And Apheresis U,Nagpur,O-,0.02965889291932624,0
2026-09-07,18087,"Sarvodaya Samaj Vikas Sanstha,  R.G Gholap Memorial Blood Centre",Pune,A+,0.9569767387238788,1
2026-09-08,18087,"Sarvodaya Samaj Vikas Sanstha,  R.G Gholap Memorial Blood Centre",Pune,A+,0.9569767387238788,1
2026-09-09,18087,"Sarvodaya Samaj Vikas Sanstha,  R.G Gholap Memorial Blood Centre",Pune,A+,0.9569767387238788,1
2026-09-07,18087,"Sarvodaya Samaj Vikas Sanstha,  R.G Gholap Memorial Blood Centre",Pune,A-,0.9569767387238788,1
2026-09-08,18087,"Sarvodaya Samaj Vikas Sanstha,  R.G Gholap Memorial Blood Centre",Pune,A-,0.9569767387238788,1
2026-09-09,18087,"Sarvodaya Samaj Vikas Sanstha,  R.G Gholap Memorial Blood Centre",Pune,A-,0.9569767387238788,1
2026-09-07,18087,"Sarvodaya Samaj Vikas Sanstha,  R.G Gholap Memorial Blood Centre",Pune,AB+,0.9569767387238788,1
2026-09-08,18087,"Sarvodaya Samaj Vikas Sanstha,  R.G Gholap Memorial Blood Centre",Pune,AB+,0.9569767387238788,1
2026-09-09,18087,"Sarvodaya Samaj Vikas Sanstha,  R.G Gholap Memorial Blood Centre",Pune,AB+,0.9569767387238788,1
2026-09-07,18087,"Sarvodaya Samaj Vikas Sanstha,  R.G Gholap Memorial Blood Centre",Pune,AB-,0.9569767387238788,1
2026-09-08,18087,"Sarvodaya Samaj Vikas Sanstha,  R.G Gholap Memorial Blood Centre",Pune,AB-,0.9569767387238788,1
2026-09-09,18087,"Sarvodaya Samaj Vikas Sanstha,  R.G Gholap Memorial Blood Centre",Pune,AB-,0.9569767387238788,1
2026-09-07,18087,"Sarvodaya Samaj Vikas Sanstha,  R.G Gholap Memorial Blood Centre",Pune,B+,0.9569767387238788,1
2026-09-08,18087,"Sarvodaya Samaj Vikas Sanstha,  R.G Gholap Memorial Blood Centre",Pune,B+,0.9569767387238788,1
2026-09-09,18087,"Sarvodaya Samaj Vikas Sanstha,  R.G Gholap Memorial Blood Centre",Pune,B+,0.9569767387238788,1
2026-09-07,18087,"Sarvodaya Samaj Vikas Sanstha,  R.G Gholap Memorial Blood Centre",Pune,B-,0.9569767387238788,1
2026-09-08,18087,"Sarvodaya Samaj Vikas Sanstha,  R.G Gholap Memorial Blood Centre",Pune,B-,0.9569767387238788,1
2026-09-09,18087,"Sarvodaya Samaj Vikas Sanstha,  R.G Gholap Memorial Blood Centre",Pune,B-,0.9569767387238788,1
2026-09-07,18087,"Sarvodaya Samaj Vikas Sanstha,  R.G Gholap Memorial Blood Centre",Pune,O+,0.9569767387238788,1
2026-09-08,18087,"Sarvodaya Samaj Vikas Sanstha,  R.G Gholap Memorial Blood Centre",Pune,O+,0.9569767387238788,1
2026-09-09,18087,"Sarvodaya Samaj Vikas Sanstha,  R.G Gholap Memorial Blood Centre",Pune,O+,0.9569767387238788,1
2026-09-07,18087,"Sarvodaya Samaj Vikas Sanstha,  R.G Gholap Memorial Blood Centre",Pune,O-,0.9569767387238788,1
2026-09-08,18087,"Sarvodaya Samaj Vikas Sanstha,  R.G Gholap Memorial Blood Centre",Pune,O-,0.9569767387238788,1
2026-09-09,18087,"Sarvodaya Samaj Vikas Sanstha,  R.G Gholap Memorial Blood Centre",Pune,O-,0.9569767387238788,1
2026-09-07,18088,Cristanand Education Society Blood Centre,Chandrapur,A+,0.9569767387238788,1
2026-09-08,18088,Cristanand Education Society Blood Centre,Chandrapur,A+,0.9569767387238788,1
2026-09-09,18088,Cristanand Education Society Blood Centre,Chandrapur,A+,0.9569767387238788,1
2026-09-07,18088,Cristanand Education Society Blood Centre,Chandrapur,A-,0.9569767387238788,1
2026-09-08,18088,Cristanand Education Society Blood Centre,Chandrapur,A-,0.9569767387238788,1
2026-09-09,18088,Cristanand Education Society Blood Centre,Chandrapur,A-,0.9569767387238788,1
2026-09-07,18088,Cristanand Education Society Blood Centre,Chandrapur,AB+,0.9569767387238788,1
2026-09-08,18088,Cristanand Education Society Blood Centre,Chandrapur,AB+,0.9569767387238788,1
2026-09-09,18088,Cristanand Education Society Blood Centre,Chandrapur,AB+,0.9569767387238788,1
2026-09-07,18088,Cristanand Education Society Blood Centre,Chandrapur,AB-,0.9569767387238788,1
2026-09-08,18088,Cristanand Education Society Blood Centre,Chandrapur,AB-,0.9569767387238788,1
2026-09-09,18088,Cristanand Education Society Blood Centre,Chandrapur,AB-,0.9569767387238788,1
2026-09-07,18088,Cristanand Education Society Blood Centre,Chandrapur,B+,0.9569767387238788,1
2026-09-08,18088,Cristanand Education Society Blood Centre,Chandrapur,B+,0.9569767387238788,1
2026-09-09,18088,Cristanand Education Society Blood Centre,Chandrapur,B+,0.9569767387238788,1
2026-09-07,18088,Cristanand Education Society Blood Centre,Chandrapur,B-,0.9569767387238788,1
2026-09-08,18088,Cristanand Education Society Blood Centre,Chandrapur,B-,0.9569767387238788,1
2026-09-09,18088,Cristanand Education Society Blood Centre,Chandrapur,B-,0.9569767387238788,1
2026-09-07,18088,Cristanand Education Society Blood Centre,Chandrapur,O+,0.9569767387238788,1
2026-09-08,18088,Cristanand Education Society Blood Centre,Chandrapur,O+,0.9569767387238788,1
2026-09-09,18088,Cristanand Education Society Blood Centre,Chandrapur,O+,0.9569767387238788,1
2026-09-07,18088,Cristanand Education Society Blood Centre,Chandrapur,O-,0.9569767387238788,1
2026-09-08,18088,Cristanand Education Society Blood Centre,Chandrapur,O-,0.9569767387238788,1
2026-09-09,18088,Cristanand Education Society Blood Centre,Chandrapur,O-,0.9569767387238788,1
2026-09-07,18089,"Civil Surgeon, General Hospital Blood Centre, Gadchiroli",Gadchiroli,A+,0.016580527599961425,0
2026-09-08,18089,"Civil Surgeon, General Hospital Blood Centre, Gadchiroli",Gadchiroli,A+,0.012733362939190874,0
2026-09-09,18089,"Civil Surgeon, General Hospital Blood Centre, Gadchiroli",Gadchiroli,A+,0.01413539243855274,0
2026-09-07,18089,"Civil Surgeon, General Hospital Blood Centre, Gadchiroli",Gadchiroli,A-,0.9569767387238788,1
2026-09-08,18089,"Civil Surgeon, General Hospital Blood Centre, Gadchiroli",Gadchiroli,A-,0.9569767387238788,1
2026-09-09,18089,"Civil Surgeon, General Hospital Blood Centre, Gadchiroli",Gadchiroli,A-,0.9569767387238788,1
2026-09-07,18089,"Civil Surgeon, General Hospital Blood Centre, Gadchiroli",Gadchiroli,AB+,0.06767800990766662,0
2026-09-08,18089,"Civil Surgeon, General Hospital Blood Centre, Gadchiroli",Gadchiroli,AB+,0.014148796103572676,0
2026-09-09,18089,"Civil Surgeon, General Hospital Blood Centre, Gadchiroli",Gadchiroli,AB+,0.017580725555592678,0
2026-09-07,18089,"Civil Surgeon, General Hospital Blood Centre, Gadchiroli",Gadchiroli,AB-,0.9569767387238788,1
2026-09-08,18089,"Civil Surgeon, General Hospital Blood Centre, Gadchiroli",Gadchiroli,AB-,0.9569767387238788,1
2026-09-09,18089,"Civil Surgeon, General Hospital Blood Centre, Gadchiroli",Gadchiroli,AB-,0.9569767387238788,1
2026-09-07,18089,"Civil Surgeon, General Hospital Blood Centre, Gadchiroli",Gadchiroli,B+,0.014639984778297834,0
2026-09-08,18089,"Civil Surgeon, General Hospital Blood Centre, Gadchiroli",Gadchiroli,B+,0.025013248003888336,0
2026-09-09,18089,"Civil Surgeon, General Hospital Blood Centre, Gadchiroli",Gadchiroli,B+,0.04322951202094485,0
2026-09-07,18089,"Civil Surgeon, General Hospital Blood Centre, Gadchiroli",Gadchiroli,B-,0.09588567459878689,0
2026-09-08,18089,"Civil Surgeon, General Hospital Blood Centre, Gadchiroli",Gadchiroli,B-,0.09588567459878689,0
2026-09-09,18089,"Civil Surgeon, General Hospital Blood Centre, Gadchiroli",Gadchiroli,B-,0.09588567459878689,0
2026-09-07,18089,"Civil Surgeon, General Hospital Blood Centre, Gadchiroli",Gadchiroli,O+,0.011911110153229664,0
2026-09-08,18089,"Civil Surgeon, General Hospital Blood Centre, Gadchiroli",Gadchiroli,O+,0.022995166020814962,0
2026-09-09,18089,"Civil Surgeon, General Hospital Blood Centre, Gadchiroli",Gadchiroli,O+,0.01972463694822008,0
2026-09-07,18089,"Civil Surgeon, General Hospital Blood Centre, Gadchiroli",Gadchiroli,O-,0.02693490311827044,0
2026-09-08,18089,"Civil Surgeon, General Hospital Blood Centre, Gadchiroli",Gadchiroli,O-,0.03170067070020004,0
2026-09-09,18089,"Civil Surgeon, General Hospital Blood Centre, Gadchiroli",Gadchiroli,O-,0.03853266320620425,0
2026-09-07,18090,"Islampur Medical Foundations, Rajaram Bapu Blood Centre , Islampur",Sangli,A+,0.002164352835763005,0
2026-09-08,18090,"Islampur Medical Foundations, Rajaram Bapu Blood Centre , Islampur",Sangli,A+,0.001917118468168659,0
2026-09-09,18090,"Islampur Medical Foundations, Rajaram Bapu Blood Centre , Islampur",Sangli,A+,0.0019925656544987004,0
2026-09-07,18090,"Islampur Medical Foundations, Rajaram Bapu Blood Centre , Islampur",Sangli,A-,0.9569767387238788,1
2026-09-08,18090,"Islampur Medical Foundations, Rajaram Bapu Blood Centre , Islampur",Sangli,A-,0.9569767387238788,1
2026-09-09,18090,"Islampur Medical Foundations, Rajaram Bapu Blood Centre , Islampur",Sangli,A-,0.9569767387238788,1
2026-09-07,18090,"Islampur Medical Foundations, Rajaram Bapu Blood Centre , Islampur",Sangli,AB+,0.017718354444483823,0
2026-09-08,18090,"Islampur Medical Foundations, Rajaram Bapu Blood Centre , Islampur",Sangli,AB+,0.02394800779367308,0
2026-09-09,18090,"Islampur Medical Foundations, Rajaram Bapu Blood Centre , Islampur",Sangli,AB+,0.022813407864306006,0
2026-09-07,18090,"Islampur Medical Foundations, Rajaram Bapu Blood Centre , Islampur",Sangli,AB-,0.09588567459878689,0
2026-09-08,18090,"Islampur Medical Foundations, Rajaram Bapu Blood Centre , Islampur",Sangli,AB-,0.09588567459878689,0
2026-09-09,18090,"Islampur Medical Foundations, Rajaram Bapu Blood Centre , Islampur",Sangli,AB-,0.09588567459878689,0
2026-09-07,18090,"Islampur Medical Foundations, Rajaram Bapu Blood Centre , Islampur",Sangli,B+,0.002312896912343908,0
2026-09-08,18090,"Islampur Medical Foundations, Rajaram Bapu Blood Centre , Islampur",Sangli,B+,0.00189020356093118,0
2026-09-09,18090,"Islampur Medical Foundations, Rajaram Bapu Blood Centre , Islampur",Sangli,B+,0.06634498526745745,0
2026-09-07,18090,"Islampur Medical Foundations, Rajaram Bapu Blood Centre , Islampur",Sangli,B-,0.09588567459878689,0
2026-09-08,18090,"Islampur Medical Foundations, Rajaram Bapu Blood Centre , Islampur",Sangli,B-,0.7542144173100465,1
2026-09-09,18090,"Islampur Medical Foundations, Rajaram Bapu Blood Centre , Islampur",Sangli,B-,0.8017482753365046,1
2026-09-07,18090,"Islampur Medical Foundations, Rajaram Bapu Blood Centre , Islampur",Sangli,O+,0.009240112296753455,0
2026-09-08,18090,"Islampur Medical Foundations, Rajaram Bapu Blood Centre , Islampur",Sangli,O+,0.005617677080889664,0
2026-09-09,18090,"Islampur Medical Foundations, Rajaram Bapu Blood Centre , Islampur",Sangli,O+,0.0060476359439951746,0
2026-09-07,18090,"Islampur Medical Foundations, Rajaram Bapu Blood Centre , Islampur",Sangli,O-,0.9569767387238788,1
2026-09-08,18090,"Islampur Medical Foundations, Rajaram Bapu Blood Centre , Islampur",Sangli,O-,0.9569767387238788,1
2026-09-09,18090,"Islampur Medical Foundations, Rajaram Bapu Blood Centre , Islampur",Sangli,O-,0.9569767387238788,1
2026-09-07,18091,Smt. Anila Kantilal Kothari Blood Centre And Dept. Of Hemato Oncology,Sangli,A+,0.010830233153026282,0
2026-09-08,18091,Smt. Anila Kantilal Kothari Blood Centre And Dept. Of Hemato Oncology,Sangli,A+,0.15343385024777564,0
2026-09-09,18091,Smt. Anila Kantilal Kothari Blood Centre And Dept. Of Hemato Oncology,Sangli,A+,0.13417441734973476,0
2026-09-07,18091,Smt. Anila Kantilal Kothari Blood Centre And Dept. Of Hemato Oncology,Sangli,A-,0.14681513403309893,0
2026-09-08,18091,Smt. Anila Kantilal Kothari Blood Centre And Dept. Of Hemato Oncology,Sangli,A-,0.7542144173100465,1
2026-09-09,18091,Smt. Anila Kantilal Kothari Blood Centre And Dept. Of Hemato Oncology,Sangli,A-,0.8017482753365046,1
2026-09-07,18091,Smt. Anila Kantilal Kothari Blood Centre And Dept. Of Hemato Oncology,Sangli,AB+,0.16311692635487893,0
2026-09-08,18091,Smt. Anila Kantilal Kothari Blood Centre And Dept. Of Hemato Oncology,Sangli,AB+,0.16311692635487893,0
2026-09-09,18091,Smt. Anila Kantilal Kothari Blood Centre And Dept. Of Hemato Oncology,Sangli,AB+,0.09588567459878689,0
2026-09-07,18091,Smt. Anila Kantilal Kothari Blood Centre And Dept. Of Hemato Oncology,Sangli,AB-,0.9569767387238788,1
2026-09-08,18091,Smt. Anila Kantilal Kothari Blood Centre And Dept. Of Hemato Oncology,Sangli,AB-,0.9569767387238788,1
2026-09-09,18091,Smt. Anila Kantilal Kothari Blood Centre And Dept. Of Hemato Oncology,Sangli,AB-,0.9569767387238788,1
2026-09-07,18091,Smt. Anila Kantilal Kothari Blood Centre And Dept. Of Hemato Oncology,Sangli,B+,0.022813407864306006,0
2026-09-08,18091,Smt. Anila Kantilal Kothari Blood Centre And Dept. Of Hemato Oncology,Sangli,B+,0.2949323674194615,0
2026-09-09,18091,Smt. Anila Kantilal Kothari Blood Centre And Dept. Of Hemato Oncology,Sangli,B+,0.19140258545014943,0
2026-09-07,18091,Smt. Anila Kantilal Kothari Blood Centre And Dept. Of Hemato Oncology,Sangli,B-,0.9569767387238788,1
2026-09-08,18091,Smt. Anila Kantilal Kothari Blood Centre And Dept. Of Hemato Oncology,Sangli,B-,0.9569767387238788,1
2026-09-09,18091,Smt. Anila Kantilal Kothari Blood Centre And Dept. Of Hemato Oncology,Sangli,B-,0.9569767387238788,1
2026-09-07,18091,Smt. Anila Kantilal Kothari Blood Centre And Dept. Of Hemato Oncology,Sangli,O+,0.011703931429802583,0
2026-09-08,18091,Smt. Anila Kantilal Kothari Blood Centre And Dept. Of Hemato Oncology,Sangli,O+,0.034215836092803646,0
2026-09-09,18091,Smt. Anila Kantilal Kothari Blood Centre And Dept. Of Hemato Oncology,Sangli,O+,0.1869441878581075,0
2026-09-07,18091,Smt. Anila Kantilal Kothari Blood Centre And Dept. Of Hemato Oncology,Sangli,O-,0.8017482753365046,1
2026-09-08,18091,Smt. Anila Kantilal Kothari Blood Centre And Dept. Of Hemato Oncology,Sangli,O-,0.9569767387238788,1
2026-09-09,18091,Smt. Anila Kantilal Kothari Blood Centre And Dept. Of Hemato Oncology,Sangli,O-,0.9569767387238788,1
2026-09-07,18094,Vasantdada Patil Blood Centre And Haematology Research Centre,Sangli,A+,0.002081411434515316,0
2026-09-08,18094,Vasantdada Patil Blood Centre And Haematology Research Centre,Sangli,A+,0.00189020356093118,0
2026-09-09,18094,Vasantdada Patil Blood Centre And Haematology Research Centre,Sangli,A+,0.0016710067755597783,0
2026-09-07,18094,Vasantdada Patil Blood Centre And Haematology Research Centre,Sangli,A-,0.04708016808483685,0
2026-09-08,18094,Vasantdada Patil Blood Centre And Haematology Research Centre,Sangli,A-,0.5857594138375063,1
2026-09-09,18094,Vasantdada Patil Blood Centre And Haematology Research Centre,Sangli,A-,0.21747850048345554,0
2026-09-07,18094,Vasantdada Patil Blood Centre And Haematology Research Centre,Sangli,AB+,0.006640859060677679,0
2026-09-08,18094,Vasantdada Patil Blood Centre And Haematology Research Centre,Sangli,AB+,0.013268239052090094,0
2026-09-09,18094,Vasantdada Patil Blood Centre And Haematology Research Centre,Sangli,AB+,0.013268239052090094,0
2026-09-07,18094,Vasantdada Patil Blood Centre And Haematology Research Centre,Sangli,AB-,0.26637804198487136,0
2026-09-08,18094,Vasantdada Patil Blood Centre And Haematology Research Centre,Sangli,AB-,0.11373612212391229,0
2026-09-09,18094,Vasantdada Patil Blood Centre And Haematology Research Centre,Sangli,AB-,0.03197768588312568,0
2026-09-07,18094,Vasantdada Patil Blood Centre And Haematology Research Centre,Sangli,B+,0.012994862441128954,0
2026-09-08,18094,Vasantdada Patil Blood Centre And Haematology Research Centre,Sangli,B+,0.002349754007938605,0
2026-09-09,18094,Vasantdada Patil Blood Centre And Haematology Research Centre,Sangli,B+,0.002349754007938605,0
2026-09-07,18094,Vasantdada Patil Blood Centre And Haematology Research Centre,Sangli,B-,0.09588567459878689,0
2026-09-08,18094,Vasantdada Patil Blood Centre And Haematology Research Centre,Sangli,B-,0.09588567459878689,0
2026-09-09,18094,Vasantdada Patil Blood Centre And Haematology Research Centre,Sangli,B-,0.7542144173100465,1
2026-09-07,18094,Vasantdada Patil Blood Centre And Haematology Research Centre,Sangli,O+,0.0023477024961107147,0
2026-09-08,18094,Vasantdada Patil Blood Centre And Haematology Research Centre,Sangli,O+,0.003496807756305401,0
2026-09-09,18094,Vasantdada Patil Blood Centre And Haematology Research Centre,Sangli,O+,0.007610867920401567,0
2026-09-07,18094,Vasantdada Patil Blood Centre And Haematology Research Centre,Sangli,O-,0.017326246650539934,0
2026-09-08,18094,Vasantdada Patil Blood Centre And Haematology Research Centre,Sangli,O-,0.020562505324546617,0
2026-09-09,18094,Vasantdada Patil Blood Centre And Haematology Research Centre,Sangli,O-,0.022652282591765858,0
2026-09-07,18095,"Hindratna Prakashbapu Patil Blood Centre, Sangli",Sangli,A+,0.0022991391054977797,0
2026-09-08,18095,"Hindratna Prakashbapu Patil Blood Centre, Sangli",Sangli,A+,0.0037252458879842225,0
2026-09-09,18095,"Hindratna Prakashbapu Patil Blood Centre, Sangli",Sangli,A+,0.0023477024961107147,0
2026-09-07,18095,"Hindratna Prakashbapu Patil Blood Centre, Sangli",Sangli,A-,0.05202420222433954,0
2026-09-08,18095,"Hindratna Prakashbapu Patil Blood Centre, Sangli",Sangli,A-,0.04708016808483685,0
2026-09-09,18095,"Hindratna Prakashbapu Patil Blood Centre, Sangli",Sangli,A-,0.04708016808483685,0
2026-09-07,18095,"Hindratna Prakashbapu Patil Blood Centre, Sangli",Sangli,AB+,0.014087102374573161,0
2026-09-08,18095,"Hindratna Prakashbapu Patil Blood Centre, Sangli",Sangli,AB+,0.014087102374573161,0
2026-09-09,18095,"Hindratna Prakashbapu Patil Blood Centre, Sangli",Sangli,AB+,0.011696373804155577,0
2026-09-07,18095,"Hindratna Prakashbapu Patil Blood Centre, Sangli",Sangli,AB-,0.06968415454184117,0
2026-09-08,18095,"Hindratna Prakashbapu Patil Blood Centre, Sangli",Sangli,AB-,0.07938321295833754,0
2026-09-09,18095,"Hindratna Prakashbapu Patil Blood Centre, Sangli",Sangli,AB-,0.04708016808483685,0
2026-09-07,18095,"Hindratna Prakashbapu Patil Blood Centre, Sangli",Sangli,B+,0.0016710067755597783,0
2026-09-08,18095,"Hindratna Prakashbapu Patil Blood Centre, Sangli",Sangli,B+,0.0016710067755597783,0
2026-09-09,18095,"Hindratna Prakashbapu Patil Blood Centre, Sangli",Sangli,B+,0.0016710067755597783,0
2026-09-07,18095,"Hindratna Prakashbapu Patil Blood Centre, Sangli",Sangli,B-,0.7542144173100465,1
2026-09-08,18095,"Hindratna Prakashbapu Patil Blood Centre, Sangli",Sangli,B-,0.8017482753365046,1
2026-09-09,18095,"Hindratna Prakashbapu Patil Blood Centre, Sangli",Sangli,B-,0.9569767387238788,1
2026-09-07,18095,"Hindratna Prakashbapu Patil Blood Centre, Sangli",Sangli,O+,0.0023477024961107147,0
2026-09-08,18095,"Hindratna Prakashbapu Patil Blood Centre, Sangli",Sangli,O+,0.0023477024961107147,0
2026-09-09,18095,"Hindratna Prakashbapu Patil Blood Centre, Sangli",Sangli,O+,0.002081411434515316,0
2026-09-07,18095,"Hindratna Prakashbapu Patil Blood Centre, Sangli",Sangli,O-,0.015710195711309275,0
2026-09-08,18095,"Hindratna Prakashbapu Patil Blood Centre, Sangli",Sangli,O-,0.012712982698188378,0
2026-09-09,18095,"Hindratna Prakashbapu Patil Blood Centre, Sangli",Sangli,O-,0.012760506423855105,0
2026-09-07,18096,Bharati Vidyapeeth University Medical College And Hospital Blood Centre,Sangli,A+,0.013441582699049727,0
2026-09-08,18096,Bharati Vidyapeeth University Medical College And Hospital Blood Centre,Sangli,A+,0.020212008152441355,0
2026-09-09,18096,Bharati Vidyapeeth University Medical College And Hospital Blood Centre,Sangli,A+,0.022229048452583756,0
2026-09-07,18096,Bharati Vidyapeeth University Medical College And Hospital Blood Centre,Sangli,A-,0.09588567459878689,0
2026-09-08,18096,Bharati Vidyapeeth University Medical College And Hospital Blood Centre,Sangli,A-,0.09588567459878689,0
2026-09-09,18096,Bharati Vidyapeeth University Medical College And Hospital Blood Centre,Sangli,A-,0.09588567459878689,0
2026-09-07,18096,Bharati Vidyapeeth University Medical College And Hospital Blood Centre,Sangli,AB+,0.022142983372986952,0
2026-09-08,18096,Bharati Vidyapeeth University Medical College And Hospital Blood Centre,Sangli,AB+,0.03170067070020004,0
2026-09-09,18096,Bharati Vidyapeeth University Medical College And Hospital Blood Centre,Sangli,AB+,0.025599083673906342,0
2026-09-07,18096,Bharati Vidyapeeth University Medical College And Hospital Blood Centre,Sangli,AB-,0.04708016808483685,0
2026-09-08,18096,Bharati Vidyapeeth University Medical College And Hospital Blood Centre,Sangli,AB-,0.04708016808483685,0
2026-09-09,18096,Bharati Vidyapeeth University Medical College And Hospital Blood Centre,Sangli,AB-,0.04708016808483685,0
2026-09-07,18096,Bharati Vidyapeeth University Medical College And Hospital Blood Centre,Sangli,B+,0.012511089184108457,0
2026-09-08,18096,Bharati Vidyapeeth University Medical College And Hospital Blood Centre,Sangli,B+,0.0084722847428488,0
2026-09-09,18096,Bharati Vidyapeeth University Medical College And Hospital Blood Centre,Sangli,B+,0.014153835729601605,0
2026-09-07,18096,Bharati Vidyapeeth University Medical College And Hospital Blood Centre,Sangli,B-,0.9569767387238788,1
2026-09-08,18096,Bharati Vidyapeeth University Medical College And Hospital Blood Centre,Sangli,B-,0.9569767387238788,1
2026-09-09,18096,Bharati Vidyapeeth University Medical College And Hospital Blood Centre,Sangli,B-,0.9569767387238788,1
2026-09-07,18096,Bharati Vidyapeeth University Medical College And Hospital Blood Centre,Sangli,O+,0.008770682325168472,0
2026-09-08,18096,Bharati Vidyapeeth University Medical College And Hospital Blood Centre,Sangli,O+,0.025556979492643125,0
2026-09-09,18096,Bharati Vidyapeeth University Medical College And Hospital Blood Centre,Sangli,O+,0.0056356502878979415,0
2026-09-07,18096,Bharati Vidyapeeth University Medical College And Hospital Blood Centre,Sangli,O-,0.030170888001377773,0
2026-09-08,18096,Bharati Vidyapeeth University Medical College And Hospital Blood Centre,Sangli,O-,0.030170888001377773,0
2026-09-09,18096,Bharati Vidyapeeth University Medical College And Hospital Blood Centre,Sangli,O-,0.030170888001377773,0
2026-09-07,18097,"Miraj Serological Institute Blood Centre, Miraj",Sangli,A+,0.006415009297606925,0
2026-09-08,18097,"Miraj Serological Institute Blood Centre, Miraj",Sangli,A+,0.0038971513962172038,0
2026-09-09,18097,"Miraj Serological Institute Blood Centre, Miraj",Sangli,A+,0.002419303140245577,0
2026-09-07,18097,"Miraj Serological Institute Blood Centre, Miraj",Sangli,A-,0.7542144173100465,1
2026-09-08,18097,"Miraj Serological Institute Blood Centre, Miraj",Sangli,A-,0.2445208719495299,0
2026-09-09,18097,"Miraj Serological Institute Blood Centre, Miraj",Sangli,A-,0.07307873484699798,0
2026-09-07,18097,"Miraj Serological Institute Blood Centre, Miraj",Sangli,AB+,0.011895071339848053,0
2026-09-08,18097,"Miraj Serological Institute Blood Centre, Miraj",Sangli,AB+,0.014804762304753728,0
2026-09-09,18097,"Miraj Serological Institute Blood Centre, Miraj",Sangli,AB+,0.02534958307203702,0
2026-09-07,18097,"Miraj Serological Institute Blood Centre, Miraj",Sangli,AB-,0.9569767387238788,1
2026-09-08,18097,"Miraj Serological Institute Blood Centre, Miraj",Sangli,AB-,0.9569767387238788,1
2026-09-09,18097,"Miraj Serological Institute Blood Centre, Miraj",Sangli,AB-,0.31682855738935406,0
2026-09-07,18097,"Miraj Serological Institute Blood Centre, Miraj",Sangli,B+,0.0016710067755597783,0
2026-09-08,18097,"Miraj Serological Institute Blood Centre, Miraj",Sangli,B+,0.0018534199424839303,0
2026-09-09,18097,"Miraj Serological Institute Blood Centre, Miraj",Sangli,B+,0.0018893597350191263,0
2026-09-07,18097,"Miraj Serological Institute Blood Centre, Miraj",Sangli,B-,0.09588567459878689,0
2026-09-08,18097,"Miraj Serological Institute Blood Centre, Miraj",Sangli,B-,0.09588567459878689,0
2026-09-09,18097,"Miraj Serological Institute Blood Centre, Miraj",Sangli,B-,0.09588567459878689,0
2026-09-07,18097,"Miraj Serological Institute Blood Centre, Miraj",Sangli,O+,0.0016710067755597783,0
2026-09-08,18097,"Miraj Serological Institute Blood Centre, Miraj",Sangli,O+,0.0030891321994433027,0
2026-09-09,18097,"Miraj Serological Institute Blood Centre, Miraj",Sangli,O+,0.0014464047080381358,0
2026-09-07,18097,"Miraj Serological Institute Blood Centre, Miraj",Sangli,O-,0.030170888001377773,0
2026-09-08,18097,"Miraj Serological Institute Blood Centre, Miraj",Sangli,O-,0.030170888001377773,0
2026-09-09,18097,"Miraj Serological Institute Blood Centre, Miraj",Sangli,O-,0.07000733556595519,0
2026-09-07,18098,"Akshay Blood Centre, Miraj",Sangli,A+,0.0016656454620446208,0
2026-09-08,18098,"Akshay Blood Centre, Miraj",Sangli,A+,0.001648900535990075,0
2026-09-09,18098,"Akshay Blood Centre, Miraj",Sangli,A+,0.002081411434515316,0
2026-09-07,18098,"Akshay Blood Centre, Miraj",Sangli,A-,0.09588567459878689,0
2026-09-08,18098,"Akshay Blood Centre, Miraj",Sangli,A-,0.09588567459878689,0
2026-09-09,18098,"Akshay Blood Centre, Miraj",Sangli,A-,0.09588567459878689,0
2026-09-07,18098,"Akshay Blood Centre, Miraj",Sangli,AB+,0.057999071188858185,0
2026-09-08,18098,"Akshay Blood Centre, Miraj",Sangli,AB+,0.057250923705053434,0
2026-09-09,18098,"Akshay Blood Centre, Miraj",Sangli,AB+,0.07000733556595519,0
2026-09-07,18098,"Akshay Blood Centre, Miraj",Sangli,AB-,0.16311692635487893,0
2026-09-08,18098,"Akshay Blood Centre, Miraj",Sangli,AB-,0.09588567459878689,0
2026-09-09,18098,"Akshay Blood Centre, Miraj",Sangli,AB-,0.09588567459878689,0
2026-09-07,18098,"Akshay Blood Centre, Miraj",Sangli,B+,0.008405512271319464,0
2026-09-08,18098,"Akshay Blood Centre, Miraj",Sangli,B+,0.00465762950023531,0
2026-09-09,18098,"Akshay Blood Centre, Miraj",Sangli,B+,0.0016624094810187904,0
2026-09-07,18098,"Akshay Blood Centre, Miraj",Sangli,B-,0.09592721964234696,0
2026-09-08,18098,"Akshay Blood Centre, Miraj",Sangli,B-,0.15740285641896068,0
2026-09-09,18098,"Akshay Blood Centre, Miraj",Sangli,B-,0.16311692635487893,0
2026-09-07,18098,"Akshay Blood Centre, Miraj",Sangli,O+,0.0016488822873041206,0
2026-09-08,18098,"Akshay Blood Centre, Miraj",Sangli,O+,0.001631994911879064,0
2026-09-09,18098,"Akshay Blood Centre, Miraj",Sangli,O+,0.002080413896364197,0
2026-09-07,18098,"Akshay Blood Centre, Miraj",Sangli,O-,0.020495632978220785,0
2026-09-08,18098,"Akshay Blood Centre, Miraj",Sangli,O-,0.02861734596121712,0
2026-09-09,18098,"Akshay Blood Centre, Miraj",Sangli,O-,0.030170888001377773,0
2026-09-07,18099,"Akshay Medical Trust, Akshay Blood Centre",Satara,A+,0.9569767387238788,1
2026-09-08,18099,"Akshay Medical Trust, Akshay Blood Centre",Satara,A+,0.4483383250734861,0
2026-09-09,18099,"Akshay Medical Trust, Akshay Blood Centre",Satara,A+,0.006232961985969612,0
2026-09-07,18099,"Akshay Medical Trust, Akshay Blood Centre",Satara,A-,0.030170888001377773,0
2026-09-08,18099,"Akshay Medical Trust, Akshay Blood Centre",Satara,A-,0.030170888001377773,0
2026-09-09,18099,"Akshay Medical Trust, Akshay Blood Centre",Satara,A-,0.030170888001377773,0
2026-09-07,18099,"Akshay Medical Trust, Akshay Blood Centre",Satara,AB+,0.31682855738935406,0
2026-09-08,18099,"Akshay Medical Trust, Akshay Blood Centre",Satara,AB+,0.05624019197688936,0
2026-09-09,18099,"Akshay Medical Trust, Akshay Blood Centre",Satara,AB+,0.0238361511864917,0
2026-09-07,18099,"Akshay Medical Trust, Akshay Blood Centre",Satara,AB-,0.9569767387238788,1
2026-09-08,18099,"Akshay Medical Trust, Akshay Blood Centre",Satara,AB-,0.9569767387238788,1
2026-09-09,18099,"Akshay Medical Trust, Akshay Blood Centre",Satara,AB-,0.31682855738935406,0
2026-09-07,18099,"Akshay Medical Trust, Akshay Blood Centre",Satara,B+,0.007734262125807521,0
2026-09-08,18099,"Akshay Medical Trust, Akshay Blood Centre",Satara,B+,0.0034372724106536265,0
2026-09-09,18099,"Akshay Medical Trust, Akshay Blood Centre",Satara,B+,0.001192181253429029,0
2026-09-07,18099,"Akshay Medical Trust, Akshay Blood Centre",Satara,B-,0.9569767387238788,1
2026-09-08,18099,"Akshay Medical Trust, Akshay Blood Centre",Satara,B-,0.9569767387238788,1
2026-09-09,18099,"Akshay Medical Trust, Akshay Blood Centre",Satara,B-,0.32268418572950647,0
2026-09-07,18099,"Akshay Medical Trust, Akshay Blood Centre",Satara,O+,0.9569767387238788,1
2026-09-08,18099,"Akshay Medical Trust, Akshay Blood Centre",Satara,O+,0.9569767387238788,1
2026-09-09,18099,"Akshay Medical Trust, Akshay Blood Centre",Satara,O+,0.9569767387238788,1
2026-09-07,18099,"Akshay Medical Trust, Akshay Blood Centre",Satara,O-,0.05840963795906487,0
2026-09-08,18099,"Akshay Medical Trust, Akshay Blood Centre",Satara,O-,0.07105022241162556,0
2026-09-09,18099,"Akshay Medical Trust, Akshay Blood Centre",Satara,O-,0.04374623320128272,0
2026-09-07,18102,"Krishna Hospital And Medical Research Centre, Blood Centre",Satara,A+,0.00189020356093118,0
2026-09-08,18102,"Krishna Hospital And Medical Research Centre, Blood Centre",Satara,A+,0.00189020356093118,0
2026-09-09,18102,"Krishna Hospital And Medical Research Centre, Blood Centre",Satara,A+,0.0020830512448879457,0
2026-09-07,18102,"Krishna Hospital And Medical Research Centre, Blood Centre",Satara,A-,0.027930180867050635,0
2026-09-08,18102,"Krishna Hospital And Medical Research Centre, Blood Centre",Satara,A-,0.01417699405729149,0
2026-09-09,18102,"Krishna Hospital And Medical Research Centre, Blood Centre",Satara,A-,0.012712982698188378,0
2026-09-07,18102,"Krishna Hospital And Medical Research Centre, Blood Centre",Satara,AB+,0.0021018601704874897,0
2026-09-08,18102,"Krishna Hospital And Medical Research Centre, Blood Centre",Satara,AB+,0.0021018601704874897,0
2026-09-09,18102,"Krishna Hospital And Medical Research Centre, Blood Centre",Satara,AB+,0.0014785930658930788,0
2026-09-07,18102,"Krishna Hospital And Medical Research Centre, Blood Centre",Satara,AB-,0.030170888001377773,0
2026-09-08,18102,"Krishna Hospital And Medical Research Centre, Blood Centre",Satara,AB-,0.35436282402880315,0
2026-09-09,18102,"Krishna Hospital And Medical Research Centre, Blood Centre",Satara,AB-,0.26637804198487136,0
2026-09-07,18102,"Krishna Hospital And Medical Research Centre, Blood Centre",Satara,B+,0.0018893597350191263,0
2026-09-08,18102,"Krishna Hospital And Medical Research Centre, Blood Centre",Satara,B+,0.0021205543004745573,0
2026-09-09,18102,"Krishna Hospital And Medical Research Centre, Blood Centre",Satara,B+,0.002311605534010575,0
2026-09-07,18102,"Krishna Hospital And Medical Research Centre, Blood Centre",Satara,B-,0.012760506423855105,0
2026-09-08,18102,"Krishna Hospital And Medical Research Centre, Blood Centre",Satara,B-,0.012760506423855105,0
2026-09-09,18102,"Krishna Hospital And Medical Research Centre, Blood Centre",Satara,B-,0.5215023527855271,1
2026-09-07,18102,"Krishna Hospital And Medical Research Centre, Blood Centre",Satara,O+,0.0021789692231545,0
2026-09-08,18102,"Krishna Hospital And Medical Research Centre, Blood Centre",Satara,O+,0.002081411434515316,0
2026-09-09,18102,"Krishna Hospital And Medical Research Centre, Blood Centre",Satara,O+,0.002082288689154752,0
2026-09-07,18102,"Krishna Hospital And Medical Research Centre, Blood Centre",Satara,O-,0.022652282591765858,0
2026-09-08,18102,"Krishna Hospital And Medical Research Centre, Blood Centre",Satara,O-,0.022771100580525894,0
2026-09-09,18102,"Krishna Hospital And Medical Research Centre, Blood Centre",Satara,O-,0.028538558157038173,0
2026-09-07,18103,Mauli Blood Centre satara,Satara,A+,0.0023477024961107147,0
2026-09-08,18103,Mauli Blood Centre satara,Satara,A+,0.004063617022490152,0
2026-09-09,18103,Mauli Blood Centre satara,Satara,A+,0.0016710067755597783,0
2026-09-07,18103,Mauli Blood Centre satara,Satara,A-,0.6732578724904705,1
2026-09-08,18103,Mauli Blood Centre satara,Satara,A-,0.32559708094662476,0
2026-09-09,18103,Mauli Blood Centre satara,Satara,A-,0.14681513403309893,0
2026-09-07,18103,Mauli Blood Centre satara,Satara,AB+,0.03076239841397704,0
2026-09-08,18103,Mauli Blood Centre satara,Satara,AB+,0.011703931429802583,0
2026-09-09,18103,Mauli Blood Centre satara,Satara,AB+,0.010592496217996626,0
2026-09-07,18103,Mauli Blood Centre satara,Satara,AB-,0.9569767387238788,1
2026-09-08,18103,Mauli Blood Centre satara,Satara,AB-,0.9569767387238788,1
2026-09-09,18103,Mauli Blood Centre satara,Satara,AB-,0.9569767387238788,1
2026-09-07,18103,Mauli Blood Centre satara,Satara,B+,0.003841476302097819,0
2026-09-08,18103,Mauli Blood Centre satara,Satara,B+,0.0016710067755597783,0
2026-09-09,18103,Mauli Blood Centre satara,Satara,B+,0.001648900535990075,0
2026-09-07,18103,Mauli Blood Centre satara,Satara,B-,0.9569767387238788,1
2026-09-08,18103,Mauli Blood Centre satara,Satara,B-,0.9569767387238788,1
2026-09-09,18103,Mauli Blood Centre satara,Satara,B-,0.9569767387238788,1
2026-09-07,18103,Mauli Blood Centre satara,Satara,O+,0.0031291305360499283,0
2026-09-08,18103,Mauli Blood Centre satara,Satara,O+,0.0016710067755597783,0
2026-09-09,18103,Mauli Blood Centre satara,Satara,O+,0.0016710067755597783,0
2026-09-07,18103,Mauli Blood Centre satara,Satara,O-,0.04708016808483685,0
2026-09-08,18103,Mauli Blood Centre satara,Satara,O-,0.04708016808483685,0
2026-09-09,18103,Mauli Blood Centre satara,Satara,O-,0.04708016808483685,0
2026-09-07,18104,Phaltan Medical FoundationS Blood Centre,Satara,A+,0.0023124518733519998,0
2026-09-08,18104,Phaltan Medical FoundationS Blood Centre,Satara,A+,0.002665365538399618,0
2026-09-09,18104,Phaltan Medical FoundationS Blood Centre,Satara,A+,0.002309061204803778,0
2026-09-07,18104,Phaltan Medical FoundationS Blood Centre,Satara,A-,0.020562505324546617,0
2026-09-08,18104,Phaltan Medical FoundationS Blood Centre,Satara,A-,0.024215324238568026,0
2026-09-09,18104,Phaltan Medical FoundationS Blood Centre,Satara,A-,0.026931144055723843,0
2026-09-07,18104,Phaltan Medical FoundationS Blood Centre,Satara,AB+,0.007800721337917326,0
2026-09-08,18104,Phaltan Medical FoundationS Blood Centre,Satara,AB+,0.007800721337917326,0
2026-09-09,18104,Phaltan Medical FoundationS Blood Centre,Satara,AB+,0.004307149927412749,0
2026-09-07,18104,Phaltan Medical FoundationS Blood Centre,Satara,AB-,0.02693490311827044,0
2026-09-08,18104,Phaltan Medical FoundationS Blood Centre,Satara,AB-,0.027568089055482303,0
2026-09-09,18104,Phaltan Medical FoundationS Blood Centre,Satara,AB-,0.028831849716799477,0
2026-09-07,18104,Phaltan Medical FoundationS Blood Centre,Satara,B+,0.007965302507395645,0
2026-09-08,18104,Phaltan Medical FoundationS Blood Centre,Satara,B+,0.01598994493447374,0
2026-09-09,18104,Phaltan Medical FoundationS Blood Centre,Satara,B+,0.020490335957011992,0
2026-09-07,18104,Phaltan Medical FoundationS Blood Centre,Satara,B-,0.014087102374573161,0
2026-09-08,18104,Phaltan Medical FoundationS Blood Centre,Satara,B-,0.014087102374573161,0
2026-09-09,18104,Phaltan Medical FoundationS Blood Centre,Satara,B-,0.014893758478657084,0
2026-09-07,18104,Phaltan Medical FoundationS Blood Centre,Satara,O+,0.0023477024961107147,0
2026-09-08,18104,Phaltan Medical FoundationS Blood Centre,Satara,O+,0.006027926090040222,0
2026-09-09,18104,Phaltan Medical FoundationS Blood Centre,Satara,O+,0.0018534199424839303,0
2026-09-07,18104,Phaltan Medical FoundationS Blood Centre,Satara,O-,0.022229048452583756,0
2026-09-08,18104,Phaltan Medical FoundationS Blood Centre,Satara,O-,0.022229048452583756,0
2026-09-09,18104,Phaltan Medical FoundationS Blood Centre,Satara,O-,0.022229048452583756,0
2026-09-07,18105,Yashwantrao Chavan Blood Centre,Satara,A+,0.786299925543641,1
2026-09-08,18105,Yashwantrao Chavan Blood Centre,Satara,A+,0.9569767387238788,1
2026-09-09,18105,Yashwantrao Chavan Blood Centre,Satara,A+,0.11913752480167875,0
2026-09-07,18105,Yashwantrao Chavan Blood Centre,Satara,A-,0.9569767387238788,1
2026-09-08,18105,Yashwantrao Chavan Blood Centre,Satara,A-,0.9569767387238788,1
2026-09-09,18105,Yashwantrao Chavan Blood Centre,Satara,A-,0.9569767387238788,1
2026-09-07,18105,Yashwantrao Chavan Blood Centre,Satara,AB+,0.4857745378991611,0
2026-09-08,18105,Yashwantrao Chavan Blood Centre,Satara,AB+,0.8170939210353315,1
2026-09-09,18105,Yashwantrao Chavan Blood Centre,Satara,AB+,0.9569767387238788,1
2026-09-07,18105,Yashwantrao Chavan Blood Centre,Satara,AB-,0.9569767387238788,1
2026-09-08,18105,Yashwantrao Chavan Blood Centre,Satara,AB-,0.9569767387238788,1
2026-09-09,18105,Yashwantrao Chavan Blood Centre,Satara,AB-,0.9569767387238788,1
2026-09-07,18105,Yashwantrao Chavan Blood Centre,Satara,B+,0.497189551395117,0
2026-09-08,18105,Yashwantrao Chavan Blood Centre,Satara,B+,0.7230546871564677,1
2026-09-09,18105,Yashwantrao Chavan Blood Centre,Satara,B+,0.9569767387238788,1
2026-09-07,18105,Yashwantrao Chavan Blood Centre,Satara,B-,0.14681513403309893,0
2026-09-08,18105,Yashwantrao Chavan Blood Centre,Satara,B-,0.7542144173100465,1
2026-09-09,18105,Yashwantrao Chavan Blood Centre,Satara,B-,0.32559708094662476,0
2026-09-07,18105,Yashwantrao Chavan Blood Centre,Satara,O+,0.06816794320556627,0
2026-09-08,18105,Yashwantrao Chavan Blood Centre,Satara,O+,0.2246574848471846,0
2026-09-09,18105,Yashwantrao Chavan Blood Centre,Satara,O+,0.729168496441368,1
2026-09-07,18105,Yashwantrao Chavan Blood Centre,Satara,O-,0.7789323790913819,1
2026-09-08,18105,Yashwantrao Chavan Blood Centre,Satara,O-,0.8017482753365046,1
2026-09-09,18105,Yashwantrao Chavan Blood Centre,Satara,O-,0.31682855738935406,0
2026-09-07,18107,Dr. Hegdewar Rakta Pedhi,Solapur,A+,0.0012081753373930854,0
2026-09-08,18107,Dr. Hegdewar Rakta Pedhi,Solapur,A+,0.0012081753373930854,0
2026-09-09,18107,Dr. Hegdewar Rakta Pedhi,Solapur,A+,0.0012081753373930854,0
2026-09-07,18107,Dr. Hegdewar Rakta Pedhi,Solapur,A-,0.016258893959286595,0
2026-09-08,18107,Dr. Hegdewar Rakta Pedhi,Solapur,A-,0.028748128421109412,0
2026-09-09,18107,Dr. Hegdewar Rakta Pedhi,Solapur,A-,0.022758323988153566,0
2026-09-07,18107,Dr. Hegdewar Rakta Pedhi,Solapur,AB+,0.0018534199424839303,0
2026-09-08,18107,Dr. Hegdewar Rakta Pedhi,Solapur,AB+,0.00721057569084415,0
2026-09-09,18107,Dr. Hegdewar Rakta Pedhi,Solapur,AB+,0.0023655745439671453,0
2026-09-07,18107,Dr. Hegdewar Rakta Pedhi,Solapur,AB-,0.26373230248423335,0
2026-09-08,18107,Dr. Hegdewar Rakta Pedhi,Solapur,AB-,0.14681513403309893,0
2026-09-09,18107,Dr. Hegdewar Rakta Pedhi,Solapur,AB-,0.09588567459878689,0
2026-09-07,18107,Dr. Hegdewar Rakta Pedhi,Solapur,B+,0.0012081753373930854,0
2026-09-08,18107,Dr. Hegdewar Rakta Pedhi,Solapur,B+,0.0012081753373930854,0
2026-09-09,18107,Dr. Hegdewar Rakta Pedhi,Solapur,B+,0.0012081753373930854,0
2026-09-07,18107,Dr. Hegdewar Rakta Pedhi,Solapur,B-,0.047469853090528605,0
2026-09-08,18107,Dr. Hegdewar Rakta Pedhi,Solapur,B-,0.17142593896278202,0
2026-09-09,18107,Dr. Hegdewar Rakta Pedhi,Solapur,B-,0.04547539939610369,0
2026-09-07,18107,Dr. Hegdewar Rakta Pedhi,Solapur,O+,0.0012081753373930854,0
2026-09-08,18107,Dr. Hegdewar Rakta Pedhi,Solapur,O+,0.0012081753373930854,0
2026-09-09,18107,Dr. Hegdewar Rakta Pedhi,Solapur,O+,0.0012081753373930854,0
2026-09-07,18107,Dr. Hegdewar Rakta Pedhi,Solapur,O-,0.04856769697732928,0
2026-09-08,18107,Dr. Hegdewar Rakta Pedhi,Solapur,O-,0.030626351167691433,0
2026-09-09,18107,Dr. Hegdewar Rakta Pedhi,Solapur,O-,0.029476801498032754,0
2026-09-07,18108,"Ima, Sahakar Maharshi Shankarrao Mohite Patil Blood Centre",Solapur,A+,0.35996045783838304,0
2026-09-08,18108,"Ima, Sahakar Maharshi Shankarrao Mohite Patil Blood Centre",Solapur,A+,0.2197318788443953,0
2026-09-09,18108,"Ima, Sahakar Maharshi Shankarrao Mohite Patil Blood Centre",Solapur,A+,0.08976793807359025,0
2026-09-07,18108,"Ima, Sahakar Maharshi Shankarrao Mohite Patil Blood Centre",Solapur,A-,0.32268418572950647,0
2026-09-08,18108,"Ima, Sahakar Maharshi Shankarrao Mohite Patil Blood Centre",Solapur,A-,0.7789323790913819,1
2026-09-09,18108,"Ima, Sahakar Maharshi Shankarrao Mohite Patil Blood Centre",Solapur,A-,0.32559708094662476,0
2026-09-07,18108,"Ima, Sahakar Maharshi Shankarrao Mohite Patil Blood Centre",Solapur,AB+,0.16311692635487893,0
2026-09-08,18108,"Ima, Sahakar Maharshi Shankarrao Mohite Patil Blood Centre",Solapur,AB+,0.09588567459878689,0
2026-09-09,18108,"Ima, Sahakar Maharshi Shankarrao Mohite Patil Blood Centre",Solapur,AB+,0.03299038497239942,0
2026-09-07,18108,"Ima, Sahakar Maharshi Shankarrao Mohite Patil Blood Centre",Solapur,AB-,0.09588567459878689,0
2026-09-08,18108,"Ima, Sahakar Maharshi Shankarrao Mohite Patil Blood Centre",Solapur,AB-,0.7542144173100465,1
2026-09-09,18108,"Ima, Sahakar Maharshi Shankarrao Mohite Patil Blood Centre",Solapur,AB-,0.2783798409693005,0
2026-09-07,18108,"Ima, Sahakar Maharshi Shankarrao Mohite Patil Blood Centre",Solapur,B+,0.9569767387238788,1
2026-09-08,18108,"Ima, Sahakar Maharshi Shankarrao Mohite Patil Blood Centre",Solapur,B+,0.31682855738935406,0
2026-09-09,18108,"Ima, Sahakar Maharshi Shankarrao Mohite Patil Blood Centre",Solapur,B+,0.05624019197688936,0
2026-09-07,18108,"Ima, Sahakar Maharshi Shankarrao Mohite Patil Blood Centre",Solapur,B-,0.01366803325306424,0
2026-09-08,18108,"Ima, Sahakar Maharshi Shankarrao Mohite Patil Blood Centre",Solapur,B-,0.01787657277334328,0
2026-09-09,18108,"Ima, Sahakar Maharshi Shankarrao Mohite Patil Blood Centre",Solapur,B-,0.02232867187121911,0
2026-09-07,18108,"Ima, Sahakar Maharshi Shankarrao Mohite Patil Blood Centre",Solapur,O+,0.0014706445574163482,0
2026-09-08,18108,"Ima, Sahakar Maharshi Shankarrao Mohite Patil Blood Centre",Solapur,O+,0.0016710067755597783,0
2026-09-09,18108,"Ima, Sahakar Maharshi Shankarrao Mohite Patil Blood Centre",Solapur,O+,0.0012081753373930854,0
2026-09-07,18108,"Ima, Sahakar Maharshi Shankarrao Mohite Patil Blood Centre",Solapur,O-,0.04708016808483685,0
2026-09-08,18108,"Ima, Sahakar Maharshi Shankarrao Mohite Patil Blood Centre",Solapur,O-,0.16210439842287436,0
2026-09-09,18108,"Ima, Sahakar Maharshi Shankarrao Mohite Patil Blood Centre",Solapur,O-,0.16311692635487893,0
2026-09-07,18109,"Indian Red Cross Society Blood Centre, Bai Gopabai Damani Blood Centre,  Solapur",Solapur,A+,0.386142006240763,0
2026-09-08,18109,"Indian Red Cross Society Blood Centre, Bai Gopabai Damani Blood Centre,  Solapur",Solapur,A+,0.1634147147078455,0
2026-09-09,18109,"Indian Red Cross Society Blood Centre, Bai Gopabai Damani Blood Centre,  Solapur",Solapur,A+,0.1474120811834348,0
2026-09-07,18109,"Indian Red Cross Society Blood Centre, Bai Gopabai Damani Blood Centre,  Solapur",Solapur,A-,0.9569767387238788,1
2026-09-08,18109,"Indian Red Cross Society Blood Centre, Bai Gopabai Damani Blood Centre,  Solapur",Solapur,A-,0.31682855738935406,0
2026-09-09,18109,"Indian Red Cross Society Blood Centre, Bai Gopabai Damani Blood Centre,  Solapur",Solapur,A-,0.09540432656509344,0
2026-09-07,18109,"Indian Red Cross Society Blood Centre, Bai Gopabai Damani Blood Centre,  Solapur",Solapur,AB+,0.044891288705432186,0
2026-09-08,18109,"Indian Red Cross Society Blood Centre, Bai Gopabai Damani Blood Centre,  Solapur",Solapur,AB+,0.015135421760365817,0
2026-09-09,18109,"Indian Red Cross Society Blood Centre, Bai Gopabai Damani Blood Centre,  Solapur",Solapur,AB+,0.016248953180319024,0
2026-09-07,18109,"Indian Red Cross Society Blood Centre, Bai Gopabai Damani Blood Centre,  Solapur",Solapur,AB-,0.9569767387238788,1
2026-09-08,18109,"Indian Red Cross Society Blood Centre, Bai Gopabai Damani Blood Centre,  Solapur",Solapur,AB-,0.9569767387238788,1
2026-09-09,18109,"Indian Red Cross Society Blood Centre, Bai Gopabai Damani Blood Centre,  Solapur",Solapur,AB-,0.9569767387238788,1
2026-09-07,18109,"Indian Red Cross Society Blood Centre, Bai Gopabai Damani Blood Centre,  Solapur",Solapur,B+,0.0016710067755597783,0
2026-09-08,18109,"Indian Red Cross Society Blood Centre, Bai Gopabai Damani Blood Centre,  Solapur",Solapur,B+,0.0012081753373930854,0
2026-09-09,18109,"Indian Red Cross Society Blood Centre, Bai Gopabai Damani Blood Centre,  Solapur",Solapur,B+,0.0012081753373930854,0
2026-09-07,18109,"Indian Red Cross Society Blood Centre, Bai Gopabai Damani Blood Centre,  Solapur",Solapur,B-,0.030170888001377773,0
2026-09-08,18109,"Indian Red Cross Society Blood Centre, Bai Gopabai Damani Blood Centre,  Solapur",Solapur,B-,0.045072468254795155,0
2026-09-09,18109,"Indian Red Cross Society Blood Centre, Bai Gopabai Damani Blood Centre,  Solapur",Solapur,B-,0.05202420222433954,0
2026-09-07,18109,"Indian Red Cross Society Blood Centre, Bai Gopabai Damani Blood Centre,  Solapur",Solapur,O+,0.0016710067755597783,0
2026-09-08,18109,"Indian Red Cross Society Blood Centre, Bai Gopabai Damani Blood Centre,  Solapur",Solapur,O+,0.0012081753373930854,0
2026-09-09,18109,"Indian Red Cross Society Blood Centre, Bai Gopabai Damani Blood Centre,  Solapur",Solapur,O+,0.013619738059136884,0
2026-09-07,18109,"Indian Red Cross Society Blood Centre, Bai Gopabai Damani Blood Centre,  Solapur",Solapur,O-,0.025965664226108902,0
2026-09-08,18109,"Indian Red Cross Society Blood Centre, Bai Gopabai Damani Blood Centre,  Solapur",Solapur,O-,0.02693490311827044,0
2026-09-09,18109,"Indian Red Cross Society Blood Centre, Bai Gopabai Damani Blood Centre,  Solapur",Solapur,O-,0.03466932460927841,0
2026-09-07,18111,"Indian Red Cross Society Blood Centre, Shriman Rambhai Shah Blood Centre",Solapur,A+,0.004925964065113693,0
2026-09-08,18111,"Indian Red Cross Society Blood Centre, Shriman Rambhai Shah Blood Centre",Solapur,A+,0.006027926090040222,0
2026-09-09,18111,"Indian Red Cross Society Blood Centre, Shriman Rambhai Shah Blood Centre",Solapur,A+,0.0012081753373930854,0
2026-09-07,18111,"Indian Red Cross Society Blood Centre, Shriman Rambhai Shah Blood Centre",Solapur,A-,0.011787468591290219,0
2026-09-08,18111,"Indian Red Cross Society Blood Centre, Shriman Rambhai Shah Blood Centre",Solapur,A-,0.012663366211571617,0
2026-09-09,18111,"Indian Red Cross Society Blood Centre, Shriman Rambhai Shah Blood Centre",Solapur,A-,0.06334854699762706,0
2026-09-07,18111,"Indian Red Cross Society Blood Centre, Shriman Rambhai Shah Blood Centre",Solapur,AB+,0.030380898965332713,0
2026-09-08,18111,"Indian Red Cross Society Blood Centre, Shriman Rambhai Shah Blood Centre",Solapur,AB+,0.009641414903689832,0
2026-09-09,18111,"Indian Red Cross Society Blood Centre, Shriman Rambhai Shah Blood Centre",Solapur,AB+,0.0045447106460079385,0
2026-09-07,18111,"Indian Red Cross Society Blood Centre, Shriman Rambhai Shah Blood Centre",Solapur,AB-,0.09588567459878689,0
2026-09-08,18111,"Indian Red Cross Society Blood Centre, Shriman Rambhai Shah Blood Centre",Solapur,AB-,0.09588567459878689,0
2026-09-09,18111,"Indian Red Cross Society Blood Centre, Shriman Rambhai Shah Blood Centre",Solapur,AB-,0.057347578586959165,0
2026-09-07,18111,"Indian Red Cross Society Blood Centre, Shriman Rambhai Shah Blood Centre",Solapur,B+,0.0015850441535814831,0
2026-09-08,18111,"Indian Red Cross Society Blood Centre, Shriman Rambhai Shah Blood Centre",Solapur,B+,0.002081411434515316,0
2026-09-09,18111,"Indian Red Cross Society Blood Centre, Shriman Rambhai Shah Blood Centre",Solapur,B+,0.0012081753373930854,0
2026-09-07,18111,"Indian Red Cross Society Blood Centre, Shriman Rambhai Shah Blood Centre",Solapur,B-,0.025599083673906342,0
2026-09-08,18111,"Indian Red Cross Society Blood Centre, Shriman Rambhai Shah Blood Centre",Solapur,B-,0.022229048452583756,0
2026-09-09,18111,"Indian Red Cross Society Blood Centre, Shriman Rambhai Shah Blood Centre",Solapur,B-,0.022229048452583756,0
2026-09-07,18111,"Indian Red Cross Society Blood Centre, Shriman Rambhai Shah Blood Centre",Solapur,O+,0.00189020356093118,0
2026-09-08,18111,"Indian Red Cross Society Blood Centre, Shriman Rambhai Shah Blood Centre",Solapur,O+,0.0016710067755597783,0
2026-09-09,18111,"Indian Red Cross Society Blood Centre, Shriman Rambhai Shah Blood Centre",Solapur,O+,0.0011957829087145444,0
2026-09-07,18111,"Indian Red Cross Society Blood Centre, Shriman Rambhai Shah Blood Centre",Solapur,O-,0.017718354444483823,0
2026-09-08,18111,"Indian Red Cross Society Blood Centre, Shriman Rambhai Shah Blood Centre",Solapur,O-,0.017718354444483823,0
2026-09-09,18111,"Indian Red Cross Society Blood Centre, Shriman Rambhai Shah Blood Centre",Solapur,O-,0.02812666354637874,0
2026-09-07,18112,"Smbt Institute Of Medical Science And Research Centre, Blood Centre And  Component",Nashik,A+,0.0018020030117550925,0
2026-09-08,18112,"Smbt Institute Of Medical Science And Research Centre, Blood Centre And  Component",Nashik,A+,0.001479438779035927,0
2026-09-09,18112,"Smbt Institute Of Medical Science And Research Centre, Blood Centre And  Component",Nashik,A+,0.001917118468168659,0
2026-09-07,18112,"Smbt Institute Of Medical Science And Research Centre, Blood Centre And  Component",Nashik,A-,0.014893758478657084,0
2026-09-08,18112,"Smbt Institute Of Medical Science And Research Centre, Blood Centre And  Component",Nashik,A-,0.024337029121358728,0
2026-09-09,18112,"Smbt Institute Of Medical Science And Research Centre, Blood Centre And  Component",Nashik,A-,0.034215836092803646,0
2026-09-07,18112,"Smbt Institute Of Medical Science And Research Centre, Blood Centre And  Component",Nashik,AB+,0.006640859060677679,0
2026-09-08,18112,"Smbt Institute Of Medical Science And Research Centre, Blood Centre And  Component",Nashik,AB+,0.004308025452574265,0
2026-09-09,18112,"Smbt Institute Of Medical Science And Research Centre, Blood Centre And  Component",Nashik,AB+,0.0057206123113367905,0
2026-09-07,18112,"Smbt Institute Of Medical Science And Research Centre, Blood Centre And  Component",Nashik,AB-,0.02693490311827044,0
2026-09-08,18112,"Smbt Institute Of Medical Science And Research Centre, Blood Centre And  Component",Nashik,AB-,0.02693490311827044,0
2026-09-09,18112,"Smbt Institute Of Medical Science And Research Centre, Blood Centre And  Component",Nashik,AB-,0.02693490311827044,0
2026-09-07,18112,"Smbt Institute Of Medical Science And Research Centre, Blood Centre And  Component",Nashik,B+,0.004583492275042118,0
2026-09-08,18112,"Smbt Institute Of Medical Science And Research Centre, Blood Centre And  Component",Nashik,B+,0.0013385835926315302,0
2026-09-09,18112,"Smbt Institute Of Medical Science And Research Centre, Blood Centre And  Component",Nashik,B+,0.004417452553072608,0
2026-09-07,18112,"Smbt Institute Of Medical Science And Research Centre, Blood Centre And  Component",Nashik,B-,0.03588405120561639,0
2026-09-08,18112,"Smbt Institute Of Medical Science And Research Centre, Blood Centre And  Component",Nashik,B-,0.03170067070020004,0
2026-09-09,18112,"Smbt Institute Of Medical Science And Research Centre, Blood Centre And  Component",Nashik,B-,0.025599083673906342,0
2026-09-07,18112,"Smbt Institute Of Medical Science And Research Centre, Blood Centre And  Component",Nashik,O+,0.00189020356093118,0
2026-09-08,18112,"Smbt Institute Of Medical Science And Research Centre, Blood Centre And  Component",Nashik,O+,0.001447640954906764,0
2026-09-09,18112,"Smbt Institute Of Medical Science And Research Centre, Blood Centre And  Component",Nashik,O+,0.0015856249025427108,0
2026-09-07,18112,"Smbt Institute Of Medical Science And Research Centre, Blood Centre And  Component",Nashik,O-,0.022229048452583756,0
2026-09-08,18112,"Smbt Institute Of Medical Science And Research Centre, Blood Centre And  Component",Nashik,O-,0.022229048452583756,0
2026-09-09,18112,"Smbt Institute Of Medical Science And Research Centre, Blood Centre And  Component",Nashik,O-,0.022229048452583756,0
2026-09-07,18113,M/S Jeevan Jyot Charitable TrustS Solapur Blood Centre,Solapur,A+,0.012826000047267415,0
2026-09-08,18113,M/S Jeevan Jyot Charitable TrustS Solapur Blood Centre,Solapur,A+,0.02597236243346995,0
2026-09-09,18113,M/S Jeevan Jyot Charitable TrustS Solapur Blood Centre,Solapur,A+,0.014148890731320923,0
2026-09-07,18113,M/S Jeevan Jyot Charitable TrustS Solapur Blood Centre,Solapur,A-,0.9569767387238788,1
2026-09-08,18113,M/S Jeevan Jyot Charitable TrustS Solapur Blood Centre,Solapur,A-,0.9569767387238788,1
2026-09-09,18113,M/S Jeevan Jyot Charitable TrustS Solapur Blood Centre,Solapur,A-,0.9569767387238788,1
2026-09-07,18113,M/S Jeevan Jyot Charitable TrustS Solapur Blood Centre,Solapur,AB+,0.1498097922182252,0
2026-09-08,18113,M/S Jeevan Jyot Charitable TrustS Solapur Blood Centre,Solapur,AB+,0.057347578586959165,0
2026-09-09,18113,M/S Jeevan Jyot Charitable TrustS Solapur Blood Centre,Solapur,AB+,0.04267073846196896,0
2026-09-07,18113,M/S Jeevan Jyot Charitable TrustS Solapur Blood Centre,Solapur,AB-,0.9569767387238788,1
2026-09-08,18113,M/S Jeevan Jyot Charitable TrustS Solapur Blood Centre,Solapur,AB-,0.9569767387238788,1
2026-09-09,18113,M/S Jeevan Jyot Charitable TrustS Solapur Blood Centre,Solapur,AB-,0.9569767387238788,1
2026-09-07,18113,M/S Jeevan Jyot Charitable TrustS Solapur Blood Centre,Solapur,B+,0.014344091994083133,0
2026-09-08,18113,M/S Jeevan Jyot Charitable TrustS Solapur Blood Centre,Solapur,B+,0.017657817932400167,0
2026-09-09,18113,M/S Jeevan Jyot Charitable TrustS Solapur Blood Centre,Solapur,B+,0.013879473031232402,0
2026-09-07,18113,M/S Jeevan Jyot Charitable TrustS Solapur Blood Centre,Solapur,B-,0.9569767387238788,1
2026-09-08,18113,M/S Jeevan Jyot Charitable TrustS Solapur Blood Centre,Solapur,B-,0.9569767387238788,1
2026-09-09,18113,M/S Jeevan Jyot Charitable TrustS Solapur Blood Centre,Solapur,B-,0.9569767387238788,1
2026-09-07,18113,M/S Jeevan Jyot Charitable TrustS Solapur Blood Centre,Solapur,O+,0.0021326411679135986,0
2026-09-08,18113,M/S Jeevan Jyot Charitable TrustS Solapur Blood Centre,Solapur,O+,0.027396325553600408,0
2026-09-09,18113,M/S Jeevan Jyot Charitable TrustS Solapur Blood Centre,Solapur,O+,0.005469634704967037,0
2026-09-07,18113,M/S Jeevan Jyot Charitable TrustS Solapur Blood Centre,Solapur,O-,0.9569767387238788,1
2026-09-08,18113,M/S Jeevan Jyot Charitable TrustS Solapur Blood Centre,Solapur,O-,0.9569767387238788,1
2026-09-09,18113,M/S Jeevan Jyot Charitable TrustS Solapur Blood Centre,Solapur,O-,0.9569767387238788,1
2026-09-07,18114,Akshay Blood Centre,Solapur,A+,0.0074862362538219256,0
2026-09-08,18114,Akshay Blood Centre,Solapur,A+,0.0022848421367416493,0
2026-09-09,18114,Akshay Blood Centre,Solapur,A+,0.008839297115978223,0
2026-09-07,18114,Akshay Blood Centre,Solapur,A-,0.16311692635487893,0
2026-09-08,18114,Akshay Blood Centre,Solapur,A-,0.09588567459878689,0
2026-09-09,18114,Akshay Blood Centre,Solapur,A-,0.09588567459878689,0
2026-09-07,18114,Akshay Blood Centre,Solapur,AB+,0.009097036605801738,0
2026-09-08,18114,Akshay Blood Centre,Solapur,AB+,0.009780148077779334,0
2026-09-09,18114,Akshay Blood Centre,Solapur,AB+,0.015816975002225914,0
2026-09-07,18114,Akshay Blood Centre,Solapur,AB-,0.8017482753365046,1
2026-09-08,18114,Akshay Blood Centre,Solapur,AB-,0.9569767387238788,1
2026-09-09,18114,Akshay Blood Centre,Solapur,AB-,0.9569767387238788,1
2026-09-07,18114,Akshay Blood Centre,Solapur,B+,0.0014489215994458093,0
2026-09-08,18114,Akshay Blood Centre,Solapur,B+,0.002420151138820859,0
2026-09-09,18114,Akshay Blood Centre,Solapur,B+,0.0015950856370973117,0
2026-09-07,18114,Akshay Blood Centre,Solapur,B-,0.05322686320679335,0
2026-09-08,18114,Akshay Blood Centre,Solapur,B-,0.11589627774995824,0
2026-09-09,18114,Akshay Blood Centre,Solapur,B-,0.04708016808483685,0
2026-09-07,18114,Akshay Blood Centre,Solapur,O+,0.0012081753373930854,0
2026-09-08,18114,Akshay Blood Centre,Solapur,O+,0.0012081753373930854,0
2026-09-09,18114,Akshay Blood Centre,Solapur,O+,0.002218351521610158,0
2026-09-07,18114,Akshay Blood Centre,Solapur,O-,0.0366167586647811,0
2026-09-08,18114,Akshay Blood Centre,Solapur,O-,0.028831849716799477,0
2026-09-09,18114,Akshay Blood Centre,Solapur,O-,0.030170888001377773,0
2026-09-07,18115,"Athar Blood Centre, Solapur",Solapur,A+,0.004699409582270632,0
2026-09-08,18115,"Athar Blood Centre, Solapur",Solapur,A+,0.005362191481818185,0
2026-09-09,18115,"Athar Blood Centre, Solapur",Solapur,A+,0.004950703064177182,0
2026-09-07,18115,"Athar Blood Centre, Solapur",Solapur,A-,0.9569767387238788,1
2026-09-08,18115,"Athar Blood Centre, Solapur",Solapur,A-,0.9569767387238788,1
2026-09-09,18115,"Athar Blood Centre, Solapur",Solapur,A-,0.9569767387238788,1
2026-09-07,18115,"Athar Blood Centre, Solapur",Solapur,AB+,0.019734077505251153,0
2026-09-08,18115,"Athar Blood Centre, Solapur",Solapur,AB+,0.027370688374581967,0
2026-09-09,18115,"Athar Blood Centre, Solapur",Solapur,AB+,0.014087102374573161,0
2026-09-07,18115,"Athar Blood Centre, Solapur",Solapur,AB-,0.09588567459878689,0
2026-09-08,18115,"Athar Blood Centre, Solapur",Solapur,AB-,0.09588567459878689,0
2026-09-09,18115,"Athar Blood Centre, Solapur",Solapur,AB-,0.09588567459878689,0
2026-09-07,18115,"Athar Blood Centre, Solapur",Solapur,B+,0.0012081753373930854,0
2026-09-08,18115,"Athar Blood Centre, Solapur",Solapur,B+,0.0012081753373930854,0
2026-09-09,18115,"Athar Blood Centre, Solapur",Solapur,B+,0.0021325293501712125,0
2026-09-07,18115,"Athar Blood Centre, Solapur",Solapur,B-,0.05421883653906218,0
2026-09-08,18115,"Athar Blood Centre, Solapur",Solapur,B-,0.07105022241162556,0
2026-09-09,18115,"Athar Blood Centre, Solapur",Solapur,B-,0.04708016808483685,0
2026-09-07,18115,"Athar Blood Centre, Solapur",Solapur,O+,0.00804633491566497,0
2026-09-08,18115,"Athar Blood Centre, Solapur",Solapur,O+,0.01081015429215665,0
2026-09-09,18115,"Athar Blood Centre, Solapur",Solapur,O+,0.005412343880938076,0
2026-09-07,18115,"Athar Blood Centre, Solapur",Solapur,O-,0.030170888001377773,0
2026-09-08,18115,"Athar Blood Centre, Solapur",Solapur,O-,0.030170888001377773,0
2026-09-09,18115,"Athar Blood Centre, Solapur",Solapur,O-,0.030170888001377773,0
2026-09-07,18116,Rajashri Chatrapati Shahu Maharaj Govt. Medical College And Chatrapati  Pramilaraje  General  Hospita,Kolhapur,A+,0.036982680676498444,0
2026-09-08,18116,Rajashri Chatrapati Shahu Maharaj Govt. Medical College And Chatrapati  Pramilaraje  General  Hospita,Kolhapur,A+,0.004052469631631352,0
2026-09-09,18116,Rajashri Chatrapati Shahu Maharaj Govt. Medical College And Chatrapati  Pramilaraje  General  Hospita,Kolhapur,A+,0.009999115635241347,0
2026-09-07,18116,Rajashri Chatrapati Shahu Maharaj Govt. Medical College And Chatrapati  Pramilaraje  General  Hospita,Kolhapur,A-,0.9569767387238788,1
2026-09-08,18116,Rajashri Chatrapati Shahu Maharaj Govt. Medical College And Chatrapati  Pramilaraje  General  Hospita,Kolhapur,A-,0.9569767387238788,1
2026-09-09,18116,Rajashri Chatrapati Shahu Maharaj Govt. Medical College And Chatrapati  Pramilaraje  General  Hospita,Kolhapur,A-,0.9569767387238788,1
2026-09-07,18116,Rajashri Chatrapati Shahu Maharaj Govt. Medical College And Chatrapati  Pramilaraje  General  Hospita,Kolhapur,AB+,0.026789297498520718,0
2026-09-08,18116,Rajashri Chatrapati Shahu Maharaj Govt. Medical College And Chatrapati  Pramilaraje  General  Hospita,Kolhapur,AB+,0.13762235646699025,0
2026-09-09,18116,Rajashri Chatrapati Shahu Maharaj Govt. Medical College And Chatrapati  Pramilaraje  General  Hospita,Kolhapur,AB+,0.12320979849702131,0
2026-09-07,18116,Rajashri Chatrapati Shahu Maharaj Govt. Medical College And Chatrapati  Pramilaraje  General  Hospita,Kolhapur,AB-,0.9569767387238788,1
2026-09-08,18116,Rajashri Chatrapati Shahu Maharaj Govt. Medical College And Chatrapati  Pramilaraje  General  Hospita,Kolhapur,AB-,0.9569767387238788,1
2026-09-09,18116,Rajashri Chatrapati Shahu Maharaj Govt. Medical College And Chatrapati  Pramilaraje  General  Hospita,Kolhapur,AB-,0.9569767387238788,1
2026-09-07,18116,Rajashri Chatrapati Shahu Maharaj Govt. Medical College And Chatrapati  Pramilaraje  General  Hospita,Kolhapur,B+,0.0022619421178297957,0
2026-09-08,18116,Rajashri Chatrapati Shahu Maharaj Govt. Medical College And Chatrapati  Pramilaraje  General  Hospita,Kolhapur,B+,0.0012081753373930854,0
2026-09-09,18116,Rajashri Chatrapati Shahu Maharaj Govt. Medical College And Chatrapati  Pramilaraje  General  Hospita,Kolhapur,B+,0.0012081753373930854,0
2026-09-07,18116,Rajashri Chatrapati Shahu Maharaj Govt. Medical College And Chatrapati  Pramilaraje  General  Hospita,Kolhapur,B-,0.7789323790913819,1
2026-09-08,18116,Rajashri Chatrapati Shahu Maharaj Govt. Medical College And Chatrapati  Pramilaraje  General  Hospita,Kolhapur,B-,0.8017482753365046,1
2026-09-09,18116,Rajashri Chatrapati Shahu Maharaj Govt. Medical College And Chatrapati  Pramilaraje  General  Hospita,Kolhapur,B-,0.9569767387238788,1
2026-09-07,18116,Rajashri Chatrapati Shahu Maharaj Govt. Medical College And Chatrapati  Pramilaraje  General  Hospita,Kolhapur,O+,0.0017965318256313134,0
2026-09-08,18116,Rajashri Chatrapati Shahu Maharaj Govt. Medical College And Chatrapati  Pramilaraje  General  Hospita,Kolhapur,O+,0.001192181253429029,0
2026-09-09,18116,Rajashri Chatrapati Shahu Maharaj Govt. Medical College And Chatrapati  Pramilaraje  General  Hospita,Kolhapur,O+,0.0011957829087145444,0
2026-09-07,18116,Rajashri Chatrapati Shahu Maharaj Govt. Medical College And Chatrapati  Pramilaraje  General  Hospita,Kolhapur,O-,0.8017482753365046,1
2026-09-08,18116,Rajashri Chatrapati Shahu Maharaj Govt. Medical College And Chatrapati  Pramilaraje  General  Hospita,Kolhapur,O-,0.9569767387238788,1
2026-09-09,18116,Rajashri Chatrapati Shahu Maharaj Govt. Medical College And Chatrapati  Pramilaraje  General  Hospita,Kolhapur,O-,0.9569767387238788,1
2026-09-07,18117,Leelavati Blood Centre,Buldana,A+,0.9569767387238788,1
2026-09-08,18117,Leelavati Blood Centre,Buldana,A+,0.9569767387238788,1
2026-09-09,18117,Leelavati Blood Centre,Buldana,A+,0.9569767387238788,1
2026-09-07,18117,Leelavati Blood Centre,Buldana,A-,0.9569767387238788,1
2026-09-08,18117,Leelavati Blood Centre,Buldana,A-,0.9569767387238788,1
2026-09-09,18117,Leelavati Blood Centre,Buldana,A-,0.9569767387238788,1
2026-09-07,18117,Leelavati Blood Centre,Buldana,AB+,0.9569767387238788,1
2026-09-08,18117,Leelavati Blood Centre,Buldana,AB+,0.9569767387238788,1
2026-09-09,18117,Leelavati Blood Centre,Buldana,AB+,0.9569767387238788,1
2026-09-07,18117,Leelavati Blood Centre,Buldana,AB-,0.9569767387238788,1
2026-09-08,18117,Leelavati Blood Centre,Buldana,AB-,0.9569767387238788,1
2026-09-09,18117,Leelavati Blood Centre,Buldana,AB-,0.9569767387238788,1
2026-09-07,18117,Leelavati Blood Centre,Buldana,B+,0.9569767387238788,1
2026-09-08,18117,Leelavati Blood Centre,Buldana,B+,0.9569767387238788,1
2026-09-09,18117,Leelavati Blood Centre,Buldana,B+,0.9569767387238788,1
2026-09-07,18117,Leelavati Blood Centre,Buldana,B-,0.9569767387238788,1
2026-09-08,18117,Leelavati Blood Centre,Buldana,B-,0.9569767387238788,1
2026-09-09,18117,Leelavati Blood Centre,Buldana,B-,0.9569767387238788,1
2026-09-07,18117,Leelavati Blood Centre,Buldana,O+,0.9569767387238788,1
2026-09-08,18117,Leelavati Blood Centre,Buldana,O+,0.9569767387238788,1
2026-09-09,18117,Leelavati Blood Centre,Buldana,O+,0.9569767387238788,1
2026-09-07,18117,Leelavati Blood Centre,Buldana,O-,0.9569767387238788,1
2026-09-08,18117,Leelavati Blood Centre,Buldana,O-,0.9569767387238788,1
2026-09-09,18117,Leelavati Blood Centre,Buldana,O-,0.9569767387238788,1
2026-09-07,18118,Annasaheb Galatge Lions Blood Centre  Run By Gadhinglaj Lions Welfare  Association,Kolhapur,A+,0.002081411434515316,0
2026-09-08,18118,Annasaheb Galatge Lions Blood Centre  Run By Gadhinglaj Lions Welfare  Association,Kolhapur,A+,0.00189020356093118,0
2026-09-09,18118,Annasaheb Galatge Lions Blood Centre  Run By Gadhinglaj Lions Welfare  Association,Kolhapur,A+,0.0021205543004745573,0
2026-09-07,18118,Annasaheb Galatge Lions Blood Centre  Run By Gadhinglaj Lions Welfare  Association,Kolhapur,A-,0.04708016808483685,0
2026-09-08,18118,Annasaheb Galatge Lions Blood Centre  Run By Gadhinglaj Lions Welfare  Association,Kolhapur,A-,0.04708016808483685,0
2026-09-09,18118,Annasaheb Galatge Lions Blood Centre  Run By Gadhinglaj Lions Welfare  Association,Kolhapur,A-,0.04708016808483685,0
2026-09-07,18118,Annasaheb Galatge Lions Blood Centre  Run By Gadhinglaj Lions Welfare  Association,Kolhapur,AB+,0.002255519715361972,0
2026-09-08,18118,Annasaheb Galatge Lions Blood Centre  Run By Gadhinglaj Lions Welfare  Association,Kolhapur,AB+,0.0026261041144002785,0
2026-09-09,18118,Annasaheb Galatge Lions Blood Centre  Run By Gadhinglaj Lions Welfare  Association,Kolhapur,AB+,0.0028100777365338203,0
2026-09-07,18118,Annasaheb Galatge Lions Blood Centre  Run By Gadhinglaj Lions Welfare  Association,Kolhapur,AB-,0.09588567459878689,0
2026-09-08,18118,Annasaheb Galatge Lions Blood Centre  Run By Gadhinglaj Lions Welfare  Association,Kolhapur,AB-,0.09588567459878689,0
2026-09-09,18118,Annasaheb Galatge Lions Blood Centre  Run By Gadhinglaj Lions Welfare  Association,Kolhapur,AB-,0.09588567459878689,0
2026-09-07,18118,Annasaheb Galatge Lions Blood Centre  Run By Gadhinglaj Lions Welfare  Association,Kolhapur,B+,0.00189020356093118,0
2026-09-08,18118,Annasaheb Galatge Lions Blood Centre  Run By Gadhinglaj Lions Welfare  Association,Kolhapur,B+,0.002349754007938605,0
2026-09-09,18118,Annasaheb Galatge Lions Blood Centre  Run By Gadhinglaj Lions Welfare  Association,Kolhapur,B+,0.00214741283524015,0
2026-09-07,18118,Annasaheb Galatge Lions Blood Centre  Run By Gadhinglaj Lions Welfare  Association,Kolhapur,B-,0.025965664226108902,0
2026-09-08,18118,Annasaheb Galatge Lions Blood Centre  Run By Gadhinglaj Lions Welfare  Association,Kolhapur,B-,0.02693490311827044,0
2026-09-09,18118,Annasaheb Galatge Lions Blood Centre  Run By Gadhinglaj Lions Welfare  Association,Kolhapur,B-,0.02693490311827044,0
2026-09-07,18118,Annasaheb Galatge Lions Blood Centre  Run By Gadhinglaj Lions Welfare  Association,Kolhapur,O+,0.0023477024961107147,0
2026-09-08,18118,Annasaheb Galatge Lions Blood Centre  Run By Gadhinglaj Lions Welfare  Association,Kolhapur,O+,0.007610867920401567,0
2026-09-09,18118,Annasaheb Galatge Lions Blood Centre  Run By Gadhinglaj Lions Welfare  Association,Kolhapur,O+,0.007356563255513858,0
2026-09-07,18118,Annasaheb Galatge Lions Blood Centre  Run By Gadhinglaj Lions Welfare  Association,Kolhapur,O-,0.04708016808483685,0
2026-09-08,18118,Annasaheb Galatge Lions Blood Centre  Run By Gadhinglaj Lions Welfare  Association,Kolhapur,O-,0.04708016808483685,0
2026-09-09,18118,Annasaheb Galatge Lions Blood Centre  Run By Gadhinglaj Lions Welfare  Association,Kolhapur,O-,0.04708016808483685,0
2026-09-07,18120,"Late Balasaheb Datye, Lions Blood Centre, Ichalkaranji",Kolhapur,A+,0.015609472574256846,0
2026-09-08,18120,"Late Balasaheb Datye, Lions Blood Centre, Ichalkaranji",Kolhapur,A+,0.011958586608576722,0
2026-09-09,18120,"Late Balasaheb Datye, Lions Blood Centre, Ichalkaranji",Kolhapur,A+,0.0203262434623092,0
2026-09-07,18120,"Late Balasaheb Datye, Lions Blood Centre, Ichalkaranji",Kolhapur,A-,0.9569767387238788,1
2026-09-08,18120,"Late Balasaheb Datye, Lions Blood Centre, Ichalkaranji",Kolhapur,A-,0.9569767387238788,1
2026-09-09,18120,"Late Balasaheb Datye, Lions Blood Centre, Ichalkaranji",Kolhapur,A-,0.9569767387238788,1
2026-09-07,18120,"Late Balasaheb Datye, Lions Blood Centre, Ichalkaranji",Kolhapur,AB+,0.02693490311827044,0
2026-09-08,18120,"Late Balasaheb Datye, Lions Blood Centre, Ichalkaranji",Kolhapur,AB+,0.027568089055482303,0
2026-09-09,18120,"Late Balasaheb Datye, Lions Blood Centre, Ichalkaranji",Kolhapur,AB+,0.09592721964234696,0
2026-09-07,18120,"Late Balasaheb Datye, Lions Blood Centre, Ichalkaranji",Kolhapur,AB-,0.9569767387238788,1
2026-09-08,18120,"Late Balasaheb Datye, Lions Blood Centre, Ichalkaranji",Kolhapur,AB-,0.9569767387238788,1
2026-09-09,18120,"Late Balasaheb Datye, Lions Blood Centre, Ichalkaranji",Kolhapur,AB-,0.9569767387238788,1
2026-09-07,18120,"Late Balasaheb Datye, Lions Blood Centre, Ichalkaranji",Kolhapur,B+,0.01231181379254292,0
2026-09-08,18120,"Late Balasaheb Datye, Lions Blood Centre, Ichalkaranji",Kolhapur,B+,0.01707513916947006,0
2026-09-09,18120,"Late Balasaheb Datye, Lions Blood Centre, Ichalkaranji",Kolhapur,B+,0.01364611918321208,0
2026-09-07,18120,"Late Balasaheb Datye, Lions Blood Centre, Ichalkaranji",Kolhapur,B-,0.09588567459878689,0
2026-09-08,18120,"Late Balasaheb Datye, Lions Blood Centre, Ichalkaranji",Kolhapur,B-,0.7542144173100465,1
2026-09-09,18120,"Late Balasaheb Datye, Lions Blood Centre, Ichalkaranji",Kolhapur,B-,0.8017482753365046,1
2026-09-07,18120,"Late Balasaheb Datye, Lions Blood Centre, Ichalkaranji",Kolhapur,O+,0.011467453967661667,0
2026-09-08,18120,"Late Balasaheb Datye, Lions Blood Centre, Ichalkaranji",Kolhapur,O+,0.011958586608576722,0
2026-09-09,18120,"Late Balasaheb Datye, Lions Blood Centre, Ichalkaranji",Kolhapur,O+,0.0203262434623092,0
2026-09-07,18120,"Late Balasaheb Datye, Lions Blood Centre, Ichalkaranji",Kolhapur,O-,0.9569767387238788,1
2026-09-08,18120,"Late Balasaheb Datye, Lions Blood Centre, Ichalkaranji",Kolhapur,O-,0.9569767387238788,1
2026-09-09,18120,"Late Balasaheb Datye, Lions Blood Centre, Ichalkaranji",Kolhapur,O-,0.9569767387238788,1
2026-09-07,18121,"Mahatma Gandhi Hospital Blood Centre, New Pargaon",Kolhapur,A+,0.00531931985247357,0
2026-09-08,18121,"Mahatma Gandhi Hospital Blood Centre, New Pargaon",Kolhapur,A+,0.007800721337917326,0
2026-09-09,18121,"Mahatma Gandhi Hospital Blood Centre, New Pargaon",Kolhapur,A+,0.001546854903319778,0
2026-09-07,18121,"Mahatma Gandhi Hospital Blood Centre, New Pargaon",Kolhapur,A-,0.09588567459878689,0
2026-09-08,18121,"Mahatma Gandhi Hospital Blood Centre, New Pargaon",Kolhapur,A-,0.09588567459878689,0
2026-09-09,18121,"Mahatma Gandhi Hospital Blood Centre, New Pargaon",Kolhapur,A-,0.7542144173100465,1
2026-09-07,18121,"Mahatma Gandhi Hospital Blood Centre, New Pargaon",Kolhapur,AB+,0.017718354444483823,0
2026-09-08,18121,"Mahatma Gandhi Hospital Blood Centre, New Pargaon",Kolhapur,AB+,0.017718354444483823,0
2026-09-09,18121,"Mahatma Gandhi Hospital Blood Centre, New Pargaon",Kolhapur,AB+,0.02394800779367308,0
2026-09-07,18121,"Mahatma Gandhi Hospital Blood Centre, New Pargaon",Kolhapur,AB-,0.9569767387238788,1
2026-09-08,18121,"Mahatma Gandhi Hospital Blood Centre, New Pargaon",Kolhapur,AB-,0.9569767387238788,1
2026-09-09,18121,"Mahatma Gandhi Hospital Blood Centre, New Pargaon",Kolhapur,AB-,0.9569767387238788,1
2026-09-07,18121,"Mahatma Gandhi Hospital Blood Centre, New Pargaon",Kolhapur,B+,0.020430451371612948,0
2026-09-08,18121,"Mahatma Gandhi Hospital Blood Centre, New Pargaon",Kolhapur,B+,0.011929173022146938,0
2026-09-09,18121,"Mahatma Gandhi Hospital Blood Centre, New Pargaon",Kolhapur,B+,0.04572935208160355,0
2026-09-07,18121,"Mahatma Gandhi Hospital Blood Centre, New Pargaon",Kolhapur,B-,0.09588567459878689,0
2026-09-08,18121,"Mahatma Gandhi Hospital Blood Centre, New Pargaon",Kolhapur,B-,0.09588567459878689,0
2026-09-09,18121,"Mahatma Gandhi Hospital Blood Centre, New Pargaon",Kolhapur,B-,0.09588567459878689,0
2026-09-07,18121,"Mahatma Gandhi Hospital Blood Centre, New Pargaon",Kolhapur,O+,0.001648900535990075,0
2026-09-08,18121,"Mahatma Gandhi Hospital Blood Centre, New Pargaon",Kolhapur,O+,0.003508558427838191,0
2026-09-09,18121,"Mahatma Gandhi Hospital Blood Centre, New Pargaon",Kolhapur,O+,0.0016656454620446208,0
2026-09-07,18121,"Mahatma Gandhi Hospital Blood Centre, New Pargaon",Kolhapur,O-,0.030170888001377773,0
2026-09-08,18121,"Mahatma Gandhi Hospital Blood Centre, New Pargaon",Kolhapur,O-,0.030170888001377773,0
2026-09-09,18121,"Mahatma Gandhi Hospital Blood Centre, New Pargaon",Kolhapur,O-,0.03197768588312568,0
2026-09-07,18122,Dr. D.Y Patil Hospital Blood Centre,Kolhapur,A+,0.004949183804473318,0
2026-09-08,18122,Dr. D.Y Patil Hospital Blood Centre,Kolhapur,A+,0.06524823887504616,0
2026-09-09,18122,Dr. D.Y Patil Hospital Blood Centre,Kolhapur,A+,0.011233874356536687,0
2026-09-07,18122,Dr. D.Y Patil Hospital Blood Centre,Kolhapur,A-,0.026985526510550292,0
2026-09-08,18122,Dr. D.Y Patil Hospital Blood Centre,Kolhapur,A-,0.02693490311827044,0
2026-09-09,18122,Dr. D.Y Patil Hospital Blood Centre,Kolhapur,A-,0.03170067070020004,0
2026-09-07,18122,Dr. D.Y Patil Hospital Blood Centre,Kolhapur,AB+,0.02071512381240633,0
2026-09-08,18122,Dr. D.Y Patil Hospital Blood Centre,Kolhapur,AB+,0.08648942808912738,0
2026-09-09,18122,Dr. D.Y Patil Hospital Blood Centre,Kolhapur,AB+,0.040014743840883535,0
2026-09-07,18122,Dr. D.Y Patil Hospital Blood Centre,Kolhapur,AB-,0.9569767387238788,1
2026-09-08,18122,Dr. D.Y Patil Hospital Blood Centre,Kolhapur,AB-,0.9569767387238788,1
2026-09-09,18122,Dr. D.Y Patil Hospital Blood Centre,Kolhapur,AB-,0.9569767387238788,1
2026-09-07,18122,Dr. D.Y Patil Hospital Blood Centre,Kolhapur,B+,0.002081411434515316,0
2026-09-08,18122,Dr. D.Y Patil Hospital Blood Centre,Kolhapur,B+,0.0028119955072216946,0
2026-09-09,18122,Dr. D.Y Patil Hospital Blood Centre,Kolhapur,B+,0.002349754007938605,0
2026-09-07,18122,Dr. D.Y Patil Hospital Blood Centre,Kolhapur,B-,0.04708016808483685,0
2026-09-08,18122,Dr. D.Y Patil Hospital Blood Centre,Kolhapur,B-,0.04708016808483685,0
2026-09-09,18122,Dr. D.Y Patil Hospital Blood Centre,Kolhapur,B-,0.04708016808483685,0
2026-09-07,18122,Dr. D.Y Patil Hospital Blood Centre,Kolhapur,O+,0.00189020356093118,0
2026-09-08,18122,Dr. D.Y Patil Hospital Blood Centre,Kolhapur,O+,0.003753261183199405,0
2026-09-09,18122,Dr. D.Y Patil Hospital Blood Centre,Kolhapur,O+,0.00189020356093118,0
2026-09-07,18122,Dr. D.Y Patil Hospital Blood Centre,Kolhapur,O-,0.04708016808483685,0
2026-09-08,18122,Dr. D.Y Patil Hospital Blood Centre,Kolhapur,O-,0.04708016808483685,0
2026-09-09,18122,Dr. D.Y Patil Hospital Blood Centre,Kolhapur,O-,0.04708016808483685,0
2026-09-07,18123,Rajarshi Shahu Indian Red Cross Blood Centre,Kolhapur,A+,0.0020830512448879457,0
2026-09-08,18123,Rajarshi Shahu Indian Red Cross Blood Centre,Kolhapur,A+,0.0016710067755597783,0
2026-09-09,18123,Rajarshi Shahu Indian Red Cross Blood Centre,Kolhapur,A+,0.0016710067755597783,0
2026-09-07,18123,Rajarshi Shahu Indian Red Cross Blood Centre,Kolhapur,A-,0.02693490311827044,0
2026-09-08,18123,Rajarshi Shahu Indian Red Cross Blood Centre,Kolhapur,A-,0.02693490311827044,0
2026-09-09,18123,Rajarshi Shahu Indian Red Cross Blood Centre,Kolhapur,A-,0.02693490311827044,0
2026-09-07,18123,Rajarshi Shahu Indian Red Cross Blood Centre,Kolhapur,AB+,0.00299242305747693,0
2026-09-08,18123,Rajarshi Shahu Indian Red Cross Blood Centre,Kolhapur,AB+,0.002843693631408631,0
2026-09-09,18123,Rajarshi Shahu Indian Red Cross Blood Centre,Kolhapur,AB+,0.005754059734056495,0
2026-09-07,18123,Rajarshi Shahu Indian Red Cross Blood Centre,Kolhapur,AB-,0.32268418572950647,0
2026-09-08,18123,Rajarshi Shahu Indian Red Cross Blood Centre,Kolhapur,AB-,0.14681513403309893,0
2026-09-09,18123,Rajarshi Shahu Indian Red Cross Blood Centre,Kolhapur,AB-,0.7542144173100465,1
2026-09-07,18123,Rajarshi Shahu Indian Red Cross Blood Centre,Kolhapur,B+,0.0017433775379043185,0
2026-09-08,18123,Rajarshi Shahu Indian Red Cross Blood Centre,Kolhapur,B+,0.00189020356093118,0
2026-09-09,18123,Rajarshi Shahu Indian Red Cross Blood Centre,Kolhapur,B+,0.0016710067755597783,0
2026-09-07,18123,Rajarshi Shahu Indian Red Cross Blood Centre,Kolhapur,B-,0.012760506423855105,0
2026-09-08,18123,Rajarshi Shahu Indian Red Cross Blood Centre,Kolhapur,B-,0.012760506423855105,0
2026-09-09,18123,Rajarshi Shahu Indian Red Cross Blood Centre,Kolhapur,B-,0.012760506423855105,0
2026-09-07,18123,Rajarshi Shahu Indian Red Cross Blood Centre,Kolhapur,O+,0.0018922577248733372,0
2026-09-08,18123,Rajarshi Shahu Indian Red Cross Blood Centre,Kolhapur,O+,0.00189020356093118,0
2026-09-09,18123,Rajarshi Shahu Indian Red Cross Blood Centre,Kolhapur,O+,0.0021205543004745573,0
2026-09-07,18123,Rajarshi Shahu Indian Red Cross Blood Centre,Kolhapur,O-,0.030170888001377773,0
2026-09-08,18123,Rajarshi Shahu Indian Red Cross Blood Centre,Kolhapur,O-,0.03197768588312568,0
2026-09-09,18123,Rajarshi Shahu Indian Red Cross Blood Centre,Kolhapur,O-,0.027568089055482303,0
2026-09-07,18124,Acharya Shree Tulsi Blood Centre,Kolhapur,A+,0.0023723226588842398,0
2026-09-08,18124,Acharya Shree Tulsi Blood Centre,Kolhapur,A+,0.0024785920575864776,0
2026-09-09,18124,Acharya Shree Tulsi Blood Centre,Kolhapur,A+,0.002349754007938605,0
2026-09-07,18124,Acharya Shree Tulsi Blood Centre,Kolhapur,A-,0.9569767387238788,1
2026-09-08,18124,Acharya Shree Tulsi Blood Centre,Kolhapur,A-,0.9569767387238788,1
2026-09-09,18124,Acharya Shree Tulsi Blood Centre,Kolhapur,A-,0.9569767387238788,1
2026-09-07,18124,Acharya Shree Tulsi Blood Centre,Kolhapur,AB+,0.014531313417560901,0
2026-09-08,18124,Acharya Shree Tulsi Blood Centre,Kolhapur,AB+,0.02326229355367797,0
2026-09-09,18124,Acharya Shree Tulsi Blood Centre,Kolhapur,AB+,0.018984849435819646,0
2026-09-07,18124,Acharya Shree Tulsi Blood Centre,Kolhapur,AB-,0.09588567459878689,0
2026-09-08,18124,Acharya Shree Tulsi Blood Centre,Kolhapur,AB-,0.09588567459878689,0
2026-09-09,18124,Acharya Shree Tulsi Blood Centre,Kolhapur,AB-,0.09588567459878689,0
2026-09-07,18124,Acharya Shree Tulsi Blood Centre,Kolhapur,B+,0.0021325293501712125,0
2026-09-08,18124,Acharya Shree Tulsi Blood Centre,Kolhapur,B+,0.012994862441128954,0
2026-09-09,18124,Acharya Shree Tulsi Blood Centre,Kolhapur,B+,0.002081411434515316,0
2026-09-07,18124,Acharya Shree Tulsi Blood Centre,Kolhapur,B-,0.9569767387238788,1
2026-09-08,18124,Acharya Shree Tulsi Blood Centre,Kolhapur,B-,0.9569767387238788,1
2026-09-09,18124,Acharya Shree Tulsi Blood Centre,Kolhapur,B-,0.32268418572950647,0
2026-09-07,18124,Acharya Shree Tulsi Blood Centre,Kolhapur,O+,0.002663092160503951,0
2026-09-08,18124,Acharya Shree Tulsi Blood Centre,Kolhapur,O+,0.00189020356093118,0
2026-09-09,18124,Acharya Shree Tulsi Blood Centre,Kolhapur,O+,0.001670688725475448,0
2026-09-07,18124,Acharya Shree Tulsi Blood Centre,Kolhapur,O-,0.9569767387238788,1
2026-09-08,18124,Acharya Shree Tulsi Blood Centre,Kolhapur,O-,0.9569767387238788,1
2026-09-09,18124,Acharya Shree Tulsi Blood Centre,Kolhapur,O-,0.32268418572950647,0
2026-09-07,18125,"Arpan Blood Centre, Blood Component And Apheresis Centre Kolhapur",Kolhapur,A+,0.0012081753373930854,0
2026-09-08,18125,"Arpan Blood Centre, Blood Component And Apheresis Centre Kolhapur",Kolhapur,A+,0.00189020356093118,0
2026-09-09,18125,"Arpan Blood Centre, Blood Component And Apheresis Centre Kolhapur",Kolhapur,A+,0.0016656454620446208,0
2026-09-07,18125,"Arpan Blood Centre, Blood Component And Apheresis Centre Kolhapur",Kolhapur,A-,0.9569767387238788,1
2026-09-08,18125,"Arpan Blood Centre, Blood Component And Apheresis Centre Kolhapur",Kolhapur,A-,0.31682855738935406,0
2026-09-09,18125,"Arpan Blood Centre, Blood Component And Apheresis Centre Kolhapur",Kolhapur,A-,0.11137846256372314,0
2026-09-07,18125,"Arpan Blood Centre, Blood Component And Apheresis Centre Kolhapur",Kolhapur,AB+,0.003603545314420613,0
2026-09-08,18125,"Arpan Blood Centre, Blood Component And Apheresis Centre Kolhapur",Kolhapur,AB+,0.004517960880908338,0
2026-09-09,18125,"Arpan Blood Centre, Blood Component And Apheresis Centre Kolhapur",Kolhapur,AB+,0.007718976124444231,0
2026-09-07,18125,"Arpan Blood Centre, Blood Component And Apheresis Centre Kolhapur",Kolhapur,AB-,0.7542144173100465,1
2026-09-08,18125,"Arpan Blood Centre, Blood Component And Apheresis Centre Kolhapur",Kolhapur,AB-,0.32559708094662476,0
2026-09-09,18125,"Arpan Blood Centre, Blood Component And Apheresis Centre Kolhapur",Kolhapur,AB-,0.7789323790913819,1
2026-09-07,18125,"Arpan Blood Centre, Blood Component And Apheresis Centre Kolhapur",Kolhapur,B+,0.001561785657480558,0
2026-09-08,18125,"Arpan Blood Centre, Blood Component And Apheresis Centre Kolhapur",Kolhapur,B+,0.0012081753373930854,0
2026-09-09,18125,"Arpan Blood Centre, Blood Component And Apheresis Centre Kolhapur",Kolhapur,B+,0.0012081753373930854,0
2026-09-07,18125,"Arpan Blood Centre, Blood Component And Apheresis Centre Kolhapur",Kolhapur,B-,0.32268418572950647,0
2026-09-08,18125,"Arpan Blood Centre, Blood Component And Apheresis Centre Kolhapur",Kolhapur,B-,0.05652707802842276,0
2026-09-09,18125,"Arpan Blood Centre, Blood Component And Apheresis Centre Kolhapur",Kolhapur,B-,0.16311692635487893,0
2026-09-07,18125,"Arpan Blood Centre, Blood Component And Apheresis Centre Kolhapur",Kolhapur,O+,0.0012081753373930854,0
2026-09-08,18125,"Arpan Blood Centre, Blood Component And Apheresis Centre Kolhapur",Kolhapur,O+,0.0016710067755597783,0
2026-09-09,18125,"Arpan Blood Centre, Blood Component And Apheresis Centre Kolhapur",Kolhapur,O+,0.0016656454620446208,0
2026-09-07,18125,"Arpan Blood Centre, Blood Component And Apheresis Centre Kolhapur",Kolhapur,O-,0.02394800779367308,0
2026-09-08,18125,"Arpan Blood Centre, Blood Component And Apheresis Centre Kolhapur",Kolhapur,O-,0.022813407864306006,0
2026-09-09,18125,"Arpan Blood Centre, Blood Component And Apheresis Centre Kolhapur",Kolhapur,O-,0.04799445444121937,0
2026-09-07,18126,"Sai Seva Medical Foundation, Vaibhavlaxmi Blood Centre",Kolhapur,A+,0.0016656454620446208,0
2026-09-08,18126,"Sai Seva Medical Foundation, Vaibhavlaxmi Blood Centre",Kolhapur,A+,0.0016710067755597783,0
2026-09-09,18126,"Sai Seva Medical Foundation, Vaibhavlaxmi Blood Centre",Kolhapur,A+,0.0067187931075656,0
2026-09-07,18126,"Sai Seva Medical Foundation, Vaibhavlaxmi Blood Centre",Kolhapur,A-,0.9569767387238788,1
2026-09-08,18126,"Sai Seva Medical Foundation, Vaibhavlaxmi Blood Centre",Kolhapur,A-,0.9569767387238788,1
2026-09-09,18126,"Sai Seva Medical Foundation, Vaibhavlaxmi Blood Centre",Kolhapur,A-,0.9569767387238788,1
2026-09-07,18126,"Sai Seva Medical Foundation, Vaibhavlaxmi Blood Centre",Kolhapur,AB+,0.00451027998423416,0
2026-09-08,18126,"Sai Seva Medical Foundation, Vaibhavlaxmi Blood Centre",Kolhapur,AB+,0.004030835060467592,0
2026-09-09,18126,"Sai Seva Medical Foundation, Vaibhavlaxmi Blood Centre",Kolhapur,AB+,0.006470724676695625,0
2026-09-07,18126,"Sai Seva Medical Foundation, Vaibhavlaxmi Blood Centre",Kolhapur,AB-,0.030170888001377773,0
2026-09-08,18126,"Sai Seva Medical Foundation, Vaibhavlaxmi Blood Centre",Kolhapur,AB-,0.030170888001377773,0
2026-09-09,18126,"Sai Seva Medical Foundation, Vaibhavlaxmi Blood Centre",Kolhapur,AB-,0.030170888001377773,0
2026-09-07,18126,"Sai Seva Medical Foundation, Vaibhavlaxmi Blood Centre",Kolhapur,B+,0.0016710067755597783,0
2026-09-08,18126,"Sai Seva Medical Foundation, Vaibhavlaxmi Blood Centre",Kolhapur,B+,0.0023056707977005763,0
2026-09-09,18126,"Sai Seva Medical Foundation, Vaibhavlaxmi Blood Centre",Kolhapur,B+,0.0113786599574208,0
2026-09-07,18126,"Sai Seva Medical Foundation, Vaibhavlaxmi Blood Centre",Kolhapur,B-,0.03286503439273383,0
2026-09-08,18126,"Sai Seva Medical Foundation, Vaibhavlaxmi Blood Centre",Kolhapur,B-,0.030596913276096392,0
2026-09-09,18126,"Sai Seva Medical Foundation, Vaibhavlaxmi Blood Centre",Kolhapur,B-,0.1791511862761025,0
2026-09-07,18126,"Sai Seva Medical Foundation, Vaibhavlaxmi Blood Centre",Kolhapur,O+,0.0016656454620446208,0
2026-09-08,18126,"Sai Seva Medical Foundation, Vaibhavlaxmi Blood Centre",Kolhapur,O+,0.001670688725475448,0
2026-09-09,18126,"Sai Seva Medical Foundation, Vaibhavlaxmi Blood Centre",Kolhapur,O+,0.0016710067755597783,0
2026-09-07,18126,"Sai Seva Medical Foundation, Vaibhavlaxmi Blood Centre",Kolhapur,O-,0.32559708094662476,0
2026-09-08,18126,"Sai Seva Medical Foundation, Vaibhavlaxmi Blood Centre",Kolhapur,O-,0.14681513403309893,0
2026-09-09,18126,"Sai Seva Medical Foundation, Vaibhavlaxmi Blood Centre",Kolhapur,O-,0.7542144173100465,1
2026-09-07,18129,Chattrapati Shahu Maharaj Aadhar Blood Centre,Pune,A+,0.027779608012592362,0
2026-09-08,18129,Chattrapati Shahu Maharaj Aadhar Blood Centre,Pune,A+,0.0024805699169911676,0
2026-09-09,18129,Chattrapati Shahu Maharaj Aadhar Blood Centre,Pune,A+,0.0013419021163696445,0
2026-09-07,18129,Chattrapati Shahu Maharaj Aadhar Blood Centre,Pune,A-,0.7789323790913819,1
2026-09-08,18129,Chattrapati Shahu Maharaj Aadhar Blood Centre,Pune,A-,0.32559708094662476,0
2026-09-09,18129,Chattrapati Shahu Maharaj Aadhar Blood Centre,Pune,A-,0.7789323790913819,1
2026-09-07,18129,Chattrapati Shahu Maharaj Aadhar Blood Centre,Pune,AB+,0.0045447106460079385,0
2026-09-08,18129,Chattrapati Shahu Maharaj Aadhar Blood Centre,Pune,AB+,0.02343480963722048,0
2026-09-09,18129,Chattrapati Shahu Maharaj Aadhar Blood Centre,Pune,AB+,0.011906972052575454,0
2026-09-07,18129,Chattrapati Shahu Maharaj Aadhar Blood Centre,Pune,AB-,0.7542144173100465,1
2026-09-08,18129,Chattrapati Shahu Maharaj Aadhar Blood Centre,Pune,AB-,0.8017482753365046,1
2026-09-09,18129,Chattrapati Shahu Maharaj Aadhar Blood Centre,Pune,AB-,0.9569767387238788,1
2026-09-07,18129,Chattrapati Shahu Maharaj Aadhar Blood Centre,Pune,B+,0.0016656454620446208,0
2026-09-08,18129,Chattrapati Shahu Maharaj Aadhar Blood Centre,Pune,B+,0.0015779651425224034,0
2026-09-09,18129,Chattrapati Shahu Maharaj Aadhar Blood Centre,Pune,B+,0.0012081753373930854,0
2026-09-07,18129,Chattrapati Shahu Maharaj Aadhar Blood Centre,Pune,B-,0.3440699546020756,0
2026-09-08,18129,Chattrapati Shahu Maharaj Aadhar Blood Centre,Pune,B-,0.20907401857337785,0
2026-09-09,18129,Chattrapati Shahu Maharaj Aadhar Blood Centre,Pune,B-,0.06648049104252121,0
2026-09-07,18129,Chattrapati Shahu Maharaj Aadhar Blood Centre,Pune,O+,0.00189020356093118,0
2026-09-08,18129,Chattrapati Shahu Maharaj Aadhar Blood Centre,Pune,O+,0.0011957829087145444,0
2026-09-09,18129,Chattrapati Shahu Maharaj Aadhar Blood Centre,Pune,O+,0.0016488822873041206,0
2026-09-07,18129,Chattrapati Shahu Maharaj Aadhar Blood Centre,Pune,O-,0.6466837376190555,1
2026-09-08,18129,Chattrapati Shahu Maharaj Aadhar Blood Centre,Pune,O-,0.8017482753365046,1
2026-09-09,18129,Chattrapati Shahu Maharaj Aadhar Blood Centre,Pune,O-,0.32268418572950647,0
2026-09-07,18130,"Shri Basaveshwar Manav  Vikas, Grameen Sevabhavi Sanstha, Adarsh Blood Centre",Sangli,A+,0.0022991391054977797,0
2026-09-08,18130,"Shri Basaveshwar Manav  Vikas, Grameen Sevabhavi Sanstha, Adarsh Blood Centre",Sangli,A+,0.0015950856370973117,0
2026-09-09,18130,"Shri Basaveshwar Manav  Vikas, Grameen Sevabhavi Sanstha, Adarsh Blood Centre",Sangli,A+,0.002081411434515316,0
2026-09-07,18130,"Shri Basaveshwar Manav  Vikas, Grameen Sevabhavi Sanstha, Adarsh Blood Centre",Sangli,A-,0.9569767387238788,1
2026-09-08,18130,"Shri Basaveshwar Manav  Vikas, Grameen Sevabhavi Sanstha, Adarsh Blood Centre",Sangli,A-,0.32268418572950647,0
2026-09-09,18130,"Shri Basaveshwar Manav  Vikas, Grameen Sevabhavi Sanstha, Adarsh Blood Centre",Sangli,A-,0.14681513403309893,0
2026-09-07,18130,"Shri Basaveshwar Manav  Vikas, Grameen Sevabhavi Sanstha, Adarsh Blood Centre",Sangli,AB+,0.026227637219619314,0
2026-09-08,18130,"Shri Basaveshwar Manav  Vikas, Grameen Sevabhavi Sanstha, Adarsh Blood Centre",Sangli,AB+,0.03170067070020004,0
2026-09-09,18130,"Shri Basaveshwar Manav  Vikas, Grameen Sevabhavi Sanstha, Adarsh Blood Centre",Sangli,AB+,0.08808566242787208,0
2026-09-07,18130,"Shri Basaveshwar Manav  Vikas, Grameen Sevabhavi Sanstha, Adarsh Blood Centre",Sangli,AB-,0.9569767387238788,1
2026-09-08,18130,"Shri Basaveshwar Manav  Vikas, Grameen Sevabhavi Sanstha, Adarsh Blood Centre",Sangli,AB-,0.32268418572950647,0
2026-09-09,18130,"Shri Basaveshwar Manav  Vikas, Grameen Sevabhavi Sanstha, Adarsh Blood Centre",Sangli,AB-,0.14681513403309893,0
2026-09-07,18130,"Shri Basaveshwar Manav  Vikas, Grameen Sevabhavi Sanstha, Adarsh Blood Centre",Sangli,B+,0.007612839352715141,0
2026-09-08,18130,"Shri Basaveshwar Manav  Vikas, Grameen Sevabhavi Sanstha, Adarsh Blood Centre",Sangli,B+,0.007544474503144169,0
2026-09-09,18130,"Shri Basaveshwar Manav  Vikas, Grameen Sevabhavi Sanstha, Adarsh Blood Centre",Sangli,B+,0.01686704498069042,0
2026-09-07,18130,"Shri Basaveshwar Manav  Vikas, Grameen Sevabhavi Sanstha, Adarsh Blood Centre",Sangli,B-,0.9569767387238788,1
2026-09-08,18130,"Shri Basaveshwar Manav  Vikas, Grameen Sevabhavi Sanstha, Adarsh Blood Centre",Sangli,B-,0.9569767387238788,1
2026-09-09,18130,"Shri Basaveshwar Manav  Vikas, Grameen Sevabhavi Sanstha, Adarsh Blood Centre",Sangli,B-,0.9569767387238788,1
2026-09-07,18130,"Shri Basaveshwar Manav  Vikas, Grameen Sevabhavi Sanstha, Adarsh Blood Centre",Sangli,O+,0.00189020356093118,0
2026-09-08,18130,"Shri Basaveshwar Manav  Vikas, Grameen Sevabhavi Sanstha, Adarsh Blood Centre",Sangli,O+,0.0014471106705208254,0
2026-09-09,18130,"Shri Basaveshwar Manav  Vikas, Grameen Sevabhavi Sanstha, Adarsh Blood Centre",Sangli,O+,0.00189020356093118,0
2026-09-07,18130,"Shri Basaveshwar Manav  Vikas, Grameen Sevabhavi Sanstha, Adarsh Blood Centre",Sangli,O-,0.022652282591765858,0
2026-09-08,18130,"Shri Basaveshwar Manav  Vikas, Grameen Sevabhavi Sanstha, Adarsh Blood Centre",Sangli,O-,0.024215324238568026,0
2026-09-09,18130,"Shri Basaveshwar Manav  Vikas, Grameen Sevabhavi Sanstha, Adarsh Blood Centre",Sangli,O-,0.026931144055723843,0
2026-09-07,18131,"Azad Panchi Groups, M/S Siddheshwar Blood Centre, Solapur",Solapur,A+,0.025933007711194358,0
2026-09-08,18131,"Azad Panchi Groups, M/S Siddheshwar Blood Centre, Solapur",Solapur,A+,0.003329568223509378,0
2026-09-09,18131,"Azad Panchi Groups, M/S Siddheshwar Blood Centre, Solapur",Solapur,A+,0.0013385835926315302,0
2026-09-07,18131,"Azad Panchi Groups, M/S Siddheshwar Blood Centre, Solapur",Solapur,A-,0.05652707802842276,0
2026-09-08,18131,"Azad Panchi Groups, M/S Siddheshwar Blood Centre, Solapur",Solapur,A-,0.6358654810995975,1
2026-09-09,18131,"Azad Panchi Groups, M/S Siddheshwar Blood Centre, Solapur",Solapur,A-,0.786299925543641,1
2026-09-07,18131,"Azad Panchi Groups, M/S Siddheshwar Blood Centre, Solapur",Solapur,AB+,0.015362433943592027,0
2026-09-08,18131,"Azad Panchi Groups, M/S Siddheshwar Blood Centre, Solapur",Solapur,AB+,0.08355632264691398,0
2026-09-09,18131,"Azad Panchi Groups, M/S Siddheshwar Blood Centre, Solapur",Solapur,AB+,0.04141781525354843,0
2026-09-07,18131,"Azad Panchi Groups, M/S Siddheshwar Blood Centre, Solapur",Solapur,AB-,0.14681513403309893,0
2026-09-08,18131,"Azad Panchi Groups, M/S Siddheshwar Blood Centre, Solapur",Solapur,AB-,0.09588567459878689,0
2026-09-09,18131,"Azad Panchi Groups, M/S Siddheshwar Blood Centre, Solapur",Solapur,AB-,0.09588567459878689,0
2026-09-07,18131,"Azad Panchi Groups, M/S Siddheshwar Blood Centre, Solapur",Solapur,B+,0.001631994911879064,0
2026-09-08,18131,"Azad Panchi Groups, M/S Siddheshwar Blood Centre, Solapur",Solapur,B+,0.0016710067755597783,0
2026-09-09,18131,"Azad Panchi Groups, M/S Siddheshwar Blood Centre, Solapur",Solapur,B+,0.0016710067755597783,0
2026-09-07,18131,"Azad Panchi Groups, M/S Siddheshwar Blood Centre, Solapur",Solapur,B-,0.16311692635487893,0
2026-09-08,18131,"Azad Panchi Groups, M/S Siddheshwar Blood Centre, Solapur",Solapur,B-,0.09588567459878689,0
2026-09-09,18131,"Azad Panchi Groups, M/S Siddheshwar Blood Centre, Solapur",Solapur,B-,0.09588567459878689,0
2026-09-07,18131,"Azad Panchi Groups, M/S Siddheshwar Blood Centre, Solapur",Solapur,O+,0.001561785657480558,0
2026-09-08,18131,"Azad Panchi Groups, M/S Siddheshwar Blood Centre, Solapur",Solapur,O+,0.00189020356093118,0
2026-09-09,18131,"Azad Panchi Groups, M/S Siddheshwar Blood Centre, Solapur",Solapur,O+,0.0016710067755597783,0
2026-09-07,18131,"Azad Panchi Groups, M/S Siddheshwar Blood Centre, Solapur",Solapur,O-,0.06811104617048193,0
2026-09-08,18131,"Azad Panchi Groups, M/S Siddheshwar Blood Centre, Solapur",Solapur,O-,0.07105022241162556,0
2026-09-09,18131,"Azad Panchi Groups, M/S Siddheshwar Blood Centre, Solapur",Solapur,O-,0.04708016808483685,0
2026-09-07,18132,Jeevandhara Blood Centre,Kolhapur,A+,0.9569767387238788,1
2026-09-08,18132,Jeevandhara Blood Centre,Kolhapur,A+,0.9569767387238788,1
2026-09-09,18132,Jeevandhara Blood Centre,Kolhapur,A+,0.9569767387238788,1
2026-09-07,18132,Jeevandhara Blood Centre,Kolhapur,A-,0.9569767387238788,1
2026-09-08,18132,Jeevandhara Blood Centre,Kolhapur,A-,0.9569767387238788,1
2026-09-09,18132,Jeevandhara Blood Centre,Kolhapur,A-,0.9569767387238788,1
2026-09-07,18132,Jeevandhara Blood Centre,Kolhapur,AB+,0.9569767387238788,1
2026-09-08,18132,Jeevandhara Blood Centre,Kolhapur,AB+,0.9569767387238788,1
2026-09-09,18132,Jeevandhara Blood Centre,Kolhapur,AB+,0.9569767387238788,1
2026-09-07,18132,Jeevandhara Blood Centre,Kolhapur,AB-,0.9569767387238788,1
2026-09-08,18132,Jeevandhara Blood Centre,Kolhapur,AB-,0.9569767387238788,1
2026-09-09,18132,Jeevandhara Blood Centre,Kolhapur,AB-,0.9569767387238788,1
2026-09-07,18132,Jeevandhara Blood Centre,Kolhapur,B+,0.0016776055695468864,0
2026-09-08,18132,Jeevandhara Blood Centre,Kolhapur,B+,0.0016710067755597783,0
2026-09-09,18132,Jeevandhara Blood Centre,Kolhapur,B+,0.0016710067755597783,0
2026-09-07,18132,Jeevandhara Blood Centre,Kolhapur,B-,0.9569767387238788,1
2026-09-08,18132,Jeevandhara Blood Centre,Kolhapur,B-,0.9569767387238788,1
2026-09-09,18132,Jeevandhara Blood Centre,Kolhapur,B-,0.9569767387238788,1
2026-09-07,18132,Jeevandhara Blood Centre,Kolhapur,O+,0.08401811396478191,0
2026-09-08,18132,Jeevandhara Blood Centre,Kolhapur,O+,0.3440699546020756,0
2026-09-09,18132,Jeevandhara Blood Centre,Kolhapur,O+,0.7230546871564677,1
2026-09-07,18132,Jeevandhara Blood Centre,Kolhapur,O-,0.9569767387238788,1
2026-09-08,18132,Jeevandhara Blood Centre,Kolhapur,O-,0.9569767387238788,1
2026-09-09,18132,Jeevandhara Blood Centre,Kolhapur,O-,0.9569767387238788,1
2026-09-07,18134,"Azad Panchi Groups, Miraj Serological Institute Blood Centre",Sangli,A+,0.003252455754604577,0
2026-09-08,18134,"Azad Panchi Groups, Miraj Serological Institute Blood Centre",Sangli,A+,0.00189020356093118,0
2026-09-09,18134,"Azad Panchi Groups, Miraj Serological Institute Blood Centre",Sangli,A+,0.0018922577248733372,0
2026-09-07,18134,"Azad Panchi Groups, Miraj Serological Institute Blood Centre",Sangli,A-,0.16210439842287436,0
2026-09-08,18134,"Azad Panchi Groups, Miraj Serological Institute Blood Centre",Sangli,A-,0.16311692635487893,0
2026-09-09,18134,"Azad Panchi Groups, Miraj Serological Institute Blood Centre",Sangli,A-,0.09588567459878689,0
2026-09-07,18134,"Azad Panchi Groups, Miraj Serological Institute Blood Centre",Sangli,AB+,0.012208333080213981,0
2026-09-08,18134,"Azad Panchi Groups, Miraj Serological Institute Blood Centre",Sangli,AB+,0.011958586608576722,0
2026-09-09,18134,"Azad Panchi Groups, Miraj Serological Institute Blood Centre",Sangli,AB+,0.0203262434623092,0
2026-09-07,18134,"Azad Panchi Groups, Miraj Serological Institute Blood Centre",Sangli,AB-,0.09588567459878689,0
2026-09-08,18134,"Azad Panchi Groups, Miraj Serological Institute Blood Centre",Sangli,AB-,0.09588567459878689,0
2026-09-09,18134,"Azad Panchi Groups, Miraj Serological Institute Blood Centre",Sangli,AB-,0.09588567459878689,0
2026-09-07,18134,"Azad Panchi Groups, Miraj Serological Institute Blood Centre",Sangli,B+,0.00189020356093118,0
2026-09-08,18134,"Azad Panchi Groups, Miraj Serological Institute Blood Centre",Sangli,B+,0.00189020356093118,0
2026-09-09,18134,"Azad Panchi Groups, Miraj Serological Institute Blood Centre",Sangli,B+,0.0018922577248733372,0
2026-09-07,18134,"Azad Panchi Groups, Miraj Serological Institute Blood Centre",Sangli,B-,0.7542144173100465,1
2026-09-08,18134,"Azad Panchi Groups, Miraj Serological Institute Blood Centre",Sangli,B-,0.8017482753365046,1
2026-09-09,18134,"Azad Panchi Groups, Miraj Serological Institute Blood Centre",Sangli,B-,0.9569767387238788,1
2026-09-07,18134,"Azad Panchi Groups, Miraj Serological Institute Blood Centre",Sangli,O+,0.0034619659921872234,0
2026-09-08,18134,"Azad Panchi Groups, Miraj Serological Institute Blood Centre",Sangli,O+,0.002081411434515316,0
2026-09-09,18134,"Azad Panchi Groups, Miraj Serological Institute Blood Centre",Sangli,O+,0.001960588491586925,0
2026-09-07,18134,"Azad Panchi Groups, Miraj Serological Institute Blood Centre",Sangli,O-,0.027568089055482303,0
2026-09-08,18134,"Azad Panchi Groups, Miraj Serological Institute Blood Centre",Sangli,O-,0.028831849716799477,0
2026-09-09,18134,"Azad Panchi Groups, Miraj Serological Institute Blood Centre",Sangli,O-,0.030170888001377773,0
2026-09-07,18135,"M/S. Shri Hazur Saheb Blood Centre, Components Laboratory And Apheresis  Centre",Parbhani,A+,0.0023477024961107147,0
2026-09-08,18135,"M/S. Shri Hazur Saheb Blood Centre, Components Laboratory And Apheresis  Centre",Parbhani,A+,0.0038758457973511106,0
2026-09-09,18135,"M/S. Shri Hazur Saheb Blood Centre, Components Laboratory And Apheresis  Centre",Parbhani,A+,0.00189020356093118,0
2026-09-07,18135,"M/S. Shri Hazur Saheb Blood Centre, Components Laboratory And Apheresis  Centre",Parbhani,A-,0.05202420222433954,0
2026-09-08,18135,"M/S. Shri Hazur Saheb Blood Centre, Components Laboratory And Apheresis  Centre",Parbhani,A-,0.04708016808483685,0
2026-09-09,18135,"M/S. Shri Hazur Saheb Blood Centre, Components Laboratory And Apheresis  Centre",Parbhani,A-,0.03286503439273383,0
2026-09-07,18135,"M/S. Shri Hazur Saheb Blood Centre, Components Laboratory And Apheresis  Centre",Parbhani,AB+,0.0021448794670033905,0
2026-09-08,18135,"M/S. Shri Hazur Saheb Blood Centre, Components Laboratory And Apheresis  Centre",Parbhani,AB+,0.002081411434515316,0
2026-09-09,18135,"M/S. Shri Hazur Saheb Blood Centre, Components Laboratory And Apheresis  Centre",Parbhani,AB+,0.003136018863778596,0
2026-09-07,18135,"M/S. Shri Hazur Saheb Blood Centre, Components Laboratory And Apheresis  Centre",Parbhani,AB-,0.02736043162432607,0
2026-09-08,18135,"M/S. Shri Hazur Saheb Blood Centre, Components Laboratory And Apheresis  Centre",Parbhani,AB-,0.030146238907467458,0
2026-09-09,18135,"M/S. Shri Hazur Saheb Blood Centre, Components Laboratory And Apheresis  Centre",Parbhani,AB-,0.025965664226108902,0
2026-09-07,18135,"M/S. Shri Hazur Saheb Blood Centre, Components Laboratory And Apheresis  Centre",Parbhani,B+,0.002081411434515316,0
2026-09-08,18135,"M/S. Shri Hazur Saheb Blood Centre, Components Laboratory And Apheresis  Centre",Parbhani,B+,0.002082288689154752,0
2026-09-09,18135,"M/S. Shri Hazur Saheb Blood Centre, Components Laboratory And Apheresis  Centre",Parbhani,B+,0.002081411434515316,0
2026-09-07,18135,"M/S. Shri Hazur Saheb Blood Centre, Components Laboratory And Apheresis  Centre",Parbhani,B-,0.043268062053674804,0
2026-09-08,18135,"M/S. Shri Hazur Saheb Blood Centre, Components Laboratory And Apheresis  Centre",Parbhani,B-,0.03557172539241281,0
2026-09-09,18135,"M/S. Shri Hazur Saheb Blood Centre, Components Laboratory And Apheresis  Centre",Parbhani,B-,0.025965664226108902,0
2026-09-07,18135,"M/S. Shri Hazur Saheb Blood Centre, Components Laboratory And Apheresis  Centre",Parbhani,O+,0.0027440464949310722,0
2026-09-08,18135,"M/S. Shri Hazur Saheb Blood Centre, Components Laboratory And Apheresis  Centre",Parbhani,O+,0.002081411434515316,0
2026-09-09,18135,"M/S. Shri Hazur Saheb Blood Centre, Components Laboratory And Apheresis  Centre",Parbhani,O+,0.0020812735055185626,0
2026-09-07,18135,"M/S. Shri Hazur Saheb Blood Centre, Components Laboratory And Apheresis  Centre",Parbhani,O-,0.03171643323000929,0
2026-09-08,18135,"M/S. Shri Hazur Saheb Blood Centre, Components Laboratory And Apheresis  Centre",Parbhani,O-,0.045072468254795155,0
2026-09-09,18135,"M/S. Shri Hazur Saheb Blood Centre, Components Laboratory And Apheresis  Centre",Parbhani,O-,0.15740285641896068,0
2026-09-07,18136,M/S. Global Hospital-Super Speciality Andtransplant Centre,Mumbai,A+,0.016537943416287754,0
2026-09-08,18136,M/S. Global Hospital-Super Speciality Andtransplant Centre,Mumbai,A+,0.015099787547956631,0
2026-09-09,18136,M/S. Global Hospital-Super Speciality Andtransplant Centre,Mumbai,A+,0.004517960880908338,0
2026-09-07,18136,M/S. Global Hospital-Super Speciality Andtransplant Centre,Mumbai,A-,0.02693490311827044,0
2026-09-08,18136,M/S. Global Hospital-Super Speciality Andtransplant Centre,Mumbai,A-,0.02693490311827044,0
2026-09-09,18136,M/S. Global Hospital-Super Speciality Andtransplant Centre,Mumbai,A-,0.02693490311827044,0
2026-09-07,18136,M/S. Global Hospital-Super Speciality Andtransplant Centre,Mumbai,AB+,0.025680519076217566,0
2026-09-08,18136,M/S. Global Hospital-Super Speciality Andtransplant Centre,Mumbai,AB+,0.026362450248786213,0
2026-09-09,18136,M/S. Global Hospital-Super Speciality Andtransplant Centre,Mumbai,AB+,0.020344597991992387,0
2026-09-07,18136,M/S. Global Hospital-Super Speciality Andtransplant Centre,Mumbai,AB-,0.9569767387238788,1
2026-09-08,18136,M/S. Global Hospital-Super Speciality Andtransplant Centre,Mumbai,AB-,0.9569767387238788,1
2026-09-09,18136,M/S. Global Hospital-Super Speciality Andtransplant Centre,Mumbai,AB-,0.9569767387238788,1
2026-09-07,18136,M/S. Global Hospital-Super Speciality Andtransplant Centre,Mumbai,B+,0.011275268336425871,0
2026-09-08,18136,M/S. Global Hospital-Super Speciality Andtransplant Centre,Mumbai,B+,0.009497712398563507,0
2026-09-09,18136,M/S. Global Hospital-Super Speciality Andtransplant Centre,Mumbai,B+,0.006348834211514403,0
2026-09-07,18136,M/S. Global Hospital-Super Speciality Andtransplant Centre,Mumbai,B-,0.04708016808483685,0
2026-09-08,18136,M/S. Global Hospital-Super Speciality Andtransplant Centre,Mumbai,B-,0.04708016808483685,0
2026-09-09,18136,M/S. Global Hospital-Super Speciality Andtransplant Centre,Mumbai,B-,0.04708016808483685,0
2026-09-07,18136,M/S. Global Hospital-Super Speciality Andtransplant Centre,Mumbai,O+,0.0038463043842297574,0
2026-09-08,18136,M/S. Global Hospital-Super Speciality Andtransplant Centre,Mumbai,O+,0.007465900160729858,0
2026-09-09,18136,M/S. Global Hospital-Super Speciality Andtransplant Centre,Mumbai,O+,0.004379405824755255,0
2026-09-07,18136,M/S. Global Hospital-Super Speciality Andtransplant Centre,Mumbai,O-,0.04708016808483685,0
2026-09-08,18136,M/S. Global Hospital-Super Speciality Andtransplant Centre,Mumbai,O-,0.04708016808483685,0
2026-09-09,18136,M/S. Global Hospital-Super Speciality Andtransplant Centre,Mumbai,O-,0.04708016808483685,0
2026-09-07,18137,"Padmashri Dr. Vitthalrao Vikhe Patil Foundation Ahmednagar Medical College  Hospital, Blood Bank",Ahmadnagar,A+,0.00525746808724382,0
2026-09-08,18137,"Padmashri Dr. Vitthalrao Vikhe Patil Foundation Ahmednagar Medical College  Hospital, Blood Bank",Ahmadnagar,A+,0.006291880181831053,0
2026-09-09,18137,"Padmashri Dr. Vitthalrao Vikhe Patil Foundation Ahmednagar Medical College  Hospital, Blood Bank",Ahmadnagar,A+,0.002151125901944758,0
2026-09-07,18137,"Padmashri Dr. Vitthalrao Vikhe Patil Foundation Ahmednagar Medical College  Hospital, Blood Bank",Ahmadnagar,A-,0.02693490311827044,0
2026-09-08,18137,"Padmashri Dr. Vitthalrao Vikhe Patil Foundation Ahmednagar Medical College  Hospital, Blood Bank",Ahmadnagar,A-,0.08680707578515685,0
2026-09-09,18137,"Padmashri Dr. Vitthalrao Vikhe Patil Foundation Ahmednagar Medical College  Hospital, Blood Bank",Ahmadnagar,A-,0.0726101230638756,0
2026-09-07,18137,"Padmashri Dr. Vitthalrao Vikhe Patil Foundation Ahmednagar Medical College  Hospital, Blood Bank",Ahmadnagar,AB+,0.005312884228245267,0
2026-09-08,18137,"Padmashri Dr. Vitthalrao Vikhe Patil Foundation Ahmednagar Medical College  Hospital, Blood Bank",Ahmadnagar,AB+,0.005312884228245267,0
2026-09-09,18137,"Padmashri Dr. Vitthalrao Vikhe Patil Foundation Ahmednagar Medical College  Hospital, Blood Bank",Ahmadnagar,AB+,0.0049567021558786836,0
2026-09-07,18137,"Padmashri Dr. Vitthalrao Vikhe Patil Foundation Ahmednagar Medical College  Hospital, Blood Bank",Ahmadnagar,AB-,0.09588567459878689,0
2026-09-08,18137,"Padmashri Dr. Vitthalrao Vikhe Patil Foundation Ahmednagar Medical College  Hospital, Blood Bank",Ahmadnagar,AB-,0.09588567459878689,0
2026-09-09,18137,"Padmashri Dr. Vitthalrao Vikhe Patil Foundation Ahmednagar Medical College  Hospital, Blood Bank",Ahmadnagar,AB-,0.09588567459878689,0
2026-09-07,18137,"Padmashri Dr. Vitthalrao Vikhe Patil Foundation Ahmednagar Medical College  Hospital, Blood Bank",Ahmadnagar,B+,0.007399275245143235,0
2026-09-08,18137,"Padmashri Dr. Vitthalrao Vikhe Patil Foundation Ahmednagar Medical College  Hospital, Blood Bank",Ahmadnagar,B+,0.009641414903689832,0
2026-09-09,18137,"Padmashri Dr. Vitthalrao Vikhe Patil Foundation Ahmednagar Medical College  Hospital, Blood Bank",Ahmadnagar,B+,0.00955551115414873,0
2026-09-07,18137,"Padmashri Dr. Vitthalrao Vikhe Patil Foundation Ahmednagar Medical College  Hospital, Blood Bank",Ahmadnagar,B-,0.04708016808483685,0
2026-09-08,18137,"Padmashri Dr. Vitthalrao Vikhe Patil Foundation Ahmednagar Medical College  Hospital, Blood Bank",Ahmadnagar,B-,0.16210439842287436,0
2026-09-09,18137,"Padmashri Dr. Vitthalrao Vikhe Patil Foundation Ahmednagar Medical College  Hospital, Blood Bank",Ahmadnagar,B-,0.16311692635487893,0
2026-09-07,18137,"Padmashri Dr. Vitthalrao Vikhe Patil Foundation Ahmednagar Medical College  Hospital, Blood Bank",Ahmadnagar,O+,0.0022382683552138708,0
2026-09-08,18137,"Padmashri Dr. Vitthalrao Vikhe Patil Foundation Ahmednagar Medical College  Hospital, Blood Bank",Ahmadnagar,O+,0.012983637903559792,0
2026-09-09,18137,"Padmashri Dr. Vitthalrao Vikhe Patil Foundation Ahmednagar Medical College  Hospital, Blood Bank",Ahmadnagar,O+,0.00208225315137505,0
2026-09-07,18137,"Padmashri Dr. Vitthalrao Vikhe Patil Foundation Ahmednagar Medical College  Hospital, Blood Bank",Ahmadnagar,O-,0.045072468254795155,0
2026-09-08,18137,"Padmashri Dr. Vitthalrao Vikhe Patil Foundation Ahmednagar Medical College  Hospital, Blood Bank",Ahmadnagar,O-,0.05202420222433954,0
2026-09-09,18137,"Padmashri Dr. Vitthalrao Vikhe Patil Foundation Ahmednagar Medical College  Hospital, Blood Bank",Ahmadnagar,O-,0.04708016808483685,0
2026-09-07,18138,Jankalyan Blood Centre,Ahmadnagar,A+,0.0012081753373930854,0
2026-09-08,18138,Jankalyan Blood Centre,Ahmadnagar,A+,0.0016488822873041206,0
2026-09-09,18138,Jankalyan Blood Centre,Ahmadnagar,A+,0.0016538748790557787,0
2026-09-07,18138,Jankalyan Blood Centre,Ahmadnagar,A-,0.030170888001377773,0
2026-09-08,18138,Jankalyan Blood Centre,Ahmadnagar,A-,0.045072468254795155,0
2026-09-09,18138,Jankalyan Blood Centre,Ahmadnagar,A-,0.15740285641896068,0
2026-09-07,18138,Jankalyan Blood Centre,Ahmadnagar,AB+,0.0020788401410570135,0
2026-09-08,18138,Jankalyan Blood Centre,Ahmadnagar,AB+,0.017285928027814777,0
2026-09-09,18138,Jankalyan Blood Centre,Ahmadnagar,AB+,0.0037240499257303853,0
2026-09-07,18138,Jankalyan Blood Centre,Ahmadnagar,AB-,0.03286503439273383,0
2026-09-08,18138,Jankalyan Blood Centre,Ahmadnagar,AB-,0.05202420222433954,0
2026-09-09,18138,Jankalyan Blood Centre,Ahmadnagar,AB-,0.05202420222433954,0
2026-09-07,18138,Jankalyan Blood Centre,Ahmadnagar,B+,0.0011957829087145444,0
2026-09-08,18138,Jankalyan Blood Centre,Ahmadnagar,B+,0.0016488822873041206,0
2026-09-09,18138,Jankalyan Blood Centre,Ahmadnagar,B+,0.0016538748790557787,0
2026-09-07,18138,Jankalyan Blood Centre,Ahmadnagar,B-,0.04708016808483685,0
2026-09-08,18138,Jankalyan Blood Centre,Ahmadnagar,B-,0.16210439842287436,0
2026-09-09,18138,Jankalyan Blood Centre,Ahmadnagar,B-,0.6732578724904705,1
2026-09-07,18138,Jankalyan Blood Centre,Ahmadnagar,O+,0.0011957829087145444,0
2026-09-08,18138,Jankalyan Blood Centre,Ahmadnagar,O+,0.0032870495541700404,0
2026-09-09,18138,Jankalyan Blood Centre,Ahmadnagar,O+,0.0016538748790557787,0
2026-09-07,18138,Jankalyan Blood Centre,Ahmadnagar,O-,0.07000733556595519,0
2026-09-08,18138,Jankalyan Blood Centre,Ahmadnagar,O-,0.08399244096547208,0
2026-09-09,18138,Jankalyan Blood Centre,Ahmadnagar,O-,0.10570652957947822,0
2026-09-07,18139,Pravara Medical Trusts Blood Centre,Ahmadnagar,A+,0.0024025521514101414,0
2026-09-08,18139,Pravara Medical Trusts Blood Centre,Ahmadnagar,A+,0.002885565664141321,0
2026-09-09,18139,Pravara Medical Trusts Blood Centre,Ahmadnagar,A+,0.01365174713943916,0
2026-09-07,18139,Pravara Medical Trusts Blood Centre,Ahmadnagar,A-,0.09588567459878689,0
2026-09-08,18139,Pravara Medical Trusts Blood Centre,Ahmadnagar,A-,0.7542144173100465,1
2026-09-09,18139,Pravara Medical Trusts Blood Centre,Ahmadnagar,A-,0.8017482753365046,1
2026-09-07,18139,Pravara Medical Trusts Blood Centre,Ahmadnagar,AB+,0.01231181379254292,0
2026-09-08,18139,Pravara Medical Trusts Blood Centre,Ahmadnagar,AB+,0.015706928154181055,0
2026-09-09,18139,Pravara Medical Trusts Blood Centre,Ahmadnagar,AB+,0.01385349321171606,0
2026-09-07,18139,Pravara Medical Trusts Blood Centre,Ahmadnagar,AB-,0.9569767387238788,1
2026-09-08,18139,Pravara Medical Trusts Blood Centre,Ahmadnagar,AB-,0.9569767387238788,1
2026-09-09,18139,Pravara Medical Trusts Blood Centre,Ahmadnagar,AB-,0.9569767387238788,1
2026-09-07,18139,Pravara Medical Trusts Blood Centre,Ahmadnagar,B+,0.02340823945600792,0
2026-09-08,18139,Pravara Medical Trusts Blood Centre,Ahmadnagar,B+,0.010305967896048988,0
2026-09-09,18139,Pravara Medical Trusts Blood Centre,Ahmadnagar,B+,0.007698623105980113,0
2026-09-07,18139,Pravara Medical Trusts Blood Centre,Ahmadnagar,B-,0.02693490311827044,0
2026-09-08,18139,Pravara Medical Trusts Blood Centre,Ahmadnagar,B-,0.02693490311827044,0
2026-09-09,18139,Pravara Medical Trusts Blood Centre,Ahmadnagar,B-,0.02693490311827044,0
2026-09-07,18139,Pravara Medical Trusts Blood Centre,Ahmadnagar,O+,0.009656475654358287,0
2026-09-08,18139,Pravara Medical Trusts Blood Centre,Ahmadnagar,O+,0.008229915289321587,0
2026-09-09,18139,Pravara Medical Trusts Blood Centre,Ahmadnagar,O+,0.045568700407325156,0
2026-09-07,18139,Pravara Medical Trusts Blood Centre,Ahmadnagar,O-,0.04708016808483685,0
2026-09-08,18139,Pravara Medical Trusts Blood Centre,Ahmadnagar,O-,0.04708016808483685,0
2026-09-09,18139,Pravara Medical Trusts Blood Centre,Ahmadnagar,O-,0.03286503439273383,0
2026-09-07,18140,Shri Sainath Blood Centre,Ahmadnagar,A+,0.9569767387238788,1
2026-09-08,18140,Shri Sainath Blood Centre,Ahmadnagar,A+,0.9569767387238788,1
2026-09-09,18140,Shri Sainath Blood Centre,Ahmadnagar,A+,0.9569767387238788,1
2026-09-07,18140,Shri Sainath Blood Centre,Ahmadnagar,A-,0.9569767387238788,1
2026-09-08,18140,Shri Sainath Blood Centre,Ahmadnagar,A-,0.9569767387238788,1
2026-09-09,18140,Shri Sainath Blood Centre,Ahmadnagar,A-,0.9569767387238788,1
2026-09-07,18140,Shri Sainath Blood Centre,Ahmadnagar,AB+,0.9569767387238788,1
2026-09-08,18140,Shri Sainath Blood Centre,Ahmadnagar,AB+,0.9569767387238788,1
2026-09-09,18140,Shri Sainath Blood Centre,Ahmadnagar,AB+,0.9569767387238788,1
2026-09-07,18140,Shri Sainath Blood Centre,Ahmadnagar,AB-,0.9569767387238788,1
2026-09-08,18140,Shri Sainath Blood Centre,Ahmadnagar,AB-,0.9569767387238788,1
2026-09-09,18140,Shri Sainath Blood Centre,Ahmadnagar,AB-,0.9569767387238788,1
2026-09-07,18140,Shri Sainath Blood Centre,Ahmadnagar,B+,0.9569767387238788,1
2026-09-08,18140,Shri Sainath Blood Centre,Ahmadnagar,B+,0.9569767387238788,1
2026-09-09,18140,Shri Sainath Blood Centre,Ahmadnagar,B+,0.9569767387238788,1
2026-09-07,18140,Shri Sainath Blood Centre,Ahmadnagar,B-,0.9569767387238788,1
2026-09-08,18140,Shri Sainath Blood Centre,Ahmadnagar,B-,0.9569767387238788,1
2026-09-09,18140,Shri Sainath Blood Centre,Ahmadnagar,B-,0.9569767387238788,1
2026-09-07,18140,Shri Sainath Blood Centre,Ahmadnagar,O+,0.9569767387238788,1
2026-09-08,18140,Shri Sainath Blood Centre,Ahmadnagar,O+,0.9569767387238788,1
2026-09-09,18140,Shri Sainath Blood Centre,Ahmadnagar,O+,0.9569767387238788,1
2026-09-07,18140,Shri Sainath Blood Centre,Ahmadnagar,O-,0.9569767387238788,1
2026-09-08,18140,Shri Sainath Blood Centre,Ahmadnagar,O-,0.9569767387238788,1
2026-09-09,18140,Shri Sainath Blood Centre,Ahmadnagar,O-,0.9569767387238788,1
2026-09-07,18141,Ahmednagar Municipal Council Blood Centre,Ahmadnagar,A+,0.9569767387238788,1
2026-09-08,18141,Ahmednagar Municipal Council Blood Centre,Ahmadnagar,A+,0.9569767387238788,1
2026-09-09,18141,Ahmednagar Municipal Council Blood Centre,Ahmadnagar,A+,0.9569767387238788,1
2026-09-07,18141,Ahmednagar Municipal Council Blood Centre,Ahmadnagar,A-,0.9569767387238788,1
2026-09-08,18141,Ahmednagar Municipal Council Blood Centre,Ahmadnagar,A-,0.9569767387238788,1
2026-09-09,18141,Ahmednagar Municipal Council Blood Centre,Ahmadnagar,A-,0.9569767387238788,1
2026-09-07,18141,Ahmednagar Municipal Council Blood Centre,Ahmadnagar,AB+,0.9569767387238788,1
2026-09-08,18141,Ahmednagar Municipal Council Blood Centre,Ahmadnagar,AB+,0.9569767387238788,1
2026-09-09,18141,Ahmednagar Municipal Council Blood Centre,Ahmadnagar,AB+,0.9569767387238788,1
2026-09-07,18141,Ahmednagar Municipal Council Blood Centre,Ahmadnagar,AB-,0.9569767387238788,1
2026-09-08,18141,Ahmednagar Municipal Council Blood Centre,Ahmadnagar,AB-,0.9569767387238788,1
2026-09-09,18141,Ahmednagar Municipal Council Blood Centre,Ahmadnagar,AB-,0.9569767387238788,1
2026-09-07,18141,Ahmednagar Municipal Council Blood Centre,Ahmadnagar,B+,0.9569767387238788,1
2026-09-08,18141,Ahmednagar Municipal Council Blood Centre,Ahmadnagar,B+,0.9569767387238788,1
2026-09-09,18141,Ahmednagar Municipal Council Blood Centre,Ahmadnagar,B+,0.9569767387238788,1
2026-09-07,18141,Ahmednagar Municipal Council Blood Centre,Ahmadnagar,B-,0.9569767387238788,1
2026-09-08,18141,Ahmednagar Municipal Council Blood Centre,Ahmadnagar,B-,0.9569767387238788,1
2026-09-09,18141,Ahmednagar Municipal Council Blood Centre,Ahmadnagar,B-,0.9569767387238788,1
2026-09-07,18141,Ahmednagar Municipal Council Blood Centre,Ahmadnagar,O+,0.9569767387238788,1
2026-09-08,18141,Ahmednagar Municipal Council Blood Centre,Ahmadnagar,O+,0.9569767387238788,1
2026-09-09,18141,Ahmednagar Municipal Council Blood Centre,Ahmadnagar,O+,0.9569767387238788,1
2026-09-07,18141,Ahmednagar Municipal Council Blood Centre,Ahmadnagar,O-,0.9569767387238788,1
2026-09-08,18141,Ahmednagar Municipal Council Blood Centre,Ahmadnagar,O-,0.9569767387238788,1
2026-09-09,18141,Ahmednagar Municipal Council Blood Centre,Ahmadnagar,O-,0.9569767387238788,1
2026-09-07,18142,"Civil Surgeon, General Hospital, Blood Centre",Ahmadnagar,A+,0.0022971773746879084,0
2026-09-08,18142,"Civil Surgeon, General Hospital, Blood Centre",Ahmadnagar,A+,0.002081411434515316,0
2026-09-09,18142,"Civil Surgeon, General Hospital, Blood Centre",Ahmadnagar,A+,0.021753075640940454,0
2026-09-07,18142,"Civil Surgeon, General Hospital, Blood Centre",Ahmadnagar,A-,0.014087102374573161,0
2026-09-08,18142,"Civil Surgeon, General Hospital, Blood Centre",Ahmadnagar,A-,0.014087102374573161,0
2026-09-09,18142,"Civil Surgeon, General Hospital, Blood Centre",Ahmadnagar,A-,0.014087102374573161,0
2026-09-07,18142,"Civil Surgeon, General Hospital, Blood Centre",Ahmadnagar,AB+,0.0256730602242909,0
2026-09-08,18142,"Civil Surgeon, General Hospital, Blood Centre",Ahmadnagar,AB+,0.0023011712854675353,0
2026-09-09,18142,"Civil Surgeon, General Hospital, Blood Centre",Ahmadnagar,AB+,0.0023011712854675353,0
2026-09-07,18142,"Civil Surgeon, General Hospital, Blood Centre",Ahmadnagar,AB-,0.020904625123971836,0
2026-09-08,18142,"Civil Surgeon, General Hospital, Blood Centre",Ahmadnagar,AB-,0.02693490311827044,0
2026-09-09,18142,"Civil Surgeon, General Hospital, Blood Centre",Ahmadnagar,AB-,0.02693490311827044,0
2026-09-07,18142,"Civil Surgeon, General Hospital, Blood Centre",Ahmadnagar,B+,0.0021205543004745573,0
2026-09-08,18142,"Civil Surgeon, General Hospital, Blood Centre",Ahmadnagar,B+,0.002081411434515316,0
2026-09-09,18142,"Civil Surgeon, General Hospital, Blood Centre",Ahmadnagar,B+,0.002230113899832779,0
2026-09-07,18142,"Civil Surgeon, General Hospital, Blood Centre",Ahmadnagar,B-,0.06806076553524522,0
2026-09-08,18142,"Civil Surgeon, General Hospital, Blood Centre",Ahmadnagar,B-,0.04708016808483685,0
2026-09-09,18142,"Civil Surgeon, General Hospital, Blood Centre",Ahmadnagar,B-,0.04708016808483685,0
2026-09-07,18142,"Civil Surgeon, General Hospital, Blood Centre",Ahmadnagar,O+,0.0023477024961107147,0
2026-09-08,18142,"Civil Surgeon, General Hospital, Blood Centre",Ahmadnagar,O+,0.0023477024961107147,0
2026-09-09,18142,"Civil Surgeon, General Hospital, Blood Centre",Ahmadnagar,O+,0.0024174371375470325,0
2026-09-07,18142,"Civil Surgeon, General Hospital, Blood Centre",Ahmadnagar,O-,0.09588567459878689,0
2026-09-08,18142,"Civil Surgeon, General Hospital, Blood Centre",Ahmadnagar,O-,0.09588567459878689,0
2026-09-09,18142,"Civil Surgeon, General Hospital, Blood Centre",Ahmadnagar,O-,0.09588567459878689,0
2026-09-07,18143,Dr. JondhaleS Nityaseva Blood Centre,Ahmadnagar,A+,0.03433806880745227,0
2026-09-08,18143,Dr. JondhaleS Nityaseva Blood Centre,Ahmadnagar,A+,0.06197371241196577,0
2026-09-09,18143,Dr. JondhaleS Nityaseva Blood Centre,Ahmadnagar,A+,0.25261836580363367,0
2026-09-07,18143,Dr. JondhaleS Nityaseva Blood Centre,Ahmadnagar,A-,0.05202420222433954,0
2026-09-08,18143,Dr. JondhaleS Nityaseva Blood Centre,Ahmadnagar,A-,0.16210439842287436,0
2026-09-09,18143,Dr. JondhaleS Nityaseva Blood Centre,Ahmadnagar,A-,0.16311692635487893,0
2026-09-07,18143,Dr. JondhaleS Nityaseva Blood Centre,Ahmadnagar,AB+,0.022652282591765858,0
2026-09-08,18143,Dr. JondhaleS Nityaseva Blood Centre,Ahmadnagar,AB+,0.024215324238568026,0
2026-09-09,18143,Dr. JondhaleS Nityaseva Blood Centre,Ahmadnagar,AB+,0.026931144055723843,0
2026-09-07,18143,Dr. JondhaleS Nityaseva Blood Centre,Ahmadnagar,AB-,0.09588567459878689,0
2026-09-08,18143,Dr. JondhaleS Nityaseva Blood Centre,Ahmadnagar,AB-,0.09588567459878689,0
2026-09-09,18143,Dr. JondhaleS Nityaseva Blood Centre,Ahmadnagar,AB-,0.09588567459878689,0
2026-09-07,18143,Dr. JondhaleS Nityaseva Blood Centre,Ahmadnagar,B+,0.01716460252520093,0
2026-09-08,18143,Dr. JondhaleS Nityaseva Blood Centre,Ahmadnagar,B+,0.1467172853839445,0
2026-09-09,18143,Dr. JondhaleS Nityaseva Blood Centre,Ahmadnagar,B+,0.012208333080213981,0
2026-09-07,18143,Dr. JondhaleS Nityaseva Blood Centre,Ahmadnagar,B-,0.09588567459878689,0
2026-09-08,18143,Dr. JondhaleS Nityaseva Blood Centre,Ahmadnagar,B-,0.09588567459878689,0
2026-09-09,18143,Dr. JondhaleS Nityaseva Blood Centre,Ahmadnagar,B-,0.09588567459878689,0
2026-09-07,18143,Dr. JondhaleS Nityaseva Blood Centre,Ahmadnagar,O+,0.016666591639417923,0
2026-09-08,18143,Dr. JondhaleS Nityaseva Blood Centre,Ahmadnagar,O+,0.060137336713917564,0
2026-09-09,18143,Dr. JondhaleS Nityaseva Blood Centre,Ahmadnagar,O+,0.015186839396326183,0
2026-09-07,18143,Dr. JondhaleS Nityaseva Blood Centre,Ahmadnagar,O-,0.02693490311827044,0
2026-09-08,18143,Dr. JondhaleS Nityaseva Blood Centre,Ahmadnagar,O-,0.02693490311827044,0
2026-09-09,18143,Dr. JondhaleS Nityaseva Blood Centre,Ahmadnagar,O-,0.02693490311827044,0
2026-09-07,18144,Ashtavinayak Blood Bank,Ahmadnagar,A+,0.0016710067755597783,0
2026-09-08,18144,Ashtavinayak Blood Bank,Ahmadnagar,A+,0.001447640954906764,0
2026-09-09,18144,Ashtavinayak Blood Bank,Ahmadnagar,A+,0.0021978998828587884,0
2026-09-07,18144,Ashtavinayak Blood Bank,Ahmadnagar,A-,0.9569767387238788,1
2026-09-08,18144,Ashtavinayak Blood Bank,Ahmadnagar,A-,0.9569767387238788,1
2026-09-09,18144,Ashtavinayak Blood Bank,Ahmadnagar,A-,0.9569767387238788,1
2026-09-07,18144,Ashtavinayak Blood Bank,Ahmadnagar,AB+,0.0021325293501712125,0
2026-09-08,18144,Ashtavinayak Blood Bank,Ahmadnagar,AB+,0.0018510727905625137,0
2026-09-09,18144,Ashtavinayak Blood Bank,Ahmadnagar,AB+,0.0023502869046517125,0
2026-09-07,18144,Ashtavinayak Blood Bank,Ahmadnagar,AB-,0.9569767387238788,1
2026-09-08,18144,Ashtavinayak Blood Bank,Ahmadnagar,AB-,0.9569767387238788,1
2026-09-09,18144,Ashtavinayak Blood Bank,Ahmadnagar,AB-,0.9569767387238788,1
2026-09-07,18144,Ashtavinayak Blood Bank,Ahmadnagar,B+,0.00796712201336577,0
2026-09-08,18144,Ashtavinayak Blood Bank,Ahmadnagar,B+,0.002311605534010575,0
2026-09-09,18144,Ashtavinayak Blood Bank,Ahmadnagar,B+,0.002532939201213624,0
2026-09-07,18144,Ashtavinayak Blood Bank,Ahmadnagar,B-,0.9569767387238788,1
2026-09-08,18144,Ashtavinayak Blood Bank,Ahmadnagar,B-,0.9569767387238788,1
2026-09-09,18144,Ashtavinayak Blood Bank,Ahmadnagar,B-,0.9569767387238788,1
2026-09-07,18144,Ashtavinayak Blood Bank,Ahmadnagar,O+,0.0016710067755597783,0
2026-09-08,18144,Ashtavinayak Blood Bank,Ahmadnagar,O+,0.0016710067755597783,0
2026-09-09,18144,Ashtavinayak Blood Bank,Ahmadnagar,O+,0.00189020356093118,0
2026-09-07,18144,Ashtavinayak Blood Bank,Ahmadnagar,O-,0.9569767387238788,1
2026-09-08,18144,Ashtavinayak Blood Bank,Ahmadnagar,O-,0.9569767387238788,1
2026-09-09,18144,Ashtavinayak Blood Bank,Ahmadnagar,O-,0.9569767387238788,1
2026-09-07,18145,"Rotary Blood Centre, Rahuri Charitable Trust",Ahmadnagar,A+,0.002164352835763005,0
2026-09-08,18145,"Rotary Blood Centre, Rahuri Charitable Trust",Ahmadnagar,A+,0.0024846484070827177,0
2026-09-09,18145,"Rotary Blood Centre, Rahuri Charitable Trust",Ahmadnagar,A+,0.002283048520572994,0
2026-09-07,18145,"Rotary Blood Centre, Rahuri Charitable Trust",Ahmadnagar,A-,0.05202420222433954,0
2026-09-08,18145,"Rotary Blood Centre, Rahuri Charitable Trust",Ahmadnagar,A-,0.04708016808483685,0
2026-09-09,18145,"Rotary Blood Centre, Rahuri Charitable Trust",Ahmadnagar,A-,0.04708016808483685,0
2026-09-07,18145,"Rotary Blood Centre, Rahuri Charitable Trust",Ahmadnagar,AB+,0.019923376263875196,0
2026-09-08,18145,"Rotary Blood Centre, Rahuri Charitable Trust",Ahmadnagar,AB+,0.04322951202094485,0
2026-09-09,18145,"Rotary Blood Centre, Rahuri Charitable Trust",Ahmadnagar,AB+,0.014406164284245617,0
2026-09-07,18145,"Rotary Blood Centre, Rahuri Charitable Trust",Ahmadnagar,AB-,0.09588567459878689,0
2026-09-08,18145,"Rotary Blood Centre, Rahuri Charitable Trust",Ahmadnagar,AB-,0.09588567459878689,0
2026-09-09,18145,"Rotary Blood Centre, Rahuri Charitable Trust",Ahmadnagar,AB-,0.09588567459878689,0
2026-09-07,18145,"Rotary Blood Centre, Rahuri Charitable Trust",Ahmadnagar,B+,0.0012081753373930854,0
2026-09-08,18145,"Rotary Blood Centre, Rahuri Charitable Trust",Ahmadnagar,B+,0.0036621471676556785,0
2026-09-09,18145,"Rotary Blood Centre, Rahuri Charitable Trust",Ahmadnagar,B+,0.0024788666462957788,0
2026-09-07,18145,"Rotary Blood Centre, Rahuri Charitable Trust",Ahmadnagar,B-,0.04267073846196896,0
2026-09-08,18145,"Rotary Blood Centre, Rahuri Charitable Trust",Ahmadnagar,B-,0.030170888001377773,0
2026-09-09,18145,"Rotary Blood Centre, Rahuri Charitable Trust",Ahmadnagar,B-,0.030170888001377773,0
2026-09-07,18145,"Rotary Blood Centre, Rahuri Charitable Trust",Ahmadnagar,O+,0.0012081753373930854,0
2026-09-08,18145,"Rotary Blood Centre, Rahuri Charitable Trust",Ahmadnagar,O+,0.012983637903559792,0
2026-09-09,18145,"Rotary Blood Centre, Rahuri Charitable Trust",Ahmadnagar,O+,0.0023477024961107147,0
2026-09-07,18145,"Rotary Blood Centre, Rahuri Charitable Trust",Ahmadnagar,O-,0.030170888001377773,0
2026-09-08,18145,"Rotary Blood Centre, Rahuri Charitable Trust",Ahmadnagar,O-,0.030170888001377773,0
2026-09-09,18145,"Rotary Blood Centre, Rahuri Charitable Trust",Ahmadnagar,O-,0.030170888001377773,0
2026-09-07,18146,Sanjeevani Blood Centre,Ahmadnagar,A+,0.017088907589379684,0
2026-09-08,18146,Sanjeevani Blood Centre,Ahmadnagar,A+,0.033510956252759044,0
2026-09-09,18146,Sanjeevani Blood Centre,Ahmadnagar,A+,0.027127809940465597,0
2026-09-07,18146,Sanjeevani Blood Centre,Ahmadnagar,A-,0.02693490311827044,0
2026-09-08,18146,Sanjeevani Blood Centre,Ahmadnagar,A-,0.02693490311827044,0
2026-09-09,18146,Sanjeevani Blood Centre,Ahmadnagar,A-,0.027568089055482303,0
2026-09-07,18146,Sanjeevani Blood Centre,Ahmadnagar,AB+,0.022652282591765858,0
2026-09-08,18146,Sanjeevani Blood Centre,Ahmadnagar,AB+,0.024215324238568026,0
2026-09-09,18146,Sanjeevani Blood Centre,Ahmadnagar,AB+,0.044891288705432186,0
2026-09-07,18146,Sanjeevani Blood Centre,Ahmadnagar,AB-,0.09588567459878689,0
2026-09-08,18146,Sanjeevani Blood Centre,Ahmadnagar,AB-,0.09588567459878689,0
2026-09-09,18146,Sanjeevani Blood Centre,Ahmadnagar,AB-,0.09588567459878689,0
2026-09-07,18146,Sanjeevani Blood Centre,Ahmadnagar,B+,0.009468687501310136,0
2026-09-08,18146,Sanjeevani Blood Centre,Ahmadnagar,B+,0.011958586608576722,0
2026-09-09,18146,Sanjeevani Blood Centre,Ahmadnagar,B+,0.15343385024777564,0
2026-09-07,18146,Sanjeevani Blood Centre,Ahmadnagar,B-,0.9569767387238788,1
2026-09-08,18146,Sanjeevani Blood Centre,Ahmadnagar,B-,0.9569767387238788,1
2026-09-09,18146,Sanjeevani Blood Centre,Ahmadnagar,B-,0.9569767387238788,1
2026-09-07,18146,Sanjeevani Blood Centre,Ahmadnagar,O+,0.0018083016729429655,0
2026-09-08,18146,Sanjeevani Blood Centre,Ahmadnagar,O+,0.0021018601704874897,0
2026-09-09,18146,Sanjeevani Blood Centre,Ahmadnagar,O+,0.02296854371324832,0
2026-09-07,18146,Sanjeevani Blood Centre,Ahmadnagar,O-,0.027568089055482303,0
2026-09-08,18146,Sanjeevani Blood Centre,Ahmadnagar,O-,0.09592721964234696,0
2026-09-09,18146,Sanjeevani Blood Centre,Ahmadnagar,O-,0.05202420222433954,0
2026-09-07,18147,Anandrushiji Blood Centre,Ahmadnagar,A+,0.00189020356093118,0
2026-09-08,18147,Anandrushiji Blood Centre,Ahmadnagar,A+,0.0011957829087145444,0
2026-09-09,18147,Anandrushiji Blood Centre,Ahmadnagar,A+,0.0011957829087145444,0
2026-09-07,18147,Anandrushiji Blood Centre,Ahmadnagar,A-,0.16311692635487893,0
2026-09-08,18147,Anandrushiji Blood Centre,Ahmadnagar,A-,0.057347578586959165,0
2026-09-09,18147,Anandrushiji Blood Centre,Ahmadnagar,A-,0.04267073846196896,0
2026-09-07,18147,Anandrushiji Blood Centre,Ahmadnagar,AB+,0.002349754007938605,0
2026-09-08,18147,Anandrushiji Blood Centre,Ahmadnagar,AB+,0.0012081753373930854,0
2026-09-09,18147,Anandrushiji Blood Centre,Ahmadnagar,AB+,0.0018847564086132943,0
2026-09-07,18147,Anandrushiji Blood Centre,Ahmadnagar,AB-,0.09588567459878689,0
2026-09-08,18147,Anandrushiji Blood Centre,Ahmadnagar,AB-,0.09588567459878689,0
2026-09-09,18147,Anandrushiji Blood Centre,Ahmadnagar,AB-,0.09588567459878689,0
2026-09-07,18147,Anandrushiji Blood Centre,Ahmadnagar,B+,0.00189020356093118,0
2026-09-08,18147,Anandrushiji Blood Centre,Ahmadnagar,B+,0.0011957829087145444,0
2026-09-09,18147,Anandrushiji Blood Centre,Ahmadnagar,B+,0.0011957829087145444,0
2026-09-07,18147,Anandrushiji Blood Centre,Ahmadnagar,B-,0.0725776224207932,0
2026-09-08,18147,Anandrushiji Blood Centre,Ahmadnagar,B-,0.06042043468914137,0
2026-09-09,18147,Anandrushiji Blood Centre,Ahmadnagar,B-,0.03477720962467153,0
2026-09-07,18147,Anandrushiji Blood Centre,Ahmadnagar,O+,0.00189020356093118,0
2026-09-08,18147,Anandrushiji Blood Centre,Ahmadnagar,O+,0.0011957829087145444,0
2026-09-09,18147,Anandrushiji Blood Centre,Ahmadnagar,O+,0.0011957829087145444,0
2026-09-07,18147,Anandrushiji Blood Centre,Ahmadnagar,O-,0.022652282591765858,0
2026-09-08,18147,Anandrushiji Blood Centre,Ahmadnagar,O-,0.03863432705380642,0
2026-09-09,18147,Anandrushiji Blood Centre,Ahmadnagar,O-,0.020189182796152526,0
2026-09-07,18149,Laksh Foundation New Arpan Voluntary Blood Centre Ahmednagar,Ahmadnagar,A+,0.001964233974065344,0
2026-09-08,18149,Laksh Foundation New Arpan Voluntary Blood Centre Ahmednagar,Ahmadnagar,A+,0.001964233974065344,0
2026-09-09,18149,Laksh Foundation New Arpan Voluntary Blood Centre Ahmednagar,Ahmadnagar,A+,0.001964233974065344,0
2026-09-07,18149,Laksh Foundation New Arpan Voluntary Blood Centre Ahmednagar,Ahmadnagar,A-,0.9569767387238788,1
2026-09-08,18149,Laksh Foundation New Arpan Voluntary Blood Centre Ahmednagar,Ahmadnagar,A-,0.9569767387238788,1
2026-09-09,18149,Laksh Foundation New Arpan Voluntary Blood Centre Ahmednagar,Ahmadnagar,A-,0.9569767387238788,1
2026-09-07,18149,Laksh Foundation New Arpan Voluntary Blood Centre Ahmednagar,Ahmadnagar,AB+,0.0021325560116823897,0
2026-09-08,18149,Laksh Foundation New Arpan Voluntary Blood Centre Ahmednagar,Ahmadnagar,AB+,0.0021325560116823897,0
2026-09-09,18149,Laksh Foundation New Arpan Voluntary Blood Centre Ahmednagar,Ahmadnagar,AB+,0.0021325560116823897,0
2026-09-07,18149,Laksh Foundation New Arpan Voluntary Blood Centre Ahmednagar,Ahmadnagar,AB-,0.9569767387238788,1
2026-09-08,18149,Laksh Foundation New Arpan Voluntary Blood Centre Ahmednagar,Ahmadnagar,AB-,0.9569767387238788,1
2026-09-09,18149,Laksh Foundation New Arpan Voluntary Blood Centre Ahmednagar,Ahmadnagar,AB-,0.9569767387238788,1
2026-09-07,18149,Laksh Foundation New Arpan Voluntary Blood Centre Ahmednagar,Ahmadnagar,B+,0.0021325560116823897,0
2026-09-08,18149,Laksh Foundation New Arpan Voluntary Blood Centre Ahmednagar,Ahmadnagar,B+,0.0021325560116823897,0
2026-09-09,18149,Laksh Foundation New Arpan Voluntary Blood Centre Ahmednagar,Ahmadnagar,B+,0.0021325560116823897,0
2026-09-07,18149,Laksh Foundation New Arpan Voluntary Blood Centre Ahmednagar,Ahmadnagar,B-,0.9569767387238788,1
2026-09-08,18149,Laksh Foundation New Arpan Voluntary Blood Centre Ahmednagar,Ahmadnagar,B-,0.9569767387238788,1
2026-09-09,18149,Laksh Foundation New Arpan Voluntary Blood Centre Ahmednagar,Ahmadnagar,B-,0.9569767387238788,1
2026-09-07,18149,Laksh Foundation New Arpan Voluntary Blood Centre Ahmednagar,Ahmadnagar,O+,0.0022971773746879084,0
2026-09-08,18149,Laksh Foundation New Arpan Voluntary Blood Centre Ahmednagar,Ahmadnagar,O+,0.0022971773746879084,0
2026-09-09,18149,Laksh Foundation New Arpan Voluntary Blood Centre Ahmednagar,Ahmadnagar,O+,0.0022971773746879084,0
2026-09-07,18149,Laksh Foundation New Arpan Voluntary Blood Centre Ahmednagar,Ahmadnagar,O-,0.9569767387238788,1
2026-09-08,18149,Laksh Foundation New Arpan Voluntary Blood Centre Ahmednagar,Ahmadnagar,O-,0.9569767387238788,1
2026-09-09,18149,Laksh Foundation New Arpan Voluntary Blood Centre Ahmednagar,Ahmadnagar,O-,0.9569767387238788,1
2026-09-07,18150,Shri Bhausaheb Hire Govt. Medical College And Hospital Blood Centre Dhule,Dhule,A+,0.014032564185208244,0
2026-09-08,18150,Shri Bhausaheb Hire Govt. Medical College And Hospital Blood Centre Dhule,Dhule,A+,0.05532867143213784,0
2026-09-09,18150,Shri Bhausaheb Hire Govt. Medical College And Hospital Blood Centre Dhule,Dhule,A+,0.011229020817134125,0
2026-09-07,18150,Shri Bhausaheb Hire Govt. Medical College And Hospital Blood Centre Dhule,Dhule,A-,0.025599083673906342,0
2026-09-08,18150,Shri Bhausaheb Hire Govt. Medical College And Hospital Blood Centre Dhule,Dhule,A-,0.022229048452583756,0
2026-09-09,18150,Shri Bhausaheb Hire Govt. Medical College And Hospital Blood Centre Dhule,Dhule,A-,0.022229048452583756,0
2026-09-07,18150,Shri Bhausaheb Hire Govt. Medical College And Hospital Blood Centre Dhule,Dhule,AB+,0.16311692635487893,0
2026-09-08,18150,Shri Bhausaheb Hire Govt. Medical College And Hospital Blood Centre Dhule,Dhule,AB+,0.16311692635487893,0
2026-09-09,18150,Shri Bhausaheb Hire Govt. Medical College And Hospital Blood Centre Dhule,Dhule,AB+,0.7542144173100465,1
2026-09-07,18150,Shri Bhausaheb Hire Govt. Medical College And Hospital Blood Centre Dhule,Dhule,AB-,0.9569767387238788,1
2026-09-08,18150,Shri Bhausaheb Hire Govt. Medical College And Hospital Blood Centre Dhule,Dhule,AB-,0.9569767387238788,1
2026-09-09,18150,Shri Bhausaheb Hire Govt. Medical College And Hospital Blood Centre Dhule,Dhule,AB-,0.9569767387238788,1
2026-09-07,18150,Shri Bhausaheb Hire Govt. Medical College And Hospital Blood Centre Dhule,Dhule,B+,0.011538445380613624,0
2026-09-08,18150,Shri Bhausaheb Hire Govt. Medical College And Hospital Blood Centre Dhule,Dhule,B+,0.11985360607380019,0
2026-09-09,18150,Shri Bhausaheb Hire Govt. Medical College And Hospital Blood Centre Dhule,Dhule,B+,0.07426910406302831,0
2026-09-07,18150,Shri Bhausaheb Hire Govt. Medical College And Hospital Blood Centre Dhule,Dhule,B-,0.0234272307170759,0
2026-09-08,18150,Shri Bhausaheb Hire Govt. Medical College And Hospital Blood Centre Dhule,Dhule,B-,0.012712982698188378,0
2026-09-09,18150,Shri Bhausaheb Hire Govt. Medical College And Hospital Blood Centre Dhule,Dhule,B-,0.02394800779367308,0
2026-09-07,18150,Shri Bhausaheb Hire Govt. Medical College And Hospital Blood Centre Dhule,Dhule,O+,0.018069289437621084,0
2026-09-08,18150,Shri Bhausaheb Hire Govt. Medical College And Hospital Blood Centre Dhule,Dhule,O+,0.018069289437621084,0
2026-09-09,18150,Shri Bhausaheb Hire Govt. Medical College And Hospital Blood Centre Dhule,Dhule,O+,0.011556858271703033,0
2026-09-07,18150,Shri Bhausaheb Hire Govt. Medical College And Hospital Blood Centre Dhule,Dhule,O-,0.030596913276096392,0
2026-09-08,18150,Shri Bhausaheb Hire Govt. Medical College And Hospital Blood Centre Dhule,Dhule,O-,0.030170888001377773,0
2026-09-09,18150,Shri Bhausaheb Hire Govt. Medical College And Hospital Blood Centre Dhule,Dhule,O-,0.35436282402880315,0
2026-09-07,18152,Jawahar Medical Foundation Blood Centre,Dhule,A+,0.030170888001377773,0
2026-09-08,18152,Jawahar Medical Foundation Blood Centre,Dhule,A+,0.045072468254795155,0
2026-09-09,18152,Jawahar Medical Foundation Blood Centre,Dhule,A+,0.05202420222433954,0
2026-09-07,18152,Jawahar Medical Foundation Blood Centre,Dhule,A-,0.09588567459878689,0
2026-09-08,18152,Jawahar Medical Foundation Blood Centre,Dhule,A-,0.09588567459878689,0
2026-09-09,18152,Jawahar Medical Foundation Blood Centre,Dhule,A-,0.09588567459878689,0
2026-09-07,18152,Jawahar Medical Foundation Blood Centre,Dhule,AB+,0.05421883653906218,0
2026-09-08,18152,Jawahar Medical Foundation Blood Centre,Dhule,AB+,0.07105022241162556,0
2026-09-09,18152,Jawahar Medical Foundation Blood Centre,Dhule,AB+,0.04708016808483685,0
2026-09-07,18152,Jawahar Medical Foundation Blood Centre,Dhule,AB-,0.9569767387238788,1
2026-09-08,18152,Jawahar Medical Foundation Blood Centre,Dhule,AB-,0.9569767387238788,1
2026-09-09,18152,Jawahar Medical Foundation Blood Centre,Dhule,AB-,0.9569767387238788,1
2026-09-07,18152,Jawahar Medical Foundation Blood Centre,Dhule,B+,0.03774068072398828,0
2026-09-08,18152,Jawahar Medical Foundation Blood Centre,Dhule,B+,0.019617394614859986,0
2026-09-09,18152,Jawahar Medical Foundation Blood Centre,Dhule,B+,0.043622341906386405,0
2026-09-07,18152,Jawahar Medical Foundation Blood Centre,Dhule,B-,0.9569767387238788,1
2026-09-08,18152,Jawahar Medical Foundation Blood Centre,Dhule,B-,0.9569767387238788,1
2026-09-09,18152,Jawahar Medical Foundation Blood Centre,Dhule,B-,0.9569767387238788,1
2026-09-07,18152,Jawahar Medical Foundation Blood Centre,Dhule,O+,0.004290315276553095,0
2026-09-08,18152,Jawahar Medical Foundation Blood Centre,Dhule,O+,0.010438202663153122,0
2026-09-09,18152,Jawahar Medical Foundation Blood Centre,Dhule,O+,0.02814225408539379,0
2026-09-07,18152,Jawahar Medical Foundation Blood Centre,Dhule,O-,0.09588567459878689,0
2026-09-08,18152,Jawahar Medical Foundation Blood Centre,Dhule,O-,0.09588567459878689,0
2026-09-09,18152,Jawahar Medical Foundation Blood Centre,Dhule,O-,0.09588567459878689,0
2026-09-07,18153,Jeevan Jyoti Blood Centre,Dhule,A+,0.0016710067755597783,0
2026-09-08,18153,Jeevan Jyoti Blood Centre,Dhule,A+,0.002809541560350107,0
2026-09-09,18153,Jeevan Jyoti Blood Centre,Dhule,A+,0.006068360564453469,0
2026-09-07,18153,Jeevan Jyoti Blood Centre,Dhule,A-,0.4486699869672939,0
2026-09-08,18153,Jeevan Jyoti Blood Centre,Dhule,A-,0.786299925543641,1
2026-09-09,18153,Jeevan Jyoti Blood Centre,Dhule,A-,0.32268418572950647,0
2026-09-07,18153,Jeevan Jyoti Blood Centre,Dhule,AB+,0.014992112956539641,0
2026-09-08,18153,Jeevan Jyoti Blood Centre,Dhule,AB+,0.0166163714043423,0
2026-09-09,18153,Jeevan Jyoti Blood Centre,Dhule,AB+,0.09635141722584693,0
2026-09-07,18153,Jeevan Jyoti Blood Centre,Dhule,AB-,0.04708016808483685,0
2026-09-08,18153,Jeevan Jyoti Blood Centre,Dhule,AB-,0.5857594138375063,1
2026-09-09,18153,Jeevan Jyoti Blood Centre,Dhule,AB-,0.786299925543641,1
2026-09-07,18153,Jeevan Jyoti Blood Centre,Dhule,B+,0.0016538748790557787,0
2026-09-08,18153,Jeevan Jyoti Blood Centre,Dhule,B+,0.0016710067755597783,0
2026-09-09,18153,Jeevan Jyoti Blood Centre,Dhule,B+,0.007056104908118599,0
2026-09-07,18153,Jeevan Jyoti Blood Centre,Dhule,B-,0.04267073846196896,0
2026-09-08,18153,Jeevan Jyoti Blood Centre,Dhule,B-,0.030170888001377773,0
2026-09-09,18153,Jeevan Jyoti Blood Centre,Dhule,B-,0.1791511862761025,0
2026-09-07,18153,Jeevan Jyoti Blood Centre,Dhule,O+,0.0016538748790557787,0
2026-09-08,18153,Jeevan Jyoti Blood Centre,Dhule,O+,0.0016710067755597783,0
2026-09-09,18153,Jeevan Jyoti Blood Centre,Dhule,O+,0.005124878680569437,0
2026-09-07,18153,Jeevan Jyoti Blood Centre,Dhule,O-,0.1598668093710007,0
2026-09-08,18153,Jeevan Jyoti Blood Centre,Dhule,O-,0.14511642336657138,0
2026-09-09,18153,Jeevan Jyoti Blood Centre,Dhule,O-,0.09588567459878689,0
2026-09-07,18154,Shree Navjeevan Blood Centre Dhule,Dhule,A+,0.011598495147008787,0
2026-09-08,18154,Shree Navjeevan Blood Centre Dhule,Dhule,A+,0.010139359719569786,0
2026-09-09,18154,Shree Navjeevan Blood Centre Dhule,Dhule,A+,0.014233184474800821,0
2026-09-07,18154,Shree Navjeevan Blood Centre Dhule,Dhule,A-,0.025599083673906342,0
2026-09-08,18154,Shree Navjeevan Blood Centre Dhule,Dhule,A-,0.022229048452583756,0
2026-09-09,18154,Shree Navjeevan Blood Centre Dhule,Dhule,A-,0.022229048452583756,0
2026-09-07,18154,Shree Navjeevan Blood Centre Dhule,Dhule,AB+,0.008783842747835988,0
2026-09-08,18154,Shree Navjeevan Blood Centre Dhule,Dhule,AB+,0.005312884228245267,0
2026-09-09,18154,Shree Navjeevan Blood Centre Dhule,Dhule,AB+,0.007800721337917326,0
2026-09-07,18154,Shree Navjeevan Blood Centre Dhule,Dhule,AB-,0.07105022241162556,0
2026-09-08,18154,Shree Navjeevan Blood Centre Dhule,Dhule,AB-,0.04708016808483685,0
2026-09-09,18154,Shree Navjeevan Blood Centre Dhule,Dhule,AB-,0.04708016808483685,0
2026-09-07,18154,Shree Navjeevan Blood Centre Dhule,Dhule,B+,0.002081411434515316,0
2026-09-08,18154,Shree Navjeevan Blood Centre Dhule,Dhule,B+,0.00189020356093118,0
2026-09-09,18154,Shree Navjeevan Blood Centre Dhule,Dhule,B+,0.0027051912706242925,0
2026-09-07,18154,Shree Navjeevan Blood Centre Dhule,Dhule,B-,0.017456327037186515,0
2026-09-08,18154,Shree Navjeevan Blood Centre Dhule,Dhule,B-,0.013136580667810543,0
2026-09-09,18154,Shree Navjeevan Blood Centre Dhule,Dhule,B-,0.014406164284245617,0
2026-09-07,18154,Shree Navjeevan Blood Centre Dhule,Dhule,O+,0.00189020356093118,0
2026-09-08,18154,Shree Navjeevan Blood Centre Dhule,Dhule,O+,0.0016710067755597783,0
2026-09-09,18154,Shree Navjeevan Blood Centre Dhule,Dhule,O+,0.0016710067755597783,0
2026-09-07,18154,Shree Navjeevan Blood Centre Dhule,Dhule,O-,0.40321166927693985,0
2026-09-08,18154,Shree Navjeevan Blood Centre Dhule,Dhule,O-,0.019330266248131632,0
2026-09-09,18154,Shree Navjeevan Blood Centre Dhule,Dhule,O-,0.08817996171166187,0
2026-09-07,18155,Dhanwantri Blood Centre,Jalgaon,A+,0.7542144173100465,1
2026-09-08,18155,Dhanwantri Blood Centre,Jalgaon,A+,0.8017482753365046,1
2026-09-09,18155,Dhanwantri Blood Centre,Jalgaon,A+,0.32268418572950647,0
2026-09-07,18155,Dhanwantri Blood Centre,Jalgaon,A-,0.9569767387238788,1
2026-09-08,18155,Dhanwantri Blood Centre,Jalgaon,A-,0.9569767387238788,1
2026-09-09,18155,Dhanwantri Blood Centre,Jalgaon,A-,0.9569767387238788,1
2026-09-07,18155,Dhanwantri Blood Centre,Jalgaon,AB+,0.04708016808483685,0
2026-09-08,18155,Dhanwantri Blood Centre,Jalgaon,AB+,0.5857594138375063,1
2026-09-09,18155,Dhanwantri Blood Centre,Jalgaon,AB+,0.26373230248423335,0
2026-09-07,18155,Dhanwantri Blood Centre,Jalgaon,AB-,0.09588567459878689,0
2026-09-08,18155,Dhanwantri Blood Centre,Jalgaon,AB-,0.09588567459878689,0
2026-09-09,18155,Dhanwantri Blood Centre,Jalgaon,AB-,0.09588567459878689,0
2026-09-07,18155,Dhanwantri Blood Centre,Jalgaon,B+,0.030596913276096392,0
2026-09-08,18155,Dhanwantri Blood Centre,Jalgaon,B+,0.1791511862761025,0
2026-09-09,18155,Dhanwantri Blood Centre,Jalgaon,B+,0.04008814416318744,0
2026-09-07,18155,Dhanwantri Blood Centre,Jalgaon,B-,0.9569767387238788,1
2026-09-08,18155,Dhanwantri Blood Centre,Jalgaon,B-,0.9569767387238788,1
2026-09-09,18155,Dhanwantri Blood Centre,Jalgaon,B-,0.9569767387238788,1
2026-09-07,18155,Dhanwantri Blood Centre,Jalgaon,O+,0.014160508611294656,0
2026-09-08,18155,Dhanwantri Blood Centre,Jalgaon,O+,0.012487237866650562,0
2026-09-09,18155,Dhanwantri Blood Centre,Jalgaon,O+,0.03013640246356194,0
2026-09-07,18155,Dhanwantri Blood Centre,Jalgaon,O-,0.09588567459878689,0
2026-09-08,18155,Dhanwantri Blood Centre,Jalgaon,O-,0.09588567459878689,0
2026-09-09,18155,Dhanwantri Blood Centre,Jalgaon,O-,0.7542144173100465,1
2026-09-07,18156,Keshavsmruti Pratishthan Sanchalit Madhavrao Golwalkar Swayamsevi Raktpedhi,Jalgaon,A+,0.00283911884576921,0
2026-09-08,18156,Keshavsmruti Pratishthan Sanchalit Madhavrao Golwalkar Swayamsevi Raktpedhi,Jalgaon,A+,0.0017021043444613105,0
2026-09-09,18156,Keshavsmruti Pratishthan Sanchalit Madhavrao Golwalkar Swayamsevi Raktpedhi,Jalgaon,A+,0.0016027396345595199,0
2026-09-07,18156,Keshavsmruti Pratishthan Sanchalit Madhavrao Golwalkar Swayamsevi Raktpedhi,Jalgaon,A-,0.1456176115325335,0
2026-09-08,18156,Keshavsmruti Pratishthan Sanchalit Madhavrao Golwalkar Swayamsevi Raktpedhi,Jalgaon,A-,0.09588567459878689,0
2026-09-09,18156,Keshavsmruti Pratishthan Sanchalit Madhavrao Golwalkar Swayamsevi Raktpedhi,Jalgaon,A-,0.09588567459878689,0
2026-09-07,18156,Keshavsmruti Pratishthan Sanchalit Madhavrao Golwalkar Swayamsevi Raktpedhi,Jalgaon,AB+,0.01716460252520093,0
2026-09-08,18156,Keshavsmruti Pratishthan Sanchalit Madhavrao Golwalkar Swayamsevi Raktpedhi,Jalgaon,AB+,0.031153815936570378,0
2026-09-09,18156,Keshavsmruti Pratishthan Sanchalit Madhavrao Golwalkar Swayamsevi Raktpedhi,Jalgaon,AB+,0.008129799258760303,0
2026-09-07,18156,Keshavsmruti Pratishthan Sanchalit Madhavrao Golwalkar Swayamsevi Raktpedhi,Jalgaon,AB-,0.09588567459878689,0
2026-09-08,18156,Keshavsmruti Pratishthan Sanchalit Madhavrao Golwalkar Swayamsevi Raktpedhi,Jalgaon,AB-,0.057347578586959165,0
2026-09-09,18156,Keshavsmruti Pratishthan Sanchalit Madhavrao Golwalkar Swayamsevi Raktpedhi,Jalgaon,AB-,0.04267073846196896,0
2026-09-07,18156,Keshavsmruti Pratishthan Sanchalit Madhavrao Golwalkar Swayamsevi Raktpedhi,Jalgaon,B+,0.004212759904429847,0
2026-09-08,18156,Keshavsmruti Pratishthan Sanchalit Madhavrao Golwalkar Swayamsevi Raktpedhi,Jalgaon,B+,0.001667406383501007,0
2026-09-09,18156,Keshavsmruti Pratishthan Sanchalit Madhavrao Golwalkar Swayamsevi Raktpedhi,Jalgaon,B+,0.001917118468168659,0
2026-09-07,18156,Keshavsmruti Pratishthan Sanchalit Madhavrao Golwalkar Swayamsevi Raktpedhi,Jalgaon,B-,0.022652282591765858,0
2026-09-08,18156,Keshavsmruti Pratishthan Sanchalit Madhavrao Golwalkar Swayamsevi Raktpedhi,Jalgaon,B-,0.022652282591765858,0
2026-09-09,18156,Keshavsmruti Pratishthan Sanchalit Madhavrao Golwalkar Swayamsevi Raktpedhi,Jalgaon,B-,0.022652282591765858,0
2026-09-07,18156,Keshavsmruti Pratishthan Sanchalit Madhavrao Golwalkar Swayamsevi Raktpedhi,Jalgaon,O+,0.011366763541792968,0
2026-09-08,18156,Keshavsmruti Pratishthan Sanchalit Madhavrao Golwalkar Swayamsevi Raktpedhi,Jalgaon,O+,0.0016653127595942893,0
2026-09-09,18156,Keshavsmruti Pratishthan Sanchalit Madhavrao Golwalkar Swayamsevi Raktpedhi,Jalgaon,O+,0.003528397467004001,0
2026-09-07,18156,Keshavsmruti Pratishthan Sanchalit Madhavrao Golwalkar Swayamsevi Raktpedhi,Jalgaon,O-,0.09588567459878689,0
2026-09-08,18156,Keshavsmruti Pratishthan Sanchalit Madhavrao Golwalkar Swayamsevi Raktpedhi,Jalgaon,O-,0.09588567459878689,0
2026-09-09,18156,Keshavsmruti Pratishthan Sanchalit Madhavrao Golwalkar Swayamsevi Raktpedhi,Jalgaon,O-,0.09588567459878689,0
2026-09-07,18157,Civil Hospital Blood Centre,Jalgaon,A+,0.010487771809823028,0
2026-09-08,18157,Civil Hospital Blood Centre,Jalgaon,A+,0.001192181253429029,0
2026-09-09,18157,Civil Hospital Blood Centre,Jalgaon,A+,0.0012081753373930854,0
2026-09-07,18157,Civil Hospital Blood Centre,Jalgaon,A-,0.04708016808483685,0
2026-09-08,18157,Civil Hospital Blood Centre,Jalgaon,A-,0.03286503439273383,0
2026-09-09,18157,Civil Hospital Blood Centre,Jalgaon,A-,0.030596913276096392,0
2026-09-07,18157,Civil Hospital Blood Centre,Jalgaon,AB+,0.01104163663258099,0
2026-09-08,18157,Civil Hospital Blood Centre,Jalgaon,AB+,0.22126147771706767,0
2026-09-09,18157,Civil Hospital Blood Centre,Jalgaon,AB+,0.0040314769569016,0
2026-09-07,18157,Civil Hospital Blood Centre,Jalgaon,AB-,0.09588567459878689,0
2026-09-08,18157,Civil Hospital Blood Centre,Jalgaon,AB-,0.7542144173100465,1
2026-09-09,18157,Civil Hospital Blood Centre,Jalgaon,AB-,0.2445208719495299,0
2026-09-07,18157,Civil Hospital Blood Centre,Jalgaon,B+,0.005899929686288483,0
2026-09-08,18157,Civil Hospital Blood Centre,Jalgaon,B+,0.001192181253429029,0
2026-09-09,18157,Civil Hospital Blood Centre,Jalgaon,B+,0.0012081753373930854,0
2026-09-07,18157,Civil Hospital Blood Centre,Jalgaon,B-,0.9569767387238788,1
2026-09-08,18157,Civil Hospital Blood Centre,Jalgaon,B-,0.4483383250734861,0
2026-09-09,18157,Civil Hospital Blood Centre,Jalgaon,B-,0.08885673878819321,0
2026-09-07,18157,Civil Hospital Blood Centre,Jalgaon,O+,0.03178460714493597,0
2026-09-08,18157,Civil Hospital Blood Centre,Jalgaon,O+,0.0012081753373930854,0
2026-09-09,18157,Civil Hospital Blood Centre,Jalgaon,O+,0.0012081753373930854,0
2026-09-07,18157,Civil Hospital Blood Centre,Jalgaon,O-,0.045072468254795155,0
2026-09-08,18157,Civil Hospital Blood Centre,Jalgaon,O-,0.5964186700675067,1
2026-09-09,18157,Civil Hospital Blood Centre,Jalgaon,O-,0.1598668093710007,0
2026-09-07,18158,Indian Red Cross Society Sanchalit Askaran Tarachand Jain Blood Centre,Jalgaon,A+,0.9569767387238788,1
2026-09-08,18158,Indian Red Cross Society Sanchalit Askaran Tarachand Jain Blood Centre,Jalgaon,A+,0.9569767387238788,1
2026-09-09,18158,Indian Red Cross Society Sanchalit Askaran Tarachand Jain Blood Centre,Jalgaon,A+,0.9569767387238788,1
2026-09-07,18158,Indian Red Cross Society Sanchalit Askaran Tarachand Jain Blood Centre,Jalgaon,A-,0.9569767387238788,1
2026-09-08,18158,Indian Red Cross Society Sanchalit Askaran Tarachand Jain Blood Centre,Jalgaon,A-,0.9569767387238788,1
2026-09-09,18158,Indian Red Cross Society Sanchalit Askaran Tarachand Jain Blood Centre,Jalgaon,A-,0.9569767387238788,1
2026-09-07,18158,Indian Red Cross Society Sanchalit Askaran Tarachand Jain Blood Centre,Jalgaon,AB+,0.9569767387238788,1
2026-09-08,18158,Indian Red Cross Society Sanchalit Askaran Tarachand Jain Blood Centre,Jalgaon,AB+,0.9569767387238788,1
2026-09-09,18158,Indian Red Cross Society Sanchalit Askaran Tarachand Jain Blood Centre,Jalgaon,AB+,0.9569767387238788,1
2026-09-07,18158,Indian Red Cross Society Sanchalit Askaran Tarachand Jain Blood Centre,Jalgaon,AB-,0.9569767387238788,1
2026-09-08,18158,Indian Red Cross Society Sanchalit Askaran Tarachand Jain Blood Centre,Jalgaon,AB-,0.9569767387238788,1
2026-09-09,18158,Indian Red Cross Society Sanchalit Askaran Tarachand Jain Blood Centre,Jalgaon,AB-,0.9569767387238788,1
2026-09-07,18158,Indian Red Cross Society Sanchalit Askaran Tarachand Jain Blood Centre,Jalgaon,B+,0.9569767387238788,1
2026-09-08,18158,Indian Red Cross Society Sanchalit Askaran Tarachand Jain Blood Centre,Jalgaon,B+,0.9569767387238788,1
2026-09-09,18158,Indian Red Cross Society Sanchalit Askaran Tarachand Jain Blood Centre,Jalgaon,B+,0.9569767387238788,1
2026-09-07,18158,Indian Red Cross Society Sanchalit Askaran Tarachand Jain Blood Centre,Jalgaon,B-,0.9569767387238788,1
2026-09-08,18158,Indian Red Cross Society Sanchalit Askaran Tarachand Jain Blood Centre,Jalgaon,B-,0.9569767387238788,1
2026-09-09,18158,Indian Red Cross Society Sanchalit Askaran Tarachand Jain Blood Centre,Jalgaon,B-,0.9569767387238788,1
2026-09-07,18158,Indian Red Cross Society Sanchalit Askaran Tarachand Jain Blood Centre,Jalgaon,O+,0.9569767387238788,1
2026-09-08,18158,Indian Red Cross Society Sanchalit Askaran Tarachand Jain Blood Centre,Jalgaon,O+,0.9569767387238788,1
2026-09-09,18158,Indian Red Cross Society Sanchalit Askaran Tarachand Jain Blood Centre,Jalgaon,O+,0.9569767387238788,1
2026-09-07,18158,Indian Red Cross Society Sanchalit Askaran Tarachand Jain Blood Centre,Jalgaon,O-,0.9569767387238788,1
2026-09-08,18158,Indian Red Cross Society Sanchalit Askaran Tarachand Jain Blood Centre,Jalgaon,O-,0.9569767387238788,1
2026-09-09,18158,Indian Red Cross Society Sanchalit Askaran Tarachand Jain Blood Centre,Jalgaon,O-,0.9569767387238788,1
2026-09-07,18159,Jeevanshri Raktapedi,Jalgaon,A+,0.9569767387238788,1
2026-09-08,18159,Jeevanshri Raktapedi,Jalgaon,A+,0.9569767387238788,1
2026-09-09,18159,Jeevanshri Raktapedi,Jalgaon,A+,0.9569767387238788,1
2026-09-07,18159,Jeevanshri Raktapedi,Jalgaon,A-,0.9569767387238788,1
2026-09-08,18159,Jeevanshri Raktapedi,Jalgaon,A-,0.9569767387238788,1
2026-09-09,18159,Jeevanshri Raktapedi,Jalgaon,A-,0.9569767387238788,1
2026-09-07,18159,Jeevanshri Raktapedi,Jalgaon,AB+,0.9569767387238788,1
2026-09-08,18159,Jeevanshri Raktapedi,Jalgaon,AB+,0.9569767387238788,1
2026-09-09,18159,Jeevanshri Raktapedi,Jalgaon,AB+,0.9569767387238788,1
2026-09-07,18159,Jeevanshri Raktapedi,Jalgaon,AB-,0.9569767387238788,1
2026-09-08,18159,Jeevanshri Raktapedi,Jalgaon,AB-,0.9569767387238788,1
2026-09-09,18159,Jeevanshri Raktapedi,Jalgaon,AB-,0.9569767387238788,1
2026-09-07,18159,Jeevanshri Raktapedi,Jalgaon,B+,0.9569767387238788,1
2026-09-08,18159,Jeevanshri Raktapedi,Jalgaon,B+,0.9569767387238788,1
2026-09-09,18159,Jeevanshri Raktapedi,Jalgaon,B+,0.9569767387238788,1
2026-09-07,18159,Jeevanshri Raktapedi,Jalgaon,B-,0.9569767387238788,1
2026-09-08,18159,Jeevanshri Raktapedi,Jalgaon,B-,0.9569767387238788,1
2026-09-09,18159,Jeevanshri Raktapedi,Jalgaon,B-,0.9569767387238788,1
2026-09-07,18159,Jeevanshri Raktapedi,Jalgaon,O+,0.9569767387238788,1
2026-09-08,18159,Jeevanshri Raktapedi,Jalgaon,O+,0.9569767387238788,1
2026-09-09,18159,Jeevanshri Raktapedi,Jalgaon,O+,0.9569767387238788,1
2026-09-07,18159,Jeevanshri Raktapedi,Jalgaon,O-,0.9569767387238788,1
2026-09-08,18159,Jeevanshri Raktapedi,Jalgaon,O-,0.9569767387238788,1
2026-09-09,18159,Jeevanshri Raktapedi,Jalgaon,O-,0.9569767387238788,1
2026-09-07,18160,Jeevan Surabhi Blood Centre,Jalgaon,A+,0.9569767387238788,1
2026-09-08,18160,Jeevan Surabhi Blood Centre,Jalgaon,A+,0.9569767387238788,1
2026-09-09,18160,Jeevan Surabhi Blood Centre,Jalgaon,A+,0.9569767387238788,1
2026-09-07,18160,Jeevan Surabhi Blood Centre,Jalgaon,A-,0.9569767387238788,1
2026-09-08,18160,Jeevan Surabhi Blood Centre,Jalgaon,A-,0.9569767387238788,1
2026-09-09,18160,Jeevan Surabhi Blood Centre,Jalgaon,A-,0.9569767387238788,1
2026-09-07,18160,Jeevan Surabhi Blood Centre,Jalgaon,AB+,0.9569767387238788,1
2026-09-08,18160,Jeevan Surabhi Blood Centre,Jalgaon,AB+,0.9569767387238788,1
2026-09-09,18160,Jeevan Surabhi Blood Centre,Jalgaon,AB+,0.9569767387238788,1
2026-09-07,18160,Jeevan Surabhi Blood Centre,Jalgaon,AB-,0.9569767387238788,1
2026-09-08,18160,Jeevan Surabhi Blood Centre,Jalgaon,AB-,0.9569767387238788,1
2026-09-09,18160,Jeevan Surabhi Blood Centre,Jalgaon,AB-,0.9569767387238788,1
2026-09-07,18160,Jeevan Surabhi Blood Centre,Jalgaon,B+,0.9569767387238788,1
2026-09-08,18160,Jeevan Surabhi Blood Centre,Jalgaon,B+,0.9569767387238788,1
2026-09-09,18160,Jeevan Surabhi Blood Centre,Jalgaon,B+,0.9569767387238788,1
2026-09-07,18160,Jeevan Surabhi Blood Centre,Jalgaon,B-,0.9569767387238788,1
2026-09-08,18160,Jeevan Surabhi Blood Centre,Jalgaon,B-,0.9569767387238788,1
2026-09-09,18160,Jeevan Surabhi Blood Centre,Jalgaon,B-,0.9569767387238788,1
2026-09-07,18160,Jeevan Surabhi Blood Centre,Jalgaon,O+,0.9569767387238788,1
2026-09-08,18160,Jeevan Surabhi Blood Centre,Jalgaon,O+,0.9569767387238788,1
2026-09-09,18160,Jeevan Surabhi Blood Centre,Jalgaon,O+,0.9569767387238788,1
2026-09-07,18160,Jeevan Surabhi Blood Centre,Jalgaon,O-,0.9569767387238788,1
2026-09-08,18160,Jeevan Surabhi Blood Centre,Jalgaon,O-,0.9569767387238788,1
2026-09-09,18160,Jeevan Surabhi Blood Centre,Jalgaon,O-,0.9569767387238788,1
2026-09-07,18161,Indian Red Cross Society Blood Centre Jalgaon,Jalgaon,A+,0.0012081753373930854,0
2026-09-08,18161,Indian Red Cross Society Blood Centre Jalgaon,Jalgaon,A+,0.0012081753373930854,0
2026-09-09,18161,Indian Red Cross Society Blood Centre Jalgaon,Jalgaon,A+,0.0011957829087145444,0
2026-09-07,18161,Indian Red Cross Society Blood Centre Jalgaon,Jalgaon,A-,0.7684382335810872,1
2026-09-08,18161,Indian Red Cross Society Blood Centre Jalgaon,Jalgaon,A-,0.2445208719495299,0
2026-09-09,18161,Indian Red Cross Society Blood Centre Jalgaon,Jalgaon,A-,0.07307873484699798,0
2026-09-07,18161,Indian Red Cross Society Blood Centre Jalgaon,Jalgaon,AB+,0.001342669751310361,0
2026-09-08,18161,Indian Red Cross Society Blood Centre Jalgaon,Jalgaon,AB+,0.0012081753373930854,0
2026-09-09,18161,Indian Red Cross Society Blood Centre Jalgaon,Jalgaon,AB+,0.0015572954561632857,0
2026-09-07,18161,Indian Red Cross Society Blood Centre Jalgaon,Jalgaon,AB-,0.9569767387238788,1
2026-09-08,18161,Indian Red Cross Society Blood Centre Jalgaon,Jalgaon,AB-,0.9569767387238788,1
2026-09-09,18161,Indian Red Cross Society Blood Centre Jalgaon,Jalgaon,AB-,0.31682855738935406,0
2026-09-07,18161,Indian Red Cross Society Blood Centre Jalgaon,Jalgaon,B+,0.0012081753373930854,0
2026-09-08,18161,Indian Red Cross Society Blood Centre Jalgaon,Jalgaon,B+,0.0011957829087145444,0
2026-09-09,18161,Indian Red Cross Society Blood Centre Jalgaon,Jalgaon,B+,0.0011957829087145444,0
2026-09-07,18161,Indian Red Cross Society Blood Centre Jalgaon,Jalgaon,B-,0.12023898672209428,0
2026-09-08,18161,Indian Red Cross Society Blood Centre Jalgaon,Jalgaon,B-,0.02249643976883346,0
2026-09-09,18161,Indian Red Cross Society Blood Centre Jalgaon,Jalgaon,B-,0.010857912240506636,0
2026-09-07,18161,Indian Red Cross Society Blood Centre Jalgaon,Jalgaon,O+,0.0012081753373930854,0
2026-09-08,18161,Indian Red Cross Society Blood Centre Jalgaon,Jalgaon,O+,0.0012081753373930854,0
2026-09-09,18161,Indian Red Cross Society Blood Centre Jalgaon,Jalgaon,O+,0.0012081753373930854,0
2026-09-07,18161,Indian Red Cross Society Blood Centre Jalgaon,Jalgaon,O-,0.05421883653906218,0
2026-09-08,18161,Indian Red Cross Society Blood Centre Jalgaon,Jalgaon,O-,0.16311692635487893,0
2026-09-09,18161,Indian Red Cross Society Blood Centre Jalgaon,Jalgaon,O-,0.6732578724904705,1
2026-09-07,18162,Godavari FoundationS Dr.Ulhas Patil Medical College And Hospital Blood Centre,Jalgaon,A+,0.010666481244710618,0
2026-09-08,18162,Godavari FoundationS Dr.Ulhas Patil Medical College And Hospital Blood Centre,Jalgaon,A+,0.002247813123927624,0
2026-09-09,18162,Godavari FoundationS Dr.Ulhas Patil Medical College And Hospital Blood Centre,Jalgaon,A+,0.01852966183296314,0
2026-09-07,18162,Godavari FoundationS Dr.Ulhas Patil Medical College And Hospital Blood Centre,Jalgaon,A-,0.030170888001377773,0
2026-09-08,18162,Godavari FoundationS Dr.Ulhas Patil Medical College And Hospital Blood Centre,Jalgaon,A-,0.030170888001377773,0
2026-09-09,18162,Godavari FoundationS Dr.Ulhas Patil Medical College And Hospital Blood Centre,Jalgaon,A-,0.030170888001377773,0
2026-09-07,18162,Godavari FoundationS Dr.Ulhas Patil Medical College And Hospital Blood Centre,Jalgaon,AB+,0.043060865252581675,0
2026-09-08,18162,Godavari FoundationS Dr.Ulhas Patil Medical College And Hospital Blood Centre,Jalgaon,AB+,0.009316882823823957,0
2026-09-09,18162,Godavari FoundationS Dr.Ulhas Patil Medical College And Hospital Blood Centre,Jalgaon,AB+,0.014482674121933412,0
2026-09-07,18162,Godavari FoundationS Dr.Ulhas Patil Medical College And Hospital Blood Centre,Jalgaon,AB-,0.09588567459878689,0
2026-09-08,18162,Godavari FoundationS Dr.Ulhas Patil Medical College And Hospital Blood Centre,Jalgaon,AB-,0.09588567459878689,0
2026-09-09,18162,Godavari FoundationS Dr.Ulhas Patil Medical College And Hospital Blood Centre,Jalgaon,AB-,0.09588567459878689,0
2026-09-07,18162,Godavari FoundationS Dr.Ulhas Patil Medical College And Hospital Blood Centre,Jalgaon,B+,0.02734827228280647,0
2026-09-08,18162,Godavari FoundationS Dr.Ulhas Patil Medical College And Hospital Blood Centre,Jalgaon,B+,0.04949042095297206,0
2026-09-09,18162,Godavari FoundationS Dr.Ulhas Patil Medical College And Hospital Blood Centre,Jalgaon,B+,0.008882849841305692,0
2026-09-07,18162,Godavari FoundationS Dr.Ulhas Patil Medical College And Hospital Blood Centre,Jalgaon,B-,0.9569767387238788,1
2026-09-08,18162,Godavari FoundationS Dr.Ulhas Patil Medical College And Hospital Blood Centre,Jalgaon,B-,0.9569767387238788,1
2026-09-09,18162,Godavari FoundationS Dr.Ulhas Patil Medical College And Hospital Blood Centre,Jalgaon,B-,0.9569767387238788,1
2026-09-07,18162,Godavari FoundationS Dr.Ulhas Patil Medical College And Hospital Blood Centre,Jalgaon,O+,0.0012081753373930854,0
2026-09-08,18162,Godavari FoundationS Dr.Ulhas Patil Medical College And Hospital Blood Centre,Jalgaon,O+,0.0012081753373930854,0
2026-09-09,18162,Godavari FoundationS Dr.Ulhas Patil Medical College And Hospital Blood Centre,Jalgaon,O+,0.0012081753373930854,0
2026-09-07,18162,Godavari FoundationS Dr.Ulhas Patil Medical College And Hospital Blood Centre,Jalgaon,O-,0.05202420222433954,0
2026-09-08,18162,Godavari FoundationS Dr.Ulhas Patil Medical College And Hospital Blood Centre,Jalgaon,O-,0.04708016808483685,0
2026-09-09,18162,Godavari FoundationS Dr.Ulhas Patil Medical College And Hospital Blood Centre,Jalgaon,O-,0.04708016808483685,0
2026-09-07,18164,"Civil Surgeon, District General Hospital Blood Centre,  Nandurbar",Nandurbar,A+,0.6257963859382902,1
2026-09-08,18164,"Civil Surgeon, District General Hospital Blood Centre,  Nandurbar",Nandurbar,A+,0.7033044004560453,1
2026-09-09,18164,"Civil Surgeon, District General Hospital Blood Centre,  Nandurbar",Nandurbar,A+,0.9569767387238788,1
2026-09-07,18164,"Civil Surgeon, District General Hospital Blood Centre,  Nandurbar",Nandurbar,A-,0.9569767387238788,1
2026-09-08,18164,"Civil Surgeon, District General Hospital Blood Centre,  Nandurbar",Nandurbar,A-,0.9569767387238788,1
2026-09-09,18164,"Civil Surgeon, District General Hospital Blood Centre,  Nandurbar",Nandurbar,A-,0.9569767387238788,1
2026-09-07,18164,"Civil Surgeon, District General Hospital Blood Centre,  Nandurbar",Nandurbar,AB+,0.017326246650539934,0
2026-09-08,18164,"Civil Surgeon, District General Hospital Blood Centre,  Nandurbar",Nandurbar,AB+,0.022802306006585386,0
2026-09-09,18164,"Civil Surgeon, District General Hospital Blood Centre,  Nandurbar",Nandurbar,AB+,0.022229048452583756,0
2026-09-07,18164,"Civil Surgeon, District General Hospital Blood Centre,  Nandurbar",Nandurbar,AB-,0.9569767387238788,1
2026-09-08,18164,"Civil Surgeon, District General Hospital Blood Centre,  Nandurbar",Nandurbar,AB-,0.9569767387238788,1
2026-09-09,18164,"Civil Surgeon, District General Hospital Blood Centre,  Nandurbar",Nandurbar,AB-,0.9569767387238788,1
2026-09-07,18164,"Civil Surgeon, District General Hospital Blood Centre,  Nandurbar",Nandurbar,B+,0.09007372001543106,0
2026-09-08,18164,"Civil Surgeon, District General Hospital Blood Centre,  Nandurbar",Nandurbar,B+,0.021424556864425154,0
2026-09-09,18164,"Civil Surgeon, District General Hospital Blood Centre,  Nandurbar",Nandurbar,B+,0.022229048452583756,0
2026-09-07,18164,"Civil Surgeon, District General Hospital Blood Centre,  Nandurbar",Nandurbar,B-,0.014775908531147762,0
2026-09-08,18164,"Civil Surgeon, District General Hospital Blood Centre,  Nandurbar",Nandurbar,B-,0.01932592657034984,0
2026-09-09,18164,"Civil Surgeon, District General Hospital Blood Centre,  Nandurbar",Nandurbar,B-,0.02569799340181687,0
2026-09-07,18164,"Civil Surgeon, District General Hospital Blood Centre,  Nandurbar",Nandurbar,O+,0.031169888960772114,0
2026-09-08,18164,"Civil Surgeon, District General Hospital Blood Centre,  Nandurbar",Nandurbar,O+,0.4486699869672939,0
2026-09-09,18164,"Civil Surgeon, District General Hospital Blood Centre,  Nandurbar",Nandurbar,O+,0.2024477378600649,0
2026-09-07,18164,"Civil Surgeon, District General Hospital Blood Centre,  Nandurbar",Nandurbar,O-,0.8017482753365046,1
2026-09-08,18164,"Civil Surgeon, District General Hospital Blood Centre,  Nandurbar",Nandurbar,O-,0.9569767387238788,1
2026-09-09,18164,"Civil Surgeon, District General Hospital Blood Centre,  Nandurbar",Nandurbar,O-,0.31682855738935406,0
2026-09-07,18165,"Ansar Blood Centre, Malegaon",Nashik,A+,0.9569767387238788,1
2026-09-08,18165,"Ansar Blood Centre, Malegaon",Nashik,A+,0.9569767387238788,1
2026-09-09,18165,"Ansar Blood Centre, Malegaon",Nashik,A+,0.9569767387238788,1
2026-09-07,18165,"Ansar Blood Centre, Malegaon",Nashik,A-,0.9569767387238788,1
2026-09-08,18165,"Ansar Blood Centre, Malegaon",Nashik,A-,0.9569767387238788,1
2026-09-09,18165,"Ansar Blood Centre, Malegaon",Nashik,A-,0.9569767387238788,1
2026-09-07,18165,"Ansar Blood Centre, Malegaon",Nashik,AB+,0.9569767387238788,1
2026-09-08,18165,"Ansar Blood Centre, Malegaon",Nashik,AB+,0.9569767387238788,1
2026-09-09,18165,"Ansar Blood Centre, Malegaon",Nashik,AB+,0.9569767387238788,1
2026-09-07,18165,"Ansar Blood Centre, Malegaon",Nashik,AB-,0.9569767387238788,1
2026-09-08,18165,"Ansar Blood Centre, Malegaon",Nashik,AB-,0.9569767387238788,1
2026-09-09,18165,"Ansar Blood Centre, Malegaon",Nashik,AB-,0.9569767387238788,1
2026-09-07,18165,"Ansar Blood Centre, Malegaon",Nashik,B+,0.9569767387238788,1
2026-09-08,18165,"Ansar Blood Centre, Malegaon",Nashik,B+,0.9569767387238788,1
2026-09-09,18165,"Ansar Blood Centre, Malegaon",Nashik,B+,0.9569767387238788,1
2026-09-07,18165,"Ansar Blood Centre, Malegaon",Nashik,B-,0.9569767387238788,1
2026-09-08,18165,"Ansar Blood Centre, Malegaon",Nashik,B-,0.9569767387238788,1
2026-09-09,18165,"Ansar Blood Centre, Malegaon",Nashik,B-,0.9569767387238788,1
2026-09-07,18165,"Ansar Blood Centre, Malegaon",Nashik,O+,0.9569767387238788,1
2026-09-08,18165,"Ansar Blood Centre, Malegaon",Nashik,O+,0.9569767387238788,1
2026-09-09,18165,"Ansar Blood Centre, Malegaon",Nashik,O+,0.9569767387238788,1
2026-09-07,18165,"Ansar Blood Centre, Malegaon",Nashik,O-,0.9569767387238788,1
2026-09-08,18165,"Ansar Blood Centre, Malegaon",Nashik,O-,0.9569767387238788,1
2026-09-09,18165,"Ansar Blood Centre, Malegaon",Nashik,O-,0.9569767387238788,1
2026-09-07,18166,Ashirwad Medical Foundations Gsk Blood Centre And Components,Nagpur,A+,0.0024255631853859266,0
2026-09-08,18166,Ashirwad Medical Foundations Gsk Blood Centre And Components,Nagpur,A+,0.002038472997636512,0
2026-09-09,18166,Ashirwad Medical Foundations Gsk Blood Centre And Components,Nagpur,A+,0.0025696729460458157,0
2026-09-07,18166,Ashirwad Medical Foundations Gsk Blood Centre And Components,Nagpur,A-,0.09588567459878689,0
2026-09-08,18166,Ashirwad Medical Foundations Gsk Blood Centre And Components,Nagpur,A-,0.05421883653906218,0
2026-09-09,18166,Ashirwad Medical Foundations Gsk Blood Centre And Components,Nagpur,A-,0.07105022241162556,0
2026-09-07,18166,Ashirwad Medical Foundations Gsk Blood Centre And Components,Nagpur,AB+,0.049344382964182504,0
2026-09-08,18166,Ashirwad Medical Foundations Gsk Blood Centre And Components,Nagpur,AB+,0.028831849716799477,0
2026-09-09,18166,Ashirwad Medical Foundations Gsk Blood Centre And Components,Nagpur,AB+,0.030170888001377773,0
2026-09-07,18166,Ashirwad Medical Foundations Gsk Blood Centre And Components,Nagpur,AB-,0.09588567459878689,0
2026-09-08,18166,Ashirwad Medical Foundations Gsk Blood Centre And Components,Nagpur,AB-,0.09588567459878689,0
2026-09-09,18166,Ashirwad Medical Foundations Gsk Blood Centre And Components,Nagpur,AB-,0.09588567459878689,0
2026-09-07,18166,Ashirwad Medical Foundations Gsk Blood Centre And Components,Nagpur,B+,0.0037252458879842225,0
2026-09-08,18166,Ashirwad Medical Foundations Gsk Blood Centre And Components,Nagpur,B+,0.00189020356093118,0
2026-09-09,18166,Ashirwad Medical Foundations Gsk Blood Centre And Components,Nagpur,B+,0.00189020356093118,0
2026-09-07,18166,Ashirwad Medical Foundations Gsk Blood Centre And Components,Nagpur,B-,0.07307873484699798,0
2026-09-08,18166,Ashirwad Medical Foundations Gsk Blood Centre And Components,Nagpur,B-,0.04708016808483685,0
2026-09-09,18166,Ashirwad Medical Foundations Gsk Blood Centre And Components,Nagpur,B-,0.04708016808483685,0
2026-09-07,18166,Ashirwad Medical Foundations Gsk Blood Centre And Components,Nagpur,O+,0.0012081753373930854,0
2026-09-08,18166,Ashirwad Medical Foundations Gsk Blood Centre And Components,Nagpur,O+,0.002081411434515316,0
2026-09-09,18166,Ashirwad Medical Foundations Gsk Blood Centre And Components,Nagpur,O+,0.0016710067755597783,0
2026-09-07,18166,Ashirwad Medical Foundations Gsk Blood Centre And Components,Nagpur,O-,0.9569767387238788,1
2026-09-08,18166,Ashirwad Medical Foundations Gsk Blood Centre And Components,Nagpur,O-,0.9569767387238788,1
2026-09-09,18166,Ashirwad Medical Foundations Gsk Blood Centre And Components,Nagpur,O-,0.9569767387238788,1
2026-09-07,18167,Seva Blood Centre,Nashik,A+,0.0022891797709512092,0
2026-09-08,18167,Seva Blood Centre,Nashik,A+,0.002078638403100009,0
2026-09-09,18167,Seva Blood Centre,Nashik,A+,0.0025317048681512654,0
2026-09-07,18167,Seva Blood Centre,Nashik,A-,0.9569767387238788,1
2026-09-08,18167,Seva Blood Centre,Nashik,A-,0.9569767387238788,1
2026-09-09,18167,Seva Blood Centre,Nashik,A-,0.9569767387238788,1
2026-09-07,18167,Seva Blood Centre,Nashik,AB+,0.00531450045088611,0
2026-09-08,18167,Seva Blood Centre,Nashik,AB+,0.004705008794405569,0
2026-09-09,18167,Seva Blood Centre,Nashik,AB+,0.006640859060677679,0
2026-09-07,18167,Seva Blood Centre,Nashik,AB-,0.9569767387238788,1
2026-09-08,18167,Seva Blood Centre,Nashik,AB-,0.9569767387238788,1
2026-09-09,18167,Seva Blood Centre,Nashik,AB-,0.9569767387238788,1
2026-09-07,18167,Seva Blood Centre,Nashik,B+,0.006530433481724583,0
2026-09-08,18167,Seva Blood Centre,Nashik,B+,0.005056110371359031,0
2026-09-09,18167,Seva Blood Centre,Nashik,B+,0.029252963677590973,0
2026-09-07,18167,Seva Blood Centre,Nashik,B-,0.9569767387238788,1
2026-09-08,18167,Seva Blood Centre,Nashik,B-,0.9569767387238788,1
2026-09-09,18167,Seva Blood Centre,Nashik,B-,0.9569767387238788,1
2026-09-07,18167,Seva Blood Centre,Nashik,O+,0.0016029667411594228,0
2026-09-08,18167,Seva Blood Centre,Nashik,O+,0.0028050202516729356,0
2026-09-09,18167,Seva Blood Centre,Nashik,O+,0.00396679808514516,0
2026-09-07,18167,Seva Blood Centre,Nashik,O-,0.04708016808483685,0
2026-09-08,18167,Seva Blood Centre,Nashik,O-,0.5857594138375063,1
2026-09-09,18167,Seva Blood Centre,Nashik,O-,0.786299925543641,1
2026-09-07,18168,Arpan Blood Centre And Blood Component Laboratory And Research Centre Nashik,Nashik,A+,0.03417451270527365,0
2026-09-08,18168,Arpan Blood Centre And Blood Component Laboratory And Research Centre Nashik,Nashik,A+,0.003579983097991671,0
2026-09-09,18168,Arpan Blood Centre And Blood Component Laboratory And Research Centre Nashik,Nashik,A+,0.016499429380517693,0
2026-09-07,18168,Arpan Blood Centre And Blood Component Laboratory And Research Centre Nashik,Nashik,A-,0.09588567459878689,0
2026-09-08,18168,Arpan Blood Centre And Blood Component Laboratory And Research Centre Nashik,Nashik,A-,0.05421883653906218,0
2026-09-09,18168,Arpan Blood Centre And Blood Component Laboratory And Research Centre Nashik,Nashik,A-,0.07105022241162556,0
2026-09-07,18168,Arpan Blood Centre And Blood Component Laboratory And Research Centre Nashik,Nashik,AB+,0.003986268098094421,0
2026-09-08,18168,Arpan Blood Centre And Blood Component Laboratory And Research Centre Nashik,Nashik,AB+,0.002081411434515316,0
2026-09-09,18168,Arpan Blood Centre And Blood Component Laboratory And Research Centre Nashik,Nashik,AB+,0.005721531978809697,0
2026-09-07,18168,Arpan Blood Centre And Blood Component Laboratory And Research Centre Nashik,Nashik,AB-,0.7230546871564677,1
2026-09-08,18168,Arpan Blood Centre And Blood Component Laboratory And Research Centre Nashik,Nashik,AB-,0.32268418572950647,0
2026-09-09,18168,Arpan Blood Centre And Blood Component Laboratory And Research Centre Nashik,Nashik,AB-,0.7789323790913819,1
2026-09-07,18168,Arpan Blood Centre And Blood Component Laboratory And Research Centre Nashik,Nashik,B+,0.001447640954906764,0
2026-09-08,18168,Arpan Blood Centre And Blood Component Laboratory And Research Centre Nashik,Nashik,B+,0.0012081753373930854,0
2026-09-09,18168,Arpan Blood Centre And Blood Component Laboratory And Research Centre Nashik,Nashik,B+,0.0016659625536418062,0
2026-09-07,18168,Arpan Blood Centre And Blood Component Laboratory And Research Centre Nashik,Nashik,B-,0.26373230248423335,0
2026-09-08,18168,Arpan Blood Centre And Blood Component Laboratory And Research Centre Nashik,Nashik,B-,0.06035399411549741,0
2026-09-09,18168,Arpan Blood Centre And Blood Component Laboratory And Research Centre Nashik,Nashik,B-,0.04267073846196896,0
2026-09-07,18168,Arpan Blood Centre And Blood Component Laboratory And Research Centre Nashik,Nashik,O+,0.001342652951779423,0
2026-09-08,18168,Arpan Blood Centre And Blood Component Laboratory And Research Centre Nashik,Nashik,O+,0.0012081753373930854,0
2026-09-09,18168,Arpan Blood Centre And Blood Component Laboratory And Research Centre Nashik,Nashik,O+,0.0016710067755597783,0
2026-09-07,18168,Arpan Blood Centre And Blood Component Laboratory And Research Centre Nashik,Nashik,O-,0.04662318770609129,0
2026-09-08,18168,Arpan Blood Centre And Blood Component Laboratory And Research Centre Nashik,Nashik,O-,0.0845332859258294,0
2026-09-09,18168,Arpan Blood Centre And Blood Component Laboratory And Research Centre Nashik,Nashik,O-,0.1436924967281039,0
2026-09-07,18169,Civil Hospital Blood Centre Nashik,Nashik,A+,0.07000733556595519,0
2026-09-08,18169,Civil Hospital Blood Centre Nashik,Nashik,A+,0.029402748071017466,0
2026-09-09,18169,Civil Hospital Blood Centre Nashik,Nashik,A+,0.08648942808912738,0
2026-09-07,18169,Civil Hospital Blood Centre Nashik,Nashik,A-,0.012760506423855105,0
2026-09-08,18169,Civil Hospital Blood Centre Nashik,Nashik,A-,0.02501533837767574,0
2026-09-09,18169,Civil Hospital Blood Centre Nashik,Nashik,A-,0.022802306006585386,0
2026-09-07,18169,Civil Hospital Blood Centre Nashik,Nashik,AB+,0.28749450505617186,0
2026-09-08,18169,Civil Hospital Blood Centre Nashik,Nashik,AB+,0.1288174657485832,0
2026-09-09,18169,Civil Hospital Blood Centre Nashik,Nashik,AB+,0.010888447992179815,0
2026-09-07,18169,Civil Hospital Blood Centre Nashik,Nashik,AB-,0.09588567459878689,0
2026-09-08,18169,Civil Hospital Blood Centre Nashik,Nashik,AB-,0.09588567459878689,0
2026-09-09,18169,Civil Hospital Blood Centre Nashik,Nashik,AB-,0.09588567459878689,0
2026-09-07,18169,Civil Hospital Blood Centre Nashik,Nashik,B+,0.01875425138904549,0
2026-09-08,18169,Civil Hospital Blood Centre Nashik,Nashik,B+,0.003329568223509378,0
2026-09-09,18169,Civil Hospital Blood Centre Nashik,Nashik,B+,0.018245003005985975,0
2026-09-07,18169,Civil Hospital Blood Centre Nashik,Nashik,B-,0.03286503439273383,0
2026-09-08,18169,Civil Hospital Blood Centre Nashik,Nashik,B-,0.030596913276096392,0
2026-09-09,18169,Civil Hospital Blood Centre Nashik,Nashik,B-,0.030170888001377773,0
2026-09-07,18169,Civil Hospital Blood Centre Nashik,Nashik,O+,0.009324506023015879,0
2026-09-08,18169,Civil Hospital Blood Centre Nashik,Nashik,O+,0.014841907426147919,0
2026-09-09,18169,Civil Hospital Blood Centre Nashik,Nashik,O+,0.0025558689479555714,0
2026-09-07,18169,Civil Hospital Blood Centre Nashik,Nashik,O-,0.010592496217996626,0
2026-09-08,18169,Civil Hospital Blood Centre Nashik,Nashik,O-,0.017088907589379684,0
2026-09-09,18169,Civil Hospital Blood Centre Nashik,Nashik,O-,0.02394800779367308,0
2026-09-07,18170,"Medical Superitendant, J.D.C. Bytco Hospital Blood Centre",Nashik,A+,0.9569767387238788,1
2026-09-08,18170,"Medical Superitendant, J.D.C. Bytco Hospital Blood Centre",Nashik,A+,0.9569767387238788,1
2026-09-09,18170,"Medical Superitendant, J.D.C. Bytco Hospital Blood Centre",Nashik,A+,0.9569767387238788,1
2026-09-07,18170,"Medical Superitendant, J.D.C. Bytco Hospital Blood Centre",Nashik,A-,0.9569767387238788,1
2026-09-08,18170,"Medical Superitendant, J.D.C. Bytco Hospital Blood Centre",Nashik,A-,0.9569767387238788,1
2026-09-09,18170,"Medical Superitendant, J.D.C. Bytco Hospital Blood Centre",Nashik,A-,0.9569767387238788,1
2026-09-07,18170,"Medical Superitendant, J.D.C. Bytco Hospital Blood Centre",Nashik,AB+,0.9569767387238788,1
2026-09-08,18170,"Medical Superitendant, J.D.C. Bytco Hospital Blood Centre",Nashik,AB+,0.9569767387238788,1
2026-09-09,18170,"Medical Superitendant, J.D.C. Bytco Hospital Blood Centre",Nashik,AB+,0.9569767387238788,1
2026-09-07,18170,"Medical Superitendant, J.D.C. Bytco Hospital Blood Centre",Nashik,AB-,0.9569767387238788,1
2026-09-08,18170,"Medical Superitendant, J.D.C. Bytco Hospital Blood Centre",Nashik,AB-,0.9569767387238788,1
2026-09-09,18170,"Medical Superitendant, J.D.C. Bytco Hospital Blood Centre",Nashik,AB-,0.9569767387238788,1
2026-09-07,18170,"Medical Superitendant, J.D.C. Bytco Hospital Blood Centre",Nashik,B+,0.9569767387238788,1
2026-09-08,18170,"Medical Superitendant, J.D.C. Bytco Hospital Blood Centre",Nashik,B+,0.9569767387238788,1
2026-09-09,18170,"Medical Superitendant, J.D.C. Bytco Hospital Blood Centre",Nashik,B+,0.9569767387238788,1
2026-09-07,18170,"Medical Superitendant, J.D.C. Bytco Hospital Blood Centre",Nashik,B-,0.9569767387238788,1
2026-09-08,18170,"Medical Superitendant, J.D.C. Bytco Hospital Blood Centre",Nashik,B-,0.9569767387238788,1
2026-09-09,18170,"Medical Superitendant, J.D.C. Bytco Hospital Blood Centre",Nashik,B-,0.9569767387238788,1
2026-09-07,18170,"Medical Superitendant, J.D.C. Bytco Hospital Blood Centre",Nashik,O+,0.9569767387238788,1
2026-09-08,18170,"Medical Superitendant, J.D.C. Bytco Hospital Blood Centre",Nashik,O+,0.9569767387238788,1
2026-09-09,18170,"Medical Superitendant, J.D.C. Bytco Hospital Blood Centre",Nashik,O+,0.9569767387238788,1
2026-09-07,18170,"Medical Superitendant, J.D.C. Bytco Hospital Blood Centre",Nashik,O-,0.9569767387238788,1
2026-09-08,18170,"Medical Superitendant, J.D.C. Bytco Hospital Blood Centre",Nashik,O-,0.9569767387238788,1
2026-09-09,18170,"Medical Superitendant, J.D.C. Bytco Hospital Blood Centre",Nashik,O-,0.9569767387238788,1
2026-09-07,18171,"Jankalyan Blood Centre, Nashik",Nashik,A+,0.00189020356093118,0
2026-09-08,18171,"Jankalyan Blood Centre, Nashik",Nashik,A+,0.0012081753373930854,0
2026-09-09,18171,"Jankalyan Blood Centre, Nashik",Nashik,A+,0.0016710067755597783,0
2026-09-07,18171,"Jankalyan Blood Centre, Nashik",Nashik,A-,0.02965889291932624,0
2026-09-08,18171,"Jankalyan Blood Centre, Nashik",Nashik,A-,0.0352865250961465,0
2026-09-09,18171,"Jankalyan Blood Centre, Nashik",Nashik,A-,0.030170888001377773,0
2026-09-07,18171,"Jankalyan Blood Centre, Nashik",Nashik,AB+,0.00493907582491478,0
2026-09-08,18171,"Jankalyan Blood Centre, Nashik",Nashik,AB+,0.009058815676996049,0
2026-09-09,18171,"Jankalyan Blood Centre, Nashik",Nashik,AB+,0.09932929398546915,0
2026-09-07,18171,"Jankalyan Blood Centre, Nashik",Nashik,AB-,0.030146238907467458,0
2026-09-08,18171,"Jankalyan Blood Centre, Nashik",Nashik,AB-,0.025965664226108902,0
2026-09-09,18171,"Jankalyan Blood Centre, Nashik",Nashik,AB-,0.02693490311827044,0
2026-09-07,18171,"Jankalyan Blood Centre, Nashik",Nashik,B+,0.034528844034792984,0
2026-09-08,18171,"Jankalyan Blood Centre, Nashik",Nashik,B+,0.007823242878158849,0
2026-09-09,18171,"Jankalyan Blood Centre, Nashik",Nashik,B+,0.004903330470180494,0
2026-09-07,18171,"Jankalyan Blood Centre, Nashik",Nashik,B-,0.017326246650539934,0
2026-09-08,18171,"Jankalyan Blood Centre, Nashik",Nashik,B-,0.022802306006585386,0
2026-09-09,18171,"Jankalyan Blood Centre, Nashik",Nashik,B-,0.03732858522482786,0
2026-09-07,18171,"Jankalyan Blood Centre, Nashik",Nashik,O+,0.0016710067755597783,0
2026-09-08,18171,"Jankalyan Blood Centre, Nashik",Nashik,O+,0.0031156220614608626,0
2026-09-09,18171,"Jankalyan Blood Centre, Nashik",Nashik,O+,0.0016710067755597783,0
2026-09-07,18171,"Jankalyan Blood Centre, Nashik",Nashik,O-,0.017718354444483823,0
2026-09-08,18171,"Jankalyan Blood Centre, Nashik",Nashik,O-,0.02394800779367308,0
2026-09-09,18171,"Jankalyan Blood Centre, Nashik",Nashik,O-,0.022813407864306006,0
2026-09-07,18172,Sainik Aspatal Military Hospital Blood Centre,Nashik,A+,0.9569767387238788,1
2026-09-08,18172,Sainik Aspatal Military Hospital Blood Centre,Nashik,A+,0.9569767387238788,1
2026-09-09,18172,Sainik Aspatal Military Hospital Blood Centre,Nashik,A+,0.9569767387238788,1
2026-09-07,18172,Sainik Aspatal Military Hospital Blood Centre,Nashik,A-,0.9569767387238788,1
2026-09-08,18172,Sainik Aspatal Military Hospital Blood Centre,Nashik,A-,0.9569767387238788,1
2026-09-09,18172,Sainik Aspatal Military Hospital Blood Centre,Nashik,A-,0.9569767387238788,1
2026-09-07,18172,Sainik Aspatal Military Hospital Blood Centre,Nashik,AB+,0.9569767387238788,1
2026-09-08,18172,Sainik Aspatal Military Hospital Blood Centre,Nashik,AB+,0.9569767387238788,1
2026-09-09,18172,Sainik Aspatal Military Hospital Blood Centre,Nashik,AB+,0.9569767387238788,1
2026-09-07,18172,Sainik Aspatal Military Hospital Blood Centre,Nashik,AB-,0.9569767387238788,1
2026-09-08,18172,Sainik Aspatal Military Hospital Blood Centre,Nashik,AB-,0.9569767387238788,1
2026-09-09,18172,Sainik Aspatal Military Hospital Blood Centre,Nashik,AB-,0.9569767387238788,1
2026-09-07,18172,Sainik Aspatal Military Hospital Blood Centre,Nashik,B+,0.9569767387238788,1
2026-09-08,18172,Sainik Aspatal Military Hospital Blood Centre,Nashik,B+,0.9569767387238788,1
2026-09-09,18172,Sainik Aspatal Military Hospital Blood Centre,Nashik,B+,0.9569767387238788,1
2026-09-07,18172,Sainik Aspatal Military Hospital Blood Centre,Nashik,B-,0.9569767387238788,1
2026-09-08,18172,Sainik Aspatal Military Hospital Blood Centre,Nashik,B-,0.9569767387238788,1
2026-09-09,18172,Sainik Aspatal Military Hospital Blood Centre,Nashik,B-,0.9569767387238788,1
2026-09-07,18172,Sainik Aspatal Military Hospital Blood Centre,Nashik,O+,0.9569767387238788,1
2026-09-08,18172,Sainik Aspatal Military Hospital Blood Centre,Nashik,O+,0.9569767387238788,1
2026-09-09,18172,Sainik Aspatal Military Hospital Blood Centre,Nashik,O+,0.9569767387238788,1
2026-09-07,18172,Sainik Aspatal Military Hospital Blood Centre,Nashik,O-,0.9569767387238788,1
2026-09-08,18172,Sainik Aspatal Military Hospital Blood Centre,Nashik,O-,0.9569767387238788,1
2026-09-09,18172,Sainik Aspatal Military Hospital Blood Centre,Nashik,O-,0.9569767387238788,1
2026-09-07,18173,DevaS Health And Devlopment Foundation Samta Blood Centre,Nashik,A+,0.08551396782656936,0
2026-09-08,18173,DevaS Health And Devlopment Foundation Samta Blood Centre,Nashik,A+,0.05202420222433954,0
2026-09-09,18173,DevaS Health And Devlopment Foundation Samta Blood Centre,Nashik,A+,0.05202420222433954,0
2026-09-07,18173,DevaS Health And Devlopment Foundation Samta Blood Centre,Nashik,A-,0.9569767387238788,1
2026-09-08,18173,DevaS Health And Devlopment Foundation Samta Blood Centre,Nashik,A-,0.9569767387238788,1
2026-09-09,18173,DevaS Health And Devlopment Foundation Samta Blood Centre,Nashik,A-,0.9569767387238788,1
2026-09-07,18173,DevaS Health And Devlopment Foundation Samta Blood Centre,Nashik,AB+,0.9569767387238788,1
2026-09-08,18173,DevaS Health And Devlopment Foundation Samta Blood Centre,Nashik,AB+,0.9569767387238788,1
2026-09-09,18173,DevaS Health And Devlopment Foundation Samta Blood Centre,Nashik,AB+,0.9569767387238788,1
2026-09-07,18173,DevaS Health And Devlopment Foundation Samta Blood Centre,Nashik,AB-,0.9569767387238788,1
2026-09-08,18173,DevaS Health And Devlopment Foundation Samta Blood Centre,Nashik,AB-,0.9569767387238788,1
2026-09-09,18173,DevaS Health And Devlopment Foundation Samta Blood Centre,Nashik,AB-,0.9569767387238788,1
2026-09-07,18173,DevaS Health And Devlopment Foundation Samta Blood Centre,Nashik,B+,0.21747850048345554,0
2026-09-08,18173,DevaS Health And Devlopment Foundation Samta Blood Centre,Nashik,B+,0.6079895771448278,1
2026-09-09,18173,DevaS Health And Devlopment Foundation Samta Blood Centre,Nashik,B+,0.26373230248423335,0
2026-09-07,18173,DevaS Health And Devlopment Foundation Samta Blood Centre,Nashik,B-,0.9569767387238788,1
2026-09-08,18173,DevaS Health And Devlopment Foundation Samta Blood Centre,Nashik,B-,0.9569767387238788,1
2026-09-09,18173,DevaS Health And Devlopment Foundation Samta Blood Centre,Nashik,B-,0.9569767387238788,1
2026-09-07,18173,DevaS Health And Devlopment Foundation Samta Blood Centre,Nashik,O+,0.0015063363726798703,0
2026-09-08,18173,DevaS Health And Devlopment Foundation Samta Blood Centre,Nashik,O+,0.001964233974065344,0
2026-09-09,18173,DevaS Health And Devlopment Foundation Samta Blood Centre,Nashik,O+,0.001964233974065344,0
2026-09-07,18173,DevaS Health And Devlopment Foundation Samta Blood Centre,Nashik,O-,0.9569767387238788,1
2026-09-08,18173,DevaS Health And Devlopment Foundation Samta Blood Centre,Nashik,O-,0.9569767387238788,1
2026-09-09,18173,DevaS Health And Devlopment Foundation Samta Blood Centre,Nashik,O-,0.9569767387238788,1
2026-09-07,18175,Ndmvps Medical College And Hospital Blood Centre,Nashik,A+,0.0037456424585920905,0
2026-09-08,18175,Ndmvps Medical College And Hospital Blood Centre,Nashik,A+,0.002081411434515316,0
2026-09-09,18175,Ndmvps Medical College And Hospital Blood Centre,Nashik,A+,0.0020848928266579622,0
2026-09-07,18175,Ndmvps Medical College And Hospital Blood Centre,Nashik,A-,0.02693490311827044,0
2026-09-08,18175,Ndmvps Medical College And Hospital Blood Centre,Nashik,A-,0.02693490311827044,0
2026-09-09,18175,Ndmvps Medical College And Hospital Blood Centre,Nashik,A-,0.02693490311827044,0
2026-09-07,18175,Ndmvps Medical College And Hospital Blood Centre,Nashik,AB+,0.006640859060677679,0
2026-09-08,18175,Ndmvps Medical College And Hospital Blood Centre,Nashik,AB+,0.007800721337917326,0
2026-09-09,18175,Ndmvps Medical College And Hospital Blood Centre,Nashik,AB+,0.004379405824755255,0
2026-09-07,18175,Ndmvps Medical College And Hospital Blood Centre,Nashik,AB-,0.5478222728808783,1
2026-09-08,18175,Ndmvps Medical College And Hospital Blood Centre,Nashik,AB-,0.5405553237568677,1
2026-09-09,18175,Ndmvps Medical College And Hospital Blood Centre,Nashik,AB-,0.9569767387238788,1
2026-09-07,18175,Ndmvps Medical College And Hospital Blood Centre,Nashik,B+,0.0014489215994458093,0
2026-09-08,18175,Ndmvps Medical College And Hospital Blood Centre,Nashik,B+,0.00189020356093118,0
2026-09-09,18175,Ndmvps Medical College And Hospital Blood Centre,Nashik,B+,0.0023103468821924597,0
2026-09-07,18175,Ndmvps Medical College And Hospital Blood Centre,Nashik,B-,0.018984849435819646,0
2026-09-08,18175,Ndmvps Medical College And Hospital Blood Centre,Nashik,B-,0.014406164284245617,0
2026-09-09,18175,Ndmvps Medical College And Hospital Blood Centre,Nashik,B-,0.06547332477819073,0
2026-09-07,18175,Ndmvps Medical College And Hospital Blood Centre,Nashik,O+,0.005124878680569437,0
2026-09-08,18175,Ndmvps Medical College And Hospital Blood Centre,Nashik,O+,0.0022007328618244286,0
2026-09-09,18175,Ndmvps Medical College And Hospital Blood Centre,Nashik,O+,0.001447640954906764,0
2026-09-07,18175,Ndmvps Medical College And Hospital Blood Centre,Nashik,O-,0.02626651767943478,0
2026-09-08,18175,Ndmvps Medical College And Hospital Blood Centre,Nashik,O-,0.02086609389255849,0
2026-09-09,18175,Ndmvps Medical College And Hospital Blood Centre,Nashik,O-,0.011911110153229664,0
2026-09-07,18176,"Late. Dr. G.M. Bhavsar Charitable TrustS,Malegaon Blood Centre",Nashik,A+,0.00189020356093118,0
2026-09-08,18176,"Late. Dr. G.M. Bhavsar Charitable TrustS,Malegaon Blood Centre",Nashik,A+,0.0023108775049933,0
2026-09-09,18176,"Late. Dr. G.M. Bhavsar Charitable TrustS,Malegaon Blood Centre",Nashik,A+,0.006027926090040222,0
2026-09-07,18176,"Late. Dr. G.M. Bhavsar Charitable TrustS,Malegaon Blood Centre",Nashik,A-,0.04708016808483685,0
2026-09-08,18176,"Late. Dr. G.M. Bhavsar Charitable TrustS,Malegaon Blood Centre",Nashik,A-,0.04708016808483685,0
2026-09-09,18176,"Late. Dr. G.M. Bhavsar Charitable TrustS,Malegaon Blood Centre",Nashik,A-,0.16210439842287436,0
2026-09-07,18176,"Late. Dr. G.M. Bhavsar Charitable TrustS,Malegaon Blood Centre",Nashik,AB+,0.0017409769591235288,0
2026-09-08,18176,"Late. Dr. G.M. Bhavsar Charitable TrustS,Malegaon Blood Centre",Nashik,AB+,0.018254971795390696,0
2026-09-09,18176,"Late. Dr. G.M. Bhavsar Charitable TrustS,Malegaon Blood Centre",Nashik,AB+,0.004949183804473318,0
2026-09-07,18176,"Late. Dr. G.M. Bhavsar Charitable TrustS,Malegaon Blood Centre",Nashik,AB-,0.9569767387238788,1
2026-09-08,18176,"Late. Dr. G.M. Bhavsar Charitable TrustS,Malegaon Blood Centre",Nashik,AB-,0.9569767387238788,1
2026-09-09,18176,"Late. Dr. G.M. Bhavsar Charitable TrustS,Malegaon Blood Centre",Nashik,AB-,0.32268418572950647,0
2026-09-07,18176,"Late. Dr. G.M. Bhavsar Charitable TrustS,Malegaon Blood Centre",Nashik,B+,0.0050383030951933324,0
2026-09-08,18176,"Late. Dr. G.M. Bhavsar Charitable TrustS,Malegaon Blood Centre",Nashik,B+,0.002081411434515316,0
2026-09-09,18176,"Late. Dr. G.M. Bhavsar Charitable TrustS,Malegaon Blood Centre",Nashik,B+,0.00189020356093118,0
2026-09-07,18176,"Late. Dr. G.M. Bhavsar Charitable TrustS,Malegaon Blood Centre",Nashik,B-,0.027568089055482303,0
2026-09-08,18176,"Late. Dr. G.M. Bhavsar Charitable TrustS,Malegaon Blood Centre",Nashik,B-,0.09592721964234696,0
2026-09-09,18176,"Late. Dr. G.M. Bhavsar Charitable TrustS,Malegaon Blood Centre",Nashik,B-,0.05202420222433954,0
2026-09-07,18176,"Late. Dr. G.M. Bhavsar Charitable TrustS,Malegaon Blood Centre",Nashik,O+,0.0021789692231545,0
2026-09-08,18176,"Late. Dr. G.M. Bhavsar Charitable TrustS,Malegaon Blood Centre",Nashik,O+,0.002081411434515316,0
2026-09-09,18176,"Late. Dr. G.M. Bhavsar Charitable TrustS,Malegaon Blood Centre",Nashik,O+,0.00189020356093118,0
2026-09-07,18176,"Late. Dr. G.M. Bhavsar Charitable TrustS,Malegaon Blood Centre",Nashik,O-,0.02693490311827044,0
2026-09-08,18176,"Late. Dr. G.M. Bhavsar Charitable TrustS,Malegaon Blood Centre",Nashik,O-,0.027568089055482303,0
2026-09-09,18176,"Late. Dr. G.M. Bhavsar Charitable TrustS,Malegaon Blood Centre",Nashik,O-,0.028831849716799477,0
2026-09-07,18177,"Shri Sai Seva Medical Foundation Sanchalit, Sanjeevani Blood Centre",Nashik,A+,0.018658222064570334,0
2026-09-08,18177,"Shri Sai Seva Medical Foundation Sanchalit, Sanjeevani Blood Centre",Nashik,A+,0.014027539642982513,0
2026-09-09,18177,"Shri Sai Seva Medical Foundation Sanchalit, Sanjeevani Blood Centre",Nashik,A+,0.010175345388702548,0
2026-09-07,18177,"Shri Sai Seva Medical Foundation Sanchalit, Sanjeevani Blood Centre",Nashik,A-,0.5857594138375063,1
2026-09-08,18177,"Shri Sai Seva Medical Foundation Sanchalit, Sanjeevani Blood Centre",Nashik,A-,0.26373230248423335,0
2026-09-09,18177,"Shri Sai Seva Medical Foundation Sanchalit, Sanjeevani Blood Centre",Nashik,A-,0.7955938276267487,1
2026-09-07,18177,"Shri Sai Seva Medical Foundation Sanchalit, Sanjeevani Blood Centre",Nashik,AB+,0.02014311720528692,0
2026-09-08,18177,"Shri Sai Seva Medical Foundation Sanchalit, Sanjeevani Blood Centre",Nashik,AB+,0.022229048452583756,0
2026-09-09,18177,"Shri Sai Seva Medical Foundation Sanchalit, Sanjeevani Blood Centre",Nashik,AB+,0.028538558157038173,0
2026-09-07,18177,"Shri Sai Seva Medical Foundation Sanchalit, Sanjeevani Blood Centre",Nashik,AB-,0.9569767387238788,1
2026-09-08,18177,"Shri Sai Seva Medical Foundation Sanchalit, Sanjeevani Blood Centre",Nashik,AB-,0.9569767387238788,1
2026-09-09,18177,"Shri Sai Seva Medical Foundation Sanchalit, Sanjeevani Blood Centre",Nashik,AB-,0.9569767387238788,1
2026-09-07,18177,"Shri Sai Seva Medical Foundation Sanchalit, Sanjeevani Blood Centre",Nashik,B+,0.005100176950738248,0
2026-09-08,18177,"Shri Sai Seva Medical Foundation Sanchalit, Sanjeevani Blood Centre",Nashik,B+,0.0081440419634123,0
2026-09-09,18177,"Shri Sai Seva Medical Foundation Sanchalit, Sanjeevani Blood Centre",Nashik,B+,0.004699409582270632,0
2026-09-07,18177,"Shri Sai Seva Medical Foundation Sanchalit, Sanjeevani Blood Centre",Nashik,B-,0.7542144173100465,1
2026-09-08,18177,"Shri Sai Seva Medical Foundation Sanchalit, Sanjeevani Blood Centre",Nashik,B-,0.32559708094662476,0
2026-09-09,18177,"Shri Sai Seva Medical Foundation Sanchalit, Sanjeevani Blood Centre",Nashik,B-,0.7789323790913819,1
2026-09-07,18177,"Shri Sai Seva Medical Foundation Sanchalit, Sanjeevani Blood Centre",Nashik,O+,0.015816975002225914,0
2026-09-08,18177,"Shri Sai Seva Medical Foundation Sanchalit, Sanjeevani Blood Centre",Nashik,O+,0.015816975002225914,0
2026-09-09,18177,"Shri Sai Seva Medical Foundation Sanchalit, Sanjeevani Blood Centre",Nashik,O+,0.007446453409474026,0
2026-09-07,18177,"Shri Sai Seva Medical Foundation Sanchalit, Sanjeevani Blood Centre",Nashik,O-,0.5857594138375063,1
2026-09-08,18177,"Shri Sai Seva Medical Foundation Sanchalit, Sanjeevani Blood Centre",Nashik,O-,0.08175831823686835,0
2026-09-09,18177,"Shri Sai Seva Medical Foundation Sanchalit, Sanjeevani Blood Centre",Nashik,O-,0.14315570558017862,0
2026-09-07,18178,"Medical Superintendent, Regional Referal Hospital Blood Bank,(Superspeciality  Hospital) Nashik",Nashik,A+,0.9569767387238788,1
2026-09-08,18178,"Medical Superintendent, Regional Referal Hospital Blood Bank,(Superspeciality  Hospital) Nashik",Nashik,A+,0.9569767387238788,1
2026-09-09,18178,"Medical Superintendent, Regional Referal Hospital Blood Bank,(Superspeciality  Hospital) Nashik",Nashik,A+,0.9569767387238788,1
2026-09-07,18178,"Medical Superintendent, Regional Referal Hospital Blood Bank,(Superspeciality  Hospital) Nashik",Nashik,A-,0.9569767387238788,1
2026-09-08,18178,"Medical Superintendent, Regional Referal Hospital Blood Bank,(Superspeciality  Hospital) Nashik",Nashik,A-,0.9569767387238788,1
2026-09-09,18178,"Medical Superintendent, Regional Referal Hospital Blood Bank,(Superspeciality  Hospital) Nashik",Nashik,A-,0.9569767387238788,1
2026-09-07,18178,"Medical Superintendent, Regional Referal Hospital Blood Bank,(Superspeciality  Hospital) Nashik",Nashik,AB+,0.9569767387238788,1
2026-09-08,18178,"Medical Superintendent, Regional Referal Hospital Blood Bank,(Superspeciality  Hospital) Nashik",Nashik,AB+,0.9569767387238788,1
2026-09-09,18178,"Medical Superintendent, Regional Referal Hospital Blood Bank,(Superspeciality  Hospital) Nashik",Nashik,AB+,0.9569767387238788,1
2026-09-07,18178,"Medical Superintendent, Regional Referal Hospital Blood Bank,(Superspeciality  Hospital) Nashik",Nashik,AB-,0.9569767387238788,1
2026-09-08,18178,"Medical Superintendent, Regional Referal Hospital Blood Bank,(Superspeciality  Hospital) Nashik",Nashik,AB-,0.9569767387238788,1
2026-09-09,18178,"Medical Superintendent, Regional Referal Hospital Blood Bank,(Superspeciality  Hospital) Nashik",Nashik,AB-,0.9569767387238788,1
2026-09-07,18178,"Medical Superintendent, Regional Referal Hospital Blood Bank,(Superspeciality  Hospital) Nashik",Nashik,B+,0.9569767387238788,1
2026-09-08,18178,"Medical Superintendent, Regional Referal Hospital Blood Bank,(Superspeciality  Hospital) Nashik",Nashik,B+,0.9569767387238788,1
2026-09-09,18178,"Medical Superintendent, Regional Referal Hospital Blood Bank,(Superspeciality  Hospital) Nashik",Nashik,B+,0.9569767387238788,1
2026-09-07,18178,"Medical Superintendent, Regional Referal Hospital Blood Bank,(Superspeciality  Hospital) Nashik",Nashik,B-,0.9569767387238788,1
2026-09-08,18178,"Medical Superintendent, Regional Referal Hospital Blood Bank,(Superspeciality  Hospital) Nashik",Nashik,B-,0.9569767387238788,1
2026-09-09,18178,"Medical Superintendent, Regional Referal Hospital Blood Bank,(Superspeciality  Hospital) Nashik",Nashik,B-,0.9569767387238788,1
2026-09-07,18178,"Medical Superintendent, Regional Referal Hospital Blood Bank,(Superspeciality  Hospital) Nashik",Nashik,O+,0.9569767387238788,1
2026-09-08,18178,"Medical Superintendent, Regional Referal Hospital Blood Bank,(Superspeciality  Hospital) Nashik",Nashik,O+,0.9569767387238788,1
2026-09-09,18178,"Medical Superintendent, Regional Referal Hospital Blood Bank,(Superspeciality  Hospital) Nashik",Nashik,O+,0.9569767387238788,1
2026-09-07,18178,"Medical Superintendent, Regional Referal Hospital Blood Bank,(Superspeciality  Hospital) Nashik",Nashik,O-,0.9569767387238788,1
2026-09-08,18178,"Medical Superintendent, Regional Referal Hospital Blood Bank,(Superspeciality  Hospital) Nashik",Nashik,O-,0.9569767387238788,1
2026-09-09,18178,"Medical Superintendent, Regional Referal Hospital Blood Bank,(Superspeciality  Hospital) Nashik",Nashik,O-,0.9569767387238788,1
2026-09-07,18179,"Nashik Blood Bank And Transfusion Research Institute Blood Bank(Jijau Mahila  Sewabhavi Sanstha, Nash",Nashik,A+,0.019207067181860025,0
2026-09-08,18179,"Nashik Blood Bank And Transfusion Research Institute Blood Bank(Jijau Mahila  Sewabhavi Sanstha, Nash",Nashik,A+,0.01559599405247253,0
2026-09-09,18179,"Nashik Blood Bank And Transfusion Research Institute Blood Bank(Jijau Mahila  Sewabhavi Sanstha, Nash",Nashik,A+,0.0045447106460079385,0
2026-09-07,18179,"Nashik Blood Bank And Transfusion Research Institute Blood Bank(Jijau Mahila  Sewabhavi Sanstha, Nash",Nashik,A-,0.030170888001377773,0
2026-09-08,18179,"Nashik Blood Bank And Transfusion Research Institute Blood Bank(Jijau Mahila  Sewabhavi Sanstha, Nash",Nashik,A-,0.030170888001377773,0
2026-09-09,18179,"Nashik Blood Bank And Transfusion Research Institute Blood Bank(Jijau Mahila  Sewabhavi Sanstha, Nash",Nashik,A-,0.030170888001377773,0
2026-09-07,18179,"Nashik Blood Bank And Transfusion Research Institute Blood Bank(Jijau Mahila  Sewabhavi Sanstha, Nash",Nashik,AB+,0.022229048452583756,0
2026-09-08,18179,"Nashik Blood Bank And Transfusion Research Institute Blood Bank(Jijau Mahila  Sewabhavi Sanstha, Nash",Nashik,AB+,0.022229048452583756,0
2026-09-09,18179,"Nashik Blood Bank And Transfusion Research Institute Blood Bank(Jijau Mahila  Sewabhavi Sanstha, Nash",Nashik,AB+,0.022229048452583756,0
2026-09-07,18179,"Nashik Blood Bank And Transfusion Research Institute Blood Bank(Jijau Mahila  Sewabhavi Sanstha, Nash",Nashik,AB-,0.07307873484699798,0
2026-09-08,18179,"Nashik Blood Bank And Transfusion Research Institute Blood Bank(Jijau Mahila  Sewabhavi Sanstha, Nash",Nashik,AB-,0.04708016808483685,0
2026-09-09,18179,"Nashik Blood Bank And Transfusion Research Institute Blood Bank(Jijau Mahila  Sewabhavi Sanstha, Nash",Nashik,AB-,0.16210439842287436,0
2026-09-07,18179,"Nashik Blood Bank And Transfusion Research Institute Blood Bank(Jijau Mahila  Sewabhavi Sanstha, Nash",Nashik,B+,0.023073133349525893,0
2026-09-08,18179,"Nashik Blood Bank And Transfusion Research Institute Blood Bank(Jijau Mahila  Sewabhavi Sanstha, Nash",Nashik,B+,0.02308436395122523,0
2026-09-09,18179,"Nashik Blood Bank And Transfusion Research Institute Blood Bank(Jijau Mahila  Sewabhavi Sanstha, Nash",Nashik,B+,0.01380380555272785,0
2026-09-07,18179,"Nashik Blood Bank And Transfusion Research Institute Blood Bank(Jijau Mahila  Sewabhavi Sanstha, Nash",Nashik,B-,0.9569767387238788,1
2026-09-08,18179,"Nashik Blood Bank And Transfusion Research Institute Blood Bank(Jijau Mahila  Sewabhavi Sanstha, Nash",Nashik,B-,0.9569767387238788,1
2026-09-09,18179,"Nashik Blood Bank And Transfusion Research Institute Blood Bank(Jijau Mahila  Sewabhavi Sanstha, Nash",Nashik,B-,0.9569767387238788,1
2026-09-07,18179,"Nashik Blood Bank And Transfusion Research Institute Blood Bank(Jijau Mahila  Sewabhavi Sanstha, Nash",Nashik,O+,0.006894038836209737,0
2026-09-08,18179,"Nashik Blood Bank And Transfusion Research Institute Blood Bank(Jijau Mahila  Sewabhavi Sanstha, Nash",Nashik,O+,0.0049567021558786836,0
2026-09-09,18179,"Nashik Blood Bank And Transfusion Research Institute Blood Bank(Jijau Mahila  Sewabhavi Sanstha, Nash",Nashik,O+,0.004308025452574265,0
2026-09-07,18179,"Nashik Blood Bank And Transfusion Research Institute Blood Bank(Jijau Mahila  Sewabhavi Sanstha, Nash",Nashik,O-,0.09588567459878689,0
2026-09-08,18179,"Nashik Blood Bank And Transfusion Research Institute Blood Bank(Jijau Mahila  Sewabhavi Sanstha, Nash",Nashik,O-,0.09588567459878689,0
2026-09-09,18179,"Nashik Blood Bank And Transfusion Research Institute Blood Bank(Jijau Mahila  Sewabhavi Sanstha, Nash",Nashik,O-,0.09588567459878689,0
2026-09-07,18181,"Shree Swami  Samartha Vaidyakiya  Shaikshanik And Sanshodhan Sanstha, Late   Shri Mukeshbai Patel Blo",Dhule,A+,0.0021625444939994735,0
2026-09-08,18181,"Shree Swami  Samartha Vaidyakiya  Shaikshanik And Sanshodhan Sanstha, Late    Shri Mukeshbai Patel Blo",Dhule,A+,0.003059777509680781,0
2026-09-09,18181,"Shree Swami  Samartha Vaidyakiya  Shaikshanik And Sanshodhan Sanstha, Late   Shri Mukeshbai Patel Blo",Dhule,A+,0.020036590192742933,0
2026-09-07,18181,"Shree Swami  Samartha Vaidyakiya  Shaikshanik And Sanshodhan Sanstha, Late   Shri Mukeshbai Patel Blo",Dhule,A-,0.09588567459878689,0
2026-09-08,18181,"Shree Swami  Samartha Vaidyakiya  Shaikshanik And Sanshodhan Sanstha, Late    Shri Mukeshbai Patel Blo",Dhule,A-,0.09588567459878689,0
2026-09-09,18181,"Shree Swami  Samartha Vaidyakiya  Shaikshanik And Sanshodhan Sanstha, Late   Shri Mukeshbai Patel Blo",Dhule,A-,0.09588567459878689,0
2026-09-07,18181,"Shree Swami  Samartha Vaidyakiya  Shaikshanik And Sanshodhan Sanstha, Late   Shri Mukeshbai Patel Blo",Dhule,AB+,0.01469994325095396,0
2026-09-08,18181,"Shree Swami  Samartha Vaidyakiya  Shaikshanik And Sanshodhan Sanstha, Late    Shri Mukeshbai Patel Blo",Dhule,AB+,0.010271237261192608,0
2026-09-09,18181,"Shree Swami  Samartha Vaidyakiya  Shaikshanik And Sanshodhan Sanstha, Late   Shri Mukeshbai Patel Blo",Dhule,AB+,0.013378272830047106,0
2026-09-07,18181,"Shree Swami  Samartha Vaidyakiya  Shaikshanik And Sanshodhan Sanstha, Late   Shri Mukeshbai Patel Blo",Dhule,AB-,0.09588567459878689,0
2026-09-08,18181,"Shree Swami  Samartha Vaidyakiya  Shaikshanik And Sanshodhan Sanstha, Late    Shri Mukeshbai Patel Blo",Dhule,AB-,0.09588567459878689,0
2026-09-09,18181,"Shree Swami  Samartha Vaidyakiya  Shaikshanik And Sanshodhan Sanstha, Late   Shri Mukeshbai Patel Blo",Dhule,AB-,0.09588567459878689,0
2026-09-07,18181,"Shree Swami  Samartha Vaidyakiya  Shaikshanik And Sanshodhan Sanstha, Late   Shri Mukeshbai Patel Blo",Dhule,B+,0.00189020356093118,0
2026-09-08,18181,"Shree Swami  Samartha Vaidyakiya  Shaikshanik And Sanshodhan Sanstha, Late    Shri Mukeshbai Patel Blo",Dhule,B+,0.017123950795006622,0
2026-09-09,18181,"Shree Swami  Samartha Vaidyakiya  Shaikshanik And Sanshodhan Sanstha, Late   Shri Mukeshbai Patel Blo",Dhule,B+,0.0017409769591235288,0
2026-09-07,18181,"Shree Swami  Samartha Vaidyakiya  Shaikshanik And Sanshodhan Sanstha, Late   Shri Mukeshbai Patel Blo",Dhule,B-,0.020926993425840607,0
2026-09-08,18181,"Shree Swami  Samartha Vaidyakiya  Shaikshanik And Sanshodhan Sanstha, Late    Shri Mukeshbai Patel Blo",Dhule,B-,0.022229048452583756,0
2026-09-09,18181,"Shree Swami  Samartha Vaidyakiya  Shaikshanik And Sanshodhan Sanstha, Late   Shri Mukeshbai Patel Blo",Dhule,B-,0.022229048452583756,0
2026-09-07,18181,"Shree Swami  Samartha Vaidyakiya  Shaikshanik And Sanshodhan Sanstha, Late   Shri Mukeshbai Patel Blo",Dhule,O+,0.002081411434515316,0
2026-09-08,18181,"Shree Swami  Samartha Vaidyakiya  Shaikshanik And Sanshodhan Sanstha, Late    Shri Mukeshbai Patel Blo",Dhule,O+,0.002081411434515316,0
2026-09-09,18181,"Shree Swami  Samartha Vaidyakiya  Shaikshanik And Sanshodhan Sanstha, Late   Shri Mukeshbai Patel Blo",Dhule,O+,0.00189020356093118,0
2026-09-07,18181,"Shree Swami  Samartha Vaidyakiya  Shaikshanik And Sanshodhan Sanstha, Late   Shri Mukeshbai Patel Blo",Dhule,O-,0.030146238907467458,0
2026-09-08,18181,"Shree Swami  Samartha Vaidyakiya  Shaikshanik And Sanshodhan Sanstha, Late    Shri Mukeshbai Patel Blo",Dhule,O-,0.025965664226108902,0
2026-09-09,18181,"Shree Swami  Samartha Vaidyakiya  Shaikshanik And Sanshodhan Sanstha, Late   Shri Mukeshbai Patel Blo",Dhule,O-,0.02693490311827044,0
2026-09-07,18183,"Mahatma Gandhi Blood Centre,  Operated By Task",Thane,A+,0.563211690470623,1
2026-09-08,18183,"Mahatma Gandhi Blood Centre,  Operated By Task",Thane,A+,0.7230546871564677,1
2026-09-09,18183,"Mahatma Gandhi Blood Centre,  Operated By Task",Thane,A+,0.4483383250734861,0
2026-09-07,18183,"Mahatma Gandhi Blood Centre,  Operated By Task",Thane,A-,0.11137846256372314,0
2026-09-08,18183,"Mahatma Gandhi Blood Centre,  Operated By Task",Thane,A-,0.05840963795906487,0
2026-09-09,18183,"Mahatma Gandhi Blood Centre,  Operated By Task",Thane,A-,0.6358654810995975,1
2026-09-07,18183,"Mahatma Gandhi Blood Centre,  Operated By Task",Thane,AB+,0.08406048125395335,0
2026-09-08,18183,"Mahatma Gandhi Blood Centre,  Operated By Task",Thane,AB+,0.020892526667278775,0
2026-09-09,18183,"Mahatma Gandhi Blood Centre,  Operated By Task",Thane,AB+,0.021539719455403308,0
2026-09-07,18183,"Mahatma Gandhi Blood Centre,  Operated By Task",Thane,AB-,0.7789323790913819,1
2026-09-08,18183,"Mahatma Gandhi Blood Centre,  Operated By Task",Thane,AB-,0.32559708094662476,0
2026-09-09,18183,"Mahatma Gandhi Blood Centre,  Operated By Task",Thane,AB-,0.7684382335810872,1
2026-09-07,18183,"Mahatma Gandhi Blood Centre,  Operated By Task",Thane,B+,0.4277263709077419,0
2026-09-08,18183,"Mahatma Gandhi Blood Centre,  Operated By Task",Thane,B+,0.2004296536985042,0
2026-09-09,18183,"Mahatma Gandhi Blood Centre,  Operated By Task",Thane,B+,0.05271836271201006,0
2026-09-07,18183,"Mahatma Gandhi Blood Centre,  Operated By Task",Thane,B-,0.563211690470623,1
2026-09-08,18183,"Mahatma Gandhi Blood Centre,  Operated By Task",Thane,B-,0.23031984760771687,0
2026-09-09,18183,"Mahatma Gandhi Blood Centre,  Operated By Task",Thane,B-,0.722527895997542,1
2026-09-07,18183,"Mahatma Gandhi Blood Centre,  Operated By Task",Thane,O+,0.010226668305026597,0
2026-09-08,18183,"Mahatma Gandhi Blood Centre,  Operated By Task",Thane,O+,0.0041722333687369256,0
2026-09-09,18183,"Mahatma Gandhi Blood Centre,  Operated By Task",Thane,O+,0.009588578402307885,0
2026-09-07,18183,"Mahatma Gandhi Blood Centre,  Operated By Task",Thane,O-,0.5650400783442185,1
2026-09-08,18183,"Mahatma Gandhi Blood Centre,  Operated By Task",Thane,O-,0.24030133563931505,0
2026-09-09,18183,"Mahatma Gandhi Blood Centre,  Operated By Task",Thane,O-,0.12269695443240859,0
2026-09-07,18184,"Vitthal  Sayanna General  Hospital (Civil Hospital) Blood Centre, Thane",Thane,A+,0.001192181253429029,0
2026-09-08,18184,"Vitthal  Sayanna General  Hospital (Civil Hospital) Blood Centre, Thane",Thane,A+,0.0012081753373930854,0
2026-09-09,18184,"Vitthal  Sayanna General  Hospital (Civil Hospital) Blood Centre, Thane",Thane,A+,0.002081411434515316,0
2026-09-07,18184,"Vitthal  Sayanna General  Hospital (Civil Hospital) Blood Centre, Thane",Thane,A-,0.020660631252817835,0
2026-09-08,18184,"Vitthal  Sayanna General  Hospital (Civil Hospital) Blood Centre, Thane",Thane,A-,0.018024771797866716,0
2026-09-09,18184,"Vitthal  Sayanna General  Hospital (Civil Hospital) Blood Centre, Thane",Thane,A-,0.017524164469124758,0
2026-09-07,18184,"Vitthal  Sayanna General  Hospital (Civil Hospital) Blood Centre, Thane",Thane,AB+,0.09588567459878689,0
2026-09-08,18184,"Vitthal  Sayanna General  Hospital (Civil Hospital) Blood Centre, Thane",Thane,AB+,0.09588567459878689,0
2026-09-09,18184,"Vitthal  Sayanna General  Hospital (Civil Hospital) Blood Centre, Thane",Thane,AB+,0.09588567459878689,0
2026-09-07,18184,"Vitthal  Sayanna General  Hospital (Civil Hospital) Blood Centre, Thane",Thane,AB-,0.7789323790913819,1
2026-09-08,18184,"Vitthal  Sayanna General  Hospital (Civil Hospital) Blood Centre, Thane",Thane,AB-,0.8017482753365046,1
2026-09-09,18184,"Vitthal  Sayanna General  Hospital (Civil Hospital) Blood Centre, Thane",Thane,AB-,0.9569767387238788,1
2026-09-07,18184,"Vitthal  Sayanna General  Hospital (Civil Hospital) Blood Centre, Thane",Thane,B+,0.00296418060025788,0
2026-09-08,18184,"Vitthal  Sayanna General  Hospital (Civil Hospital) Blood Centre, Thane",Thane,B+,0.002496263558585604,0
2026-09-09,18184,"Vitthal  Sayanna General  Hospital (Civil Hospital) Blood Centre, Thane",Thane,B+,0.05822820296178172,0
2026-09-07,18184,"Vitthal  Sayanna General  Hospital (Civil Hospital) Blood Centre, Thane",Thane,B-,0.07097093226410016,0
2026-09-08,18184,"Vitthal  Sayanna General  Hospital (Civil Hospital) Blood Centre, Thane",Thane,B-,0.07248024029994549,0
2026-09-09,18184,"Vitthal  Sayanna General  Hospital (Civil Hospital) Blood Centre, Thane",Thane,B-,0.2042601534116306,0
2026-09-07,18184,"Vitthal  Sayanna General  Hospital (Civil Hospital) Blood Centre, Thane",Thane,O+,0.0016710067755597783,0
2026-09-08,18184,"Vitthal  Sayanna General  Hospital (Civil Hospital) Blood Centre, Thane",Thane,O+,0.0016710067755597783,0
2026-09-09,18184,"Vitthal  Sayanna General  Hospital (Civil Hospital) Blood Centre, Thane",Thane,O+,0.001539058499830292,0
2026-09-07,18184,"Vitthal  Sayanna General  Hospital (Civil Hospital) Blood Centre, Thane",Thane,O-,0.1498097922182252,0
2026-09-08,18184,"Vitthal  Sayanna General  Hospital (Civil Hospital) Blood Centre, Thane",Thane,O-,0.057347578586959165,0
2026-09-09,18184,"Vitthal  Sayanna General  Hospital (Civil Hospital) Blood Centre, Thane",Thane,O-,0.5650400783442185,1
2026-09-07,18185,Navjeevan Blood Centre Mangaed By Spvf,Thane,A+,0.0071587322142349285,0
2026-09-08,18185,Navjeevan Blood Centre Mangaed By Spvf,Thane,A+,0.0015790482111991506,0
2026-09-09,18185,Navjeevan Blood Centre Mangaed By Spvf,Thane,A+,0.004513264225172711,0
2026-09-07,18185,Navjeevan Blood Centre Mangaed By Spvf,Thane,A-,0.9569767387238788,1
2026-09-08,18185,Navjeevan Blood Centre Mangaed By Spvf,Thane,A-,0.32268418572950647,0
2026-09-09,18185,Navjeevan Blood Centre Mangaed By Spvf,Thane,A-,0.14681513403309893,0
2026-09-07,18185,Navjeevan Blood Centre Mangaed By Spvf,Thane,AB+,0.022229048452583756,0
2026-09-08,18185,Navjeevan Blood Centre Mangaed By Spvf,Thane,AB+,0.028538558157038173,0
2026-09-09,18185,Navjeevan Blood Centre Mangaed By Spvf,Thane,AB+,0.019242442702893815,0
2026-09-07,18185,Navjeevan Blood Centre Mangaed By Spvf,Thane,AB-,0.9569767387238788,1
2026-09-08,18185,Navjeevan Blood Centre Mangaed By Spvf,Thane,AB-,0.9569767387238788,1
2026-09-09,18185,Navjeevan Blood Centre Mangaed By Spvf,Thane,AB-,0.9569767387238788,1
2026-09-07,18185,Navjeevan Blood Centre Mangaed By Spvf,Thane,B+,0.011027103451213325,0
2026-09-08,18185,Navjeevan Blood Centre Mangaed By Spvf,Thane,B+,0.00233343008905693,0
2026-09-09,18185,Navjeevan Blood Centre Mangaed By Spvf,Thane,B+,0.0015063363726798703,0
2026-09-07,18185,Navjeevan Blood Centre Mangaed By Spvf,Thane,B-,0.9569767387238788,1
2026-09-08,18185,Navjeevan Blood Centre Mangaed By Spvf,Thane,B-,0.9569767387238788,1
2026-09-09,18185,Navjeevan Blood Centre Mangaed By Spvf,Thane,B-,0.9569767387238788,1
2026-09-07,18185,Navjeevan Blood Centre Mangaed By Spvf,Thane,O+,0.00189020356093118,0
2026-09-08,18185,Navjeevan Blood Centre Mangaed By Spvf,Thane,O+,0.0012081753373930854,0
2026-09-09,18185,Navjeevan Blood Centre Mangaed By Spvf,Thane,O+,0.0012081753373930854,0
2026-09-07,18185,Navjeevan Blood Centre Mangaed By Spvf,Thane,O-,0.7542144173100465,1
2026-09-08,18185,Navjeevan Blood Centre Mangaed By Spvf,Thane,O-,0.32559708094662476,0
2026-09-09,18185,Navjeevan Blood Centre Mangaed By Spvf,Thane,O-,0.14681513403309893,0
2026-09-07,18186,Lokamanya Tssia  Blood Centre,Thane,A+,0.005404800115612808,0
2026-09-08,18186,Lokamanya Tssia  Blood Centre,Thane,A+,0.028832913852267383,0
2026-09-09,18186,Lokamanya Tssia  Blood Centre,Thane,A+,0.008459352980857796,0
2026-09-07,18186,Lokamanya Tssia  Blood Centre,Thane,A-,0.32268418572950647,0
2026-09-08,18186,Lokamanya Tssia  Blood Centre,Thane,A-,0.14681513403309893,0
2026-09-09,18186,Lokamanya Tssia  Blood Centre,Thane,A-,0.05421883653906218,0
2026-09-07,18186,Lokamanya Tssia  Blood Centre,Thane,AB+,0.011366763541792968,0
2026-09-08,18186,Lokamanya Tssia  Blood Centre,Thane,AB+,0.0012459902139273637,0
2026-09-09,18186,Lokamanya Tssia  Blood Centre,Thane,AB+,0.003241763110627629,0
2026-09-07,18186,Lokamanya Tssia  Blood Centre,Thane,AB-,0.9569767387238788,1
2026-09-08,18186,Lokamanya Tssia  Blood Centre,Thane,AB-,0.9569767387238788,1
2026-09-09,18186,Lokamanya Tssia  Blood Centre,Thane,AB-,0.32268418572950647,0
2026-09-07,18186,Lokamanya Tssia  Blood Centre,Thane,B+,0.11583273194482246,0
2026-09-08,18186,Lokamanya Tssia  Blood Centre,Thane,B+,0.001192171518847922,0
2026-09-09,18186,Lokamanya Tssia  Blood Centre,Thane,B+,0.0012081753373930854,0
2026-09-07,18186,Lokamanya Tssia  Blood Centre,Thane,B-,0.32268418572950647,0
2026-09-08,18186,Lokamanya Tssia  Blood Centre,Thane,B-,0.14681513403309893,0
2026-09-09,18186,Lokamanya Tssia  Blood Centre,Thane,B-,0.057347578586959165,0
2026-09-07,18186,Lokamanya Tssia  Blood Centre,Thane,O+,0.0014767281938594303,0
2026-09-08,18186,Lokamanya Tssia  Blood Centre,Thane,O+,0.0016710067755597783,0
2026-09-09,18186,Lokamanya Tssia  Blood Centre,Thane,O+,0.0015779651425224034,0
2026-09-07,18186,Lokamanya Tssia  Blood Centre,Thane,O-,0.3118962354914167,0
2026-09-08,18186,Lokamanya Tssia  Blood Centre,Thane,O-,0.07296151268354047,0
2026-09-09,18186,Lokamanya Tssia  Blood Centre,Thane,O-,0.1436924967281039,0
2026-09-07,18187,Chhatrapati Shivaji Maharaj Hospital Blood Centre Csm,Thane,A+,0.04731391392446876,0
2026-09-08,18187,Chhatrapati Shivaji Maharaj Hospital Blood Centre Csm,Thane,A+,0.013124511599635555,0
2026-09-09,18187,Chhatrapati Shivaji Maharaj Hospital Blood Centre Csm,Thane,A+,0.017060773933480867,0
2026-09-07,18187,Chhatrapati Shivaji Maharaj Hospital Blood Centre Csm,Thane,A-,0.9569767387238788,1
2026-09-08,18187,Chhatrapati Shivaji Maharaj Hospital Blood Centre Csm,Thane,A-,0.9569767387238788,1
2026-09-09,18187,Chhatrapati Shivaji Maharaj Hospital Blood Centre Csm,Thane,A-,0.9569767387238788,1
2026-09-07,18187,Chhatrapati Shivaji Maharaj Hospital Blood Centre Csm,Thane,AB+,0.017718354444483823,0
2026-09-08,18187,Chhatrapati Shivaji Maharaj Hospital Blood Centre Csm,Thane,AB+,0.017326246650539934,0
2026-09-09,18187,Chhatrapati Shivaji Maharaj Hospital Blood Centre Csm,Thane,AB+,0.03386501117580579,0
2026-09-07,18187,Chhatrapati Shivaji Maharaj Hospital Blood Centre Csm,Thane,AB-,0.09588567459878689,0
2026-09-08,18187,Chhatrapati Shivaji Maharaj Hospital Blood Centre Csm,Thane,AB-,0.09588567459878689,0
2026-09-09,18187,Chhatrapati Shivaji Maharaj Hospital Blood Centre Csm,Thane,AB-,0.09588567459878689,0
2026-09-07,18187,Chhatrapati Shivaji Maharaj Hospital Blood Centre Csm,Thane,B+,0.011734804050593932,0
2026-09-08,18187,Chhatrapati Shivaji Maharaj Hospital Blood Centre Csm,Thane,B+,0.020753635152089292,0
2026-09-09,18187,Chhatrapati Shivaji Maharaj Hospital Blood Centre Csm,Thane,B+,0.011895071339848053,0
2026-09-07,18187,Chhatrapati Shivaji Maharaj Hospital Blood Centre Csm,Thane,B-,0.9569767387238788,1
2026-09-08,18187,Chhatrapati Shivaji Maharaj Hospital Blood Centre Csm,Thane,B-,0.9569767387238788,1
2026-09-09,18187,Chhatrapati Shivaji Maharaj Hospital Blood Centre Csm,Thane,B-,0.9569767387238788,1
2026-09-07,18187,Chhatrapati Shivaji Maharaj Hospital Blood Centre Csm,Thane,O+,0.004227889985231343,0
2026-09-08,18187,Chhatrapati Shivaji Maharaj Hospital Blood Centre Csm,Thane,O+,0.13158744720254095,0
2026-09-09,18187,Chhatrapati Shivaji Maharaj Hospital Blood Centre Csm,Thane,O+,0.004789227687032096,0
2026-09-07,18187,Chhatrapati Shivaji Maharaj Hospital Blood Centre Csm,Thane,O-,0.9569767387238788,1
2026-09-08,18187,Chhatrapati Shivaji Maharaj Hospital Blood Centre Csm,Thane,O-,0.9569767387238788,1
2026-09-09,18187,Chhatrapati Shivaji Maharaj Hospital Blood Centre Csm,Thane,O-,0.9569767387238788,1
2026-09-07,18188,M/S Balasaheb Thackerey Blood Centre,Mumbai,A+,0.005122188872069827,0
2026-09-08,18188,M/S Balasaheb Thackerey Blood Centre,Mumbai,A+,0.0021995744071638445,0
2026-09-09,18188,M/S Balasaheb Thackerey Blood Centre,Mumbai,A+,0.0016710067755597783,0
2026-09-07,18188,M/S Balasaheb Thackerey Blood Centre,Mumbai,A-,0.32268418572950647,0
2026-09-08,18188,M/S Balasaheb Thackerey Blood Centre,Mumbai,A-,0.7789323790913819,1
2026-09-09,18188,M/S Balasaheb Thackerey Blood Centre,Mumbai,A-,0.8017482753365046,1
2026-09-07,18188,M/S Balasaheb Thackerey Blood Centre,Mumbai,AB+,0.019214920539894924,0
2026-09-08,18188,M/S Balasaheb Thackerey Blood Centre,Mumbai,AB+,0.03210435397064809,0
2026-09-09,18188,M/S Balasaheb Thackerey Blood Centre,Mumbai,AB+,0.012760506423855105,0
2026-09-07,18188,M/S Balasaheb Thackerey Blood Centre,Mumbai,AB-,0.16311692635487893,0
2026-09-08,18188,M/S Balasaheb Thackerey Blood Centre,Mumbai,AB-,0.09588567459878689,0
2026-09-09,18188,M/S Balasaheb Thackerey Blood Centre,Mumbai,AB-,0.09588567459878689,0
2026-09-07,18188,M/S Balasaheb Thackerey Blood Centre,Mumbai,B+,0.001932070220395917,0
2026-09-08,18188,M/S Balasaheb Thackerey Blood Centre,Mumbai,B+,0.00189020356093118,0
2026-09-09,18188,M/S Balasaheb Thackerey Blood Centre,Mumbai,B+,0.0016710067755597783,0
2026-09-07,18188,M/S Balasaheb Thackerey Blood Centre,Mumbai,B-,0.32268418572950647,0
2026-09-08,18188,M/S Balasaheb Thackerey Blood Centre,Mumbai,B-,0.14681513403309893,0
2026-09-09,18188,M/S Balasaheb Thackerey Blood Centre,Mumbai,B-,0.09588567459878689,0
2026-09-07,18188,M/S Balasaheb Thackerey Blood Centre,Mumbai,O+,0.001753530456225204,0
2026-09-08,18188,M/S Balasaheb Thackerey Blood Centre,Mumbai,O+,0.002081411434515316,0
2026-09-09,18188,M/S Balasaheb Thackerey Blood Centre,Mumbai,O+,0.003806270921095235,0
2026-09-07,18188,M/S Balasaheb Thackerey Blood Centre,Mumbai,O-,0.021086755348811544,0
2026-09-08,18188,M/S Balasaheb Thackerey Blood Centre,Mumbai,O-,0.028070709790915145,0
2026-09-09,18188,M/S Balasaheb Thackerey Blood Centre,Mumbai,O-,0.018984849435819646,0
2026-09-07,18189,Jupiter Hospital Blood Centre,Thane,A+,0.014804762304753728,0
2026-09-08,18189,Jupiter Hospital Blood Centre,Thane,A+,0.011696373804155577,0
2026-09-09,18189,Jupiter Hospital Blood Centre,Thane,A+,0.2442366164963751,0
2026-09-07,18189,Jupiter Hospital Blood Centre,Thane,A-,0.09588567459878689,0
2026-09-08,18189,Jupiter Hospital Blood Centre,Thane,A-,0.09588567459878689,0
2026-09-09,18189,Jupiter Hospital Blood Centre,Thane,A-,0.09588567459878689,0
2026-09-07,18189,Jupiter Hospital Blood Centre,Thane,AB+,0.015816975002225914,0
2026-09-08,18189,Jupiter Hospital Blood Centre,Thane,AB+,0.029811306415677637,0
2026-09-09,18189,Jupiter Hospital Blood Centre,Thane,AB+,0.0341933408787332,0
2026-09-07,18189,Jupiter Hospital Blood Centre,Thane,AB-,0.04708016808483685,0
2026-09-08,18189,Jupiter Hospital Blood Centre,Thane,AB-,0.04708016808483685,0
2026-09-09,18189,Jupiter Hospital Blood Centre,Thane,AB-,0.16210439842287436,0
2026-09-07,18189,Jupiter Hospital Blood Centre,Thane,B+,0.017326246650539934,0
2026-09-08,18189,Jupiter Hospital Blood Centre,Thane,B+,0.022802306006585386,0
2026-09-09,18189,Jupiter Hospital Blood Centre,Thane,B+,0.022229048452583756,0
2026-09-07,18189,Jupiter Hospital Blood Centre,Thane,B-,0.05202420222433954,0
2026-09-08,18189,Jupiter Hospital Blood Centre,Thane,B-,0.04708016808483685,0
2026-09-09,18189,Jupiter Hospital Blood Centre,Thane,B-,0.04708016808483685,0
2026-09-07,18189,Jupiter Hospital Blood Centre,Thane,O+,0.027439327306743616,0
2026-09-08,18189,Jupiter Hospital Blood Centre,Thane,O+,0.023817093946015496,0
2026-09-09,18189,Jupiter Hospital Blood Centre,Thane,O+,0.020805918859091076,0
2026-09-07,18189,Jupiter Hospital Blood Centre,Thane,O-,0.022652282591765858,0
2026-09-08,18189,Jupiter Hospital Blood Centre,Thane,O-,0.022652282591765858,0
2026-09-09,18189,Jupiter Hospital Blood Centre,Thane,O-,0.022652282591765858,0
2026-09-07,18190,Kai Wamanrao Oka Rakta Kendra,Thane,A+,0.004308025452574265,0
2026-09-08,18190,Kai Wamanrao Oka Rakta Kendra,Thane,A+,0.009968725475482127,0
2026-09-09,18190,Kai Wamanrao Oka Rakta Kendra,Thane,A+,0.0118411249391224,0
2026-09-07,18190,Kai Wamanrao Oka Rakta Kendra,Thane,A-,0.16210439842287436,0
2026-09-08,18190,Kai Wamanrao Oka Rakta Kendra,Thane,A-,0.6732578724904705,1
2026-09-09,18190,Kai Wamanrao Oka Rakta Kendra,Thane,A-,0.32559708094662476,0
2026-09-07,18190,Kai Wamanrao Oka Rakta Kendra,Thane,AB+,0.003388565266765589,0
2026-09-08,18190,Kai Wamanrao Oka Rakta Kendra,Thane,AB+,0.007562894265734278,0
2026-09-09,18190,Kai Wamanrao Oka Rakta Kendra,Thane,AB+,0.005396335209868016,0
2026-09-07,18190,Kai Wamanrao Oka Rakta Kendra,Thane,AB-,0.04708016808483685,0
2026-09-08,18190,Kai Wamanrao Oka Rakta Kendra,Thane,AB-,0.04708016808483685,0
2026-09-09,18190,Kai Wamanrao Oka Rakta Kendra,Thane,AB-,0.04708016808483685,0
2026-09-07,18190,Kai Wamanrao Oka Rakta Kendra,Thane,B+,0.0021446428056790478,0
2026-09-08,18190,Kai Wamanrao Oka Rakta Kendra,Thane,B+,0.018430812091753238,0
2026-09-09,18190,Kai Wamanrao Oka Rakta Kendra,Thane,B+,0.008842624983303602,0
2026-09-07,18190,Kai Wamanrao Oka Rakta Kendra,Thane,B-,0.03871534472121606,0
2026-09-08,18190,Kai Wamanrao Oka Rakta Kendra,Thane,B-,0.14243434613315714,0
2026-09-09,18190,Kai Wamanrao Oka Rakta Kendra,Thane,B-,0.6466837376190555,1
2026-09-07,18190,Kai Wamanrao Oka Rakta Kendra,Thane,O+,0.0028465412835912913,0
2026-09-08,18190,Kai Wamanrao Oka Rakta Kendra,Thane,O+,0.0017409769591235288,0
2026-09-09,18190,Kai Wamanrao Oka Rakta Kendra,Thane,O+,0.0360181087342492,0
2026-09-07,18190,Kai Wamanrao Oka Rakta Kendra,Thane,O-,0.030596913276096392,0
2026-09-08,18190,Kai Wamanrao Oka Rakta Kendra,Thane,O-,0.1791511862761025,0
2026-09-09,18190,Kai Wamanrao Oka Rakta Kendra,Thane,O-,0.07097093226410016,0
2026-09-07,18193,Chidanand Charitable Trust Blood Centre,Thane,A+,0.012413872751638636,0
2026-09-08,18193,Chidanand Charitable Trust Blood Centre,Thane,A+,0.0014767281938594303,0
2026-09-09,18193,Chidanand Charitable Trust Blood Centre,Thane,A+,0.009858532054190192,0
2026-09-07,18193,Chidanand Charitable Trust Blood Centre,Thane,A-,0.9569767387238788,1
2026-09-08,18193,Chidanand Charitable Trust Blood Centre,Thane,A-,0.9569767387238788,1
2026-09-09,18193,Chidanand Charitable Trust Blood Centre,Thane,A-,0.3118962354914167,0
2026-09-07,18193,Chidanand Charitable Trust Blood Centre,Thane,AB+,0.020516560244763435,0
2026-09-08,18193,Chidanand Charitable Trust Blood Centre,Thane,AB+,0.01810816003403846,0
2026-09-09,18193,Chidanand Charitable Trust Blood Centre,Thane,AB+,0.013313663938683454,0
2026-09-07,18193,Chidanand Charitable Trust Blood Centre,Thane,AB-,0.9569767387238788,1
2026-09-08,18193,Chidanand Charitable Trust Blood Centre,Thane,AB-,0.9569767387238788,1
2026-09-09,18193,Chidanand Charitable Trust Blood Centre,Thane,AB-,0.3118962354914167,0
2026-09-07,18193,Chidanand Charitable Trust Blood Centre,Thane,B+,0.0016710067755597783,0
2026-09-08,18193,Chidanand Charitable Trust Blood Centre,Thane,B+,0.0012081753373930854,0
2026-09-09,18193,Chidanand Charitable Trust Blood Centre,Thane,B+,0.0012081753373930854,0
2026-09-07,18193,Chidanand Charitable Trust Blood Centre,Thane,B-,0.9569767387238788,1
2026-09-08,18193,Chidanand Charitable Trust Blood Centre,Thane,B-,0.9569767387238788,1
2026-09-09,18193,Chidanand Charitable Trust Blood Centre,Thane,B-,0.32268418572950647,0
2026-09-07,18193,Chidanand Charitable Trust Blood Centre,Thane,O+,0.00336921955123655,0
2026-09-08,18193,Chidanand Charitable Trust Blood Centre,Thane,O+,0.0011957829087145444,0
2026-09-09,18193,Chidanand Charitable Trust Blood Centre,Thane,O+,0.0011957829087145444,0
2026-09-07,18193,Chidanand Charitable Trust Blood Centre,Thane,O-,0.9569767387238788,1
2026-09-08,18193,Chidanand Charitable Trust Blood Centre,Thane,O-,0.9569767387238788,1
2026-09-09,18193,Chidanand Charitable Trust Blood Centre,Thane,O-,0.204688025087197,0
2026-09-07,18194,Plasma  Blood Centre,Thane,A+,0.007800721337917326,0
2026-09-08,18194,Plasma  Blood Centre,Thane,A+,0.007800721337917326,0
2026-09-09,18194,Plasma  Blood Centre,Thane,A+,0.007800721337917326,0
2026-09-07,18194,Plasma  Blood Centre,Thane,A-,0.04708016808483685,0
2026-09-08,18194,Plasma  Blood Centre,Thane,A-,0.04708016808483685,0
2026-09-09,18194,Plasma  Blood Centre,Thane,A-,0.04708016808483685,0
2026-09-07,18194,Plasma  Blood Centre,Thane,AB+,0.014087102374573161,0
2026-09-08,18194,Plasma  Blood Centre,Thane,AB+,0.014087102374573161,0
2026-09-09,18194,Plasma  Blood Centre,Thane,AB+,0.014087102374573161,0
2026-09-07,18194,Plasma  Blood Centre,Thane,AB-,0.04708016808483685,0
2026-09-08,18194,Plasma  Blood Centre,Thane,AB-,0.04708016808483685,0
2026-09-09,18194,Plasma  Blood Centre,Thane,AB-,0.04708016808483685,0
2026-09-07,18194,Plasma  Blood Centre,Thane,B+,0.0018083016729429655,0
2026-09-08,18194,Plasma  Blood Centre,Thane,B+,0.0018083016729429655,0
2026-09-09,18194,Plasma  Blood Centre,Thane,B+,0.0018083016729429655,0
2026-09-07,18194,Plasma  Blood Centre,Thane,B-,0.030170888001377773,0
2026-09-08,18194,Plasma  Blood Centre,Thane,B-,0.030170888001377773,0
2026-09-09,18194,Plasma  Blood Centre,Thane,B-,0.030170888001377773,0
2026-09-07,18194,Plasma  Blood Centre,Thane,O+,0.00589243011093701,0
2026-09-08,18194,Plasma  Blood Centre,Thane,O+,0.00589243011093701,0
2026-09-09,18194,Plasma  Blood Centre,Thane,O+,0.00589243011093701,0
2026-09-07,18194,Plasma  Blood Centre,Thane,O-,0.022229048452583756,0
2026-09-08,18194,Plasma  Blood Centre,Thane,O-,0.022229048452583756,0
2026-09-09,18194,Plasma  Blood Centre,Thane,O-,0.022229048452583756,0
2026-09-07,18195,Kalyan Dombivali Muncipal Corporation Sponsered Nandakishore Educaation Society  Arpan Blood Bank,Thane,A+,0.030596913276096392,0
2026-09-08,18195,Kalyan Dombivali Muncipal Corporation Sponsered Nandakishore Educaation Society  Arpan Blood Bank,Thane,A+,0.07556813710899504,0
2026-09-09,18195,Kalyan Dombivali Muncipal Corporation Sponsered Nandakishore Educaation Society  Arpan Blood Bank,Thane,A+,0.0033780298992315168,0
2026-09-07,18195,Kalyan Dombivali Muncipal Corporation Sponsered Nandakishore Educaation Society  Arpan Blood Bank,Thane,A-,0.9569767387238788,1
2026-09-08,18195,Kalyan Dombivali Muncipal Corporation Sponsered Nandakishore Educaation Society  Arpan Blood Bank,Thane,A-,0.9569767387238788,1
2026-09-09,18195,Kalyan Dombivali Muncipal Corporation Sponsered Nandakishore Educaation Society  Arpan Blood Bank,Thane,A-,0.9569767387238788,1
2026-09-07,18195,Kalyan Dombivali Muncipal Corporation Sponsered Nandakishore Educaation Society  Arpan Blood Bank,Thane,AB+,0.045072468254795155,0
2026-09-08,18195,Kalyan Dombivali Muncipal Corporation Sponsered Nandakishore Educaation Society  Arpan Blood Bank,Thane,AB+,0.15740285641896068,0
2026-09-09,18195,Kalyan Dombivali Muncipal Corporation Sponsered Nandakishore Educaation Society  Arpan Blood Bank,Thane,AB+,0.031760880615839614,0
2026-09-07,18195,Kalyan Dombivali Muncipal Corporation Sponsered Nandakishore Educaation Society  Arpan Blood Bank,Thane,AB-,0.8017482753365046,1
2026-09-08,18195,Kalyan Dombivali Muncipal Corporation Sponsered Nandakishore Educaation Society  Arpan Blood Bank,Thane,AB-,0.9569767387238788,1
2026-09-09,18195,Kalyan Dombivali Muncipal Corporation Sponsered Nandakishore Educaation Society  Arpan Blood Bank,Thane,AB-,0.9569767387238788,1
2026-09-07,18195,Kalyan Dombivali Muncipal Corporation Sponsered Nandakishore Educaation Society  Arpan Blood Bank,Thane,B+,0.03853266320620425,0
2026-09-08,18195,Kalyan Dombivali Muncipal Corporation Sponsered Nandakishore Educaation Society  Arpan Blood Bank,Thane,B+,0.03435764397636352,0
2026-09-09,18195,Kalyan Dombivali Muncipal Corporation Sponsered Nandakishore Educaation Society  Arpan Blood Bank,Thane,B+,0.014096205821198382,0
2026-09-07,18195,Kalyan Dombivali Muncipal Corporation Sponsered Nandakishore Educaation Society  Arpan Blood Bank,Thane,B-,0.8017482753365046,1
2026-09-08,18195,Kalyan Dombivali Muncipal Corporation Sponsered Nandakishore Educaation Society  Arpan Blood Bank,Thane,B-,0.9569767387238788,1
2026-09-09,18195,Kalyan Dombivali Muncipal Corporation Sponsered Nandakishore Educaation Society  Arpan Blood Bank,Thane,B-,0.9569767387238788,1
2026-09-07,18195,Kalyan Dombivali Muncipal Corporation Sponsered Nandakishore Educaation Society  Arpan Blood Bank,Thane,O+,0.017718354444483823,0
2026-09-08,18195,Kalyan Dombivali Muncipal Corporation Sponsered Nandakishore Educaation Society  Arpan Blood Bank,Thane,O+,0.017326246650539934,0
2026-09-09,18195,Kalyan Dombivali Muncipal Corporation Sponsered Nandakishore Educaation Society  Arpan Blood Bank,Thane,O+,0.00760713208218,0
2026-09-07,18195,Kalyan Dombivali Muncipal Corporation Sponsered Nandakishore Educaation Society  Arpan Blood Bank,Thane,O-,0.9569767387238788,1
2026-09-08,18195,Kalyan Dombivali Muncipal Corporation Sponsered Nandakishore Educaation Society  Arpan Blood Bank,Thane,O-,0.9569767387238788,1
2026-09-09,18195,Kalyan Dombivali Muncipal Corporation Sponsered Nandakishore Educaation Society  Arpan Blood Bank,Thane,O-,0.9569767387238788,1
2026-09-07,18196,Ishwar Seva Trusts Dombivali Blood Center,Thane,A+,0.9569767387238788,1
2026-09-08,18196,Ishwar Seva Trusts Dombivali Blood Center,Thane,A+,0.9569767387238788,1
2026-09-09,18196,Ishwar Seva Trusts Dombivali Blood Center,Thane,A+,0.9569767387238788,1
2026-09-07,18196,Ishwar Seva Trusts Dombivali Blood Center,Thane,A-,0.9569767387238788,1
2026-09-08,18196,Ishwar Seva Trusts Dombivali Blood Center,Thane,A-,0.9569767387238788,1
2026-09-09,18196,Ishwar Seva Trusts Dombivali Blood Center,Thane,A-,0.9569767387238788,1
2026-09-07,18196,Ishwar Seva Trusts Dombivali Blood Center,Thane,AB+,0.9569767387238788,1
2026-09-08,18196,Ishwar Seva Trusts Dombivali Blood Center,Thane,AB+,0.9569767387238788,1
2026-09-09,18196,Ishwar Seva Trusts Dombivali Blood Center,Thane,AB+,0.9569767387238788,1
2026-09-07,18196,Ishwar Seva Trusts Dombivali Blood Center,Thane,AB-,0.9569767387238788,1
2026-09-08,18196,Ishwar Seva Trusts Dombivali Blood Center,Thane,AB-,0.9569767387238788,1
2026-09-09,18196,Ishwar Seva Trusts Dombivali Blood Center,Thane,AB-,0.9569767387238788,1
2026-09-07,18196,Ishwar Seva Trusts Dombivali Blood Center,Thane,B+,0.9569767387238788,1
2026-09-08,18196,Ishwar Seva Trusts Dombivali Blood Center,Thane,B+,0.9569767387238788,1
2026-09-09,18196,Ishwar Seva Trusts Dombivali Blood Center,Thane,B+,0.9569767387238788,1
2026-09-07,18196,Ishwar Seva Trusts Dombivali Blood Center,Thane,B-,0.9569767387238788,1
2026-09-08,18196,Ishwar Seva Trusts Dombivali Blood Center,Thane,B-,0.9569767387238788,1
2026-09-09,18196,Ishwar Seva Trusts Dombivali Blood Center,Thane,B-,0.9569767387238788,1
2026-09-07,18196,Ishwar Seva Trusts Dombivali Blood Center,Thane,O+,0.9569767387238788,1
2026-09-08,18196,Ishwar Seva Trusts Dombivali Blood Center,Thane,O+,0.9569767387238788,1
2026-09-09,18196,Ishwar Seva Trusts Dombivali Blood Center,Thane,O+,0.9569767387238788,1
2026-09-07,18196,Ishwar Seva Trusts Dombivali Blood Center,Thane,O-,0.9569767387238788,1
2026-09-08,18196,Ishwar Seva Trusts Dombivali Blood Center,Thane,O-,0.9569767387238788,1
2026-09-09,18196,Ishwar Seva Trusts Dombivali Blood Center,Thane,O-,0.9569767387238788,1
2026-09-07,18199,"Navi Mumbai Muncipal Corporation, Blood Centre",Thane,A+,0.049225876974043126,0
2026-09-08,18199,"Navi Mumbai Muncipal Corporation, Blood Centre",Thane,A+,0.0071587322142349285,0
2026-09-09,18199,"Navi Mumbai Muncipal Corporation, Blood Centre",Thane,A+,0.0049567021558786836,0
2026-09-07,18199,"Navi Mumbai Muncipal Corporation, Blood Centre",Thane,A-,0.9569767387238788,1
2026-09-08,18199,"Navi Mumbai Muncipal Corporation, Blood Centre",Thane,A-,0.9569767387238788,1
2026-09-09,18199,"Navi Mumbai Muncipal Corporation, Blood Centre",Thane,A-,0.9569767387238788,1
2026-09-07,18199,"Navi Mumbai Muncipal Corporation, Blood Centre",Thane,AB+,0.012511089184108457,0
2026-09-08,18199,"Navi Mumbai Muncipal Corporation, Blood Centre",Thane,AB+,0.012511089184108457,0
2026-09-09,18199,"Navi Mumbai Muncipal Corporation, Blood Centre",Thane,AB+,0.02626651767943478,0
2026-09-07,18199,"Navi Mumbai Muncipal Corporation, Blood Centre",Thane,AB-,0.9569767387238788,1
2026-09-08,18199,"Navi Mumbai Muncipal Corporation, Blood Centre",Thane,AB-,0.9569767387238788,1
2026-09-09,18199,"Navi Mumbai Muncipal Corporation, Blood Centre",Thane,AB-,0.9569767387238788,1
2026-09-07,18199,"Navi Mumbai Muncipal Corporation, Blood Centre",Thane,B+,0.011556858271703033,0
2026-09-08,18199,"Navi Mumbai Muncipal Corporation, Blood Centre",Thane,B+,0.013775535297567351,0
2026-09-09,18199,"Navi Mumbai Muncipal Corporation, Blood Centre",Thane,B+,0.012760506423855105,0
2026-09-07,18199,"Navi Mumbai Muncipal Corporation, Blood Centre",Thane,B-,0.14681513403309893,0
2026-09-08,18199,"Navi Mumbai Muncipal Corporation, Blood Centre",Thane,B-,0.09588567459878689,0
2026-09-09,18199,"Navi Mumbai Muncipal Corporation, Blood Centre",Thane,B-,0.09588567459878689,0
2026-09-07,18199,"Navi Mumbai Muncipal Corporation, Blood Centre",Thane,O+,0.00974010026874077,0
2026-09-08,18199,"Navi Mumbai Muncipal Corporation, Blood Centre",Thane,O+,0.016492787810372767,0
2026-09-09,18199,"Navi Mumbai Muncipal Corporation, Blood Centre",Thane,O+,0.012712982698188378,0
2026-09-07,18199,"Navi Mumbai Muncipal Corporation, Blood Centre",Thane,O-,0.039985132011666064,0
2026-09-08,18199,"Navi Mumbai Muncipal Corporation, Blood Centre",Thane,O-,0.028831849716799477,0
2026-09-09,18199,"Navi Mumbai Muncipal Corporation, Blood Centre",Thane,O-,0.030170888001377773,0
2026-09-07,18201,"Dr. D.Y. Patil Hospital And Research Centre, Blood Centre",Thane,A+,0.49891032498768,0
2026-09-08,18201,"Dr. D.Y. Patil Hospital And Research Centre, Blood Centre",Thane,A+,0.6877589441834944,1
2026-09-09,18201,"Dr. D.Y. Patil Hospital And Research Centre, Blood Centre",Thane,A+,0.9569767387238788,1
2026-09-07,18201,"Dr. D.Y. Patil Hospital And Research Centre, Blood Centre",Thane,A-,0.9569767387238788,1
2026-09-08,18201,"Dr. D.Y. Patil Hospital And Research Centre, Blood Centre",Thane,A-,0.9569767387238788,1
2026-09-09,18201,"Dr. D.Y. Patil Hospital And Research Centre, Blood Centre",Thane,A-,0.32268418572950647,0
2026-09-07,18201,"Dr. D.Y. Patil Hospital And Research Centre, Blood Centre",Thane,AB+,0.04918199684326894,0
2026-09-08,18201,"Dr. D.Y. Patil Hospital And Research Centre, Blood Centre",Thane,AB+,0.022229048452583756,0
2026-09-09,18201,"Dr. D.Y. Patil Hospital And Research Centre, Blood Centre",Thane,AB+,0.02014311720528692,0
2026-09-07,18201,"Dr. D.Y. Patil Hospital And Research Centre, Blood Centre",Thane,AB-,0.26637804198487136,0
2026-09-08,18201,"Dr. D.Y. Patil Hospital And Research Centre, Blood Centre",Thane,AB-,0.11373612212391229,0
2026-09-09,18201,"Dr. D.Y. Patil Hospital And Research Centre, Blood Centre",Thane,AB-,0.045072468254795155,0
2026-09-07,18201,"Dr. D.Y. Patil Hospital And Research Centre, Blood Centre",Thane,B+,0.6877589441834944,1
2026-09-08,18201,"Dr. D.Y. Patil Hospital And Research Centre, Blood Centre",Thane,B+,0.9569767387238788,1
2026-09-09,18201,"Dr. D.Y. Patil Hospital And Research Centre, Blood Centre",Thane,B+,0.9569767387238788,1
2026-09-07,18201,"Dr. D.Y. Patil Hospital And Research Centre, Blood Centre",Thane,B-,0.32559708094662476,0
2026-09-08,18201,"Dr. D.Y. Patil Hospital And Research Centre, Blood Centre",Thane,B-,0.7789323790913819,1
2026-09-09,18201,"Dr. D.Y. Patil Hospital And Research Centre, Blood Centre",Thane,B-,0.2445208719495299,0
2026-09-07,18201,"Dr. D.Y. Patil Hospital And Research Centre, Blood Centre",Thane,O+,0.0015779651425224034,0
2026-09-08,18201,"Dr. D.Y. Patil Hospital And Research Centre, Blood Centre",Thane,O+,0.001917118468168659,0
2026-09-09,18201,"Dr. D.Y. Patil Hospital And Research Centre, Blood Centre",Thane,O+,0.0041530688333995406,0
2026-09-07,18201,"Dr. D.Y. Patil Hospital And Research Centre, Blood Centre",Thane,O-,0.26373230248423335,0
2026-09-08,18201,"Dr. D.Y. Patil Hospital And Research Centre, Blood Centre",Thane,O-,0.7955938276267487,1
2026-09-09,18201,"Dr. D.Y. Patil Hospital And Research Centre, Blood Centre",Thane,O-,0.8170939210353315,1
2026-09-07,18203,"Jai Matadi Bahuuddeshiya Sevabhavi Sasthas Guru Gobindsinghji Blood Centre,  Blood Comp And Aphs Nand",Nanded,A+,0.0016710067755597783,0
2026-09-08,18203,"Jai Matadi Bahuuddeshiya Sevabhavi Sasthas Guru Gobindsinghji Blood Centre,  Blood Comp And Aphs Nand",Nanded,A+,0.00189020356093118,0
2026-09-09,18203,"Jai Matadi Bahuuddeshiya Sevabhavi Sasthas Guru Gobindsinghji Blood Centre,  Blood Comp And Aphs Nand",Nanded,A+,0.03178460714493597,0
2026-09-07,18203,"Jai Matadi Bahuuddeshiya Sevabhavi Sasthas Guru Gobindsinghji Blood Centre,  Blood Comp And Aphs Nand",Nanded,A-,0.021212475862087476,0
2026-09-08,18203,"Jai Matadi Bahuuddeshiya Sevabhavi Sasthas Guru Gobindsinghji Blood Centre,  Blood Comp And Aphs Nand",Nanded,A-,0.012760506423855105,0
2026-09-09,18203,"Jai Matadi Bahuuddeshiya Sevabhavi Sasthas Guru Gobindsinghji Blood Centre,  Blood Comp And Aphs Nand",Nanded,A-,0.012760506423855105,0
2026-09-07,18203,"Jai Matadi Bahuuddeshiya Sevabhavi Sasthas Guru Gobindsinghji Blood Centre,  Blood Comp And Aphs Nand",Nanded,AB+,0.002081411434515316,0
2026-09-08,18203,"Jai Matadi Bahuuddeshiya Sevabhavi Sasthas Guru Gobindsinghji Blood Centre,  Blood Comp And Aphs Nand",Nanded,AB+,0.0028108084060018664,0
2026-09-09,18203,"Jai Matadi Bahuuddeshiya Sevabhavi Sasthas Guru Gobindsinghji Blood Centre,  Blood Comp And Aphs Nand",Nanded,AB+,0.0038815282107395963,0
2026-09-07,18203,"Jai Matadi Bahuuddeshiya Sevabhavi Sasthas Guru Gobindsinghji Blood Centre,  Blood Comp And Aphs Nand",Nanded,AB-,0.16311692635487893,0
2026-09-08,18203,"Jai Matadi Bahuuddeshiya Sevabhavi Sasthas Guru Gobindsinghji Blood Centre,  Blood Comp And Aphs Nand",Nanded,AB-,0.09588567459878689,0
2026-09-09,18203,"Jai Matadi Bahuuddeshiya Sevabhavi Sasthas Guru Gobindsinghji Blood Centre,  Blood Comp And Aphs Nand",Nanded,AB-,0.09588567459878689,0
2026-09-07,18203,"Jai Matadi Bahuuddeshiya Sevabhavi Sasthas Guru Gobindsinghji Blood Centre,  Blood Comp And Aphs Nand",Nanded,B+,0.0028108084060018664,0
2026-09-08,18203,"Jai Matadi Bahuuddeshiya Sevabhavi Sasthas Guru Gobindsinghji Blood Centre,  Blood Comp And Aphs Nand",Nanded,B+,0.0050383030951933324,0
2026-09-09,18203,"Jai Matadi Bahuuddeshiya Sevabhavi Sasthas Guru Gobindsinghji Blood Centre,  Blood Comp And Aphs Nand",Nanded,B+,0.0016710067755597783,0
2026-09-07,18203,"Jai Matadi Bahuuddeshiya Sevabhavi Sasthas Guru Gobindsinghji Blood Centre,  Blood Comp And Aphs Nand",Nanded,B-,0.2518385541116282,0
2026-09-08,18203,"Jai Matadi Bahuuddeshiya Sevabhavi Sasthas Guru Gobindsinghji Blood Centre,  Blood Comp And Aphs Nand",Nanded,B-,0.02149281323294006,0
2026-09-09,18203,"Jai Matadi Bahuuddeshiya Sevabhavi Sasthas Guru Gobindsinghji Blood Centre,  Blood Comp And Aphs Nand",Nanded,B-,0.254306582095822,0
2026-09-07,18203,"Jai Matadi Bahuuddeshiya Sevabhavi Sasthas Guru Gobindsinghji Blood Centre,  Blood Comp And Aphs Nand",Nanded,O+,0.006032265075398925,0
2026-09-08,18203,"Jai Matadi Bahuuddeshiya Sevabhavi Sasthas Guru Gobindsinghji Blood Centre,  Blood Comp And Aphs Nand",Nanded,O+,0.006032265075398925,0
2026-09-09,18203,"Jai Matadi Bahuuddeshiya Sevabhavi Sasthas Guru Gobindsinghji Blood Centre,  Blood Comp And Aphs Nand",Nanded,O+,0.030193594174148904,0
2026-09-07,18203,"Jai Matadi Bahuuddeshiya Sevabhavi Sasthas Guru Gobindsinghji Blood Centre,  Blood Comp And Aphs Nand",Nanded,O-,0.022298314276277785,0
2026-09-08,18203,"Jai Matadi Bahuuddeshiya Sevabhavi Sasthas Guru Gobindsinghji Blood Centre,  Blood Comp And Aphs Nand",Nanded,O-,0.009082244954852286,0
2026-09-09,18203,"Jai Matadi Bahuuddeshiya Sevabhavi Sasthas Guru Gobindsinghji Blood Centre,  Blood Comp And Aphs Nand",Nanded,O-,0.0119343255368903,0
2026-09-07,18204,Bhiwandi Blood Centre,Thane,A+,0.0029916550636739183,0
2026-09-08,18204,Bhiwandi Blood Centre,Thane,A+,0.0012205789222873877,0
2026-09-09,18204,Bhiwandi Blood Centre,Thane,A+,0.001964233974065344,0
2026-09-07,18204,Bhiwandi Blood Centre,Thane,A-,0.9569767387238788,1
2026-09-08,18204,Bhiwandi Blood Centre,Thane,A-,0.9569767387238788,1
2026-09-09,18204,Bhiwandi Blood Centre,Thane,A-,0.9569767387238788,1
2026-09-07,18204,Bhiwandi Blood Centre,Thane,AB+,0.1791511862761025,0
2026-09-08,18204,Bhiwandi Blood Centre,Thane,AB+,0.1498097922182252,0
2026-09-09,18204,Bhiwandi Blood Centre,Thane,AB+,0.09588567459878689,0
2026-09-07,18204,Bhiwandi Blood Centre,Thane,AB-,0.9569767387238788,1
2026-09-08,18204,Bhiwandi Blood Centre,Thane,AB-,0.9569767387238788,1
2026-09-09,18204,Bhiwandi Blood Centre,Thane,AB-,0.9569767387238788,1
2026-09-07,18204,Bhiwandi Blood Centre,Thane,B+,0.02893497799281997,0
2026-09-08,18204,Bhiwandi Blood Centre,Thane,B+,0.017456327037186515,0
2026-09-09,18204,Bhiwandi Blood Centre,Thane,B+,0.014087102374573161,0
2026-09-07,18204,Bhiwandi Blood Centre,Thane,B-,0.7542144173100465,1
2026-09-08,18204,Bhiwandi Blood Centre,Thane,B-,0.8017482753365046,1
2026-09-09,18204,Bhiwandi Blood Centre,Thane,B-,0.9569767387238788,1
2026-09-07,18204,Bhiwandi Blood Centre,Thane,O+,0.1911268455236172,0
2026-09-08,18204,Bhiwandi Blood Centre,Thane,O+,0.003718267198177523,0
2026-09-09,18204,Bhiwandi Blood Centre,Thane,O+,0.001991471903952442,0
2026-09-07,18204,Bhiwandi Blood Centre,Thane,O-,0.09588567459878689,0
2026-09-08,18204,Bhiwandi Blood Centre,Thane,O-,0.09588567459878689,0
2026-09-09,18204,Bhiwandi Blood Centre,Thane,O-,0.09588567459878689,0
2026-09-07,18205,Mira Bhayandar Muncipal Corporation Rajeev Gandhi Blood Centre,Thane,A+,0.0054210570058886446,0
2026-09-08,18205,Mira Bhayandar Muncipal Corporation Rajeev Gandhi Blood Centre,Thane,A+,0.05025145947965458,0
2026-09-09,18205,Mira Bhayandar Muncipal Corporation Rajeev Gandhi Blood Centre,Thane,A+,0.012156473053812697,0
2026-09-07,18205,Mira Bhayandar Muncipal Corporation Rajeev Gandhi Blood Centre,Thane,A-,0.16311692635487893,0
2026-09-08,18205,Mira Bhayandar Muncipal Corporation Rajeev Gandhi Blood Centre,Thane,A-,0.08716338290780895,0
2026-09-09,18205,Mira Bhayandar Muncipal Corporation Rajeev Gandhi Blood Centre,Thane,A-,0.1793572883135593,0
2026-09-07,18205,Mira Bhayandar Muncipal Corporation Rajeev Gandhi Blood Centre,Thane,AB+,0.31460226425080806,0
2026-09-08,18205,Mira Bhayandar Muncipal Corporation Rajeev Gandhi Blood Centre,Thane,AB+,0.01501247043935069,0
2026-09-09,18205,Mira Bhayandar Muncipal Corporation Rajeev Gandhi Blood Centre,Thane,AB+,0.013963153815643045,0
2026-09-07,18205,Mira Bhayandar Muncipal Corporation Rajeev Gandhi Blood Centre,Thane,AB-,0.8017482753365046,1
2026-09-08,18205,Mira Bhayandar Muncipal Corporation Rajeev Gandhi Blood Centre,Thane,AB-,0.32268418572950647,0
2026-09-09,18205,Mira Bhayandar Muncipal Corporation Rajeev Gandhi Blood Centre,Thane,AB-,0.7789323790913819,1
2026-09-07,18205,Mira Bhayandar Muncipal Corporation Rajeev Gandhi Blood Centre,Thane,B+,0.01644319441578695,0
2026-09-08,18205,Mira Bhayandar Muncipal Corporation Rajeev Gandhi Blood Centre,Thane,B+,0.004626897044737472,0
2026-09-09,18205,Mira Bhayandar Muncipal Corporation Rajeev Gandhi Blood Centre,Thane,B+,0.007717972691894345,0
2026-09-07,18205,Mira Bhayandar Muncipal Corporation Rajeev Gandhi Blood Centre,Thane,B-,0.9569767387238788,1
2026-09-08,18205,Mira Bhayandar Muncipal Corporation Rajeev Gandhi Blood Centre,Thane,B-,0.32268418572950647,0
2026-09-09,18205,Mira Bhayandar Muncipal Corporation Rajeev Gandhi Blood Centre,Thane,B-,0.7789323790913819,1
2026-09-07,18205,Mira Bhayandar Muncipal Corporation Rajeev Gandhi Blood Centre,Thane,O+,0.017477364220469246,0
2026-09-08,18205,Mira Bhayandar Muncipal Corporation Rajeev Gandhi Blood Centre,Thane,O+,0.01779996057025341,0
2026-09-09,18205,Mira Bhayandar Muncipal Corporation Rajeev Gandhi Blood Centre,Thane,O+,0.07180956926184796,0
2026-09-07,18205,Mira Bhayandar Muncipal Corporation Rajeev Gandhi Blood Centre,Thane,O-,0.9569767387238788,1
2026-09-08,18205,Mira Bhayandar Muncipal Corporation Rajeev Gandhi Blood Centre,Thane,O-,0.32268418572950647,0
2026-09-09,18205,Mira Bhayandar Muncipal Corporation Rajeev Gandhi Blood Centre,Thane,O-,0.14681513403309893,0
2026-09-07,18206,Tarapure Automic Power Station Hospital Blood Centre,Palghar,A+,0.9569767387238788,1
2026-09-08,18206,Tarapure Automic Power Station Hospital Blood Centre,Palghar,A+,0.9569767387238788,1
2026-09-09,18206,Tarapure Automic Power Station Hospital Blood Centre,Palghar,A+,0.9569767387238788,1
2026-09-07,18206,Tarapure Automic Power Station Hospital Blood Centre,Palghar,A-,0.9569767387238788,1
2026-09-08,18206,Tarapure Automic Power Station Hospital Blood Centre,Palghar,A-,0.9569767387238788,1
2026-09-09,18206,Tarapure Automic Power Station Hospital Blood Centre,Palghar,A-,0.9569767387238788,1
2026-09-07,18206,Tarapure Automic Power Station Hospital Blood Centre,Palghar,AB+,0.9569767387238788,1
2026-09-08,18206,Tarapure Automic Power Station Hospital Blood Centre,Palghar,AB+,0.9569767387238788,1
2026-09-09,18206,Tarapure Automic Power Station Hospital Blood Centre,Palghar,AB+,0.9569767387238788,1
2026-09-07,18206,Tarapure Automic Power Station Hospital Blood Centre,Palghar,AB-,0.9569767387238788,1
2026-09-08,18206,Tarapure Automic Power Station Hospital Blood Centre,Palghar,AB-,0.9569767387238788,1
2026-09-09,18206,Tarapure Automic Power Station Hospital Blood Centre,Palghar,AB-,0.9569767387238788,1
2026-09-07,18206,Tarapure Automic Power Station Hospital Blood Centre,Palghar,B+,0.9569767387238788,1
2026-09-08,18206,Tarapure Automic Power Station Hospital Blood Centre,Palghar,B+,0.9569767387238788,1
2026-09-09,18206,Tarapure Automic Power Station Hospital Blood Centre,Palghar,B+,0.9569767387238788,1
2026-09-07,18206,Tarapure Automic Power Station Hospital Blood Centre,Palghar,B-,0.9569767387238788,1
2026-09-08,18206,Tarapure Automic Power Station Hospital Blood Centre,Palghar,B-,0.9569767387238788,1
2026-09-09,18206,Tarapure Automic Power Station Hospital Blood Centre,Palghar,B-,0.9569767387238788,1
2026-09-07,18206,Tarapure Automic Power Station Hospital Blood Centre,Palghar,O+,0.9569767387238788,1
2026-09-08,18206,Tarapure Automic Power Station Hospital Blood Centre,Palghar,O+,0.9569767387238788,1
2026-09-09,18206,Tarapure Automic Power Station Hospital Blood Centre,Palghar,O+,0.9569767387238788,1
2026-09-07,18206,Tarapure Automic Power Station Hospital Blood Centre,Palghar,O-,0.9569767387238788,1
2026-09-08,18206,Tarapure Automic Power Station Hospital Blood Centre,Palghar,O-,0.9569767387238788,1
2026-09-09,18206,Tarapure Automic Power Station Hospital Blood Centre,Palghar,O-,0.9569767387238788,1
2026-09-07,18207,Sarla Blood Centre,Palghar,A+,0.02626651767943478,0
2026-09-08,18207,Sarla Blood Centre,Palghar,A+,0.18012479106933094,0
2026-09-09,18207,Sarla Blood Centre,Palghar,A+,0.0029916550636739183,0
2026-09-07,18207,Sarla Blood Centre,Palghar,A-,0.9569767387238788,1
2026-09-08,18207,Sarla Blood Centre,Palghar,A-,0.9569767387238788,1
2026-09-09,18207,Sarla Blood Centre,Palghar,A-,0.9569767387238788,1
2026-09-07,18207,Sarla Blood Centre,Palghar,AB+,0.015816975002225914,0
2026-09-08,18207,Sarla Blood Centre,Palghar,AB+,0.010973388271991041,0
2026-09-09,18207,Sarla Blood Centre,Palghar,AB+,0.011210092366273582,0
2026-09-07,18207,Sarla Blood Centre,Palghar,AB-,0.9569767387238788,1
2026-09-08,18207,Sarla Blood Centre,Palghar,AB-,0.9569767387238788,1
2026-09-09,18207,Sarla Blood Centre,Palghar,AB-,0.9569767387238788,1
2026-09-07,18207,Sarla Blood Centre,Palghar,B+,0.00531450045088611,0
2026-09-08,18207,Sarla Blood Centre,Palghar,B+,0.010867762063780404,0
2026-09-09,18207,Sarla Blood Centre,Palghar,B+,0.0031547288846369053,0
2026-09-07,18207,Sarla Blood Centre,Palghar,B-,0.9569767387238788,1
2026-09-08,18207,Sarla Blood Centre,Palghar,B-,0.9569767387238788,1
2026-09-09,18207,Sarla Blood Centre,Palghar,B-,0.9569767387238788,1
2026-09-07,18207,Sarla Blood Centre,Palghar,O+,0.00303807396227531,0
2026-09-08,18207,Sarla Blood Centre,Palghar,O+,0.002885565664141321,0
2026-09-09,18207,Sarla Blood Centre,Palghar,O+,0.001192181253429029,0
2026-09-07,18207,Sarla Blood Centre,Palghar,O-,0.9569767387238788,1
2026-09-08,18207,Sarla Blood Centre,Palghar,O-,0.9569767387238788,1
2026-09-09,18207,Sarla Blood Centre,Palghar,O-,0.9569767387238788,1
2026-09-07,18208,M/S. Shri Hazur Saheb Blood Centre,Nanded,A+,0.02983438086422123,0
2026-09-08,18208,M/S. Shri Hazur Saheb Blood Centre,Nanded,A+,0.019461418311736985,0
2026-09-09,18208,M/S. Shri Hazur Saheb Blood Centre,Nanded,A+,0.011251347172099347,0
2026-09-07,18208,M/S. Shri Hazur Saheb Blood Centre,Nanded,A-,0.030862905307085912,0
2026-09-08,18208,M/S. Shri Hazur Saheb Blood Centre,Nanded,A-,0.06717978117107769,0
2026-09-09,18208,M/S. Shri Hazur Saheb Blood Centre,Nanded,A-,0.05200648253892521,0
2026-09-07,18208,M/S. Shri Hazur Saheb Blood Centre,Nanded,AB+,0.016580527599961425,0
2026-09-08,18208,M/S. Shri Hazur Saheb Blood Centre,Nanded,AB+,0.018069289437621084,0
2026-09-09,18208,M/S. Shri Hazur Saheb Blood Centre,Nanded,AB+,0.012733362939190874,0
2026-09-07,18208,M/S. Shri Hazur Saheb Blood Centre,Nanded,AB-,0.9569767387238788,1
2026-09-08,18208,M/S. Shri Hazur Saheb Blood Centre,Nanded,AB-,0.9569767387238788,1
2026-09-09,18208,M/S. Shri Hazur Saheb Blood Centre,Nanded,AB-,0.32268418572950647,0
2026-09-07,18208,M/S. Shri Hazur Saheb Blood Centre,Nanded,B+,0.07986422576292772,0
2026-09-08,18208,M/S. Shri Hazur Saheb Blood Centre,Nanded,B+,0.03286503439273383,0
2026-09-09,18208,M/S. Shri Hazur Saheb Blood Centre,Nanded,B+,0.06055074475153568,0
2026-09-07,18208,M/S. Shri Hazur Saheb Blood Centre,Nanded,B-,0.23845330300498951,0
2026-09-08,18208,M/S. Shri Hazur Saheb Blood Centre,Nanded,B-,0.061020480753967606,0
2026-09-09,18208,M/S. Shri Hazur Saheb Blood Centre,Nanded,B-,0.02693490311827044,0
2026-09-07,18208,M/S. Shri Hazur Saheb Blood Centre,Nanded,O+,0.0016821358853288297,0
2026-09-08,18208,M/S. Shri Hazur Saheb Blood Centre,Nanded,O+,0.0022931598089232686,0
2026-09-09,18208,M/S. Shri Hazur Saheb Blood Centre,Nanded,O+,0.0014489215994458093,0
2026-09-07,18208,M/S. Shri Hazur Saheb Blood Centre,Nanded,O-,0.9569767387238788,1
2026-09-08,18208,M/S. Shri Hazur Saheb Blood Centre,Nanded,O-,0.9569767387238788,1
2026-09-09,18208,M/S. Shri Hazur Saheb Blood Centre,Nanded,O-,0.9569767387238788,1
2026-09-07,18209,Vijayee Blood Centre Vasai (W),Palghar,A+,0.010445007617908932,0
2026-09-08,18209,Vijayee Blood Centre Vasai (W),Palghar,A+,0.017532942671537054,0
2026-09-09,18209,Vijayee Blood Centre Vasai (W),Palghar,A+,0.046962764608554974,0
2026-09-07,18209,Vijayee Blood Centre Vasai (W),Palghar,A-,0.16311692635487893,0
2026-09-08,18209,Vijayee Blood Centre Vasai (W),Palghar,A-,0.09588567459878689,0
2026-09-09,18209,Vijayee Blood Centre Vasai (W),Palghar,A-,0.05421883653906218,0
2026-09-07,18209,Vijayee Blood Centre Vasai (W),Palghar,AB+,0.025965664226108902,0
2026-09-08,18209,Vijayee Blood Centre Vasai (W),Palghar,AB+,0.08680707578515685,0
2026-09-09,18209,Vijayee Blood Centre Vasai (W),Palghar,AB+,0.03822143896197932,0
2026-09-07,18209,Vijayee Blood Centre Vasai (W),Palghar,AB-,0.9569767387238788,1
2026-09-08,18209,Vijayee Blood Centre Vasai (W),Palghar,AB-,0.9569767387238788,1
2026-09-09,18209,Vijayee Blood Centre Vasai (W),Palghar,AB-,0.9569767387238788,1
2026-09-07,18209,Vijayee Blood Centre Vasai (W),Palghar,B+,0.0038375395931102944,0
2026-09-08,18209,Vijayee Blood Centre Vasai (W),Palghar,B+,0.00189020356093118,0
2026-09-09,18209,Vijayee Blood Centre Vasai (W),Palghar,B+,0.0014489215994458093,0
2026-09-07,18209,Vijayee Blood Centre Vasai (W),Palghar,B-,0.9569767387238788,1
2026-09-08,18209,Vijayee Blood Centre Vasai (W),Palghar,B-,0.9569767387238788,1
2026-09-09,18209,Vijayee Blood Centre Vasai (W),Palghar,B-,0.9569767387238788,1
2026-09-07,18209,Vijayee Blood Centre Vasai (W),Palghar,O+,0.00189020356093118,0
2026-09-08,18209,Vijayee Blood Centre Vasai (W),Palghar,O+,0.00189020356093118,0
2026-09-09,18209,Vijayee Blood Centre Vasai (W),Palghar,O+,0.0012081753373930854,0
2026-09-07,18209,Vijayee Blood Centre Vasai (W),Palghar,O-,0.9569767387238788,1
2026-09-08,18209,Vijayee Blood Centre Vasai (W),Palghar,O-,0.9569767387238788,1
2026-09-09,18209,Vijayee Blood Centre Vasai (W),Palghar,O-,0.9569767387238788,1
2026-09-07,18214,"Kakasaheb Chitle  Memorial Centre Sanchalit,  Jankalyan Blood Centre",Raigarh,A+,0.00189020356093118,0
2026-09-08,18214,"Kakasaheb Chitle  Memorial Centre Sanchalit,  Jankalyan Blood Centre",Raigarh,A+,0.0023108775049933,0
2026-09-09,18214,"Kakasaheb Chitle  Memorial Centre Sanchalit,  Jankalyan Blood Centre",Raigarh,A+,0.00189020356093118,0
2026-09-07,18214,"Kakasaheb Chitle  Memorial Centre Sanchalit,  Jankalyan Blood Centre",Raigarh,A-,0.09588567459878689,0
2026-09-08,18214,"Kakasaheb Chitle  Memorial Centre Sanchalit,  Jankalyan Blood Centre",Raigarh,A-,0.09588567459878689,0
2026-09-09,18214,"Kakasaheb Chitle  Memorial Centre Sanchalit,  Jankalyan Blood Centre",Raigarh,A-,0.09588567459878689,0
2026-09-07,18214,"Kakasaheb Chitle  Memorial Centre Sanchalit,  Jankalyan Blood Centre",Raigarh,AB+,0.00531931985247357,0
2026-09-08,18214,"Kakasaheb Chitle  Memorial Centre Sanchalit,  Jankalyan Blood Centre",Raigarh,AB+,0.00531450045088611,0
2026-09-09,18214,"Kakasaheb Chitle  Memorial Centre Sanchalit,  Jankalyan Blood Centre",Raigarh,AB+,0.013268239052090094,0
2026-09-07,18214,"Kakasaheb Chitle  Memorial Centre Sanchalit,  Jankalyan Blood Centre",Raigarh,AB-,0.09588567459878689,0
2026-09-08,18214,"Kakasaheb Chitle  Memorial Centre Sanchalit,  Jankalyan Blood Centre",Raigarh,AB-,0.09588567459878689,0
2026-09-09,18214,"Kakasaheb Chitle  Memorial Centre Sanchalit,  Jankalyan Blood Centre",Raigarh,AB-,0.09588567459878689,0
2026-09-07,18214,"Kakasaheb Chitle  Memorial Centre Sanchalit,  Jankalyan Blood Centre",Raigarh,B+,0.02045259730535145,0
2026-09-08,18214,"Kakasaheb Chitle  Memorial Centre Sanchalit,  Jankalyan Blood Centre",Raigarh,B+,0.030146238907467458,0
2026-09-09,18214,"Kakasaheb Chitle  Memorial Centre Sanchalit,  Jankalyan Blood Centre",Raigarh,B+,0.039985132011666064,0
2026-09-07,18214,"Kakasaheb Chitle  Memorial Centre Sanchalit,  Jankalyan Blood Centre",Raigarh,B-,0.1498097922182252,0
2026-09-08,18214,"Kakasaheb Chitle  Memorial Centre Sanchalit,  Jankalyan Blood Centre",Raigarh,B-,0.09588567459878689,0
2026-09-09,18214,"Kakasaheb Chitle  Memorial Centre Sanchalit,  Jankalyan Blood Centre",Raigarh,B-,0.09588567459878689,0
2026-09-07,18214,"Kakasaheb Chitle  Memorial Centre Sanchalit,  Jankalyan Blood Centre",Raigarh,O+,0.002081411434515316,0
2026-09-08,18214,"Kakasaheb Chitle  Memorial Centre Sanchalit,  Jankalyan Blood Centre",Raigarh,O+,0.002312896912343908,0
2026-09-09,18214,"Kakasaheb Chitle  Memorial Centre Sanchalit,  Jankalyan Blood Centre",Raigarh,O+,0.00189020356093118,0
2026-09-07,18214,"Kakasaheb Chitle  Memorial Centre Sanchalit,  Jankalyan Blood Centre",Raigarh,O-,0.09588567459878689,0
2026-09-08,18214,"Kakasaheb Chitle  Memorial Centre Sanchalit,  Jankalyan Blood Centre",Raigarh,O-,0.09588567459878689,0
2026-09-09,18214,"Kakasaheb Chitle  Memorial Centre Sanchalit,  Jankalyan Blood Centre",Raigarh,O-,0.09588567459878689,0
2026-09-07,18215,"Shree Sai Medical TrustS,  Shree Sai Blood Centre, Old Panvel",Raigarh,A+,0.00602938938853866,0
2026-09-08,18215,"Shree Sai Medical TrustS,  Shree Sai Blood Centre, Old Panvel",Raigarh,A+,0.010220514434745446,0
2026-09-09,18215,"Shree Sai Medical TrustS,  Shree Sai Blood Centre, Old Panvel",Raigarh,A+,0.01231181379254292,0
2026-09-07,18215,"Shree Sai Medical TrustS,  Shree Sai Blood Centre, Old Panvel",Raigarh,A-,0.8017482753365046,1
2026-09-08,18215,"Shree Sai Medical TrustS,  Shree Sai Blood Centre, Old Panvel",Raigarh,A-,0.9569767387238788,1
2026-09-09,18215,"Shree Sai Medical TrustS,  Shree Sai Blood Centre, Old Panvel",Raigarh,A-,0.9569767387238788,1
2026-09-07,18215,"Shree Sai Medical TrustS,  Shree Sai Blood Centre, Old Panvel",Raigarh,AB+,0.028831849716799477,0
2026-09-08,18215,"Shree Sai Medical TrustS,  Shree Sai Blood Centre, Old Panvel",Raigarh,AB+,0.045072468254795155,0
2026-09-09,18215,"Shree Sai Medical TrustS,  Shree Sai Blood Centre, Old Panvel",Raigarh,AB+,0.06055074475153568,0
2026-09-07,18215,"Shree Sai Medical TrustS,  Shree Sai Blood Centre, Old Panvel",Raigarh,AB-,0.09588567459878689,0
2026-09-08,18215,"Shree Sai Medical TrustS,  Shree Sai Blood Centre, Old Panvel",Raigarh,AB-,0.7542144173100465,1
2026-09-09,18215,"Shree Sai Medical TrustS,  Shree Sai Blood Centre, Old Panvel",Raigarh,AB-,0.8017482753365046,1
2026-09-07,18215,"Shree Sai Medical TrustS,  Shree Sai Blood Centre, Old Panvel",Raigarh,B+,0.16311692635487893,0
2026-09-08,18215,"Shree Sai Medical TrustS,  Shree Sai Blood Centre, Old Panvel",Raigarh,B+,0.057347578586959165,0
2026-09-09,18215,"Shree Sai Medical TrustS,  Shree Sai Blood Centre, Old Panvel",Raigarh,B+,0.04267073846196896,0
2026-09-07,18215,"Shree Sai Medical TrustS,  Shree Sai Blood Centre, Old Panvel",Raigarh,B-,0.04708016808483685,0
2026-09-08,18215,"Shree Sai Medical TrustS,  Shree Sai Blood Centre, Old Panvel",Raigarh,B-,0.04708016808483685,0
2026-09-09,18215,"Shree Sai Medical TrustS,  Shree Sai Blood Centre, Old Panvel",Raigarh,B-,0.16210439842287436,0
2026-09-07,18215,"Shree Sai Medical TrustS,  Shree Sai Blood Centre, Old Panvel",Raigarh,O+,0.011461288176794445,0
2026-09-08,18215,"Shree Sai Medical TrustS,  Shree Sai Blood Centre, Old Panvel",Raigarh,O+,0.015099787547956631,0
2026-09-09,18215,"Shree Sai Medical TrustS,  Shree Sai Blood Centre, Old Panvel",Raigarh,O+,0.031554344007101005,0
2026-09-07,18215,"Shree Sai Medical TrustS,  Shree Sai Blood Centre, Old Panvel",Raigarh,O-,0.04708016808483685,0
2026-09-08,18215,"Shree Sai Medical TrustS,  Shree Sai Blood Centre, Old Panvel",Raigarh,O-,0.16210439842287436,0
2026-09-09,18215,"Shree Sai Medical TrustS,  Shree Sai Blood Centre, Old Panvel",Raigarh,O-,0.16311692635487893,0
2026-09-07,18216,Rotary Club New Panvel Charitable  Trust S Late Dr. B.V. Limaye Blood Centre,Raigarh,A+,0.007800721337917326,0
2026-09-08,18216,Rotary Club New Panvel Charitable  Trust S Late Dr. B.V. Limaye Blood Centre,Raigarh,A+,0.007800721337917326,0
2026-09-09,18216,Rotary Club New Panvel Charitable  Trust S Late Dr. B.V. Limaye Blood Centre,Raigarh,A+,0.007800721337917326,0
2026-09-07,18216,Rotary Club New Panvel Charitable  Trust S Late Dr. B.V. Limaye Blood Centre,Raigarh,A-,0.025599083673906342,0
2026-09-08,18216,Rotary Club New Panvel Charitable  Trust S Late Dr. B.V. Limaye Blood Centre,Raigarh,A-,0.04799445444121937,0
2026-09-09,18216,Rotary Club New Panvel Charitable  Trust S Late Dr. B.V. Limaye Blood Centre,Raigarh,A-,0.025599083673906342,0
2026-09-07,18216,Rotary Club New Panvel Charitable  Trust S Late Dr. B.V. Limaye Blood Centre,Raigarh,AB+,0.034215836092803646,0
2026-09-08,18216,Rotary Club New Panvel Charitable  Trust S Late Dr. B.V. Limaye Blood Centre,Raigarh,AB+,0.020926993425840607,0
2026-09-09,18216,Rotary Club New Panvel Charitable  Trust S Late Dr. B.V. Limaye Blood Centre,Raigarh,AB+,0.022229048452583756,0
2026-09-07,18216,Rotary Club New Panvel Charitable  Trust S Late Dr. B.V. Limaye Blood Centre,Raigarh,AB-,0.09588567459878689,0
2026-09-08,18216,Rotary Club New Panvel Charitable  Trust S Late Dr. B.V. Limaye Blood Centre,Raigarh,AB-,0.09588567459878689,0
2026-09-09,18216,Rotary Club New Panvel Charitable  Trust S Late Dr. B.V. Limaye Blood Centre,Raigarh,AB-,0.09588567459878689,0
2026-09-07,18216,Rotary Club New Panvel Charitable  Trust S Late Dr. B.V. Limaye Blood Centre,Raigarh,B+,0.006579840671361086,0
2026-09-08,18216,Rotary Club New Panvel Charitable  Trust S Late Dr. B.V. Limaye Blood Centre,Raigarh,B+,0.0758988985560425,0
2026-09-09,18216,Rotary Club New Panvel Charitable  Trust S Late Dr. B.V. Limaye Blood Centre,Raigarh,B+,0.009641414903689832,0
2026-09-07,18216,Rotary Club New Panvel Charitable  Trust S Late Dr. B.V. Limaye Blood Centre,Raigarh,B-,0.03170067070020004,0
2026-09-08,18216,Rotary Club New Panvel Charitable  Trust S Late Dr. B.V. Limaye Blood Centre,Raigarh,B-,0.2246574848471846,0
2026-09-09,18216,Rotary Club New Panvel Charitable  Trust S Late Dr. B.V. Limaye Blood Centre,Raigarh,B-,0.06341399219371181,0
2026-09-07,18216,Rotary Club New Panvel Charitable  Trust S Late Dr. B.V. Limaye Blood Centre,Raigarh,O+,0.0022482877719102435,0
2026-09-08,18216,Rotary Club New Panvel Charitable  Trust S Late Dr. B.V. Limaye Blood Centre,Raigarh,O+,0.012994862441128954,0
2026-09-09,18216,Rotary Club New Panvel Charitable  Trust S Late Dr. B.V. Limaye Blood Centre,Raigarh,O+,0.00189020356093118,0
2026-09-07,18216,Rotary Club New Panvel Charitable  Trust S Late Dr. B.V. Limaye Blood Centre,Raigarh,O-,0.027568089055482303,0
2026-09-08,18216,Rotary Club New Panvel Charitable  Trust S Late Dr. B.V. Limaye Blood Centre,Raigarh,O-,0.09592721964234696,0
2026-09-09,18216,Rotary Club New Panvel Charitable  Trust S Late Dr. B.V. Limaye Blood Centre,Raigarh,O-,0.5964186700675067,1
2026-09-07,18220,"Mauli Blood Centre, Latur",Latur,A+,0.0016710067755597783,0
2026-09-08,18220,"Mauli Blood Centre, Latur",Latur,A+,0.001648900535990075,0
2026-09-09,18220,"Mauli Blood Centre, Latur",Latur,A+,0.00189020356093118,0
2026-09-07,18220,"Mauli Blood Centre, Latur",Latur,A-,0.15827438511559636,0
2026-09-08,18220,"Mauli Blood Centre, Latur",Latur,A-,0.12269695443240859,0
2026-09-09,18220,"Mauli Blood Centre, Latur",Latur,A-,0.05421883653906218,0
2026-09-07,18220,"Mauli Blood Centre, Latur",Latur,AB+,0.030274720508810245,0
2026-09-08,18220,"Mauli Blood Centre, Latur",Latur,AB+,0.020189182796152526,0
2026-09-09,18220,"Mauli Blood Centre, Latur",Latur,AB+,0.016658726183237958,0
2026-09-07,18220,"Mauli Blood Centre, Latur",Latur,AB-,0.8017482753365046,1
2026-09-08,18220,"Mauli Blood Centre, Latur",Latur,AB-,0.9569767387238788,1
2026-09-09,18220,"Mauli Blood Centre, Latur",Latur,AB-,0.9569767387238788,1
2026-09-07,18220,"Mauli Blood Centre, Latur",Latur,B+,0.0016538748790557787,0
2026-09-08,18220,"Mauli Blood Centre, Latur",Latur,B+,0.001648900535990075,0
2026-09-09,18220,"Mauli Blood Centre, Latur",Latur,B+,0.0018893597350191263,0
2026-09-07,18220,"Mauli Blood Centre, Latur",Latur,B-,0.7230546871564677,1
2026-09-08,18220,"Mauli Blood Centre, Latur",Latur,B-,0.9569767387238788,1
2026-09-09,18220,"Mauli Blood Centre, Latur",Latur,B-,0.9569767387238788,1
2026-09-07,18220,"Mauli Blood Centre, Latur",Latur,O+,0.0016538748790557787,0
2026-09-08,18220,"Mauli Blood Centre, Latur",Latur,O+,0.0016710067755597783,0
2026-09-09,18220,"Mauli Blood Centre, Latur",Latur,O+,0.00189020356093118,0
2026-09-07,18220,"Mauli Blood Centre, Latur",Latur,O-,0.05202420222433954,0
2026-09-08,18220,"Mauli Blood Centre, Latur",Latur,O-,0.04708016808483685,0
2026-09-09,18220,"Mauli Blood Centre, Latur",Latur,O-,0.16210439842287436,0
2026-09-07,18221,Shri Sai Seva Medical Foundation Sanchalit Nirnay Janseva Blood Centre,Dhule,A+,0.008270055668488492,0
2026-09-08,18221,Shri Sai Seva Medical Foundation Sanchalit Nirnay Janseva Blood Centre,Dhule,A+,0.009894032907948883,0
2026-09-09,18221,Shri Sai Seva Medical Foundation Sanchalit Nirnay Janseva Blood Centre,Dhule,A+,0.01743543024627702,0
2026-09-07,18221,Shri Sai Seva Medical Foundation Sanchalit Nirnay Janseva Blood Centre,Dhule,A-,0.04708016808483685,0
2026-09-08,18221,Shri Sai Seva Medical Foundation Sanchalit Nirnay Janseva Blood Centre,Dhule,A-,0.04708016808483685,0
2026-09-09,18221,Shri Sai Seva Medical Foundation Sanchalit Nirnay Janseva Blood Centre,Dhule,A-,0.04708016808483685,0
2026-09-07,18221,Shri Sai Seva Medical Foundation Sanchalit Nirnay Janseva Blood Centre,Dhule,AB+,0.09588567459878689,0
2026-09-08,18221,Shri Sai Seva Medical Foundation Sanchalit Nirnay Janseva Blood Centre,Dhule,AB+,0.09588567459878689,0
2026-09-09,18221,Shri Sai Seva Medical Foundation Sanchalit Nirnay Janseva Blood Centre,Dhule,AB+,0.09588567459878689,0
2026-09-07,18221,Shri Sai Seva Medical Foundation Sanchalit Nirnay Janseva Blood Centre,Dhule,AB-,0.9569767387238788,1
2026-09-08,18221,Shri Sai Seva Medical Foundation Sanchalit Nirnay Janseva Blood Centre,Dhule,AB-,0.9569767387238788,1
2026-09-09,18221,Shri Sai Seva Medical Foundation Sanchalit Nirnay Janseva Blood Centre,Dhule,AB-,0.9569767387238788,1
2026-09-07,18221,Shri Sai Seva Medical Foundation Sanchalit Nirnay Janseva Blood Centre,Dhule,B+,0.0026981185908668106,0
2026-09-08,18221,Shri Sai Seva Medical Foundation Sanchalit Nirnay Janseva Blood Centre,Dhule,B+,0.0018083016729429655,0
2026-09-09,18221,Shri Sai Seva Medical Foundation Sanchalit Nirnay Janseva Blood Centre,Dhule,B+,0.0058476750699890225,0
2026-09-07,18221,Shri Sai Seva Medical Foundation Sanchalit Nirnay Janseva Blood Centre,Dhule,B-,0.16311692635487893,0
2026-09-08,18221,Shri Sai Seva Medical Foundation Sanchalit Nirnay Janseva Blood Centre,Dhule,B-,0.09588567459878689,0
2026-09-09,18221,Shri Sai Seva Medical Foundation Sanchalit Nirnay Janseva Blood Centre,Dhule,B-,0.09588567459878689,0
2026-09-07,18221,Shri Sai Seva Medical Foundation Sanchalit Nirnay Janseva Blood Centre,Dhule,O+,0.0018961147633594097,0
2026-09-08,18221,Shri Sai Seva Medical Foundation Sanchalit Nirnay Janseva Blood Centre,Dhule,O+,0.001917118468168659,0
2026-09-09,18221,Shri Sai Seva Medical Foundation Sanchalit Nirnay Janseva Blood Centre,Dhule,O+,0.0021635971529209066,0
2026-09-07,18221,Shri Sai Seva Medical Foundation Sanchalit Nirnay Janseva Blood Centre,Dhule,O-,0.09588567459878689,0
2026-09-08,18221,Shri Sai Seva Medical Foundation Sanchalit Nirnay Janseva Blood Centre,Dhule,O-,0.09588567459878689,0
2026-09-09,18221,Shri Sai Seva Medical Foundation Sanchalit Nirnay Janseva Blood Centre,Dhule,O-,0.09588567459878689,0
2026-09-07,18223,Dattaji Bhale Blood Centre,Aurangabad,A+,0.0012081753373930854,0
2026-09-08,18223,Dattaji Bhale Blood Centre,Aurangabad,A+,0.0016656454620446208,0
2026-09-09,18223,Dattaji Bhale Blood Centre,Aurangabad,A+,0.001561785657480558,0
2026-09-07,18223,Dattaji Bhale Blood Centre,Aurangabad,A-,0.05421883653906218,0
2026-09-08,18223,Dattaji Bhale Blood Centre,Aurangabad,A-,0.07105022241162556,0
2026-09-09,18223,Dattaji Bhale Blood Centre,Aurangabad,A-,0.07952176880157198,0
2026-09-07,18223,Dattaji Bhale Blood Centre,Aurangabad,AB+,0.001561785657480558,0
2026-09-08,18223,Dattaji Bhale Blood Centre,Aurangabad,AB+,0.00189020356093118,0
2026-09-09,18223,Dattaji Bhale Blood Centre,Aurangabad,AB+,0.0015737692971105907,0
2026-09-07,18223,Dattaji Bhale Blood Centre,Aurangabad,AB-,0.022771100580525894,0
2026-09-08,18223,Dattaji Bhale Blood Centre,Aurangabad,AB-,0.022229048452583756,0
2026-09-09,18223,Dattaji Bhale Blood Centre,Aurangabad,AB-,0.02965889291932624,0
2026-09-07,18223,Dattaji Bhale Blood Centre,Aurangabad,B+,0.0012081753373930854,0
2026-09-08,18223,Dattaji Bhale Blood Centre,Aurangabad,B+,0.013619738059136884,0
2026-09-09,18223,Dattaji Bhale Blood Centre,Aurangabad,B+,0.0016488822873041206,0
2026-09-07,18223,Dattaji Bhale Blood Centre,Aurangabad,B-,0.3047385309305263,0
2026-09-08,18223,Dattaji Bhale Blood Centre,Aurangabad,B-,0.015997434022200854,0
2026-09-09,18223,Dattaji Bhale Blood Centre,Aurangabad,B-,0.023064465349642807,0
2026-09-07,18223,Dattaji Bhale Blood Centre,Aurangabad,O+,0.0012081753373930854,0
2026-09-08,18223,Dattaji Bhale Blood Centre,Aurangabad,O+,0.01361717677512894,0
2026-09-09,18223,Dattaji Bhale Blood Centre,Aurangabad,O+,0.001670688725475448,0
2026-09-07,18223,Dattaji Bhale Blood Centre,Aurangabad,O-,0.32268418572950647,0
2026-09-08,18223,Dattaji Bhale Blood Centre,Aurangabad,O-,0.14681513403309893,0
2026-09-09,18223,Dattaji Bhale Blood Centre,Aurangabad,O-,0.05421883653906218,0
2026-09-07,18225,Adarsh Blood Centre,Aurangabad,A+,0.0026505852164797647,0
2026-09-08,18225,Adarsh Blood Centre,Aurangabad,A+,0.012983637903559792,0
2026-09-09,18225,Adarsh Blood Centre,Aurangabad,A+,0.0023477024961107147,0
2026-09-07,18225,Adarsh Blood Centre,Aurangabad,A-,0.9569767387238788,1
2026-09-08,18225,Adarsh Blood Centre,Aurangabad,A-,0.9569767387238788,1
2026-09-09,18225,Adarsh Blood Centre,Aurangabad,A-,0.9569767387238788,1
2026-09-07,18225,Adarsh Blood Centre,Aurangabad,AB+,0.0021449062825874814,0
2026-09-08,18225,Adarsh Blood Centre,Aurangabad,AB+,0.004566846354058538,0
2026-09-09,18225,Adarsh Blood Centre,Aurangabad,AB+,0.002081411434515316,0
2026-09-07,18225,Adarsh Blood Centre,Aurangabad,AB-,0.9569767387238788,1
2026-09-08,18225,Adarsh Blood Centre,Aurangabad,AB-,0.9569767387238788,1
2026-09-09,18225,Adarsh Blood Centre,Aurangabad,AB-,0.9569767387238788,1
2026-09-07,18225,Adarsh Blood Centre,Aurangabad,B+,0.003391636381973148,0
2026-09-08,18225,Adarsh Blood Centre,Aurangabad,B+,0.0067187931075656,0
2026-09-09,18225,Adarsh Blood Centre,Aurangabad,B+,0.002813965031728744,0
2026-09-07,18225,Adarsh Blood Centre,Aurangabad,B-,0.9569767387238788,1
2026-09-08,18225,Adarsh Blood Centre,Aurangabad,B-,0.9569767387238788,1
2026-09-09,18225,Adarsh Blood Centre,Aurangabad,B-,0.9569767387238788,1
2026-09-07,18225,Adarsh Blood Centre,Aurangabad,O+,0.0015850441535814831,0
2026-09-08,18225,Adarsh Blood Centre,Aurangabad,O+,0.0023477024961107147,0
2026-09-09,18225,Adarsh Blood Centre,Aurangabad,O+,0.0020796523040898093,0
2026-09-07,18225,Adarsh Blood Centre,Aurangabad,O-,0.9569767387238788,1
2026-09-08,18225,Adarsh Blood Centre,Aurangabad,O-,0.9569767387238788,1
2026-09-09,18225,Adarsh Blood Centre,Aurangabad,O-,0.9569767387238788,1
2026-09-07,18226,Lions Blood Centre,Aurangabad,A+,0.0012081753373930854,0
2026-09-08,18226,Lions Blood Centre,Aurangabad,A+,0.0016656454620446208,0
2026-09-09,18226,Lions Blood Centre,Aurangabad,A+,0.0012081753373930854,0
2026-09-07,18226,Lions Blood Centre,Aurangabad,A-,0.9569767387238788,1
2026-09-08,18226,Lions Blood Centre,Aurangabad,A-,0.9569767387238788,1
2026-09-09,18226,Lions Blood Centre,Aurangabad,A-,0.32268418572950647,0
2026-09-07,18226,Lions Blood Centre,Aurangabad,AB+,0.02710329607277478,0
2026-09-08,18226,Lions Blood Centre,Aurangabad,AB+,0.022209291012614703,0
2026-09-09,18226,Lions Blood Centre,Aurangabad,AB+,0.004349401156118568,0
2026-09-07,18226,Lions Blood Centre,Aurangabad,AB-,0.9569767387238788,1
2026-09-08,18226,Lions Blood Centre,Aurangabad,AB-,0.9569767387238788,1
2026-09-09,18226,Lions Blood Centre,Aurangabad,AB-,0.32268418572950647,0
2026-09-07,18226,Lions Blood Centre,Aurangabad,B+,0.0014965339873995508,0
2026-09-08,18226,Lions Blood Centre,Aurangabad,B+,0.0016488822873041206,0
2026-09-09,18226,Lions Blood Centre,Aurangabad,B+,0.0011957829087145444,0
2026-09-07,18226,Lions Blood Centre,Aurangabad,B-,0.9569767387238788,1
2026-09-08,18226,Lions Blood Centre,Aurangabad,B-,0.9569767387238788,1
2026-09-09,18226,Lions Blood Centre,Aurangabad,B-,0.32268418572950647,0
2026-09-07,18226,Lions Blood Centre,Aurangabad,O+,0.0014965339873995508,0
2026-09-08,18226,Lions Blood Centre,Aurangabad,O+,0.0016488822873041206,0
2026-09-09,18226,Lions Blood Centre,Aurangabad,O+,0.0012081753373930854,0
2026-09-07,18226,Lions Blood Centre,Aurangabad,O-,0.9569767387238788,1
2026-09-08,18226,Lions Blood Centre,Aurangabad,O-,0.9569767387238788,1
2026-09-09,18226,Lions Blood Centre,Aurangabad,O-,0.31460226425080806,0
2026-09-07,18227,Jankalyan Blood Centre,Jalna,A+,0.0012081753373930854,0
2026-09-08,18227,Jankalyan Blood Centre,Jalna,A+,0.00189020356093118,0
2026-09-09,18227,Jankalyan Blood Centre,Jalna,A+,0.02179731125391693,0
2026-09-07,18227,Jankalyan Blood Centre,Jalna,A-,0.01104163663258099,0
2026-09-08,18227,Jankalyan Blood Centre,Jalna,A-,0.02626651767943478,0
2026-09-09,18227,Jankalyan Blood Centre,Jalna,A-,0.008461781613140911,0
2026-09-07,18227,Jankalyan Blood Centre,Jalna,AB+,0.002081411434515316,0
2026-09-08,18227,Jankalyan Blood Centre,Jalna,AB+,0.0023477024961107147,0
2026-09-09,18227,Jankalyan Blood Centre,Jalna,AB+,0.003976083092056181,0
2026-09-07,18227,Jankalyan Blood Centre,Jalna,AB-,0.02693490311827044,0
2026-09-08,18227,Jankalyan Blood Centre,Jalna,AB-,0.02693490311827044,0
2026-09-09,18227,Jankalyan Blood Centre,Jalna,AB-,0.027568089055482303,0
2026-09-07,18227,Jankalyan Blood Centre,Jalna,B+,0.0016710067755597783,0
2026-09-08,18227,Jankalyan Blood Centre,Jalna,B+,0.0016710067755597783,0
2026-09-09,18227,Jankalyan Blood Centre,Jalna,B+,0.0018898937427603148,0
2026-09-07,18227,Jankalyan Blood Centre,Jalna,B-,0.021212475862087476,0
2026-09-08,18227,Jankalyan Blood Centre,Jalna,B-,0.012760506423855105,0
2026-09-09,18227,Jankalyan Blood Centre,Jalna,B-,0.5215023527855271,1
2026-09-07,18227,Jankalyan Blood Centre,Jalna,O+,0.0012081753373930854,0
2026-09-08,18227,Jankalyan Blood Centre,Jalna,O+,0.0016710067755597783,0
2026-09-09,18227,Jankalyan Blood Centre,Jalna,O+,0.0024906604436531923,0
2026-09-07,18227,Jankalyan Blood Centre,Jalna,O-,0.7542144173100465,1
2026-09-08,18227,Jankalyan Blood Centre,Jalna,O-,0.8017482753365046,1
2026-09-09,18227,Jankalyan Blood Centre,Jalna,O-,0.9569767387238788,1
2026-09-07,18228,"Civil Surgeon, General Hospital, Blood Centre",Jalna,A+,0.018069289437621084,0
2026-09-08,18228,"Civil Surgeon, General Hospital, Blood Centre",Jalna,A+,0.04322951202094485,0
2026-09-09,18228,"Civil Surgeon, General Hospital, Blood Centre",Jalna,A+,0.014406164284245617,0
2026-09-07,18228,"Civil Surgeon, General Hospital, Blood Centre",Jalna,A-,0.04708016808483685,0
2026-09-08,18228,"Civil Surgeon, General Hospital, Blood Centre",Jalna,A-,0.5857594138375063,1
2026-09-09,18228,"Civil Surgeon, General Hospital, Blood Centre",Jalna,A-,0.786299925543641,1
2026-09-07,18228,"Civil Surgeon, General Hospital, Blood Centre",Jalna,AB+,0.25630335146839917,0
2026-09-08,18228,"Civil Surgeon, General Hospital, Blood Centre",Jalna,AB+,0.06359269300419938,0
2026-09-09,18228,"Civil Surgeon, General Hospital, Blood Centre",Jalna,AB+,0.061020480753967606,0
2026-09-07,18228,"Civil Surgeon, General Hospital, Blood Centre",Jalna,AB-,0.04374623320128272,0
2026-09-08,18228,"Civil Surgeon, General Hospital, Blood Centre",Jalna,AB-,0.35436282402880315,0
2026-09-09,18228,"Civil Surgeon, General Hospital, Blood Centre",Jalna,AB-,0.7048536741460231,1
2026-09-07,18228,"Civil Surgeon, General Hospital, Blood Centre",Jalna,B+,0.003039551503312881,0
2026-09-08,18228,"Civil Surgeon, General Hospital, Blood Centre",Jalna,B+,0.006470724676695625,0
2026-09-09,18228,"Civil Surgeon, General Hospital, Blood Centre",Jalna,B+,0.005052819330697103,0
2026-09-07,18228,"Civil Surgeon, General Hospital, Blood Centre",Jalna,B-,0.04708016808483685,0
2026-09-08,18228,"Civil Surgeon, General Hospital, Blood Centre",Jalna,B-,0.5857594138375063,1
2026-09-09,18228,"Civil Surgeon, General Hospital, Blood Centre",Jalna,B-,0.786299925543641,1
2026-09-07,18228,"Civil Surgeon, General Hospital, Blood Centre",Jalna,O+,0.004952209656900126,0
2026-09-08,18228,"Civil Surgeon, General Hospital, Blood Centre",Jalna,O+,0.004699409582270632,0
2026-09-09,18228,"Civil Surgeon, General Hospital, Blood Centre",Jalna,O+,0.01226017521895609,0
2026-09-07,18228,"Civil Surgeon, General Hospital, Blood Centre",Jalna,O-,0.05202420222433954,0
2026-09-08,18228,"Civil Surgeon, General Hospital, Blood Centre",Jalna,O-,0.5857594138375063,1
2026-09-09,18228,"Civil Surgeon, General Hospital, Blood Centre",Jalna,O-,0.786299925543641,1
2026-09-07,18230,Jeevandhara Buldana Urban Blood Centre Run And Managed By Shree Charitable  Trust,Buldana,A+,0.05840963795906487,0
2026-09-08,18230,Jeevandhara Buldana Urban Blood Centre Run And Managed By Shree Charitable  Trust,Buldana,A+,0.07105022241162556,0
2026-09-09,18230,Jeevandhara Buldana Urban Blood Centre Run And Managed By Shree Charitable  Trust,Buldana,A+,0.04374623320128272,0
2026-09-07,18230,Jeevandhara Buldana Urban Blood Centre Run And Managed By Shree Charitable  Trust,Buldana,A-,0.9569767387238788,1
2026-09-08,18230,Jeevandhara Buldana Urban Blood Centre Run And Managed By Shree Charitable  Trust,Buldana,A-,0.9569767387238788,1
2026-09-09,18230,Jeevandhara Buldana Urban Blood Centre Run And Managed By Shree Charitable  Trust,Buldana,A-,0.9569767387238788,1
2026-09-07,18230,Jeevandhara Buldana Urban Blood Centre Run And Managed By Shree Charitable  Trust,Buldana,AB+,0.16210439842287436,0
2026-09-08,18230,Jeevandhara Buldana Urban Blood Centre Run And Managed By Shree Charitable  Trust,Buldana,AB+,0.16311692635487893,0
2026-09-09,18230,Jeevandhara Buldana Urban Blood Centre Run And Managed By Shree Charitable  Trust,Buldana,AB+,0.08716338290780895,0
2026-09-07,18230,Jeevandhara Buldana Urban Blood Centre Run And Managed By Shree Charitable  Trust,Buldana,AB-,0.9569767387238788,1
2026-09-08,18230,Jeevandhara Buldana Urban Blood Centre Run And Managed By Shree Charitable  Trust,Buldana,AB-,0.9569767387238788,1
2026-09-09,18230,Jeevandhara Buldana Urban Blood Centre Run And Managed By Shree Charitable  Trust,Buldana,AB-,0.9569767387238788,1
2026-09-07,18230,Jeevandhara Buldana Urban Blood Centre Run And Managed By Shree Charitable  Trust,Buldana,B+,0.02704617704647556,0
2026-09-08,18230,Jeevandhara Buldana Urban Blood Centre Run And Managed By Shree Charitable  Trust,Buldana,B+,0.019461418311736985,0
2026-09-09,18230,Jeevandhara Buldana Urban Blood Centre Run And Managed By Shree Charitable  Trust,Buldana,B+,0.011136509810889273,0
2026-09-07,18230,Jeevandhara Buldana Urban Blood Centre Run And Managed By Shree Charitable  Trust,Buldana,B-,0.041827614914935134,0
2026-09-08,18230,Jeevandhara Buldana Urban Blood Centre Run And Managed By Shree Charitable  Trust,Buldana,B-,0.5964186700675067,1
2026-09-09,18230,Jeevandhara Buldana Urban Blood Centre Run And Managed By Shree Charitable  Trust,Buldana,B-,0.786299925543641,1
2026-09-07,18230,Jeevandhara Buldana Urban Blood Centre Run And Managed By Shree Charitable  Trust,Buldana,O+,0.03518533361687232,0
2026-09-08,18230,Jeevandhara Buldana Urban Blood Centre Run And Managed By Shree Charitable  Trust,Buldana,O+,0.036951964993938526,0
2026-09-09,18230,Jeevandhara Buldana Urban Blood Centre Run And Managed By Shree Charitable  Trust,Buldana,O+,0.0415998584932154,0
2026-09-07,18230,Jeevandhara Buldana Urban Blood Centre Run And Managed By Shree Charitable  Trust,Buldana,O-,0.32559708094662476,0
2026-09-08,18230,Jeevandhara Buldana Urban Blood Centre Run And Managed By Shree Charitable  Trust,Buldana,O-,0.7684382335810872,1
2026-09-09,18230,Jeevandhara Buldana Urban Blood Centre Run And Managed By Shree Charitable  Trust,Buldana,O-,0.756606744965914,1
2026-09-07,18231,"Dean, Swami Ramanand Tirtha Rural Medical College. And Hospital, Blood Centre",Bid,A+,0.002314495793011443,0
2026-09-08,18231,"Dean, Swami Ramanand Tirtha Rural Medical College. And Hospital, Blood Centre",Bid,A+,0.0016710067755597783,0
2026-09-09,18231,"Dean, Swami Ramanand Tirtha Rural Medical College. And Hospital, Blood Centre",Bid,A+,0.0015779651425224034,0
2026-09-07,18231,"Dean, Swami Ramanand Tirtha Rural Medical College. And Hospital, Blood Centre",Bid,A-,0.9569767387238788,1
2026-09-08,18231,"Dean, Swami Ramanand Tirtha Rural Medical College. And Hospital, Blood Centre",Bid,A-,0.32268418572950647,0
2026-09-09,18231,"Dean, Swami Ramanand Tirtha Rural Medical College. And Hospital, Blood Centre",Bid,A-,0.7789323790913819,1
2026-09-07,18231,"Dean, Swami Ramanand Tirtha Rural Medical College. And Hospital, Blood Centre",Bid,AB+,0.13938819543083417,0
2026-09-08,18231,"Dean, Swami Ramanand Tirtha Rural Medical College. And Hospital, Blood Centre",Bid,AB+,0.6466837376190555,1
2026-09-09,18231,"Dean, Swami Ramanand Tirtha Rural Medical College. And Hospital, Blood Centre",Bid,AB+,0.7713453455706637,1
2026-09-07,18231,"Dean, Swami Ramanand Tirtha Rural Medical College. And Hospital, Blood Centre",Bid,AB-,0.022229048452583756,0
2026-09-08,18231,"Dean, Swami Ramanand Tirtha Rural Medical College. And Hospital, Blood Centre",Bid,AB-,0.030146238907467458,0
2026-09-09,18231,"Dean, Swami Ramanand Tirtha Rural Medical College. And Hospital, Blood Centre",Bid,AB-,0.025965664226108902,0
2026-09-07,18231,"Dean, Swami Ramanand Tirtha Rural Medical College. And Hospital, Blood Centre",Bid,B+,0.0019371474797531553,0
2026-09-08,18231,"Dean, Swami Ramanand Tirtha Rural Medical College. And Hospital, Blood Centre",Bid,B+,0.005280650378807964,0
2026-09-09,18231,"Dean, Swami Ramanand Tirtha Rural Medical College. And Hospital, Blood Centre",Bid,B+,0.0016710067755597783,0
2026-09-07,18231,"Dean, Swami Ramanand Tirtha Rural Medical College. And Hospital, Blood Centre",Bid,B-,0.022229048452583756,0
2026-09-08,18231,"Dean, Swami Ramanand Tirtha Rural Medical College. And Hospital, Blood Centre",Bid,B-,0.022229048452583756,0
2026-09-09,18231,"Dean, Swami Ramanand Tirtha Rural Medical College. And Hospital, Blood Centre",Bid,B-,0.030146238907467458,0
2026-09-07,18231,"Dean, Swami Ramanand Tirtha Rural Medical College. And Hospital, Blood Centre",Bid,O+,0.0018922577248733372,0
2026-09-08,18231,"Dean, Swami Ramanand Tirtha Rural Medical College. And Hospital, Blood Centre",Bid,O+,0.002081411434515316,0
2026-09-09,18231,"Dean, Swami Ramanand Tirtha Rural Medical College. And Hospital, Blood Centre",Bid,O+,0.0023108775049933,0
2026-09-07,18231,"Dean, Swami Ramanand Tirtha Rural Medical College. And Hospital, Blood Centre",Bid,O-,0.02014311720528692,0
2026-09-08,18231,"Dean, Swami Ramanand Tirtha Rural Medical College. And Hospital, Blood Centre",Bid,O-,0.020562505324546617,0
2026-09-09,18231,"Dean, Swami Ramanand Tirtha Rural Medical College. And Hospital, Blood Centre",Bid,O-,0.022771100580525894,0
2026-09-07,18232,Vaidyanath Blood Centre,Bid,A+,0.0014706445574163482,0
2026-09-08,18232,Vaidyanath Blood Centre,Bid,A+,0.00189020356093118,0
2026-09-09,18232,Vaidyanath Blood Centre,Bid,A+,0.001753530456225204,0
2026-09-07,18232,Vaidyanath Blood Centre,Bid,A-,0.9569767387238788,1
2026-09-08,18232,Vaidyanath Blood Centre,Bid,A-,0.9569767387238788,1
2026-09-09,18232,Vaidyanath Blood Centre,Bid,A-,0.9569767387238788,1
2026-09-07,18232,Vaidyanath Blood Centre,Bid,AB+,0.0017493572516681197,0
2026-09-08,18232,Vaidyanath Blood Centre,Bid,AB+,0.016714880985402646,0
2026-09-09,18232,Vaidyanath Blood Centre,Bid,AB+,0.004011241910051956,0
2026-09-07,18232,Vaidyanath Blood Centre,Bid,AB-,0.9569767387238788,1
2026-09-08,18232,Vaidyanath Blood Centre,Bid,AB-,0.9569767387238788,1
2026-09-09,18232,Vaidyanath Blood Centre,Bid,AB-,0.9569767387238788,1
2026-09-07,18232,Vaidyanath Blood Centre,Bid,B+,0.009024202024137621,0
2026-09-08,18232,Vaidyanath Blood Centre,Bid,B+,0.006291880181831053,0
2026-09-09,18232,Vaidyanath Blood Centre,Bid,B+,0.001192181253429029,0
2026-09-07,18232,Vaidyanath Blood Centre,Bid,B-,0.9569767387238788,1
2026-09-08,18232,Vaidyanath Blood Centre,Bid,B-,0.9569767387238788,1
2026-09-09,18232,Vaidyanath Blood Centre,Bid,B-,0.9569767387238788,1
2026-09-07,18232,Vaidyanath Blood Centre,Bid,O+,0.005510696394601035,0
2026-09-08,18232,Vaidyanath Blood Centre,Bid,O+,0.005768548718181536,0
2026-09-09,18232,Vaidyanath Blood Centre,Bid,O+,0.0014489215994458093,0
2026-09-07,18232,Vaidyanath Blood Centre,Bid,O-,0.9569767387238788,1
2026-09-08,18232,Vaidyanath Blood Centre,Bid,O-,0.9569767387238788,1
2026-09-09,18232,Vaidyanath Blood Centre,Bid,O-,0.9569767387238788,1
2026-09-07,18234,Sanjivan   Blood Centre,Chandrapur,A+,0.0027006075806193957,0
2026-09-08,18234,Sanjivan   Blood Centre,Chandrapur,A+,0.0058476750699890225,0
2026-09-09,18234,Sanjivan   Blood Centre,Chandrapur,A+,0.0018419007189620852,0
2026-09-07,18234,Sanjivan   Blood Centre,Chandrapur,A-,0.7542144173100465,1
2026-09-08,18234,Sanjivan   Blood Centre,Chandrapur,A-,0.8017482753365046,1
2026-09-09,18234,Sanjivan   Blood Centre,Chandrapur,A-,0.9569767387238788,1
2026-09-07,18234,Sanjivan   Blood Centre,Chandrapur,AB+,0.025599083673906342,0
2026-09-08,18234,Sanjivan   Blood Centre,Chandrapur,AB+,0.06968415454184117,0
2026-09-09,18234,Sanjivan   Blood Centre,Chandrapur,AB+,0.061375199452762416,0
2026-09-07,18234,Sanjivan   Blood Centre,Chandrapur,AB-,0.9569767387238788,1
2026-09-08,18234,Sanjivan   Blood Centre,Chandrapur,AB-,0.9569767387238788,1
2026-09-09,18234,Sanjivan   Blood Centre,Chandrapur,AB-,0.9569767387238788,1
2026-09-07,18234,Sanjivan   Blood Centre,Chandrapur,B+,0.002885565664141321,0
2026-09-08,18234,Sanjivan   Blood Centre,Chandrapur,B+,0.006470724676695625,0
2026-09-09,18234,Sanjivan   Blood Centre,Chandrapur,B+,0.00902203416973932,0
2026-09-07,18234,Sanjivan   Blood Centre,Chandrapur,B-,0.030170888001377773,0
2026-09-08,18234,Sanjivan   Blood Centre,Chandrapur,B-,0.030170888001377773,0
2026-09-09,18234,Sanjivan   Blood Centre,Chandrapur,B-,0.030170888001377773,0
2026-09-07,18234,Sanjivan   Blood Centre,Chandrapur,O+,0.0056490654955942245,0
2026-09-08,18234,Sanjivan   Blood Centre,Chandrapur,O+,0.025556979492643125,0
2026-09-09,18234,Sanjivan   Blood Centre,Chandrapur,O+,0.002033618554739606,0
2026-09-07,18234,Sanjivan   Blood Centre,Chandrapur,O-,0.09588567459878689,0
2026-09-08,18234,Sanjivan   Blood Centre,Chandrapur,O-,0.7542144173100465,1
2026-09-09,18234,Sanjivan   Blood Centre,Chandrapur,O-,0.32559708094662476,0
2026-09-07,18236,"Indian Red Cross Society, Dr. Bhalchandra Blood Centre",Latur,A+,0.024316464183978717,0
2026-09-08,18236,"Indian Red Cross Society, Dr. Bhalchandra Blood Centre",Latur,A+,0.020904625123971836,0
2026-09-09,18236,"Indian Red Cross Society, Dr. Bhalchandra Blood Centre",Latur,A+,0.027568089055482303,0
2026-09-07,18236,"Indian Red Cross Society, Dr. Bhalchandra Blood Centre",Latur,A-,0.14681513403309893,0
2026-09-08,18236,"Indian Red Cross Society, Dr. Bhalchandra Blood Centre",Latur,A-,0.7542144173100465,1
2026-09-09,18236,"Indian Red Cross Society, Dr. Bhalchandra Blood Centre",Latur,A-,0.8017482753365046,1
2026-09-07,18236,"Indian Red Cross Society, Dr. Bhalchandra Blood Centre",Latur,AB+,0.03582452008835738,0
2026-09-08,18236,"Indian Red Cross Society, Dr. Bhalchandra Blood Centre",Latur,AB+,0.050793258240354675,0
2026-09-09,18236,"Indian Red Cross Society, Dr. Bhalchandra Blood Centre",Latur,AB+,0.03557172539241281,0
2026-09-07,18236,"Indian Red Cross Society, Dr. Bhalchandra Blood Centre",Latur,AB-,0.9569767387238788,1
2026-09-08,18236,"Indian Red Cross Society, Dr. Bhalchandra Blood Centre",Latur,AB-,0.9569767387238788,1
2026-09-09,18236,"Indian Red Cross Society, Dr. Bhalchandra Blood Centre",Latur,AB-,0.9569767387238788,1
2026-09-07,18236,"Indian Red Cross Society, Dr. Bhalchandra Blood Centre",Latur,B+,0.030170888001377773,0
2026-09-08,18236,"Indian Red Cross Society, Dr. Bhalchandra Blood Centre",Latur,B+,0.03197768588312568,0
2026-09-09,18236,"Indian Red Cross Society, Dr. Bhalchandra Blood Centre",Latur,B+,0.16665926304351683,0
2026-09-07,18236,"Indian Red Cross Society, Dr. Bhalchandra Blood Centre",Latur,B-,0.14681513403309893,0
2026-09-08,18236,"Indian Red Cross Society, Dr. Bhalchandra Blood Centre",Latur,B-,0.05421883653906218,0
2026-09-09,18236,"Indian Red Cross Society, Dr. Bhalchandra Blood Centre",Latur,B-,0.07105022241162556,0
2026-09-07,18236,"Indian Red Cross Society, Dr. Bhalchandra Blood Centre",Latur,O+,0.06806076553524522,0
2026-09-08,18236,"Indian Red Cross Society, Dr. Bhalchandra Blood Centre",Latur,O+,0.5857594138375063,1
2026-09-09,18236,"Indian Red Cross Society, Dr. Bhalchandra Blood Centre",Latur,O+,0.786299925543641,1
2026-09-07,18236,"Indian Red Cross Society, Dr. Bhalchandra Blood Centre",Latur,O-,0.09588567459878689,0
2026-09-08,18236,"Indian Red Cross Society, Dr. Bhalchandra Blood Centre",Latur,O-,0.05421883653906218,0
2026-09-09,18236,"Indian Red Cross Society, Dr. Bhalchandra Blood Centre",Latur,O-,0.07105022241162556,0
2026-09-07,18237,"Dean, Maeer,S Smt.Saraswati Karad Blood Centre",Latur,A+,0.0012081753373930854,0
2026-09-08,18237,"Dean, Maeer,S Smt.Saraswati Karad Blood Centre",Latur,A+,0.0012081753373930854,0
2026-09-09,18237,"Dean, Maeer,S Smt.Saraswati Karad Blood Centre",Latur,A+,0.006827246334378075,0
2026-09-07,18237,"Dean, Maeer,S Smt.Saraswati Karad Blood Centre",Latur,A-,0.0022991391054977797,0
2026-09-08,18237,"Dean, Maeer,S Smt.Saraswati Karad Blood Centre",Latur,A-,0.0022991391054977797,0
2026-09-09,18237,"Dean, Maeer,S Smt.Saraswati Karad Blood Centre",Latur,A-,0.0022991391054977797,0
2026-09-07,18237,"Dean, Maeer,S Smt.Saraswati Karad Blood Centre",Latur,AB+,0.016671439126948604,0
2026-09-08,18237,"Dean, Maeer,S Smt.Saraswati Karad Blood Centre",Latur,AB+,0.059700333690463334,0
2026-09-09,18237,"Dean, Maeer,S Smt.Saraswati Karad Blood Centre",Latur,AB+,0.019375612779870283,0
2026-09-07,18237,"Dean, Maeer,S Smt.Saraswati Karad Blood Centre",Latur,AB-,0.004379405824755255,0
2026-09-08,18237,"Dean, Maeer,S Smt.Saraswati Karad Blood Centre",Latur,AB-,0.004379405824755255,0
2026-09-09,18237,"Dean, Maeer,S Smt.Saraswati Karad Blood Centre",Latur,AB-,0.004379405824755255,0
2026-09-07,18237,"Dean, Maeer,S Smt.Saraswati Karad Blood Centre",Latur,B+,0.0012081753373930854,0
2026-09-08,18237,"Dean, Maeer,S Smt.Saraswati Karad Blood Centre",Latur,B+,0.0036687797425627665,0
2026-09-09,18237,"Dean, Maeer,S Smt.Saraswati Karad Blood Centre",Latur,B+,0.06482478281900715,0
2026-09-07,18237,"Dean, Maeer,S Smt.Saraswati Karad Blood Centre",Latur,B-,0.003264694194663397,0
2026-09-08,18237,"Dean, Maeer,S Smt.Saraswati Karad Blood Centre",Latur,B-,0.0023104788097840835,0
2026-09-09,18237,"Dean, Maeer,S Smt.Saraswati Karad Blood Centre",Latur,B-,0.003976083092056181,0
2026-09-07,18237,"Dean, Maeer,S Smt.Saraswati Karad Blood Centre",Latur,O+,0.0012081753373930854,0
2026-09-08,18237,"Dean, Maeer,S Smt.Saraswati Karad Blood Centre",Latur,O+,0.0036687797425627665,0
2026-09-09,18237,"Dean, Maeer,S Smt.Saraswati Karad Blood Centre",Latur,O+,0.0036687797425627665,0
2026-09-07,18237,"Dean, Maeer,S Smt.Saraswati Karad Blood Centre",Latur,O-,0.0014471106705208254,0
2026-09-08,18237,"Dean, Maeer,S Smt.Saraswati Karad Blood Centre",Latur,O-,0.0014471106705208254,0
2026-09-09,18237,"Dean, Maeer,S Smt.Saraswati Karad Blood Centre",Latur,O-,0.0019453635455077632,0
2026-09-07,18238,"Ircs Nagappa Ambarkhane Blood Centre, Udgir",Latur,A+,0.029419813395940842,0
2026-09-08,18238,"Ircs Nagappa Ambarkhane Blood Centre, Udgir",Latur,A+,0.0050038186718143925,0
2026-09-09,18238,"Ircs Nagappa Ambarkhane Blood Centre, Udgir",Latur,A+,0.0049567021558786836,0
2026-09-07,18238,"Ircs Nagappa Ambarkhane Blood Centre, Udgir",Latur,A-,0.9569767387238788,1
2026-09-08,18238,"Ircs Nagappa Ambarkhane Blood Centre, Udgir",Latur,A-,0.9569767387238788,1
2026-09-09,18238,"Ircs Nagappa Ambarkhane Blood Centre, Udgir",Latur,A-,0.9569767387238788,1
2026-09-07,18238,"Ircs Nagappa Ambarkhane Blood Centre, Udgir",Latur,AB+,0.0060476359439951746,0
2026-09-08,18238,"Ircs Nagappa Ambarkhane Blood Centre, Udgir",Latur,AB+,0.008953537905151264,0
2026-09-09,18238,"Ircs Nagappa Ambarkhane Blood Centre, Udgir",Latur,AB+,0.008572285694156245,0
2026-09-07,18238,"Ircs Nagappa Ambarkhane Blood Centre, Udgir",Latur,AB-,0.9569767387238788,1
2026-09-08,18238,"Ircs Nagappa Ambarkhane Blood Centre, Udgir",Latur,AB-,0.9569767387238788,1
2026-09-09,18238,"Ircs Nagappa Ambarkhane Blood Centre, Udgir",Latur,AB-,0.9569767387238788,1
2026-09-07,18238,"Ircs Nagappa Ambarkhane Blood Centre, Udgir",Latur,B+,0.002312896912343908,0
2026-09-08,18238,"Ircs Nagappa Ambarkhane Blood Centre, Udgir",Latur,B+,0.00189020356093118,0
2026-09-09,18238,"Ircs Nagappa Ambarkhane Blood Centre, Udgir",Latur,B+,0.0016710067755597783,0
2026-09-07,18238,"Ircs Nagappa Ambarkhane Blood Centre, Udgir",Latur,B-,0.027568089055482303,0
2026-09-08,18238,"Ircs Nagappa Ambarkhane Blood Centre, Udgir",Latur,B-,0.028831849716799477,0
2026-09-09,18238,"Ircs Nagappa Ambarkhane Blood Centre, Udgir",Latur,B-,0.1791511862761025,0
2026-09-07,18238,"Ircs Nagappa Ambarkhane Blood Centre, Udgir",Latur,O+,0.002312896912343908,0
2026-09-08,18238,"Ircs Nagappa Ambarkhane Blood Centre, Udgir",Latur,O+,0.002953696158561974,0
2026-09-09,18238,"Ircs Nagappa Ambarkhane Blood Centre, Udgir",Latur,O+,0.0023724470201340352,0
2026-09-07,18238,"Ircs Nagappa Ambarkhane Blood Centre, Udgir",Latur,O-,0.022229048452583756,0
2026-09-08,18238,"Ircs Nagappa Ambarkhane Blood Centre, Udgir",Latur,O-,0.030146238907467458,0
2026-09-09,18238,"Ircs Nagappa Ambarkhane Blood Centre, Udgir",Latur,O-,0.039985132011666064,0
2026-09-07,18240,"Ankur Hospital Blood Centre, Chandrapur",Chandrapur,A+,0.010582756133281393,0
2026-09-08,18240,"Ankur Hospital Blood Centre, Chandrapur",Chandrapur,A+,0.027930180867050635,0
2026-09-09,18240,"Ankur Hospital Blood Centre, Chandrapur",Chandrapur,A+,0.014669147084335097,0
2026-09-07,18240,"Ankur Hospital Blood Centre, Chandrapur",Chandrapur,A-,0.09588567459878689,0
2026-09-08,18240,"Ankur Hospital Blood Centre, Chandrapur",Chandrapur,A-,0.7542144173100465,1
2026-09-09,18240,"Ankur Hospital Blood Centre, Chandrapur",Chandrapur,A-,0.8017482753365046,1
2026-09-07,18240,"Ankur Hospital Blood Centre, Chandrapur",Chandrapur,AB+,0.0352865250961465,0
2026-09-08,18240,"Ankur Hospital Blood Centre, Chandrapur",Chandrapur,AB+,0.030170888001377773,0
2026-09-09,18240,"Ankur Hospital Blood Centre, Chandrapur",Chandrapur,AB+,0.030170888001377773,0
2026-09-07,18240,"Ankur Hospital Blood Centre, Chandrapur",Chandrapur,AB-,0.9569767387238788,1
2026-09-08,18240,"Ankur Hospital Blood Centre, Chandrapur",Chandrapur,AB-,0.9569767387238788,1
2026-09-09,18240,"Ankur Hospital Blood Centre, Chandrapur",Chandrapur,AB-,0.9569767387238788,1
2026-09-07,18240,"Ankur Hospital Blood Centre, Chandrapur",Chandrapur,B+,0.010137754145075251,0
2026-09-08,18240,"Ankur Hospital Blood Centre, Chandrapur",Chandrapur,B+,0.03513559176834067,0
2026-09-09,18240,"Ankur Hospital Blood Centre, Chandrapur",Chandrapur,B+,0.021163001363025125,0
2026-09-07,18240,"Ankur Hospital Blood Centre, Chandrapur",Chandrapur,B-,0.09588567459878689,0
2026-09-08,18240,"Ankur Hospital Blood Centre, Chandrapur",Chandrapur,B-,0.09588567459878689,0
2026-09-09,18240,"Ankur Hospital Blood Centre, Chandrapur",Chandrapur,B-,0.09588567459878689,0
2026-09-07,18240,"Ankur Hospital Blood Centre, Chandrapur",Chandrapur,O+,0.002879471375311431,0
2026-09-08,18240,"Ankur Hospital Blood Centre, Chandrapur",Chandrapur,O+,0.03239329203967879,0
2026-09-09,18240,"Ankur Hospital Blood Centre, Chandrapur",Chandrapur,O+,0.0059183525538799905,0
2026-09-07,18240,"Ankur Hospital Blood Centre, Chandrapur",Chandrapur,O-,0.16210439842287436,0
2026-09-08,18240,"Ankur Hospital Blood Centre, Chandrapur",Chandrapur,O-,0.05840963795906487,0
2026-09-09,18240,"Ankur Hospital Blood Centre, Chandrapur",Chandrapur,O-,0.07105022241162556,0
2026-09-07,18241,Shrikrishna Blood Center,Osmanabad,A+,0.002581483238486495,0
2026-09-08,18241,Shrikrishna Blood Center,Osmanabad,A+,0.0015945014285933166,0
2026-09-09,18241,Shrikrishna Blood Center,Osmanabad,A+,0.003032660652351963,0
2026-09-07,18241,Shrikrishna Blood Center,Osmanabad,A-,0.012760506423855105,0
2026-09-08,18241,Shrikrishna Blood Center,Osmanabad,A-,0.012760506423855105,0
2026-09-09,18241,Shrikrishna Blood Center,Osmanabad,A-,0.010592496217996626,0
2026-09-07,18241,Shrikrishna Blood Center,Osmanabad,AB+,0.003450458406800249,0
2026-09-08,18241,Shrikrishna Blood Center,Osmanabad,AB+,0.003606308130368414,0
2026-09-09,18241,Shrikrishna Blood Center,Osmanabad,AB+,0.012983637903559792,0
2026-09-07,18241,Shrikrishna Blood Center,Osmanabad,AB-,0.09588567459878689,0
2026-09-08,18241,Shrikrishna Blood Center,Osmanabad,AB-,0.7542144173100465,1
2026-09-09,18241,Shrikrishna Blood Center,Osmanabad,AB-,0.8017482753365046,1
2026-09-07,18241,Shrikrishna Blood Center,Osmanabad,B+,0.0042666735589751495,0
2026-09-08,18241,Shrikrishna Blood Center,Osmanabad,B+,0.0014489215994458093,0
2026-09-09,18241,Shrikrishna Blood Center,Osmanabad,B+,0.00189020356093118,0
2026-09-07,18241,Shrikrishna Blood Center,Osmanabad,B-,0.02014311720528692,0
2026-09-08,18241,Shrikrishna Blood Center,Osmanabad,B-,0.020562505324546617,0
2026-09-09,18241,Shrikrishna Blood Center,Osmanabad,B-,0.022771100580525894,0
2026-09-07,18241,Shrikrishna Blood Center,Osmanabad,O+,0.0015779651425224034,0
2026-09-08,18241,Shrikrishna Blood Center,Osmanabad,O+,0.004166981397320784,0
2026-09-09,18241,Shrikrishna Blood Center,Osmanabad,O+,0.002081411434515316,0
2026-09-07,18241,Shrikrishna Blood Center,Osmanabad,O-,0.02693490311827044,0
2026-09-08,18241,Shrikrishna Blood Center,Osmanabad,O-,0.027568089055482303,0
2026-09-09,18241,Shrikrishna Blood Center,Osmanabad,O-,0.028831849716799477,0
2026-09-07,18243,"Indian Red Cross Society Blood Centre, Nanded",Nanded,A+,0.9569767387238788,1
2026-09-08,18243,"Indian Red Cross Society Blood Centre, Nanded",Nanded,A+,0.16080678683282623,0
2026-09-09,18243,"Indian Red Cross Society Blood Centre, Nanded",Nanded,A+,0.027800277365396576,0
2026-09-07,18243,"Indian Red Cross Society Blood Centre, Nanded",Nanded,A-,0.9569767387238788,1
2026-09-08,18243,"Indian Red Cross Society Blood Centre, Nanded",Nanded,A-,0.9569767387238788,1
2026-09-09,18243,"Indian Red Cross Society Blood Centre, Nanded",Nanded,A-,0.32268418572950647,0
2026-09-07,18243,"Indian Red Cross Society Blood Centre, Nanded",Nanded,AB+,0.9569767387238788,1
2026-09-08,18243,"Indian Red Cross Society Blood Centre, Nanded",Nanded,AB+,0.4483383250734861,0
2026-09-09,18243,"Indian Red Cross Society Blood Centre, Nanded",Nanded,AB+,0.11373612212391229,0
2026-09-07,18243,"Indian Red Cross Society Blood Centre, Nanded",Nanded,AB-,0.9569767387238788,1
2026-09-08,18243,"Indian Red Cross Society Blood Centre, Nanded",Nanded,AB-,0.9569767387238788,1
2026-09-09,18243,"Indian Red Cross Society Blood Centre, Nanded",Nanded,AB-,0.9569767387238788,1
2026-09-07,18243,"Indian Red Cross Society Blood Centre, Nanded",Nanded,B+,0.04708016808483685,0
2026-09-08,18243,"Indian Red Cross Society Blood Centre, Nanded",Nanded,B+,0.05621966083109902,0
2026-09-09,18243,"Indian Red Cross Society Blood Centre, Nanded",Nanded,B+,0.015215796110850164,0
2026-09-07,18243,"Indian Red Cross Society Blood Centre, Nanded",Nanded,B-,0.9569767387238788,1
2026-09-08,18243,"Indian Red Cross Society Blood Centre, Nanded",Nanded,B-,0.9569767387238788,1
2026-09-09,18243,"Indian Red Cross Society Blood Centre, Nanded",Nanded,B-,0.9569767387238788,1
2026-09-07,18243,"Indian Red Cross Society Blood Centre, Nanded",Nanded,O+,0.16210439842287436,0
2026-09-08,18243,"Indian Red Cross Society Blood Centre, Nanded",Nanded,O+,0.06218127696428325,0
2026-09-09,18243,"Indian Red Cross Society Blood Centre, Nanded",Nanded,O+,0.16120501323144712,0
2026-09-07,18243,"Indian Red Cross Society Blood Centre, Nanded",Nanded,O-,0.9569767387238788,1
2026-09-08,18243,"Indian Red Cross Society Blood Centre, Nanded",Nanded,O-,0.32268418572950647,0
2026-09-09,18243,"Indian Red Cross Society Blood Centre, Nanded",Nanded,O-,0.14681513403309893,0
2026-09-07,18244,Golwalkari Guruji Blood Centre,Nanded,A+,0.00344455381629403,0
2026-09-08,18244,Golwalkari Guruji Blood Centre,Nanded,A+,0.001917118468168659,0
2026-09-09,18244,Golwalkari Guruji Blood Centre,Nanded,A+,0.0017409769591235288,0
2026-09-07,18244,Golwalkari Guruji Blood Centre,Nanded,A-,0.09588567459878689,0
2026-09-08,18244,Golwalkari Guruji Blood Centre,Nanded,A-,0.05421883653906218,0
2026-09-09,18244,Golwalkari Guruji Blood Centre,Nanded,A-,0.07105022241162556,0
2026-09-07,18244,Golwalkari Guruji Blood Centre,Nanded,AB+,0.01104163663258099,0
2026-09-08,18244,Golwalkari Guruji Blood Centre,Nanded,AB+,0.012511089184108457,0
2026-09-09,18244,Golwalkari Guruji Blood Centre,Nanded,AB+,0.014531313417560901,0
2026-09-07,18244,Golwalkari Guruji Blood Centre,Nanded,AB-,0.09588567459878689,0
2026-09-08,18244,Golwalkari Guruji Blood Centre,Nanded,AB-,0.09588567459878689,0
2026-09-09,18244,Golwalkari Guruji Blood Centre,Nanded,AB-,0.09588567459878689,0
2026-09-07,18244,Golwalkari Guruji Blood Centre,Nanded,B+,0.004949183804473318,0
2026-09-08,18244,Golwalkari Guruji Blood Centre,Nanded,B+,0.0043827533296454495,0
2026-09-09,18244,Golwalkari Guruji Blood Centre,Nanded,B+,0.060577595171161715,0
2026-09-07,18244,Golwalkari Guruji Blood Centre,Nanded,B-,0.16210439842287436,0
2026-09-08,18244,Golwalkari Guruji Blood Centre,Nanded,B-,0.16311692635487893,0
2026-09-09,18244,Golwalkari Guruji Blood Centre,Nanded,B-,0.09588567459878689,0
2026-09-07,18244,Golwalkari Guruji Blood Centre,Nanded,O+,0.0049567021558786836,0
2026-09-08,18244,Golwalkari Guruji Blood Centre,Nanded,O+,0.004308025452574265,0
2026-09-09,18244,Golwalkari Guruji Blood Centre,Nanded,O+,0.008146945292263482,0
2026-09-07,18244,Golwalkari Guruji Blood Centre,Nanded,O-,0.027568089055482303,0
2026-09-08,18244,Golwalkari Guruji Blood Centre,Nanded,O-,0.028831849716799477,0
2026-09-09,18244,Golwalkari Guruji Blood Centre,Nanded,O-,0.030170888001377773,0
2026-09-07,18247,Navjivan Blood Centre Mged By Saraswati Vidyaprasarak Foundation,Mumbai,A+,0.002081411434515316,0
2026-09-08,18247,Navjivan Blood Centre Mged By Saraswati Vidyaprasarak Foundation,Mumbai,A+,0.00189020356093118,0
2026-09-09,18247,Navjivan Blood Centre Mged By Saraswati Vidyaprasarak Foundation,Mumbai,A+,0.001539058499830292,0
2026-09-07,18247,Navjivan Blood Centre Mged By Saraswati Vidyaprasarak Foundation,Mumbai,A-,0.8017482753365046,1
2026-09-08,18247,Navjivan Blood Centre Mged By Saraswati Vidyaprasarak Foundation,Mumbai,A-,0.9569767387238788,1
2026-09-09,18247,Navjivan Blood Centre Mged By Saraswati Vidyaprasarak Foundation,Mumbai,A-,0.9569767387238788,1
2026-09-07,18247,Navjivan Blood Centre Mged By Saraswati Vidyaprasarak Foundation,Mumbai,AB+,0.15740285641896068,0
2026-09-08,18247,Navjivan Blood Centre Mged By Saraswati Vidyaprasarak Foundation,Mumbai,AB+,0.02710329607277478,0
2026-09-09,18247,Navjivan Blood Centre Mged By Saraswati Vidyaprasarak Foundation,Mumbai,AB+,0.4885607634548848,0
2026-09-07,18247,Navjivan Blood Centre Mged By Saraswati Vidyaprasarak Foundation,Mumbai,AB-,0.9569767387238788,1
2026-09-08,18247,Navjivan Blood Centre Mged By Saraswati Vidyaprasarak Foundation,Mumbai,AB-,0.9569767387238788,1
2026-09-09,18247,Navjivan Blood Centre Mged By Saraswati Vidyaprasarak Foundation,Mumbai,AB-,0.9569767387238788,1
2026-09-07,18247,Navjivan Blood Centre Mged By Saraswati Vidyaprasarak Foundation,Mumbai,B+,0.002081411434515316,0
2026-09-08,18247,Navjivan Blood Centre Mged By Saraswati Vidyaprasarak Foundation,Mumbai,B+,0.0016710067755597783,0
2026-09-09,18247,Navjivan Blood Centre Mged By Saraswati Vidyaprasarak Foundation,Mumbai,B+,0.0016710067755597783,0
2026-09-07,18247,Navjivan Blood Centre Mged By Saraswati Vidyaprasarak Foundation,Mumbai,B-,0.030170888001377773,0
2026-09-08,18247,Navjivan Blood Centre Mged By Saraswati Vidyaprasarak Foundation,Mumbai,B-,0.030170888001377773,0
2026-09-09,18247,Navjivan Blood Centre Mged By Saraswati Vidyaprasarak Foundation,Mumbai,B-,0.1791511862761025,0
2026-09-07,18247,Navjivan Blood Centre Mged By Saraswati Vidyaprasarak Foundation,Mumbai,O+,0.002081411434515316,0
2026-09-08,18247,Navjivan Blood Centre Mged By Saraswati Vidyaprasarak Foundation,Mumbai,O+,0.00189020356093118,0
2026-09-09,18247,Navjivan Blood Centre Mged By Saraswati Vidyaprasarak Foundation,Mumbai,O+,0.00189020356093118,0
2026-09-07,18247,Navjivan Blood Centre Mged By Saraswati Vidyaprasarak Foundation,Mumbai,O-,0.05202420222433954,0
2026-09-08,18247,Navjivan Blood Centre Mged By Saraswati Vidyaprasarak Foundation,Mumbai,O-,0.04708016808483685,0
2026-09-09,18247,Navjivan Blood Centre Mged By Saraswati Vidyaprasarak Foundation,Mumbai,O-,0.04708016808483685,0
2026-09-07,18248,Noor Hospital Blood Centre,Jalna,A+,0.0023477024961107147,0
2026-09-08,18248,Noor Hospital Blood Centre,Jalna,A+,0.006027926090040222,0
2026-09-09,18248,Noor Hospital Blood Centre,Jalna,A+,0.002349754007938605,0
2026-09-07,18248,Noor Hospital Blood Centre,Jalna,A-,0.04708016808483685,0
2026-09-08,18248,Noor Hospital Blood Centre,Jalna,A-,0.03286503439273383,0
2026-09-09,18248,Noor Hospital Blood Centre,Jalna,A-,0.030596913276096392,0
2026-09-07,18248,Noor Hospital Blood Centre,Jalna,AB+,0.002102066829764391,0
2026-09-08,18248,Noor Hospital Blood Centre,Jalna,AB+,0.002843693631408631,0
2026-09-09,18248,Noor Hospital Blood Centre,Jalna,AB+,0.00303807396227531,0
2026-09-07,18248,Noor Hospital Blood Centre,Jalna,AB-,0.09588567459878689,0
2026-09-08,18248,Noor Hospital Blood Centre,Jalna,AB-,0.09588567459878689,0
2026-09-09,18248,Noor Hospital Blood Centre,Jalna,AB-,0.09588567459878689,0
2026-09-07,18248,Noor Hospital Blood Centre,Jalna,B+,0.002081411434515316,0
2026-09-08,18248,Noor Hospital Blood Centre,Jalna,B+,0.0022382683552138708,0
2026-09-09,18248,Noor Hospital Blood Centre,Jalna,B+,0.0023011712854675353,0
2026-09-07,18248,Noor Hospital Blood Centre,Jalna,B-,0.9569767387238788,1
2026-09-08,18248,Noor Hospital Blood Centre,Jalna,B-,0.32268418572950647,0
2026-09-09,18248,Noor Hospital Blood Centre,Jalna,B-,0.14681513403309893,0
2026-09-07,18248,Noor Hospital Blood Centre,Jalna,O+,0.0038113217674846296,0
2026-09-08,18248,Noor Hospital Blood Centre,Jalna,O+,0.0034619659921872234,0
2026-09-09,18248,Noor Hospital Blood Centre,Jalna,O+,0.0023477024961107147,0
2026-09-07,18248,Noor Hospital Blood Centre,Jalna,O-,0.022229048452583756,0
2026-09-08,18248,Noor Hospital Blood Centre,Jalna,O-,0.022229048452583756,0
2026-09-09,18248,Noor Hospital Blood Centre,Jalna,O-,0.022229048452583756,0
2026-09-07,18250,"Kanthak Sevabhavi Sanstha, New Life Blood  Centre, Parbhani",Parbhani,A+,0.030170888001377773,0
2026-09-08,18250,"Kanthak Sevabhavi Sanstha, New Life Blood  Centre, Parbhani",Parbhani,A+,0.030170888001377773,0
2026-09-09,18250,"Kanthak Sevabhavi Sanstha, New Life Blood  Centre, Parbhani",Parbhani,A+,0.030170888001377773,0
2026-09-07,18250,"Kanthak Sevabhavi Sanstha, New Life Blood  Centre, Parbhani",Parbhani,A-,0.9569767387238788,1
2026-09-08,18250,"Kanthak Sevabhavi Sanstha, New Life Blood  Centre, Parbhani",Parbhani,A-,0.9569767387238788,1
2026-09-09,18250,"Kanthak Sevabhavi Sanstha, New Life Blood  Centre, Parbhani",Parbhani,A-,0.9569767387238788,1
2026-09-07,18250,"Kanthak Sevabhavi Sanstha, New Life Blood  Centre, Parbhani",Parbhani,AB+,0.09588567459878689,0
2026-09-08,18250,"Kanthak Sevabhavi Sanstha, New Life Blood  Centre, Parbhani",Parbhani,AB+,0.09588567459878689,0
2026-09-09,18250,"Kanthak Sevabhavi Sanstha, New Life Blood  Centre, Parbhani",Parbhani,AB+,0.09588567459878689,0
2026-09-07,18250,"Kanthak Sevabhavi Sanstha, New Life Blood  Centre, Parbhani",Parbhani,AB-,0.9569767387238788,1
2026-09-08,18250,"Kanthak Sevabhavi Sanstha, New Life Blood  Centre, Parbhani",Parbhani,AB-,0.9569767387238788,1
2026-09-09,18250,"Kanthak Sevabhavi Sanstha, New Life Blood  Centre, Parbhani",Parbhani,AB-,0.9569767387238788,1
2026-09-07,18250,"Kanthak Sevabhavi Sanstha, New Life Blood  Centre, Parbhani",Parbhani,B+,0.022229048452583756,0
2026-09-08,18250,"Kanthak Sevabhavi Sanstha, New Life Blood  Centre, Parbhani",Parbhani,B+,0.022229048452583756,0
2026-09-09,18250,"Kanthak Sevabhavi Sanstha, New Life Blood  Centre, Parbhani",Parbhani,B+,0.022229048452583756,0
2026-09-07,18250,"Kanthak Sevabhavi Sanstha, New Life Blood  Centre, Parbhani",Parbhani,B-,0.04708016808483685,0
2026-09-08,18250,"Kanthak Sevabhavi Sanstha, New Life Blood  Centre, Parbhani",Parbhani,B-,0.04708016808483685,0
2026-09-09,18250,"Kanthak Sevabhavi Sanstha, New Life Blood  Centre, Parbhani",Parbhani,B-,0.04708016808483685,0
2026-09-07,18250,"Kanthak Sevabhavi Sanstha, New Life Blood  Centre, Parbhani",Parbhani,O+,0.022229048452583756,0
2026-09-08,18250,"Kanthak Sevabhavi Sanstha, New Life Blood  Centre, Parbhani",Parbhani,O+,0.022229048452583756,0
2026-09-09,18250,"Kanthak Sevabhavi Sanstha, New Life Blood  Centre, Parbhani",Parbhani,O+,0.022229048452583756,0
2026-09-07,18250,"Kanthak Sevabhavi Sanstha, New Life Blood  Centre, Parbhani",Parbhani,O-,0.9569767387238788,1
2026-09-08,18250,"Kanthak Sevabhavi Sanstha, New Life Blood  Centre, Parbhani",Parbhani,O-,0.9569767387238788,1
2026-09-09,18250,"Kanthak Sevabhavi Sanstha, New Life Blood  Centre, Parbhani",Parbhani,O-,0.9569767387238788,1
2026-09-07,18251,"Blood Center Government Medical College And Hospital, Osmanabad",Osmanabad,A+,0.004530929331873476,0
2026-09-08,18251,"Blood Center Government Medical College And Hospital, Osmanabad",Osmanabad,A+,0.0050038186718143925,0
2026-09-09,18251,"Blood Center Government Medical College And Hospital, Osmanabad",Osmanabad,A+,0.0043827533296454495,0
2026-09-07,18251,"Blood Center Government Medical College And Hospital, Osmanabad",Osmanabad,A-,0.9569767387238788,1
2026-09-08,18251,"Blood Center Government Medical College And Hospital, Osmanabad",Osmanabad,A-,0.9569767387238788,1
2026-09-09,18251,"Blood Center Government Medical College And Hospital, Osmanabad",Osmanabad,A-,0.32268418572950647,0
2026-09-07,18251,"Blood Center Government Medical College And Hospital, Osmanabad",Osmanabad,AB+,0.7789323790913819,1
2026-09-08,18251,"Blood Center Government Medical College And Hospital, Osmanabad",Osmanabad,AB+,0.8017482753365046,1
2026-09-09,18251,"Blood Center Government Medical College And Hospital, Osmanabad",Osmanabad,AB+,0.4483383250734861,0
2026-09-07,18251,"Blood Center Government Medical College And Hospital, Osmanabad",Osmanabad,AB-,0.9569767387238788,1
2026-09-08,18251,"Blood Center Government Medical College And Hospital, Osmanabad",Osmanabad,AB-,0.9569767387238788,1
2026-09-09,18251,"Blood Center Government Medical College And Hospital, Osmanabad",Osmanabad,AB-,0.9569767387238788,1
2026-09-07,18251,"Blood Center Government Medical College And Hospital, Osmanabad",Osmanabad,B+,0.012863673426214778,0
2026-09-08,18251,"Blood Center Government Medical College And Hospital, Osmanabad",Osmanabad,B+,0.01932592657034984,0
2026-09-09,18251,"Blood Center Government Medical College And Hospital, Osmanabad",Osmanabad,B+,0.02893497799281997,0
2026-09-07,18251,"Blood Center Government Medical College And Hospital, Osmanabad",Osmanabad,B-,0.9569767387238788,1
2026-09-08,18251,"Blood Center Government Medical College And Hospital, Osmanabad",Osmanabad,B-,0.9569767387238788,1
2026-09-09,18251,"Blood Center Government Medical College And Hospital, Osmanabad",Osmanabad,B-,0.9569767387238788,1
2026-09-07,18251,"Blood Center Government Medical College And Hospital, Osmanabad",Osmanabad,O+,0.4857745378991611,0
2026-09-08,18251,"Blood Center Government Medical College And Hospital, Osmanabad",Osmanabad,O+,0.7713453455706637,1
2026-09-09,18251,"Blood Center Government Medical College And Hospital, Osmanabad",Osmanabad,O+,0.204688025087197,0
2026-09-07,18251,"Blood Center Government Medical College And Hospital, Osmanabad",Osmanabad,O-,0.5857594138375063,1
2026-09-08,18251,"Blood Center Government Medical College And Hospital, Osmanabad",Osmanabad,O-,0.21747850048345554,0
2026-09-09,18251,"Blood Center Government Medical College And Hospital, Osmanabad",Osmanabad,O-,0.07307873484699798,0
2026-09-07,18252,"Dean, Govt. Medical College Hospital Blood Centre Aurangabad",Aurangabad,A+,0.002383154406311712,0
2026-09-08,18252,"Dean, Govt. Medical College Hospital Blood Centre Aurangabad",Aurangabad,A+,0.0016656454620446208,0
2026-09-09,18252,"Dean, Govt. Medical College Hospital Blood Centre Aurangabad",Aurangabad,A+,0.0016488822873041206,0
2026-09-07,18252,"Dean, Govt. Medical College Hospital Blood Centre Aurangabad",Aurangabad,A-,0.011649061818406194,0
2026-09-08,18252,"Dean, Govt. Medical College Hospital Blood Centre Aurangabad",Aurangabad,A-,0.022298314276277785,0
2026-09-09,18252,"Dean, Govt. Medical College Hospital Blood Centre Aurangabad",Aurangabad,A-,0.005247522308481812,0
2026-09-07,18252,"Dean, Govt. Medical College Hospital Blood Centre Aurangabad",Aurangabad,AB+,0.02179731125391693,0
2026-09-08,18252,"Dean, Govt. Medical College Hospital Blood Centre Aurangabad",Aurangabad,AB+,0.00189020356093118,0
2026-09-09,18252,"Dean, Govt. Medical College Hospital Blood Centre Aurangabad",Aurangabad,AB+,0.00336921955123655,0
2026-09-07,18252,"Dean, Govt. Medical College Hospital Blood Centre Aurangabad",Aurangabad,AB-,0.018069289437621084,0
2026-09-08,18252,"Dean, Govt. Medical College Hospital Blood Centre Aurangabad",Aurangabad,AB-,0.04322951202094485,0
2026-09-09,18252,"Dean, Govt. Medical College Hospital Blood Centre Aurangabad",Aurangabad,AB-,0.07974870938112205,0
2026-09-07,18252,"Dean, Govt. Medical College Hospital Blood Centre Aurangabad",Aurangabad,B+,0.002383154406311712,0
2026-09-08,18252,"Dean, Govt. Medical College Hospital Blood Centre Aurangabad",Aurangabad,B+,0.0016488822873041206,0
2026-09-09,18252,"Dean, Govt. Medical College Hospital Blood Centre Aurangabad",Aurangabad,B+,0.0016538748790557787,0
2026-09-07,18252,"Dean, Govt. Medical College Hospital Blood Centre Aurangabad",Aurangabad,B-,0.005052819330697103,0
2026-09-08,18252,"Dean, Govt. Medical College Hospital Blood Centre Aurangabad",Aurangabad,B-,0.007718976124444231,0
2026-09-09,18252,"Dean, Govt. Medical College Hospital Blood Centre Aurangabad",Aurangabad,B-,0.004950703064177182,0
2026-09-07,18252,"Dean, Govt. Medical College Hospital Blood Centre Aurangabad",Aurangabad,O+,0.002383154406311712,0
2026-09-08,18252,"Dean, Govt. Medical College Hospital Blood Centre Aurangabad",Aurangabad,O+,0.0016656454620446208,0
2026-09-09,18252,"Dean, Govt. Medical College Hospital Blood Centre Aurangabad",Aurangabad,O+,0.0016488822873041206,0
2026-09-07,18252,"Dean, Govt. Medical College Hospital Blood Centre Aurangabad",Aurangabad,O-,0.02626651767943478,0
2026-09-08,18252,"Dean, Govt. Medical College Hospital Blood Centre Aurangabad",Aurangabad,O-,0.02086609389255849,0
2026-09-09,18252,"Dean, Govt. Medical College Hospital Blood Centre Aurangabad",Aurangabad,O-,0.018984849435819646,0
2026-09-07,18253,"Shri Balaji Blood Centre , Blood Component Lab And Blood Transfusion Center",Amravati,A+,0.011472409369688841,0
2026-09-08,18253,"Shri Balaji Blood Centre , Blood Component Lab And Blood Transfusion Center",Amravati,A+,0.018984849435819646,0
2026-09-09,18253,"Shri Balaji Blood Centre , Blood Component Lab And Blood Transfusion Center",Amravati,A+,0.015816975002225914,0
2026-09-07,18253,"Shri Balaji Blood Centre , Blood Component Lab And Blood Transfusion Center",Amravati,A-,0.9569767387238788,1
2026-09-08,18253,"Shri Balaji Blood Centre , Blood Component Lab And Blood Transfusion Center",Amravati,A-,0.4483383250734861,0
2026-09-09,18253,"Shri Balaji Blood Centre , Blood Component Lab And Blood Transfusion Center",Amravati,A-,0.11373612212391229,0
2026-09-07,18253,"Shri Balaji Blood Centre , Blood Component Lab And Blood Transfusion Center",Amravati,AB+,0.009641414903689832,0
2026-09-08,18253,"Shri Balaji Blood Centre , Blood Component Lab And Blood Transfusion Center",Amravati,AB+,0.017580725555592678,0
2026-09-09,18253,"Shri Balaji Blood Centre , Blood Component Lab And Blood Transfusion Center",Amravati,AB+,0.014672737409994266,0
2026-09-07,18253,"Shri Balaji Blood Centre , Blood Component Lab And Blood Transfusion Center",Amravati,AB-,0.9569767387238788,1
2026-09-08,18253,"Shri Balaji Blood Centre , Blood Component Lab And Blood Transfusion Center",Amravati,AB-,0.9569767387238788,1
2026-09-09,18253,"Shri Balaji Blood Centre , Blood Component Lab And Blood Transfusion Center",Amravati,AB-,0.9569767387238788,1
2026-09-07,18253,"Shri Balaji Blood Centre , Blood Component Lab And Blood Transfusion Center",Amravati,B+,0.0012081753373930854,0
2026-09-08,18253,"Shri Balaji Blood Centre , Blood Component Lab And Blood Transfusion Center",Amravati,B+,0.0026606666966846096,0
2026-09-09,18253,"Shri Balaji Blood Centre , Blood Component Lab And Blood Transfusion Center",Amravati,B+,0.0054404205085229335,0
2026-09-07,18253,"Shri Balaji Blood Centre , Blood Component Lab And Blood Transfusion Center",Amravati,B-,0.030170888001377773,0
2026-09-08,18253,"Shri Balaji Blood Centre , Blood Component Lab And Blood Transfusion Center",Amravati,B-,0.030170888001377773,0
2026-09-09,18253,"Shri Balaji Blood Centre , Blood Component Lab And Blood Transfusion Center",Amravati,B-,0.030170888001377773,0
2026-09-07,18253,"Shri Balaji Blood Centre , Blood Component Lab And Blood Transfusion Center",Amravati,O+,0.1460186703011976,0
2026-09-08,18253,"Shri Balaji Blood Centre , Blood Component Lab And Blood Transfusion Center",Amravati,O+,0.0018083016729429655,0
2026-09-09,18253,"Shri Balaji Blood Centre , Blood Component Lab And Blood Transfusion Center",Amravati,O+,0.001479438779035927,0
2026-09-07,18253,"Shri Balaji Blood Centre , Blood Component Lab And Blood Transfusion Center",Amravati,O-,0.9569767387238788,1
2026-09-08,18253,"Shri Balaji Blood Centre , Blood Component Lab And Blood Transfusion Center",Amravati,O-,0.9569767387238788,1
2026-09-09,18253,"Shri Balaji Blood Centre , Blood Component Lab And Blood Transfusion Center",Amravati,O-,0.9569767387238788,1
2026-09-07,18256,M/S Late Dr. Sadanandji Burma Trust Blood Centre,Amravati,A+,0.010460514208250893,0
2026-09-08,18256,M/S Late Dr. Sadanandji Burma Trust Blood Centre,Amravati,A+,0.3966126770493943,0
2026-09-09,18256,M/S Late Dr. Sadanandji Burma Trust Blood Centre,Amravati,A+,0.018380539741034103,0
2026-09-07,18256,M/S Late Dr. Sadanandji Burma Trust Blood Centre,Amravati,A-,0.9569767387238788,1
2026-09-08,18256,M/S Late Dr. Sadanandji Burma Trust Blood Centre,Amravati,A-,0.9569767387238788,1
2026-09-09,18256,M/S Late Dr. Sadanandji Burma Trust Blood Centre,Amravati,A-,0.9569767387238788,1
2026-09-07,18256,M/S Late Dr. Sadanandji Burma Trust Blood Centre,Amravati,AB+,0.022229048452583756,0
2026-09-08,18256,M/S Late Dr. Sadanandji Burma Trust Blood Centre,Amravati,AB+,0.2246574848471846,0
2026-09-09,18256,M/S Late Dr. Sadanandji Burma Trust Blood Centre,Amravati,AB+,0.0654963531258706,0
2026-09-07,18256,M/S Late Dr. Sadanandji Burma Trust Blood Centre,Amravati,AB-,0.09588567459878689,0
2026-09-08,18256,M/S Late Dr. Sadanandji Burma Trust Blood Centre,Amravati,AB-,0.7542144173100465,1
2026-09-09,18256,M/S Late Dr. Sadanandji Burma Trust Blood Centre,Amravati,AB-,0.32559708094662476,0
2026-09-07,18256,M/S Late Dr. Sadanandji Burma Trust Blood Centre,Amravati,B+,0.03750675709282112,0
2026-09-08,18256,M/S Late Dr. Sadanandji Burma Trust Blood Centre,Amravati,B+,0.5521787184413446,1
2026-09-09,18256,M/S Late Dr. Sadanandji Burma Trust Blood Centre,Amravati,B+,0.05913983914821139,0
2026-09-07,18256,M/S Late Dr. Sadanandji Burma Trust Blood Centre,Amravati,B-,0.03286503439273383,0
2026-09-08,18256,M/S Late Dr. Sadanandji Burma Trust Blood Centre,Amravati,B-,0.563211690470623,1
2026-09-09,18256,M/S Late Dr. Sadanandji Burma Trust Blood Centre,Amravati,B-,0.26637804198487136,0
2026-09-07,18256,M/S Late Dr. Sadanandji Burma Trust Blood Centre,Amravati,O+,0.00516206578119829,0
2026-09-08,18256,M/S Late Dr. Sadanandji Burma Trust Blood Centre,Amravati,O+,0.29939796088620174,0
2026-09-09,18256,M/S Late Dr. Sadanandji Burma Trust Blood Centre,Amravati,O+,0.01804346323985243,0
2026-09-07,18256,M/S Late Dr. Sadanandji Burma Trust Blood Centre,Amravati,O-,0.09588567459878689,0
2026-09-08,18256,M/S Late Dr. Sadanandji Burma Trust Blood Centre,Amravati,O-,0.7542144173100465,1
2026-09-09,18256,M/S Late Dr. Sadanandji Burma Trust Blood Centre,Amravati,O-,0.32559708094662476,0
2026-09-07,18257,"Sant Gadgebaba Blood Centre And Component Centre, Badnera",Amravati,A+,0.0019296236591238637,0
2026-09-08,18257,"Sant Gadgebaba Blood Centre And Component Centre, Badnera",Amravati,A+,0.0021786066491344077,0
2026-09-09,18257,"Sant Gadgebaba Blood Centre And Component Centre, Badnera",Amravati,A+,0.00189020356093118,0
2026-09-07,18257,"Sant Gadgebaba Blood Centre And Component Centre, Badnera",Amravati,A-,0.04708016808483685,0
2026-09-08,18257,"Sant Gadgebaba Blood Centre And Component Centre, Badnera",Amravati,A-,0.16210439842287436,0
2026-09-09,18257,"Sant Gadgebaba Blood Centre And Component Centre, Badnera",Amravati,A-,0.16311692635487893,0
2026-09-07,18257,"Sant Gadgebaba Blood Centre And Component Centre, Badnera",Amravati,AB+,0.0037114718157644803,0
2026-09-08,18257,"Sant Gadgebaba Blood Centre And Component Centre, Badnera",Amravati,AB+,0.0034268744876598074,0
2026-09-09,18257,"Sant Gadgebaba Blood Centre And Component Centre, Badnera",Amravati,AB+,0.01746220258376997,0
2026-09-07,18257,"Sant Gadgebaba Blood Centre And Component Centre, Badnera",Amravati,AB-,0.9569767387238788,1
2026-09-08,18257,"Sant Gadgebaba Blood Centre And Component Centre, Badnera",Amravati,AB-,0.9569767387238788,1
2026-09-09,18257,"Sant Gadgebaba Blood Centre And Component Centre, Badnera",Amravati,AB-,0.32268418572950647,0
2026-09-07,18257,"Sant Gadgebaba Blood Centre And Component Centre, Badnera",Amravati,B+,0.0014533530493927055,0
2026-09-08,18257,"Sant Gadgebaba Blood Centre And Component Centre, Badnera",Amravati,B+,0.0037313959968032773,0
2026-09-09,18257,"Sant Gadgebaba Blood Centre And Component Centre, Badnera",Amravati,B+,0.001474937004709511,0
2026-09-07,18257,"Sant Gadgebaba Blood Centre And Component Centre, Badnera",Amravati,B-,0.05411499805453901,0
2026-09-08,18257,"Sant Gadgebaba Blood Centre And Component Centre, Badnera",Amravati,B-,0.02736043162432607,0
2026-09-09,18257,"Sant Gadgebaba Blood Centre And Component Centre, Badnera",Amravati,B-,0.022229048452583756,0
2026-09-07,18257,"Sant Gadgebaba Blood Centre And Component Centre, Badnera",Amravati,O+,0.001447640954906764,0
2026-09-08,18257,"Sant Gadgebaba Blood Centre And Component Centre, Badnera",Amravati,O+,0.0022911346876956463,0
2026-09-09,18257,"Sant Gadgebaba Blood Centre And Component Centre, Badnera",Amravati,O+,0.0023477024961107147,0
2026-09-07,18257,"Sant Gadgebaba Blood Centre And Component Centre, Badnera",Amravati,O-,0.07952176880157198,0
2026-09-08,18257,"Sant Gadgebaba Blood Centre And Component Centre, Badnera",Amravati,O-,0.060253636711757444,0
2026-09-09,18257,"Sant Gadgebaba Blood Centre And Component Centre, Badnera",Amravati,O-,0.02394800779367308,0
2026-09-07,18258,"Dr Mankar Memorial Trust, Late. Dr. B.P. Thakre Memorial Component Blood  Centre",Akola,A+,0.017532942671537054,0
2026-09-08,18258,"Dr Mankar Memorial Trust, Late. Dr. B.P. Thakre Memorial Component Blood  Centre",Akola,A+,0.035266462933072375,0
2026-09-09,18258,"Dr Mankar Memorial Trust, Late. Dr. B.P. Thakre Memorial Component Blood  Centre",Akola,A+,0.050793258240354675,0
2026-09-07,18258,"Dr Mankar Memorial Trust, Late. Dr. B.P. Thakre Memorial Component Blood  Centre",Akola,A-,0.09588567459878689,0
2026-09-08,18258,"Dr Mankar Memorial Trust, Late. Dr. B.P. Thakre Memorial Component Blood  Centre",Akola,A-,0.09588567459878689,0
2026-09-09,18258,"Dr Mankar Memorial Trust, Late. Dr. B.P. Thakre Memorial Component Blood  Centre",Akola,A-,0.09588567459878689,0
2026-09-07,18258,"Dr Mankar Memorial Trust, Late. Dr. B.P. Thakre Memorial Component Blood  Centre",Akola,AB+,0.02626651767943478,0
2026-09-08,18258,"Dr Mankar Memorial Trust, Late. Dr. B.P. Thakre Memorial Component Blood  Centre",Akola,AB+,0.011556858271703033,0
2026-09-09,18258,"Dr Mankar Memorial Trust, Late. Dr. B.P. Thakre Memorial Component Blood  Centre",Akola,AB+,0.006907606880449237,0
2026-09-07,18258,"Dr Mankar Memorial Trust, Late. Dr. B.P. Thakre Memorial Component Blood  Centre",Akola,AB-,0.9569767387238788,1
2026-09-08,18258,"Dr Mankar Memorial Trust, Late. Dr. B.P. Thakre Memorial Component Blood  Centre",Akola,AB-,0.9569767387238788,1
2026-09-09,18258,"Dr Mankar Memorial Trust, Late. Dr. B.P. Thakre Memorial Component Blood  Centre",Akola,AB-,0.9569767387238788,1
2026-09-07,18258,"Dr Mankar Memorial Trust, Late. Dr. B.P. Thakre Memorial Component Blood  Centre",Akola,B+,0.0031347451950678898,0
2026-09-08,18258,"Dr Mankar Memorial Trust, Late. Dr. B.P. Thakre Memorial Component Blood  Centre",Akola,B+,0.00189020356093118,0
2026-09-09,18258,"Dr Mankar Memorial Trust, Late. Dr. B.P. Thakre Memorial Component Blood  Centre",Akola,B+,0.0016710067755597783,0
2026-09-07,18258,"Dr Mankar Memorial Trust, Late. Dr. B.P. Thakre Memorial Component Blood  Centre",Akola,B-,0.09588567459878689,0
2026-09-08,18258,"Dr Mankar Memorial Trust, Late. Dr. B.P. Thakre Memorial Component Blood  Centre",Akola,B-,0.09588567459878689,0
2026-09-09,18258,"Dr Mankar Memorial Trust, Late. Dr. B.P. Thakre Memorial Component Blood  Centre",Akola,B-,0.09588567459878689,0
2026-09-07,18258,"Dr Mankar Memorial Trust, Late. Dr. B.P. Thakre Memorial Component Blood  Centre",Akola,O+,0.004767201728209641,0
2026-09-08,18258,"Dr Mankar Memorial Trust, Late. Dr. B.P. Thakre Memorial Component Blood  Centre",Akola,O+,0.01184275025254067,0
2026-09-09,18258,"Dr Mankar Memorial Trust, Late. Dr. B.P. Thakre Memorial Component Blood  Centre",Akola,O+,0.010693541767822348,0
2026-09-07,18258,"Dr Mankar Memorial Trust, Late. Dr. B.P. Thakre Memorial Component Blood  Centre",Akola,O-,0.9569767387238788,1
2026-09-08,18258,"Dr Mankar Memorial Trust, Late. Dr. B.P. Thakre Memorial Component Blood  Centre",Akola,O-,0.9569767387238788,1
2026-09-09,18258,"Dr Mankar Memorial Trust, Late. Dr. B.P. Thakre Memorial Component Blood  Centre",Akola,O-,0.9569767387238788,1
2026-09-07,18261,Akola Diagnostic Centre Blood Centre And Component Lab,Akola,A+,0.012978596900274668,0
2026-09-08,18261,Akola Diagnostic Centre Blood Centre And Component Lab,Akola,A+,0.010592496217996626,0
2026-09-09,18261,Akola Diagnostic Centre Blood Centre And Component Lab,Akola,A+,0.034215836092803646,0
2026-09-07,18261,Akola Diagnostic Centre Blood Centre And Component Lab,Akola,A-,0.030146238907467458,0
2026-09-08,18261,Akola Diagnostic Centre Blood Centre And Component Lab,Akola,A-,0.2949323674194615,0
2026-09-09,18261,Akola Diagnostic Centre Blood Centre And Component Lab,Akola,A-,0.06359269300419938,0
2026-09-07,18261,Akola Diagnostic Centre Blood Centre And Component Lab,Akola,AB+,0.0043827533296454495,0
2026-09-08,18261,Akola Diagnostic Centre Blood Centre And Component Lab,Akola,AB+,0.008146945292263482,0
2026-09-09,18261,Akola Diagnostic Centre Blood Centre And Component Lab,Akola,AB+,0.00602938938853866,0
2026-09-07,18261,Akola Diagnostic Centre Blood Centre And Component Lab,Akola,AB-,0.05421883653906218,0
2026-09-08,18261,Akola Diagnostic Centre Blood Centre And Component Lab,Akola,AB-,0.07105022241162556,0
2026-09-09,18261,Akola Diagnostic Centre Blood Centre And Component Lab,Akola,AB-,0.04708016808483685,0
2026-09-07,18261,Akola Diagnostic Centre Blood Centre And Component Lab,Akola,B+,0.002081411434515316,0
2026-09-08,18261,Akola Diagnostic Centre Blood Centre And Component Lab,Akola,B+,0.0023477024961107147,0
2026-09-09,18261,Akola Diagnostic Centre Blood Centre And Component Lab,Akola,B+,0.00189020356093118,0
2026-09-07,18261,Akola Diagnostic Centre Blood Centre And Component Lab,Akola,B-,0.022229048452583756,0
2026-09-08,18261,Akola Diagnostic Centre Blood Centre And Component Lab,Akola,B-,0.022229048452583756,0
2026-09-09,18261,Akola Diagnostic Centre Blood Centre And Component Lab,Akola,B-,0.02965889291932624,0
2026-09-07,18261,Akola Diagnostic Centre Blood Centre And Component Lab,Akola,O+,0.00189020356093118,0
2026-09-08,18261,Akola Diagnostic Centre Blood Centre And Component Lab,Akola,O+,0.0017409769591235288,0
2026-09-09,18261,Akola Diagnostic Centre Blood Centre And Component Lab,Akola,O+,0.007316401660622417,0
2026-09-07,18261,Akola Diagnostic Centre Blood Centre And Component Lab,Akola,O-,0.045072468254795155,0
2026-09-08,18261,Akola Diagnostic Centre Blood Centre And Component Lab,Akola,O-,0.05202420222433954,0
2026-09-09,18261,Akola Diagnostic Centre Blood Centre And Component Lab,Akola,O-,0.04708016808483685,0
2026-09-07,18262,"Civil Surgeon, District General Hospital Blood Centre",Parbhani,A+,0.0021789692231545,0
2026-09-08,18262,"Civil Surgeon, District General Hospital Blood Centre",Parbhani,A+,0.0016488822873041206,0
2026-09-09,18262,"Civil Surgeon, District General Hospital Blood Centre",Parbhani,A+,0.0016538748790557787,0
2026-09-07,18262,"Civil Surgeon, District General Hospital Blood Centre",Parbhani,A-,0.015816975002225914,0
2026-09-08,18262,"Civil Surgeon, District General Hospital Blood Centre",Parbhani,A-,0.015816975002225914,0
2026-09-09,18262,"Civil Surgeon, District General Hospital Blood Centre",Parbhani,A-,0.013136580667810543,0
2026-09-07,18262,"Civil Surgeon, District General Hospital Blood Centre",Parbhani,AB+,0.0023011712854675353,0
2026-09-08,18262,"Civil Surgeon, District General Hospital Blood Centre",Parbhani,AB+,0.0016710067755597783,0
2026-09-09,18262,"Civil Surgeon, District General Hospital Blood Centre",Parbhani,AB+,0.0016710067755597783,0
2026-09-07,18262,"Civil Surgeon, District General Hospital Blood Centre",Parbhani,AB-,0.02693490311827044,0
2026-09-08,18262,"Civil Surgeon, District General Hospital Blood Centre",Parbhani,AB-,0.25630335146839917,0
2026-09-09,18262,"Civil Surgeon, District General Hospital Blood Centre",Parbhani,AB-,0.06359269300419938,0
2026-09-07,18262,"Civil Surgeon, District General Hospital Blood Centre",Parbhani,B+,0.013168107090995817,0
2026-09-08,18262,"Civil Surgeon, District General Hospital Blood Centre",Parbhani,B+,0.0020576945811677026,0
2026-09-09,18262,"Civil Surgeon, District General Hospital Blood Centre",Parbhani,B+,0.0016538748790557787,0
2026-09-07,18262,"Civil Surgeon, District General Hospital Blood Centre",Parbhani,B-,0.012760506423855105,0
2026-09-08,18262,"Civil Surgeon, District General Hospital Blood Centre",Parbhani,B-,0.034215836092803646,0
2026-09-09,18262,"Civil Surgeon, District General Hospital Blood Centre",Parbhani,B-,0.020926993425840607,0
2026-09-07,18262,"Civil Surgeon, District General Hospital Blood Centre",Parbhani,O+,0.013168107090995817,0
2026-09-08,18262,"Civil Surgeon, District General Hospital Blood Centre",Parbhani,O+,0.013168107090995817,0
2026-09-09,18262,"Civil Surgeon, District General Hospital Blood Centre",Parbhani,O+,0.006032265075398925,0
2026-09-07,18262,"Civil Surgeon, District General Hospital Blood Centre",Parbhani,O-,0.015816975002225914,0
2026-09-08,18262,"Civil Surgeon, District General Hospital Blood Centre",Parbhani,O-,0.011958586608576722,0
2026-09-09,18262,"Civil Surgeon, District General Hospital Blood Centre",Parbhani,O-,0.02095403784317652,0
2026-09-07,18264,"Medical Supritendant District-Hospital For Women, Blood Centre(C.S)",Akola,A+,0.9569767387238788,1
2026-09-08,18264,"Medical Supritendant District-Hospital For Women, Blood Centre(C.S)",Akola,A+,0.9569767387238788,1
2026-09-09,18264,"Medical Supritendant District-Hospital For Women, Blood Centre(C.S)",Akola,A+,0.9569767387238788,1
2026-09-07,18264,"Medical Supritendant District-Hospital For Women, Blood Centre(C.S)",Akola,A-,0.9569767387238788,1
2026-09-08,18264,"Medical Supritendant District-Hospital For Women, Blood Centre(C.S)",Akola,A-,0.9569767387238788,1
2026-09-09,18264,"Medical Supritendant District-Hospital For Women, Blood Centre(C.S)",Akola,A-,0.9569767387238788,1
2026-09-07,18264,"Medical Supritendant District-Hospital For Women, Blood Centre(C.S)",Akola,AB+,0.9569767387238788,1
2026-09-08,18264,"Medical Supritendant District-Hospital For Women, Blood Centre(C.S)",Akola,AB+,0.9569767387238788,1
2026-09-09,18264,"Medical Supritendant District-Hospital For Women, Blood Centre(C.S)",Akola,AB+,0.9569767387238788,1
2026-09-07,18264,"Medical Supritendant District-Hospital For Women, Blood Centre(C.S)",Akola,AB-,0.9569767387238788,1
2026-09-08,18264,"Medical Supritendant District-Hospital For Women, Blood Centre(C.S)",Akola,AB-,0.9569767387238788,1
2026-09-09,18264,"Medical Supritendant District-Hospital For Women, Blood Centre(C.S)",Akola,AB-,0.9569767387238788,1
2026-09-07,18264,"Medical Supritendant District-Hospital For Women, Blood Centre(C.S)",Akola,B+,0.9569767387238788,1
2026-09-08,18264,"Medical Supritendant District-Hospital For Women, Blood Centre(C.S)",Akola,B+,0.9569767387238788,1
2026-09-09,18264,"Medical Supritendant District-Hospital For Women, Blood Centre(C.S)",Akola,B+,0.9569767387238788,1
2026-09-07,18264,"Medical Supritendant District-Hospital For Women, Blood Centre(C.S)",Akola,B-,0.9569767387238788,1
2026-09-08,18264,"Medical Supritendant District-Hospital For Women, Blood Centre(C.S)",Akola,B-,0.9569767387238788,1
2026-09-09,18264,"Medical Supritendant District-Hospital For Women, Blood Centre(C.S)",Akola,B-,0.9569767387238788,1
2026-09-07,18264,"Medical Supritendant District-Hospital For Women, Blood Centre(C.S)",Akola,O+,0.9569767387238788,1
2026-09-08,18264,"Medical Supritendant District-Hospital For Women, Blood Centre(C.S)",Akola,O+,0.9569767387238788,1
2026-09-09,18264,"Medical Supritendant District-Hospital For Women, Blood Centre(C.S)",Akola,O+,0.9569767387238788,1
2026-09-07,18264,"Medical Supritendant District-Hospital For Women, Blood Centre(C.S)",Akola,O-,0.9569767387238788,1
2026-09-08,18264,"Medical Supritendant District-Hospital For Women, Blood Centre(C.S)",Akola,O-,0.9569767387238788,1
2026-09-09,18264,"Medical Supritendant District-Hospital For Women, Blood Centre(C.S)",Akola,O-,0.9569767387238788,1
2026-09-07,18265,"Nandkishor Education Society Trust, Arpan Voluntary Blood Centre",Nagpur,A+,0.022229048452583756,0
2026-09-08,18265,"Nandkishor Education Society Trust, Arpan Voluntary Blood Centre",Nagpur,A+,0.030146238907467458,0
2026-09-09,18265,"Nandkishor Education Society Trust, Arpan Voluntary Blood Centre",Nagpur,A+,0.025965664226108902,0
2026-09-07,18265,"Nandkishor Education Society Trust, Arpan Voluntary Blood Centre",Nagpur,A-,0.09588567459878689,0
2026-09-08,18265,"Nandkishor Education Society Trust, Arpan Voluntary Blood Centre",Nagpur,A-,0.09588567459878689,0
2026-09-09,18265,"Nandkishor Education Society Trust, Arpan Voluntary Blood Centre",Nagpur,A-,0.09588567459878689,0
2026-09-07,18265,"Nandkishor Education Society Trust, Arpan Voluntary Blood Centre",Nagpur,AB+,0.022771100580525894,0
2026-09-08,18265,"Nandkishor Education Society Trust, Arpan Voluntary Blood Centre",Nagpur,AB+,0.020196272966356055,0
2026-09-09,18265,"Nandkishor Education Society Trust, Arpan Voluntary Blood Centre",Nagpur,AB+,0.020562505324546617,0
2026-09-07,18265,"Nandkishor Education Society Trust, Arpan Voluntary Blood Centre",Nagpur,AB-,0.09588567459878689,0
2026-09-08,18265,"Nandkishor Education Society Trust, Arpan Voluntary Blood Centre",Nagpur,AB-,0.09588567459878689,0
2026-09-09,18265,"Nandkishor Education Society Trust, Arpan Voluntary Blood Centre",Nagpur,AB-,0.09588567459878689,0
2026-09-07,18265,"Nandkishor Education Society Trust, Arpan Voluntary Blood Centre",Nagpur,B+,0.00602938938853866,0
2026-09-08,18265,"Nandkishor Education Society Trust, Arpan Voluntary Blood Centre",Nagpur,B+,0.00531931985247357,0
2026-09-09,18265,"Nandkishor Education Society Trust, Arpan Voluntary Blood Centre",Nagpur,B+,0.004977941033894081,0
2026-09-07,18265,"Nandkishor Education Society Trust, Arpan Voluntary Blood Centre",Nagpur,B-,0.16311692635487893,0
2026-09-08,18265,"Nandkishor Education Society Trust, Arpan Voluntary Blood Centre",Nagpur,B-,0.09588567459878689,0
2026-09-09,18265,"Nandkishor Education Society Trust, Arpan Voluntary Blood Centre",Nagpur,B-,0.09588567459878689,0
2026-09-07,18265,"Nandkishor Education Society Trust, Arpan Voluntary Blood Centre",Nagpur,O+,0.012983637903559792,0
2026-09-08,18265,"Nandkishor Education Society Trust, Arpan Voluntary Blood Centre",Nagpur,O+,0.002081411434515316,0
2026-09-09,18265,"Nandkishor Education Society Trust, Arpan Voluntary Blood Centre",Nagpur,O+,0.001342652951779423,0
2026-09-07,18265,"Nandkishor Education Society Trust, Arpan Voluntary Blood Centre",Nagpur,O-,0.04708016808483685,0
2026-09-08,18265,"Nandkishor Education Society Trust, Arpan Voluntary Blood Centre",Nagpur,O-,0.04708016808483685,0
2026-09-09,18265,"Nandkishor Education Society Trust, Arpan Voluntary Blood Centre",Nagpur,O-,0.04708016808483685,0
2026-09-07,18266,"Adarsh Sanskaar Mandal  Sanchalit, Dr. Hedgewar Rakta Pedhi, Blood Centre",Akola,A+,0.005754059734056495,0
2026-09-08,18266,"Adarsh Sanskaar Mandal  Sanchalit, Dr. Hedgewar Rakta Pedhi, Blood Centre",Akola,A+,0.002531229565732944,0
2026-09-09,18266,"Adarsh Sanskaar Mandal  Sanchalit, Dr. Hedgewar Rakta Pedhi, Blood Centre",Akola,A+,0.006614124133712124,0
2026-09-07,18266,"Adarsh Sanskaar Mandal  Sanchalit, Dr. Hedgewar Rakta Pedhi, Blood Centre",Akola,A-,0.9569767387238788,1
2026-09-08,18266,"Adarsh Sanskaar Mandal  Sanchalit, Dr. Hedgewar Rakta Pedhi, Blood Centre",Akola,A-,0.32268418572950647,0
2026-09-09,18266,"Adarsh Sanskaar Mandal  Sanchalit, Dr. Hedgewar Rakta Pedhi, Blood Centre",Akola,A-,0.14681513403309893,0
2026-09-07,18266,"Adarsh Sanskaar Mandal  Sanchalit, Dr. Hedgewar Rakta Pedhi, Blood Centre",Akola,AB+,0.00964430423440345,0
2026-09-08,18266,"Adarsh Sanskaar Mandal  Sanchalit, Dr. Hedgewar Rakta Pedhi, Blood Centre",Akola,AB+,0.006461225554815044,0
2026-09-09,18266,"Adarsh Sanskaar Mandal  Sanchalit, Dr. Hedgewar Rakta Pedhi, Blood Centre",Akola,AB+,0.00571417056474836,0
2026-09-07,18266,"Adarsh Sanskaar Mandal  Sanchalit, Dr. Hedgewar Rakta Pedhi, Blood Centre",Akola,AB-,0.09588567459878689,0
2026-09-08,18266,"Adarsh Sanskaar Mandal  Sanchalit, Dr. Hedgewar Rakta Pedhi, Blood Centre",Akola,AB-,0.09588567459878689,0
2026-09-09,18266,"Adarsh Sanskaar Mandal  Sanchalit, Dr. Hedgewar Rakta Pedhi, Blood Centre",Akola,AB-,0.09588567459878689,0
2026-09-07,18266,"Adarsh Sanskaar Mandal  Sanchalit, Dr. Hedgewar Rakta Pedhi, Blood Centre",Akola,B+,0.02347358931343277,0
2026-09-08,18266,"Adarsh Sanskaar Mandal  Sanchalit, Dr. Hedgewar Rakta Pedhi, Blood Centre",Akola,B+,0.004212759904429847,0
2026-09-09,18266,"Adarsh Sanskaar Mandal  Sanchalit, Dr. Hedgewar Rakta Pedhi, Blood Centre",Akola,B+,0.001640537615631788,0
2026-09-07,18266,"Adarsh Sanskaar Mandal  Sanchalit, Dr. Hedgewar Rakta Pedhi, Blood Centre",Akola,B-,0.07594416915653393,0
2026-09-08,18266,"Adarsh Sanskaar Mandal  Sanchalit, Dr. Hedgewar Rakta Pedhi, Blood Centre",Akola,B-,0.05202420222433954,0
2026-09-09,18266,"Adarsh Sanskaar Mandal  Sanchalit, Dr. Hedgewar Rakta Pedhi, Blood Centre",Akola,B-,0.04708016808483685,0
2026-09-07,18266,"Adarsh Sanskaar Mandal  Sanchalit, Dr. Hedgewar Rakta Pedhi, Blood Centre",Akola,O+,0.0023108775049933,0
2026-09-08,18266,"Adarsh Sanskaar Mandal  Sanchalit, Dr. Hedgewar Rakta Pedhi, Blood Centre",Akola,O+,0.0012081753373930854,0
2026-09-09,18266,"Adarsh Sanskaar Mandal  Sanchalit, Dr. Hedgewar Rakta Pedhi, Blood Centre",Akola,O+,0.0016710067755597783,0
2026-09-07,18266,"Adarsh Sanskaar Mandal  Sanchalit, Dr. Hedgewar Rakta Pedhi, Blood Centre",Akola,O-,0.16311692635487893,0
2026-09-08,18266,"Adarsh Sanskaar Mandal  Sanchalit, Dr. Hedgewar Rakta Pedhi, Blood Centre",Akola,O-,0.05421883653906218,0
2026-09-09,18266,"Adarsh Sanskaar Mandal  Sanchalit, Dr. Hedgewar Rakta Pedhi, Blood Centre",Akola,O-,0.16311692635487893,0
2026-09-07,18267,Sau. Kantadevi Dale Blood Centre,Washim,A+,0.03129416750197441,0
2026-09-08,18267,Sau. Kantadevi Dale Blood Centre,Washim,A+,0.030596913276096392,0
2026-09-09,18267,Sau. Kantadevi Dale Blood Centre,Washim,A+,0.35436282402880315,0
2026-09-07,18267,Sau. Kantadevi Dale Blood Centre,Washim,A-,0.9569767387238788,1
2026-09-08,18267,Sau. Kantadevi Dale Blood Centre,Washim,A-,0.9569767387238788,1
2026-09-09,18267,Sau. Kantadevi Dale Blood Centre,Washim,A-,0.9569767387238788,1
2026-09-07,18267,Sau. Kantadevi Dale Blood Centre,Washim,AB+,0.7063332006086539,1
2026-09-08,18267,Sau. Kantadevi Dale Blood Centre,Washim,AB+,0.7713453455706637,1
2026-09-09,18267,Sau. Kantadevi Dale Blood Centre,Washim,AB+,0.9569767387238788,1
2026-09-07,18267,Sau. Kantadevi Dale Blood Centre,Washim,AB-,0.9569767387238788,1
2026-09-08,18267,Sau. Kantadevi Dale Blood Centre,Washim,AB-,0.9569767387238788,1
2026-09-09,18267,Sau. Kantadevi Dale Blood Centre,Washim,AB-,0.9569767387238788,1
2026-09-07,18267,Sau. Kantadevi Dale Blood Centre,Washim,B+,0.03435764397636352,0
2026-09-08,18267,Sau. Kantadevi Dale Blood Centre,Washim,B+,0.02736043162432607,0
2026-09-09,18267,Sau. Kantadevi Dale Blood Centre,Washim,B+,0.022229048452583756,0
2026-09-07,18267,Sau. Kantadevi Dale Blood Centre,Washim,B-,0.9569767387238788,1
2026-09-08,18267,Sau. Kantadevi Dale Blood Centre,Washim,B-,0.9569767387238788,1
2026-09-09,18267,Sau. Kantadevi Dale Blood Centre,Washim,B-,0.9569767387238788,1
2026-09-07,18267,Sau. Kantadevi Dale Blood Centre,Washim,O+,0.02693490311827044,0
2026-09-08,18267,Sau. Kantadevi Dale Blood Centre,Washim,O+,0.02693490311827044,0
2026-09-09,18267,Sau. Kantadevi Dale Blood Centre,Washim,O+,0.02693490311827044,0
2026-09-07,18267,Sau. Kantadevi Dale Blood Centre,Washim,O-,0.9569767387238788,1
2026-09-08,18267,Sau. Kantadevi Dale Blood Centre,Washim,O-,0.9569767387238788,1
2026-09-09,18267,Sau. Kantadevi Dale Blood Centre,Washim,O-,0.9569767387238788,1
2026-09-07,18268,Arpan Blood Centre Blood Component And Apheresis Centre,Latur,A+,0.0027051912706242925,0
2026-09-08,18268,Arpan Blood Centre Blood Component And Apheresis Centre,Latur,A+,0.00189020356093118,0
2026-09-09,18268,Arpan Blood Centre Blood Component And Apheresis Centre,Latur,A+,0.0021205543004745573,0
2026-09-07,18268,Arpan Blood Centre Blood Component And Apheresis Centre,Latur,A-,0.04994048422235794,0
2026-09-08,18268,Arpan Blood Centre Blood Component And Apheresis Centre,Latur,A-,0.1771425068813193,0
2026-09-09,18268,Arpan Blood Centre Blood Component And Apheresis Centre,Latur,A-,0.05031425620274835,0
2026-09-07,18268,Arpan Blood Centre Blood Component And Apheresis Centre,Latur,AB+,0.0021635971529209066,0
2026-09-08,18268,Arpan Blood Centre Blood Component And Apheresis Centre,Latur,AB+,0.003059777509680781,0
2026-09-09,18268,Arpan Blood Centre Blood Component And Apheresis Centre,Latur,AB+,0.003208966049516761,0
2026-09-07,18268,Arpan Blood Centre Blood Component And Apheresis Centre,Latur,AB-,0.04708016808483685,0
2026-09-08,18268,Arpan Blood Centre Blood Component And Apheresis Centre,Latur,AB-,0.04708016808483685,0
2026-09-09,18268,Arpan Blood Centre Blood Component And Apheresis Centre,Latur,AB-,0.04708016808483685,0
2026-09-07,18268,Arpan Blood Centre Blood Component And Apheresis Centre,Latur,B+,0.002416258953743951,0
2026-09-08,18268,Arpan Blood Centre Blood Component And Apheresis Centre,Latur,B+,0.002081411434515316,0
2026-09-09,18268,Arpan Blood Centre Blood Component And Apheresis Centre,Latur,B+,0.0023119200201798863,0
2026-09-07,18268,Arpan Blood Centre Blood Component And Apheresis Centre,Latur,B-,0.030170888001377773,0
2026-09-08,18268,Arpan Blood Centre Blood Component And Apheresis Centre,Latur,B-,0.1791511862761025,0
2026-09-09,18268,Arpan Blood Centre Blood Component And Apheresis Centre,Latur,B-,0.6466837376190555,1
2026-09-07,18268,Arpan Blood Centre Blood Component And Apheresis Centre,Latur,O+,0.0025317048681512654,0
2026-09-08,18268,Arpan Blood Centre Blood Component And Apheresis Centre,Latur,O+,0.0023477024961107147,0
2026-09-09,18268,Arpan Blood Centre Blood Component And Apheresis Centre,Latur,O+,0.002081411434515316,0
2026-09-07,18268,Arpan Blood Centre Blood Component And Apheresis Centre,Latur,O-,0.02693490311827044,0
2026-09-08,18268,Arpan Blood Centre Blood Component And Apheresis Centre,Latur,O-,0.08680707578515685,0
2026-09-09,18268,Arpan Blood Centre Blood Component And Apheresis Centre,Latur,O-,0.05200648253892521,0
2026-09-07,18269,"Shri. Brahman Swrankar Samaj Trust, Blood Centre",Buldana,A+,0.030170888001377773,0
2026-09-08,18269,"Shri. Brahman Swrankar Samaj Trust, Blood Centre",Buldana,A+,0.030170888001377773,0
2026-09-09,18269,"Shri. Brahman Swrankar Samaj Trust, Blood Centre",Buldana,A+,0.030170888001377773,0
2026-09-07,18269,"Shri. Brahman Swrankar Samaj Trust, Blood Centre",Buldana,A-,0.9569767387238788,1
2026-09-08,18269,"Shri. Brahman Swrankar Samaj Trust, Blood Centre",Buldana,A-,0.9569767387238788,1
2026-09-09,18269,"Shri. Brahman Swrankar Samaj Trust, Blood Centre",Buldana,A-,0.9569767387238788,1
2026-09-07,18269,"Shri. Brahman Swrankar Samaj Trust, Blood Centre",Buldana,AB+,0.09588567459878689,0
2026-09-08,18269,"Shri. Brahman Swrankar Samaj Trust, Blood Centre",Buldana,AB+,0.09588567459878689,0
2026-09-09,18269,"Shri. Brahman Swrankar Samaj Trust, Blood Centre",Buldana,AB+,0.09588567459878689,0
2026-09-07,18269,"Shri. Brahman Swrankar Samaj Trust, Blood Centre",Buldana,AB-,0.9569767387238788,1
2026-09-08,18269,"Shri. Brahman Swrankar Samaj Trust, Blood Centre",Buldana,AB-,0.9569767387238788,1
2026-09-09,18269,"Shri. Brahman Swrankar Samaj Trust, Blood Centre",Buldana,AB-,0.9569767387238788,1
2026-09-07,18269,"Shri. Brahman Swrankar Samaj Trust, Blood Centre",Buldana,B+,0.030170888001377773,0
2026-09-08,18269,"Shri. Brahman Swrankar Samaj Trust, Blood Centre",Buldana,B+,0.030170888001377773,0
2026-09-09,18269,"Shri. Brahman Swrankar Samaj Trust, Blood Centre",Buldana,B+,0.030170888001377773,0
2026-09-07,18269,"Shri. Brahman Swrankar Samaj Trust, Blood Centre",Buldana,B-,0.9569767387238788,1
2026-09-08,18269,"Shri. Brahman Swrankar Samaj Trust, Blood Centre",Buldana,B-,0.9569767387238788,1
2026-09-09,18269,"Shri. Brahman Swrankar Samaj Trust, Blood Centre",Buldana,B-,0.9569767387238788,1
2026-09-07,18269,"Shri. Brahman Swrankar Samaj Trust, Blood Centre",Buldana,O+,0.030170888001377773,0
2026-09-08,18269,"Shri. Brahman Swrankar Samaj Trust, Blood Centre",Buldana,O+,0.030170888001377773,0
2026-09-09,18269,"Shri. Brahman Swrankar Samaj Trust, Blood Centre",Buldana,O+,0.030170888001377773,0
2026-09-07,18269,"Shri. Brahman Swrankar Samaj Trust, Blood Centre",Buldana,O-,0.9569767387238788,1
2026-09-08,18269,"Shri. Brahman Swrankar Samaj Trust, Blood Centre",Buldana,O-,0.9569767387238788,1
2026-09-09,18269,"Shri. Brahman Swrankar Samaj Trust, Blood Centre",Buldana,O-,0.9569767387238788,1
2026-09-07,18275,Shri Gajanan Blood Centre And Components,Yavatmal,A+,0.9569767387238788,1
2026-09-08,18275,Shri Gajanan Blood Centre And Components,Yavatmal,A+,0.9569767387238788,1
2026-09-09,18275,Shri Gajanan Blood Centre And Components,Yavatmal,A+,0.9569767387238788,1
2026-09-07,18275,Shri Gajanan Blood Centre And Components,Yavatmal,A-,0.9569767387238788,1
2026-09-08,18275,Shri Gajanan Blood Centre And Components,Yavatmal,A-,0.9569767387238788,1
2026-09-09,18275,Shri Gajanan Blood Centre And Components,Yavatmal,A-,0.9569767387238788,1
2026-09-07,18275,Shri Gajanan Blood Centre And Components,Yavatmal,AB+,0.9569767387238788,1
2026-09-08,18275,Shri Gajanan Blood Centre And Components,Yavatmal,AB+,0.9569767387238788,1
2026-09-09,18275,Shri Gajanan Blood Centre And Components,Yavatmal,AB+,0.9569767387238788,1
2026-09-07,18275,Shri Gajanan Blood Centre And Components,Yavatmal,AB-,0.9569767387238788,1
2026-09-08,18275,Shri Gajanan Blood Centre And Components,Yavatmal,AB-,0.9569767387238788,1
2026-09-09,18275,Shri Gajanan Blood Centre And Components,Yavatmal,AB-,0.9569767387238788,1
2026-09-07,18275,Shri Gajanan Blood Centre And Components,Yavatmal,B+,0.9569767387238788,1
2026-09-08,18275,Shri Gajanan Blood Centre And Components,Yavatmal,B+,0.9569767387238788,1
2026-09-09,18275,Shri Gajanan Blood Centre And Components,Yavatmal,B+,0.9569767387238788,1
2026-09-07,18275,Shri Gajanan Blood Centre And Components,Yavatmal,B-,0.9569767387238788,1
2026-09-08,18275,Shri Gajanan Blood Centre And Components,Yavatmal,B-,0.9569767387238788,1
2026-09-09,18275,Shri Gajanan Blood Centre And Components,Yavatmal,B-,0.9569767387238788,1
2026-09-07,18275,Shri Gajanan Blood Centre And Components,Yavatmal,O+,0.9569767387238788,1
2026-09-08,18275,Shri Gajanan Blood Centre And Components,Yavatmal,O+,0.9569767387238788,1
2026-09-09,18275,Shri Gajanan Blood Centre And Components,Yavatmal,O+,0.9569767387238788,1
2026-09-07,18275,Shri Gajanan Blood Centre And Components,Yavatmal,O-,0.9569767387238788,1
2026-09-08,18275,Shri Gajanan Blood Centre And Components,Yavatmal,O-,0.9569767387238788,1
2026-09-09,18275,Shri Gajanan Blood Centre And Components,Yavatmal,O-,0.9569767387238788,1
2026-09-07,18276,"Medical Superitendant, Government Hospital Blood Centre(Khamgaon)",Buldana,A+,0.9569767387238788,1
2026-09-08,18276,"Medical Superitendant, Government Hospital Blood Centre(Khamgaon)",Buldana,A+,0.9569767387238788,1
2026-09-09,18276,"Medical Superitendant, Government Hospital Blood Centre(Khamgaon)",Buldana,A+,0.9569767387238788,1
2026-09-07,18276,"Medical Superitendant, Government Hospital Blood Centre(Khamgaon)",Buldana,A-,0.9569767387238788,1
2026-09-08,18276,"Medical Superitendant, Government Hospital Blood Centre(Khamgaon)",Buldana,A-,0.9569767387238788,1
2026-09-09,18276,"Medical Superitendant, Government Hospital Blood Centre(Khamgaon)",Buldana,A-,0.9569767387238788,1
2026-09-07,18276,"Medical Superitendant, Government Hospital Blood Centre(Khamgaon)",Buldana,AB+,0.9569767387238788,1
2026-09-08,18276,"Medical Superitendant, Government Hospital Blood Centre(Khamgaon)",Buldana,AB+,0.9569767387238788,1
2026-09-09,18276,"Medical Superitendant, Government Hospital Blood Centre(Khamgaon)",Buldana,AB+,0.9569767387238788,1
2026-09-07,18276,"Medical Superitendant, Government Hospital Blood Centre(Khamgaon)",Buldana,AB-,0.9569767387238788,1
2026-09-08,18276,"Medical Superitendant, Government Hospital Blood Centre(Khamgaon)",Buldana,AB-,0.9569767387238788,1
2026-09-09,18276,"Medical Superitendant, Government Hospital Blood Centre(Khamgaon)",Buldana,AB-,0.9569767387238788,1
2026-09-07,18276,"Medical Superitendant, Government Hospital Blood Centre(Khamgaon)",Buldana,B+,0.9569767387238788,1
2026-09-08,18276,"Medical Superitendant, Government Hospital Blood Centre(Khamgaon)",Buldana,B+,0.9569767387238788,1
2026-09-09,18276,"Medical Superitendant, Government Hospital Blood Centre(Khamgaon)",Buldana,B+,0.9569767387238788,1
2026-09-07,18276,"Medical Superitendant, Government Hospital Blood Centre(Khamgaon)",Buldana,B-,0.9569767387238788,1
2026-09-08,18276,"Medical Superitendant, Government Hospital Blood Centre(Khamgaon)",Buldana,B-,0.9569767387238788,1
2026-09-09,18276,"Medical Superitendant, Government Hospital Blood Centre(Khamgaon)",Buldana,B-,0.9569767387238788,1
2026-09-07,18276,"Medical Superitendant, Government Hospital Blood Centre(Khamgaon)",Buldana,O+,0.9569767387238788,1
2026-09-08,18276,"Medical Superitendant, Government Hospital Blood Centre(Khamgaon)",Buldana,O+,0.9569767387238788,1
2026-09-09,18276,"Medical Superitendant, Government Hospital Blood Centre(Khamgaon)",Buldana,O+,0.9569767387238788,1
2026-09-07,18276,"Medical Superitendant, Government Hospital Blood Centre(Khamgaon)",Buldana,O-,0.9569767387238788,1
2026-09-08,18276,"Medical Superitendant, Government Hospital Blood Centre(Khamgaon)",Buldana,O-,0.9569767387238788,1
2026-09-09,18276,"Medical Superitendant, Government Hospital Blood Centre(Khamgaon)",Buldana,O-,0.9569767387238788,1
2026-09-07,18277,"Civil Surgeon, District General Hospital Blood Centre",Buldana,A+,0.15242358280490323,0
2026-09-08,18277,"Civil Surgeon, District General Hospital Blood Centre",Buldana,A+,0.05421883653906218,0
2026-09-09,18277,"Civil Surgeon, District General Hospital Blood Centre",Buldana,A+,0.16311692635487893,0
2026-09-07,18277,"Civil Surgeon, District General Hospital Blood Centre",Buldana,A-,0.04708016808483685,0
2026-09-08,18277,"Civil Surgeon, District General Hospital Blood Centre",Buldana,A-,0.04708016808483685,0
2026-09-09,18277,"Civil Surgeon, District General Hospital Blood Centre",Buldana,A-,0.04708016808483685,0
2026-09-07,18277,"Civil Surgeon, District General Hospital Blood Centre",Buldana,AB+,0.09588567459878689,0
2026-09-08,18277,"Civil Surgeon, District General Hospital Blood Centre",Buldana,AB+,0.05421883653906218,0
2026-09-09,18277,"Civil Surgeon, District General Hospital Blood Centre",Buldana,AB+,0.07105022241162556,0
2026-09-07,18277,"Civil Surgeon, District General Hospital Blood Centre",Buldana,AB-,0.04708016808483685,0
2026-09-08,18277,"Civil Surgeon, District General Hospital Blood Centre",Buldana,AB-,0.04708016808483685,0
2026-09-09,18277,"Civil Surgeon, District General Hospital Blood Centre",Buldana,AB-,0.04708016808483685,0
2026-09-07,18277,"Civil Surgeon, District General Hospital Blood Centre",Buldana,B+,0.042322109394374335,0
2026-09-08,18277,"Civil Surgeon, District General Hospital Blood Centre",Buldana,B+,0.15869799194769443,0
2026-09-09,18277,"Civil Surgeon, District General Hospital Blood Centre",Buldana,B+,0.1498097922182252,0
2026-09-07,18277,"Civil Surgeon, District General Hospital Blood Centre",Buldana,B-,0.09588567459878689,0
2026-09-08,18277,"Civil Surgeon, District General Hospital Blood Centre",Buldana,B-,0.7542144173100465,1
2026-09-09,18277,"Civil Surgeon, District General Hospital Blood Centre",Buldana,B-,0.8017482753365046,1
2026-09-07,18277,"Civil Surgeon, District General Hospital Blood Centre",Buldana,O+,0.7713453455706637,1
2026-09-08,18277,"Civil Surgeon, District General Hospital Blood Centre",Buldana,O+,0.9569767387238788,1
2026-09-09,18277,"Civil Surgeon, District General Hospital Blood Centre",Buldana,O+,0.9569767387238788,1
2026-09-07,18277,"Civil Surgeon, District General Hospital Blood Centre",Buldana,O-,0.09588567459878689,0
2026-09-08,18277,"Civil Surgeon, District General Hospital Blood Centre",Buldana,O-,0.09588567459878689,0
2026-09-09,18277,"Civil Surgeon, District General Hospital Blood Centre",Buldana,O-,0.09588567459878689,0
2026-09-07,18278,Dr. Murlidhar Kharche Memorial Jeevan Jyoti Blood Centre,Buldana,A+,0.9569767387238788,1
2026-09-08,18278,Dr. Murlidhar Kharche Memorial Jeevan Jyoti Blood Centre,Buldana,A+,0.9569767387238788,1
2026-09-09,18278,Dr. Murlidhar Kharche Memorial Jeevan Jyoti Blood Centre,Buldana,A+,0.9569767387238788,1
2026-09-07,18278,Dr. Murlidhar Kharche Memorial Jeevan Jyoti Blood Centre,Buldana,A-,0.9569767387238788,1
2026-09-08,18278,Dr. Murlidhar Kharche Memorial Jeevan Jyoti Blood Centre,Buldana,A-,0.9569767387238788,1
2026-09-09,18278,Dr. Murlidhar Kharche Memorial Jeevan Jyoti Blood Centre,Buldana,A-,0.9569767387238788,1
2026-09-07,18278,Dr. Murlidhar Kharche Memorial Jeevan Jyoti Blood Centre,Buldana,AB+,0.9569767387238788,1
2026-09-08,18278,Dr. Murlidhar Kharche Memorial Jeevan Jyoti Blood Centre,Buldana,AB+,0.9569767387238788,1
2026-09-09,18278,Dr. Murlidhar Kharche Memorial Jeevan Jyoti Blood Centre,Buldana,AB+,0.9569767387238788,1
2026-09-07,18278,Dr. Murlidhar Kharche Memorial Jeevan Jyoti Blood Centre,Buldana,AB-,0.9569767387238788,1
2026-09-08,18278,Dr. Murlidhar Kharche Memorial Jeevan Jyoti Blood Centre,Buldana,AB-,0.9569767387238788,1
2026-09-09,18278,Dr. Murlidhar Kharche Memorial Jeevan Jyoti Blood Centre,Buldana,AB-,0.9569767387238788,1
2026-09-07,18278,Dr. Murlidhar Kharche Memorial Jeevan Jyoti Blood Centre,Buldana,B+,0.9569767387238788,1
2026-09-08,18278,Dr. Murlidhar Kharche Memorial Jeevan Jyoti Blood Centre,Buldana,B+,0.9569767387238788,1
2026-09-09,18278,Dr. Murlidhar Kharche Memorial Jeevan Jyoti Blood Centre,Buldana,B+,0.9569767387238788,1
2026-09-07,18278,Dr. Murlidhar Kharche Memorial Jeevan Jyoti Blood Centre,Buldana,B-,0.9569767387238788,1
2026-09-08,18278,Dr. Murlidhar Kharche Memorial Jeevan Jyoti Blood Centre,Buldana,B-,0.9569767387238788,1
2026-09-09,18278,Dr. Murlidhar Kharche Memorial Jeevan Jyoti Blood Centre,Buldana,B-,0.9569767387238788,1
2026-09-07,18278,Dr. Murlidhar Kharche Memorial Jeevan Jyoti Blood Centre,Buldana,O+,0.9569767387238788,1
2026-09-08,18278,Dr. Murlidhar Kharche Memorial Jeevan Jyoti Blood Centre,Buldana,O+,0.9569767387238788,1
2026-09-09,18278,Dr. Murlidhar Kharche Memorial Jeevan Jyoti Blood Centre,Buldana,O+,0.9569767387238788,1
2026-09-07,18278,Dr. Murlidhar Kharche Memorial Jeevan Jyoti Blood Centre,Buldana,O-,0.9569767387238788,1
2026-09-08,18278,Dr. Murlidhar Kharche Memorial Jeevan Jyoti Blood Centre,Buldana,O-,0.9569767387238788,1
2026-09-09,18278,Dr. Murlidhar Kharche Memorial Jeevan Jyoti Blood Centre,Buldana,O-,0.9569767387238788,1
2026-09-07,18279,"Medical Superitendant, Saibai Mote General Hospital Blood Centre, Shegaon",Buldana,A+,0.9569767387238788,1
2026-09-08,18279,"Medical Superitendant, Saibai Mote General Hospital Blood Centre, Shegaon",Buldana,A+,0.9569767387238788,1
2026-09-09,18279,"Medical Superitendant, Saibai Mote General Hospital Blood Centre, Shegaon",Buldana,A+,0.9569767387238788,1
2026-09-07,18279,"Medical Superitendant, Saibai Mote General Hospital Blood Centre, Shegaon",Buldana,A-,0.9569767387238788,1
2026-09-08,18279,"Medical Superitendant, Saibai Mote General Hospital Blood Centre, Shegaon",Buldana,A-,0.9569767387238788,1
2026-09-09,18279,"Medical Superitendant, Saibai Mote General Hospital Blood Centre, Shegaon",Buldana,A-,0.9569767387238788,1
2026-09-07,18279,"Medical Superitendant, Saibai Mote General Hospital Blood Centre, Shegaon",Buldana,AB+,0.9569767387238788,1
2026-09-08,18279,"Medical Superitendant, Saibai Mote General Hospital Blood Centre, Shegaon",Buldana,AB+,0.9569767387238788,1
2026-09-09,18279,"Medical Superitendant, Saibai Mote General Hospital Blood Centre, Shegaon",Buldana,AB+,0.9569767387238788,1
2026-09-07,18279,"Medical Superitendant, Saibai Mote General Hospital Blood Centre, Shegaon",Buldana,AB-,0.9569767387238788,1
2026-09-08,18279,"Medical Superitendant, Saibai Mote General Hospital Blood Centre, Shegaon",Buldana,AB-,0.9569767387238788,1
2026-09-09,18279,"Medical Superitendant, Saibai Mote General Hospital Blood Centre, Shegaon",Buldana,AB-,0.9569767387238788,1
2026-09-07,18279,"Medical Superitendant, Saibai Mote General Hospital Blood Centre, Shegaon",Buldana,B+,0.9569767387238788,1
2026-09-08,18279,"Medical Superitendant, Saibai Mote General Hospital Blood Centre, Shegaon",Buldana,B+,0.9569767387238788,1
2026-09-09,18279,"Medical Superitendant, Saibai Mote General Hospital Blood Centre, Shegaon",Buldana,B+,0.9569767387238788,1
2026-09-07,18279,"Medical Superitendant, Saibai Mote General Hospital Blood Centre, Shegaon",Buldana,B-,0.9569767387238788,1
2026-09-08,18279,"Medical Superitendant, Saibai Mote General Hospital Blood Centre, Shegaon",Buldana,B-,0.9569767387238788,1
2026-09-09,18279,"Medical Superitendant, Saibai Mote General Hospital Blood Centre, Shegaon",Buldana,B-,0.9569767387238788,1
2026-09-07,18279,"Medical Superitendant, Saibai Mote General Hospital Blood Centre, Shegaon",Buldana,O+,0.9569767387238788,1
2026-09-08,18279,"Medical Superitendant, Saibai Mote General Hospital Blood Centre, Shegaon",Buldana,O+,0.9569767387238788,1
2026-09-09,18279,"Medical Superitendant, Saibai Mote General Hospital Blood Centre, Shegaon",Buldana,O+,0.9569767387238788,1
2026-09-07,18279,"Medical Superitendant, Saibai Mote General Hospital Blood Centre, Shegaon",Buldana,O-,0.9569767387238788,1
2026-09-08,18279,"Medical Superitendant, Saibai Mote General Hospital Blood Centre, Shegaon",Buldana,O-,0.9569767387238788,1
2026-09-09,18279,"Medical Superitendant, Saibai Mote General Hospital Blood Centre, Shegaon",Buldana,O-,0.9569767387238788,1
2026-09-07,18283,Dr. Hegdewar Blood Centre,Nagpur,A+,0.00336921955123655,0
2026-09-08,18283,Dr. Hegdewar Blood Centre,Nagpur,A+,0.0028517100018560374,0
2026-09-09,18283,Dr. Hegdewar Blood Centre,Nagpur,A+,0.001342652951779423,0
2026-09-07,18283,Dr. Hegdewar Blood Centre,Nagpur,A-,0.04708016808483685,0
2026-09-08,18283,Dr. Hegdewar Blood Centre,Nagpur,A-,0.04708016808483685,0
2026-09-09,18283,Dr. Hegdewar Blood Centre,Nagpur,A-,0.16210439842287436,0
2026-09-07,18283,Dr. Hegdewar Blood Centre,Nagpur,AB+,0.04031864755706439,0
2026-09-08,18283,Dr. Hegdewar Blood Centre,Nagpur,AB+,0.011461288176794445,0
2026-09-09,18283,Dr. Hegdewar Blood Centre,Nagpur,AB+,0.01104163663258099,0
2026-09-07,18283,Dr. Hegdewar Blood Centre,Nagpur,AB-,0.24030133563931505,0
2026-09-08,18283,Dr. Hegdewar Blood Centre,Nagpur,AB-,0.05652707802842276,0
2026-09-09,18283,Dr. Hegdewar Blood Centre,Nagpur,AB-,0.07105022241162556,0
2026-09-07,18283,Dr. Hegdewar Blood Centre,Nagpur,B+,0.0016710067755597783,0
2026-09-08,18283,Dr. Hegdewar Blood Centre,Nagpur,B+,0.0012081753373930854,0
2026-09-09,18283,Dr. Hegdewar Blood Centre,Nagpur,B+,0.0016710067755597783,0
2026-09-07,18283,Dr. Hegdewar Blood Centre,Nagpur,B-,0.014406164284245617,0
2026-09-08,18283,Dr. Hegdewar Blood Centre,Nagpur,B-,0.013136580667810543,0
2026-09-09,18283,Dr. Hegdewar Blood Centre,Nagpur,B-,0.011958586608576722,0
2026-09-07,18283,Dr. Hegdewar Blood Centre,Nagpur,O+,0.004063617022490152,0
2026-09-08,18283,Dr. Hegdewar Blood Centre,Nagpur,O+,0.0015779651425224034,0
2026-09-09,18283,Dr. Hegdewar Blood Centre,Nagpur,O+,0.0012081753373930854,0
2026-09-07,18283,Dr. Hegdewar Blood Centre,Nagpur,O-,0.022802306006585386,0
2026-09-08,18283,Dr. Hegdewar Blood Centre,Nagpur,O-,0.03732858522482786,0
2026-09-09,18283,Dr. Hegdewar Blood Centre,Nagpur,O-,0.07594416915653393,0
2026-09-07,18284,"Nkp Salve Inst.Of Med.Sci. And Res.Center.Lata Mangeshkar Hosp, Blood Centre",Nagpur,A+,0.04708016808483685,0
2026-09-08,18284,"Nkp Salve Inst.Of Med.Sci. And Res.Center.Lata Mangeshkar Hosp, Blood Centre",Nagpur,A+,0.028362157332259587,0
2026-09-09,18284,"Nkp Salve Inst.Of Med.Sci. And Res.Center.Lata Mangeshkar Hosp, Blood Centre",Nagpur,A+,0.02181848462509116,0
2026-09-07,18284,"Nkp Salve Inst.Of Med.Sci. And Res.Center.Lata Mangeshkar Hosp, Blood Centre",Nagpur,A-,0.9569767387238788,1
2026-09-08,18284,"Nkp Salve Inst.Of Med.Sci. And Res.Center.Lata Mangeshkar Hosp, Blood Centre",Nagpur,A-,0.9569767387238788,1
2026-09-09,18284,"Nkp Salve Inst.Of Med.Sci. And Res.Center.Lata Mangeshkar Hosp, Blood Centre",Nagpur,A-,0.9569767387238788,1
2026-09-07,18284,"Nkp Salve Inst.Of Med.Sci. And Res.Center.Lata Mangeshkar Hosp, Blood Centre",Nagpur,AB+,0.09588567459878689,0
2026-09-08,18284,"Nkp Salve Inst.Of Med.Sci. And Res.Center.Lata Mangeshkar Hosp, Blood Centre",Nagpur,AB+,0.05421883653906218,0
2026-09-09,18284,"Nkp Salve Inst.Of Med.Sci. And Res.Center.Lata Mangeshkar Hosp, Blood Centre",Nagpur,AB+,0.07105022241162556,0
2026-09-07,18284,"Nkp Salve Inst.Of Med.Sci. And Res.Center.Lata Mangeshkar Hosp, Blood Centre",Nagpur,AB-,0.9569767387238788,1
2026-09-08,18284,"Nkp Salve Inst.Of Med.Sci. And Res.Center.Lata Mangeshkar Hosp, Blood Centre",Nagpur,AB-,0.9569767387238788,1
2026-09-09,18284,"Nkp Salve Inst.Of Med.Sci. And Res.Center.Lata Mangeshkar Hosp, Blood Centre",Nagpur,AB-,0.9569767387238788,1
2026-09-07,18284,"Nkp Salve Inst.Of Med.Sci. And Res.Center.Lata Mangeshkar Hosp, Blood Centre",Nagpur,B+,0.027739993989417944,0
2026-09-08,18284,"Nkp Salve Inst.Of Med.Sci. And Res.Center.Lata Mangeshkar Hosp, Blood Centre",Nagpur,B+,0.03435764397636352,0
2026-09-09,18284,"Nkp Salve Inst.Of Med.Sci. And Res.Center.Lata Mangeshkar Hosp, Blood Centre",Nagpur,B+,0.035102258207562076,0
2026-09-07,18284,"Nkp Salve Inst.Of Med.Sci. And Res.Center.Lata Mangeshkar Hosp, Blood Centre",Nagpur,B-,0.09588567459878689,0
2026-09-08,18284,"Nkp Salve Inst.Of Med.Sci. And Res.Center.Lata Mangeshkar Hosp, Blood Centre",Nagpur,B-,0.05421883653906218,0
2026-09-09,18284,"Nkp Salve Inst.Of Med.Sci. And Res.Center.Lata Mangeshkar Hosp, Blood Centre",Nagpur,B-,0.07105022241162556,0
2026-09-07,18284,"Nkp Salve Inst.Of Med.Sci. And Res.Center.Lata Mangeshkar Hosp, Blood Centre",Nagpur,O+,0.04708016808483685,0
2026-09-08,18284,"Nkp Salve Inst.Of Med.Sci. And Res.Center.Lata Mangeshkar Hosp, Blood Centre",Nagpur,O+,0.028362157332259587,0
2026-09-09,18284,"Nkp Salve Inst.Of Med.Sci. And Res.Center.Lata Mangeshkar Hosp, Blood Centre",Nagpur,O+,0.004219591921314062,0
2026-09-07,18284,"Nkp Salve Inst.Of Med.Sci. And Res.Center.Lata Mangeshkar Hosp, Blood Centre",Nagpur,O-,0.9569767387238788,1
2026-09-08,18284,"Nkp Salve Inst.Of Med.Sci. And Res.Center.Lata Mangeshkar Hosp, Blood Centre",Nagpur,O-,0.9569767387238788,1
2026-09-09,18284,"Nkp Salve Inst.Of Med.Sci. And Res.Center.Lata Mangeshkar Hosp, Blood Centre",Nagpur,O-,0.9569767387238788,1
2026-09-07,18285,Sainath Blood Centre,Nagpur,A+,0.0012081753373930854,0
2026-09-08,18285,Sainath Blood Centre,Nagpur,A+,0.010058295780875609,0
2026-09-09,18285,Sainath Blood Centre,Nagpur,A+,0.012299804409735694,0
2026-09-07,18285,Sainath Blood Centre,Nagpur,A-,0.05652707802842276,0
2026-09-08,18285,Sainath Blood Centre,Nagpur,A-,0.07105022241162556,0
2026-09-09,18285,Sainath Blood Centre,Nagpur,A-,0.04708016808483685,0
2026-09-07,18285,Sainath Blood Centre,Nagpur,AB+,0.0012081753373930854,0
2026-09-08,18285,Sainath Blood Centre,Nagpur,AB+,0.0025361054958439686,0
2026-09-09,18285,Sainath Blood Centre,Nagpur,AB+,0.0023477024961107147,0
2026-09-07,18285,Sainath Blood Centre,Nagpur,AB-,0.08406048125395335,0
2026-09-08,18285,Sainath Blood Centre,Nagpur,AB-,0.05202420222433954,0
2026-09-09,18285,Sainath Blood Centre,Nagpur,AB-,0.04708016808483685,0
2026-09-07,18285,Sainath Blood Centre,Nagpur,B+,0.0012081753373930854,0
2026-09-08,18285,Sainath Blood Centre,Nagpur,B+,0.0016710067755597783,0
2026-09-09,18285,Sainath Blood Centre,Nagpur,B+,0.03178460714493597,0
2026-09-07,18285,Sainath Blood Centre,Nagpur,B-,0.07307873484699798,0
2026-09-08,18285,Sainath Blood Centre,Nagpur,B-,0.04708016808483685,0
2026-09-09,18285,Sainath Blood Centre,Nagpur,B-,0.04708016808483685,0
2026-09-07,18285,Sainath Blood Centre,Nagpur,O+,0.0012081753373930854,0
2026-09-08,18285,Sainath Blood Centre,Nagpur,O+,0.00189020356093118,0
2026-09-09,18285,Sainath Blood Centre,Nagpur,O+,0.006212807159361153,0
2026-09-07,18285,Sainath Blood Centre,Nagpur,O-,0.9569767387238788,1
2026-09-08,18285,Sainath Blood Centre,Nagpur,O-,0.32268418572950647,0
2026-09-09,18285,Sainath Blood Centre,Nagpur,O-,0.7789323790913819,1
2026-09-07,18286,Jeevan Jyoti Blood Centre And Component,Nagpur,A+,0.8017482753365046,1
2026-09-08,18286,Jeevan Jyoti Blood Centre And Component,Nagpur,A+,0.31682855738935406,0
2026-09-09,18286,Jeevan Jyoti Blood Centre And Component,Nagpur,A+,0.11137846256372314,0
2026-09-07,18286,Jeevan Jyoti Blood Centre And Component,Nagpur,A-,0.9569767387238788,1
2026-09-08,18286,Jeevan Jyoti Blood Centre And Component,Nagpur,A-,0.9569767387238788,1
2026-09-09,18286,Jeevan Jyoti Blood Centre And Component,Nagpur,A-,0.9569767387238788,1
2026-09-07,18286,Jeevan Jyoti Blood Centre And Component,Nagpur,AB+,0.32268418572950647,0
2026-09-08,18286,Jeevan Jyoti Blood Centre And Component,Nagpur,AB+,0.7789323790913819,1
2026-09-09,18286,Jeevan Jyoti Blood Centre And Component,Nagpur,AB+,0.8017482753365046,1
2026-09-07,18286,Jeevan Jyoti Blood Centre And Component,Nagpur,AB-,0.32268418572950647,0
2026-09-08,18286,Jeevan Jyoti Blood Centre And Component,Nagpur,AB-,0.05652707802842276,0
2026-09-09,18286,Jeevan Jyoti Blood Centre And Component,Nagpur,AB-,0.07105022241162556,0
2026-09-07,18286,Jeevan Jyoti Blood Centre And Component,Nagpur,B+,0.13883270058380048,0
2026-09-08,18286,Jeevan Jyoti Blood Centre And Component,Nagpur,B+,0.023230017391790148,0
2026-09-09,18286,Jeevan Jyoti Blood Centre And Component,Nagpur,B+,0.015673219229236812,0
2026-09-07,18286,Jeevan Jyoti Blood Centre And Component,Nagpur,B-,0.14681513403309893,0
2026-09-08,18286,Jeevan Jyoti Blood Centre And Component,Nagpur,B-,0.7542144173100465,1
2026-09-09,18286,Jeevan Jyoti Blood Centre And Component,Nagpur,B-,0.8017482753365046,1
2026-09-07,18286,Jeevan Jyoti Blood Centre And Component,Nagpur,O+,0.06359269300419938,0
2026-09-08,18286,Jeevan Jyoti Blood Centre And Component,Nagpur,O+,0.053318956795188055,0
2026-09-09,18286,Jeevan Jyoti Blood Centre And Component,Nagpur,O+,0.16945536215229717,0
2026-09-07,18286,Jeevan Jyoti Blood Centre And Component,Nagpur,O-,0.1791511862761025,0
2026-09-08,18286,Jeevan Jyoti Blood Centre And Component,Nagpur,O-,0.0488123785973741,0
2026-09-09,18286,Jeevan Jyoti Blood Centre And Component,Nagpur,O-,0.17214235756559151,0
2026-09-07,18287,Ayush Blood Centre And Component Lab Ramdaspeth Nagpur,Nagpur,A+,0.010370038933457023,0
2026-09-08,18287,Ayush Blood Centre And Component Lab Ramdaspeth Nagpur,Nagpur,A+,0.0015743420527842,0
2026-09-09,18287,Ayush Blood Centre And Component Lab Ramdaspeth Nagpur,Nagpur,A+,0.006094285040476372,0
2026-09-07,18287,Ayush Blood Centre And Component Lab Ramdaspeth Nagpur,Nagpur,A-,0.9569767387238788,1
2026-09-08,18287,Ayush Blood Centre And Component Lab Ramdaspeth Nagpur,Nagpur,A-,0.9569767387238788,1
2026-09-09,18287,Ayush Blood Centre And Component Lab Ramdaspeth Nagpur,Nagpur,A-,0.9569767387238788,1
2026-09-07,18287,Ayush Blood Centre And Component Lab Ramdaspeth Nagpur,Nagpur,AB+,0.028181830672753063,0
2026-09-08,18287,Ayush Blood Centre And Component Lab Ramdaspeth Nagpur,Nagpur,AB+,0.04239566711762481,0
2026-09-09,18287,Ayush Blood Centre And Component Lab Ramdaspeth Nagpur,Nagpur,AB+,0.01768267410329322,0
2026-09-07,18287,Ayush Blood Centre And Component Lab Ramdaspeth Nagpur,Nagpur,AB-,0.32268418572950647,0
2026-09-08,18287,Ayush Blood Centre And Component Lab Ramdaspeth Nagpur,Nagpur,AB-,0.14681513403309893,0
2026-09-09,18287,Ayush Blood Centre And Component Lab Ramdaspeth Nagpur,Nagpur,AB-,0.09588567459878689,0
2026-09-07,18287,Ayush Blood Centre And Component Lab Ramdaspeth Nagpur,Nagpur,B+,0.0016823695379040938,0
2026-09-08,18287,Ayush Blood Centre And Component Lab Ramdaspeth Nagpur,Nagpur,B+,0.0012081753373930854,0
2026-09-09,18287,Ayush Blood Centre And Component Lab Ramdaspeth Nagpur,Nagpur,B+,0.0012081753373930854,0
2026-09-07,18287,Ayush Blood Centre And Component Lab Ramdaspeth Nagpur,Nagpur,B-,0.786299925543641,1
2026-09-08,18287,Ayush Blood Centre And Component Lab Ramdaspeth Nagpur,Nagpur,B-,0.9569767387238788,1
2026-09-09,18287,Ayush Blood Centre And Component Lab Ramdaspeth Nagpur,Nagpur,B-,0.9569767387238788,1
2026-09-07,18287,Ayush Blood Centre And Component Lab Ramdaspeth Nagpur,Nagpur,O+,0.001998267170877927,0
2026-09-08,18287,Ayush Blood Centre And Component Lab Ramdaspeth Nagpur,Nagpur,O+,0.0012081753373930854,0
2026-09-09,18287,Ayush Blood Centre And Component Lab Ramdaspeth Nagpur,Nagpur,O+,0.00189020356093118,0
2026-09-07,18287,Ayush Blood Centre And Component Lab Ramdaspeth Nagpur,Nagpur,O-,0.030170888001377773,0
2026-09-08,18287,Ayush Blood Centre And Component Lab Ramdaspeth Nagpur,Nagpur,O-,0.043268062053674804,0
2026-09-09,18287,Ayush Blood Centre And Component Lab Ramdaspeth Nagpur,Nagpur,O-,0.02736043162432607,0
2026-09-07,18288,Lifeline Blood Centre Nagpur,Nagpur,A+,0.04708016808483685,0
2026-09-08,18288,Lifeline Blood Centre Nagpur,Nagpur,A+,0.04374623320128272,0
2026-09-09,18288,Lifeline Blood Centre Nagpur,Nagpur,A+,0.03588405120561639,0
2026-09-07,18288,Lifeline Blood Centre Nagpur,Nagpur,A-,0.09588567459878689,0
2026-09-08,18288,Lifeline Blood Centre Nagpur,Nagpur,A-,0.09588567459878689,0
2026-09-09,18288,Lifeline Blood Centre Nagpur,Nagpur,A-,0.09588567459878689,0
2026-09-07,18288,Lifeline Blood Centre Nagpur,Nagpur,AB+,0.04708016808483685,0
2026-09-08,18288,Lifeline Blood Centre Nagpur,Nagpur,AB+,0.04708016808483685,0
2026-09-09,18288,Lifeline Blood Centre Nagpur,Nagpur,AB+,0.04708016808483685,0
2026-09-07,18288,Lifeline Blood Centre Nagpur,Nagpur,AB-,0.09588567459878689,0
2026-09-08,18288,Lifeline Blood Centre Nagpur,Nagpur,AB-,0.09588567459878689,0
2026-09-09,18288,Lifeline Blood Centre Nagpur,Nagpur,AB-,0.09588567459878689,0
2026-09-07,18288,Lifeline Blood Centre Nagpur,Nagpur,B+,0.024215324238568026,0
2026-09-08,18288,Lifeline Blood Centre Nagpur,Nagpur,B+,0.025680519076217566,0
2026-09-09,18288,Lifeline Blood Centre Nagpur,Nagpur,B+,0.026789297498520718,0
2026-09-07,18288,Lifeline Blood Centre Nagpur,Nagpur,B-,0.04708016808483685,0
2026-09-08,18288,Lifeline Blood Centre Nagpur,Nagpur,B-,0.04708016808483685,0
2026-09-09,18288,Lifeline Blood Centre Nagpur,Nagpur,B-,0.04708016808483685,0
2026-09-07,18288,Lifeline Blood Centre Nagpur,Nagpur,O+,0.045072468254795155,0
2026-09-08,18288,Lifeline Blood Centre Nagpur,Nagpur,O+,0.03129416750197441,0
2026-09-09,18288,Lifeline Blood Centre Nagpur,Nagpur,O+,0.05202420222433954,0
2026-09-07,18288,Lifeline Blood Centre Nagpur,Nagpur,O-,0.16210439842287436,0
2026-09-08,18288,Lifeline Blood Centre Nagpur,Nagpur,O-,0.16311692635487893,0
2026-09-09,18288,Lifeline Blood Centre Nagpur,Nagpur,O-,0.09588567459878689,0
2026-09-07,18289,Rainbow Blood Centre,Nagpur,A+,0.00189020356093118,0
2026-09-08,18289,Rainbow Blood Centre,Nagpur,A+,0.00189020356093118,0
2026-09-09,18289,Rainbow Blood Centre,Nagpur,A+,0.00189020356093118,0
2026-09-07,18289,Rainbow Blood Centre,Nagpur,A-,0.04708016808483685,0
2026-09-08,18289,Rainbow Blood Centre,Nagpur,A-,0.04708016808483685,0
2026-09-09,18289,Rainbow Blood Centre,Nagpur,A-,0.04708016808483685,0
2026-09-07,18289,Rainbow Blood Centre,Nagpur,AB+,0.00236836796173176,0
2026-09-08,18289,Rainbow Blood Centre,Nagpur,AB+,0.01299553640045768,0
2026-09-09,18289,Rainbow Blood Centre,Nagpur,AB+,0.002349877188887473,0
2026-09-07,18289,Rainbow Blood Centre,Nagpur,AB-,0.04708016808483685,0
2026-09-08,18289,Rainbow Blood Centre,Nagpur,AB-,0.04708016808483685,0
2026-09-09,18289,Rainbow Blood Centre,Nagpur,AB-,0.04708016808483685,0
2026-09-07,18289,Rainbow Blood Centre,Nagpur,B+,0.0021205543004745573,0
2026-09-08,18289,Rainbow Blood Centre,Nagpur,B+,0.0023124518733519998,0
2026-09-09,18289,Rainbow Blood Centre,Nagpur,B+,0.002533866370798443,0
2026-09-07,18289,Rainbow Blood Centre,Nagpur,B-,0.9569767387238788,1
2026-09-08,18289,Rainbow Blood Centre,Nagpur,B-,0.9569767387238788,1
2026-09-09,18289,Rainbow Blood Centre,Nagpur,B-,0.9569767387238788,1
2026-09-07,18289,Rainbow Blood Centre,Nagpur,O+,0.00189020356093118,0
2026-09-08,18289,Rainbow Blood Centre,Nagpur,O+,0.0016710067755597783,0
2026-09-09,18289,Rainbow Blood Centre,Nagpur,O+,0.001648900535990075,0
2026-09-07,18289,Rainbow Blood Centre,Nagpur,O-,0.030170888001377773,0
2026-09-08,18289,Rainbow Blood Centre,Nagpur,O-,0.030170888001377773,0
2026-09-09,18289,Rainbow Blood Centre,Nagpur,O-,0.030170888001377773,0
2026-09-07,18290,Dean Government Medical College And Super Speciality Hospital Blood Centre,Nagpur,A+,0.9569767387238788,1
2026-09-08,18290,Dean Government Medical College And Super Speciality Hospital Blood Centre,Nagpur,A+,0.9569767387238788,1
2026-09-09,18290,Dean Government Medical College And Super Speciality Hospital Blood Centre,Nagpur,A+,0.9569767387238788,1
2026-09-07,18290,Dean Government Medical College And Super Speciality Hospital Blood Centre,Nagpur,A-,0.9569767387238788,1
2026-09-08,18290,Dean Government Medical College And Super Speciality Hospital Blood Centre,Nagpur,A-,0.9569767387238788,1
2026-09-09,18290,Dean Government Medical College And Super Speciality Hospital Blood Centre,Nagpur,A-,0.9569767387238788,1
2026-09-07,18290,Dean Government Medical College And Super Speciality Hospital Blood Centre,Nagpur,AB+,0.9569767387238788,1
2026-09-08,18290,Dean Government Medical College And Super Speciality Hospital Blood Centre,Nagpur,AB+,0.9569767387238788,1
2026-09-09,18290,Dean Government Medical College And Super Speciality Hospital Blood Centre,Nagpur,AB+,0.9569767387238788,1
2026-09-07,18290,Dean Government Medical College And Super Speciality Hospital Blood Centre,Nagpur,AB-,0.9569767387238788,1
2026-09-08,18290,Dean Government Medical College And Super Speciality Hospital Blood Centre,Nagpur,AB-,0.9569767387238788,1
2026-09-09,18290,Dean Government Medical College And Super Speciality Hospital Blood Centre,Nagpur,AB-,0.9569767387238788,1
2026-09-07,18290,Dean Government Medical College And Super Speciality Hospital Blood Centre,Nagpur,B+,0.9569767387238788,1
2026-09-08,18290,Dean Government Medical College And Super Speciality Hospital Blood Centre,Nagpur,B+,0.9569767387238788,1
2026-09-09,18290,Dean Government Medical College And Super Speciality Hospital Blood Centre,Nagpur,B+,0.9569767387238788,1
2026-09-07,18290,Dean Government Medical College And Super Speciality Hospital Blood Centre,Nagpur,B-,0.9569767387238788,1
2026-09-08,18290,Dean Government Medical College And Super Speciality Hospital Blood Centre,Nagpur,B-,0.9569767387238788,1
2026-09-09,18290,Dean Government Medical College And Super Speciality Hospital Blood Centre,Nagpur,B-,0.9569767387238788,1
2026-09-07,18290,Dean Government Medical College And Super Speciality Hospital Blood Centre,Nagpur,O+,0.9569767387238788,1
2026-09-08,18290,Dean Government Medical College And Super Speciality Hospital Blood Centre,Nagpur,O+,0.9569767387238788,1
2026-09-09,18290,Dean Government Medical College And Super Speciality Hospital Blood Centre,Nagpur,O+,0.9569767387238788,1
2026-09-07,18290,Dean Government Medical College And Super Speciality Hospital Blood Centre,Nagpur,O-,0.9569767387238788,1
2026-09-08,18290,Dean Government Medical College And Super Speciality Hospital Blood Centre,Nagpur,O-,0.9569767387238788,1
2026-09-09,18290,Dean Government Medical College And Super Speciality Hospital Blood Centre,Nagpur,O-,0.9569767387238788,1
2026-09-07,18291,"District - Civil Surgeon,  General Hospital Blood Centre Wardha",Wardha,A+,0.005182635865648206,0
2026-09-08,18291,"District - Civil Surgeon,  General Hospital Blood Centre Wardha",Wardha,A+,0.00589243011093701,0
2026-09-09,18291,"District - Civil Surgeon,  General Hospital Blood Centre Wardha",Wardha,A+,0.00589243011093701,0
2026-09-07,18291,"District - Civil Surgeon,  General Hospital Blood Centre Wardha",Wardha,A-,0.09588567459878689,0
2026-09-08,18291,"District - Civil Surgeon,  General Hospital Blood Centre Wardha",Wardha,A-,0.09588567459878689,0
2026-09-09,18291,"District - Civil Surgeon,  General Hospital Blood Centre Wardha",Wardha,A-,0.09588567459878689,0
2026-09-07,18291,"District - Civil Surgeon,  General Hospital Blood Centre Wardha",Wardha,AB+,0.028831849716799477,0
2026-09-08,18291,"District - Civil Surgeon,  General Hospital Blood Centre Wardha",Wardha,AB+,0.030170888001377773,0
2026-09-09,18291,"District - Civil Surgeon,  General Hospital Blood Centre Wardha",Wardha,AB+,0.030170888001377773,0
2026-09-07,18291,"District - Civil Surgeon,  General Hospital Blood Centre Wardha",Wardha,AB-,0.09588567459878689,0
2026-09-08,18291,"District - Civil Surgeon,  General Hospital Blood Centre Wardha",Wardha,AB-,0.09588567459878689,0
2026-09-09,18291,"District - Civil Surgeon,  General Hospital Blood Centre Wardha",Wardha,AB-,0.09588567459878689,0
2026-09-07,18291,"District - Civil Surgeon,  General Hospital Blood Centre Wardha",Wardha,B+,0.007677396999808781,0
2026-09-08,18291,"District - Civil Surgeon,  General Hospital Blood Centre Wardha",Wardha,B+,0.022298314276277785,0
2026-09-09,18291,"District - Civil Surgeon,  General Hospital Blood Centre Wardha",Wardha,B+,0.022298314276277785,0
2026-09-07,18291,"District - Civil Surgeon,  General Hospital Blood Centre Wardha",Wardha,B-,0.9569767387238788,1
2026-09-08,18291,"District - Civil Surgeon,  General Hospital Blood Centre Wardha",Wardha,B-,0.9569767387238788,1
2026-09-09,18291,"District - Civil Surgeon,  General Hospital Blood Centre Wardha",Wardha,B-,0.9569767387238788,1
2026-09-07,18291,"District - Civil Surgeon,  General Hospital Blood Centre Wardha",Wardha,O+,0.003557535849052034,0
2026-09-08,18291,"District - Civil Surgeon,  General Hospital Blood Centre Wardha",Wardha,O+,0.002255519715361972,0
2026-09-09,18291,"District - Civil Surgeon,  General Hospital Blood Centre Wardha",Wardha,O+,0.002255519715361972,0
2026-09-07,18291,"District - Civil Surgeon,  General Hospital Blood Centre Wardha",Wardha,O-,0.022229048452583756,0
2026-09-08,18291,"District - Civil Surgeon,  General Hospital Blood Centre Wardha",Wardha,O-,0.022229048452583756,0
2026-09-09,18291,"District - Civil Surgeon,  General Hospital Blood Centre Wardha",Wardha,O-,0.022229048452583756,0
2026-09-07,18292,"Kasturba Health SocietyS, Blood Centre, Sevagram(Mgims)",Wardha,A+,0.014482674121933412,0
2026-09-08,18292,"Kasturba Health SocietyS, Blood Centre, Sevagram(Mgims)",Wardha,A+,0.014084747489169307,0
2026-09-09,18292,"Kasturba Health SocietyS, Blood Centre, Sevagram(Mgims)",Wardha,A+,0.018993253470331675,0
2026-09-07,18292,"Kasturba Health SocietyS, Blood Centre, Sevagram(Mgims)",Wardha,A-,0.9569767387238788,1
2026-09-08,18292,"Kasturba Health SocietyS, Blood Centre, Sevagram(Mgims)",Wardha,A-,0.9569767387238788,1
2026-09-09,18292,"Kasturba Health SocietyS, Blood Centre, Sevagram(Mgims)",Wardha,A-,0.9569767387238788,1
2026-09-07,18292,"Kasturba Health SocietyS, Blood Centre, Sevagram(Mgims)",Wardha,AB+,0.016434218111817545,0
2026-09-08,18292,"Kasturba Health SocietyS, Blood Centre, Sevagram(Mgims)",Wardha,AB+,0.011119883423728544,0
2026-09-09,18292,"Kasturba Health SocietyS, Blood Centre, Sevagram(Mgims)",Wardha,AB+,0.014284130536820809,0
2026-09-07,18292,"Kasturba Health SocietyS, Blood Centre, Sevagram(Mgims)",Wardha,AB-,0.9569767387238788,1
2026-09-08,18292,"Kasturba Health SocietyS, Blood Centre, Sevagram(Mgims)",Wardha,AB-,0.9569767387238788,1
2026-09-09,18292,"Kasturba Health SocietyS, Blood Centre, Sevagram(Mgims)",Wardha,AB-,0.9569767387238788,1
2026-09-07,18292,"Kasturba Health SocietyS, Blood Centre, Sevagram(Mgims)",Wardha,B+,0.03059370699071367,0
2026-09-08,18292,"Kasturba Health SocietyS, Blood Centre, Sevagram(Mgims)",Wardha,B+,0.012657508152990762,0
2026-09-09,18292,"Kasturba Health SocietyS, Blood Centre, Sevagram(Mgims)",Wardha,B+,0.031426306791898555,0
2026-09-07,18292,"Kasturba Health SocietyS, Blood Centre, Sevagram(Mgims)",Wardha,B-,0.022652282591765858,0
2026-09-08,18292,"Kasturba Health SocietyS, Blood Centre, Sevagram(Mgims)",Wardha,B-,0.022652282591765858,0
2026-09-09,18292,"Kasturba Health SocietyS, Blood Centre, Sevagram(Mgims)",Wardha,B-,0.022652282591765858,0
2026-09-07,18292,"Kasturba Health SocietyS, Blood Centre, Sevagram(Mgims)",Wardha,O+,0.010213101176502096,0
2026-09-08,18292,"Kasturba Health SocietyS, Blood Centre, Sevagram(Mgims)",Wardha,O+,0.008270055668488492,0
2026-09-09,18292,"Kasturba Health SocietyS, Blood Centre, Sevagram(Mgims)",Wardha,O+,0.010305967896048988,0
2026-09-07,18292,"Kasturba Health SocietyS, Blood Centre, Sevagram(Mgims)",Wardha,O-,0.9569767387238788,1
2026-09-08,18292,"Kasturba Health SocietyS, Blood Centre, Sevagram(Mgims)",Wardha,O-,0.9569767387238788,1
2026-09-09,18292,"Kasturba Health SocietyS, Blood Centre, Sevagram(Mgims)",Wardha,O-,0.9569767387238788,1
2026-09-07,18293,Jawaharlal Nehru Medical College Blood Centre,Wardha,A+,0.0023502869046517125,0
2026-09-08,18293,Jawaharlal Nehru Medical College Blood Centre,Wardha,A+,0.0019296236591238637,0
2026-09-09,18293,Jawaharlal Nehru Medical College Blood Centre,Wardha,A+,0.0023502869046517125,0
2026-09-07,18293,Jawaharlal Nehru Medical College Blood Centre,Wardha,A-,0.14681513403309893,0
2026-09-08,18293,Jawaharlal Nehru Medical College Blood Centre,Wardha,A-,0.05421883653906218,0
2026-09-09,18293,Jawaharlal Nehru Medical College Blood Centre,Wardha,A-,0.08551396782656936,0
2026-09-07,18293,Jawaharlal Nehru Medical College Blood Centre,Wardha,AB+,0.04708016808483685,0
2026-09-08,18293,Jawaharlal Nehru Medical College Blood Centre,Wardha,AB+,0.04708016808483685,0
2026-09-09,18293,Jawaharlal Nehru Medical College Blood Centre,Wardha,AB+,0.03286503439273383,0
2026-09-07,18293,Jawaharlal Nehru Medical College Blood Centre,Wardha,AB-,0.9569767387238788,1
2026-09-08,18293,Jawaharlal Nehru Medical College Blood Centre,Wardha,AB-,0.9569767387238788,1
2026-09-09,18293,Jawaharlal Nehru Medical College Blood Centre,Wardha,AB-,0.9569767387238788,1
2026-09-07,18293,Jawaharlal Nehru Medical College Blood Centre,Wardha,B+,0.002081411434515316,0
2026-09-08,18293,Jawaharlal Nehru Medical College Blood Centre,Wardha,B+,0.0027051912706242925,0
2026-09-09,18293,Jawaharlal Nehru Medical College Blood Centre,Wardha,B+,0.0021789692231545,0
2026-09-07,18293,Jawaharlal Nehru Medical College Blood Centre,Wardha,B-,0.7542144173100465,1
2026-09-08,18293,Jawaharlal Nehru Medical College Blood Centre,Wardha,B-,0.8017482753365046,1
2026-09-09,18293,Jawaharlal Nehru Medical College Blood Centre,Wardha,B-,0.32268418572950647,0
2026-09-07,18293,Jawaharlal Nehru Medical College Blood Centre,Wardha,O+,0.002081411434515316,0
2026-09-08,18293,Jawaharlal Nehru Medical College Blood Centre,Wardha,O+,0.0042666735589751495,0
2026-09-09,18293,Jawaharlal Nehru Medical College Blood Centre,Wardha,O+,0.002081411434515316,0
2026-09-07,18293,Jawaharlal Nehru Medical College Blood Centre,Wardha,O-,0.02693490311827044,0
2026-09-08,18293,Jawaharlal Nehru Medical College Blood Centre,Wardha,O-,0.02693490311827044,0
2026-09-09,18293,Jawaharlal Nehru Medical College Blood Centre,Wardha,O-,0.02693490311827044,0
2026-09-07,18295,"Arpan Blood Centre,Blood Component Lab. And Aphersis Centre",Ahmadnagar,A+,0.019242442702893815,0
2026-09-08,18295,"Arpan Blood Centre,Blood Component Lab. And Aphersis Centre",Ahmadnagar,A+,0.3536471801397764,0
2026-09-09,18295,"Arpan Blood Centre,Blood Component Lab. And Aphersis Centre",Ahmadnagar,A+,0.5405553237568677,1
2026-09-07,18295,"Arpan Blood Centre,Blood Component Lab. And Aphersis Centre",Ahmadnagar,A-,0.04708016808483685,0
2026-09-08,18295,"Arpan Blood Centre,Blood Component Lab. And Aphersis Centre",Ahmadnagar,A-,0.16210439842287436,0
2026-09-09,18295,"Arpan Blood Centre,Blood Component Lab. And Aphersis Centre",Ahmadnagar,A-,0.6732578724904705,1
2026-09-07,18295,"Arpan Blood Centre,Blood Component Lab. And Aphersis Centre",Ahmadnagar,AB+,0.005312884228245267,0
2026-09-08,18295,"Arpan Blood Centre,Blood Component Lab. And Aphersis Centre",Ahmadnagar,AB+,0.004307149927412749,0
2026-09-09,18295,"Arpan Blood Centre,Blood Component Lab. And Aphersis Centre",Ahmadnagar,AB+,0.0015509556615571397,0
2026-09-07,18295,"Arpan Blood Centre,Blood Component Lab. And Aphersis Centre",Ahmadnagar,AB-,0.9569767387238788,1
2026-09-08,18295,"Arpan Blood Centre,Blood Component Lab. And Aphersis Centre",Ahmadnagar,AB-,0.9569767387238788,1
2026-09-09,18295,"Arpan Blood Centre,Blood Component Lab. And Aphersis Centre",Ahmadnagar,AB-,0.9569767387238788,1
2026-09-07,18295,"Arpan Blood Centre,Blood Component Lab. And Aphersis Centre",Ahmadnagar,B+,0.0016710067755597783,0
2026-09-08,18295,"Arpan Blood Centre,Blood Component Lab. And Aphersis Centre",Ahmadnagar,B+,0.0018922577248733372,0
2026-09-09,18295,"Arpan Blood Centre,Blood Component Lab. And Aphersis Centre",Ahmadnagar,B+,0.00414932041479862,0
2026-09-07,18295,"Arpan Blood Centre,Blood Component Lab. And Aphersis Centre",Ahmadnagar,B-,0.017718354444483823,0
2026-09-08,18295,"Arpan Blood Centre,Blood Component Lab. And Aphersis Centre",Ahmadnagar,B-,0.02394800779367308,0
2026-09-09,18295,"Arpan Blood Centre,Blood Component Lab. And Aphersis Centre",Ahmadnagar,B-,0.022802306006585386,0
2026-09-07,18295,"Arpan Blood Centre,Blood Component Lab. And Aphersis Centre",Ahmadnagar,O+,0.0051365098113376586,0
2026-09-08,18295,"Arpan Blood Centre,Blood Component Lab. And Aphersis Centre",Ahmadnagar,O+,0.004723846159031045,0
2026-09-09,18295,"Arpan Blood Centre,Blood Component Lab. And Aphersis Centre",Ahmadnagar,O+,0.0043827533296454495,0
2026-09-07,18295,"Arpan Blood Centre,Blood Component Lab. And Aphersis Centre",Ahmadnagar,O-,0.03197768588312568,0
2026-09-08,18295,"Arpan Blood Centre,Blood Component Lab. And Aphersis Centre",Ahmadnagar,O-,0.051563434564605645,0
2026-09-09,18295,"Arpan Blood Centre,Blood Component Lab. And Aphersis Centre",Ahmadnagar,O-,0.025599083673906342,0
2026-09-07,18297,The Santajee Educational And Medical Foundation Trusts Navjeevan Blood Centre,Nashik,A+,0.0022991391054977797,0
2026-09-08,18297,The Santajee Educational And Medical Foundation Trusts Navjeevan Blood Centre,Nashik,A+,0.0022991391054977797,0
2026-09-09,18297,The Santajee Educational And Medical Foundation Trusts Navjeevan Blood Centre,Nashik,A+,0.0022991391054977797,0
2026-09-07,18297,The Santajee Educational And Medical Foundation Trusts Navjeevan Blood Centre,Nashik,A-,0.05521174784114692,0
2026-09-08,18297,The Santajee Educational And Medical Foundation Trusts Navjeevan Blood Centre,Nashik,A-,0.34411077595010625,0
2026-09-09,18297,The Santajee Educational And Medical Foundation Trusts Navjeevan Blood Centre,Nashik,A-,0.05521174784114692,0
2026-09-07,18297,The Santajee Educational And Medical Foundation Trusts Navjeevan Blood Centre,Nashik,AB+,0.0021325293501712125,0
2026-09-08,18297,The Santajee Educational And Medical Foundation Trusts Navjeevan Blood Centre,Nashik,AB+,0.0021325293501712125,0
2026-09-09,18297,The Santajee Educational And Medical Foundation Trusts Navjeevan Blood Centre,Nashik,AB+,0.0021325293501712125,0
2026-09-07,18297,The Santajee Educational And Medical Foundation Trusts Navjeevan Blood Centre,Nashik,AB-,0.04708016808483685,0
2026-09-08,18297,The Santajee Educational And Medical Foundation Trusts Navjeevan Blood Centre,Nashik,AB-,0.04708016808483685,0
2026-09-09,18297,The Santajee Educational And Medical Foundation Trusts Navjeevan Blood Centre,Nashik,AB-,0.04708016808483685,0
2026-09-07,18297,The Santajee Educational And Medical Foundation Trusts Navjeevan Blood Centre,Nashik,B+,0.0021789692231545,0
2026-09-08,18297,The Santajee Educational And Medical Foundation Trusts Navjeevan Blood Centre,Nashik,B+,0.0021789692231545,0
2026-09-09,18297,The Santajee Educational And Medical Foundation Trusts Navjeevan Blood Centre,Nashik,B+,0.0021789692231545,0
2026-09-07,18297,The Santajee Educational And Medical Foundation Trusts Navjeevan Blood Centre,Nashik,B-,0.9569767387238788,1
2026-09-08,18297,The Santajee Educational And Medical Foundation Trusts Navjeevan Blood Centre,Nashik,B-,0.9569767387238788,1
2026-09-09,18297,The Santajee Educational And Medical Foundation Trusts Navjeevan Blood Centre,Nashik,B-,0.9569767387238788,1
2026-09-07,18297,The Santajee Educational And Medical Foundation Trusts Navjeevan Blood Centre,Nashik,O+,0.0021789692231545,0
2026-09-08,18297,The Santajee Educational And Medical Foundation Trusts Navjeevan Blood Centre,Nashik,O+,0.0021789692231545,0
2026-09-09,18297,The Santajee Educational And Medical Foundation Trusts Navjeevan Blood Centre,Nashik,O+,0.0021789692231545,0
2026-09-07,18297,The Santajee Educational And Medical Foundation Trusts Navjeevan Blood Centre,Nashik,O-,0.02693490311827044,0
2026-09-08,18297,The Santajee Educational And Medical Foundation Trusts Navjeevan Blood Centre,Nashik,O-,0.02693490311827044,0
2026-09-09,18297,The Santajee Educational And Medical Foundation Trusts Navjeevan Blood Centre,Nashik,O-,0.02693490311827044,0
2026-09-07,27104,Sanjeevani Blood Centre,Aurangabad,A+,0.0033226641985042212,0
2026-09-08,27104,Sanjeevani Blood Centre,Aurangabad,A+,0.00964430423440345,0
2026-09-09,27104,Sanjeevani Blood Centre,Aurangabad,A+,0.011270971466917298,0
2026-09-07,27104,Sanjeevani Blood Centre,Aurangabad,A-,0.15201158660872927,0
2026-09-08,27104,Sanjeevani Blood Centre,Aurangabad,A-,0.05840963795906487,0
2026-09-09,27104,Sanjeevani Blood Centre,Aurangabad,A-,0.13265385587102013,0
2026-09-07,27104,Sanjeevani Blood Centre,Aurangabad,AB+,0.00466778918952197,0
2026-09-08,27104,Sanjeevani Blood Centre,Aurangabad,AB+,0.08967966767736849,0
2026-09-09,27104,Sanjeevani Blood Centre,Aurangabad,AB+,0.05786266420733842,0
2026-09-07,27104,Sanjeevani Blood Centre,Aurangabad,AB-,0.9569767387238788,1
2026-09-08,27104,Sanjeevani Blood Centre,Aurangabad,AB-,0.9569767387238788,1
2026-09-09,27104,Sanjeevani Blood Centre,Aurangabad,AB-,0.9569767387238788,1
2026-09-07,27104,Sanjeevani Blood Centre,Aurangabad,B+,0.001648900535990075,0
2026-09-08,27104,Sanjeevani Blood Centre,Aurangabad,B+,0.00189020356093118,0
2026-09-09,27104,Sanjeevani Blood Centre,Aurangabad,B+,0.009903534319930763,0
2026-09-07,27104,Sanjeevani Blood Centre,Aurangabad,B-,0.030170888001377773,0
2026-09-08,27104,Sanjeevani Blood Centre,Aurangabad,B-,0.030170888001377773,0
2026-09-09,27104,Sanjeevani Blood Centre,Aurangabad,B-,0.35436282402880315,0
2026-09-07,27104,Sanjeevani Blood Centre,Aurangabad,O+,0.0019035557579171144,0
2026-09-08,27104,Sanjeevani Blood Centre,Aurangabad,O+,0.0022971773746879084,0
2026-09-09,27104,Sanjeevani Blood Centre,Aurangabad,O+,0.0016710067755597783,0
2026-09-07,27104,Sanjeevani Blood Centre,Aurangabad,O-,0.02693490311827044,0
2026-09-08,27104,Sanjeevani Blood Centre,Aurangabad,O-,0.02693490311827044,0
2026-09-09,27104,Sanjeevani Blood Centre,Aurangabad,O-,0.08680707578515685,0
2026-09-07,27105,Indian Red Cross Society Blood Bank Ratnagiri,Ratnagiri,A+,0.0022832729539047102,0
2026-09-08,27105,Indian Red Cross Society Blood Bank Ratnagiri,Ratnagiri,A+,0.0030986253715431927,0
2026-09-09,27105,Indian Red Cross Society Blood Bank Ratnagiri,Ratnagiri,A+,0.0022832729539047102,0
2026-09-07,27105,Indian Red Cross Society Blood Bank Ratnagiri,Ratnagiri,A-,0.9569767387238788,1
2026-09-08,27105,Indian Red Cross Society Blood Bank Ratnagiri,Ratnagiri,A-,0.9569767387238788,1
2026-09-09,27105,Indian Red Cross Society Blood Bank Ratnagiri,Ratnagiri,A-,0.9569767387238788,1
2026-09-07,27105,Indian Red Cross Society Blood Bank Ratnagiri,Ratnagiri,AB+,0.018069289437621084,0
2026-09-08,27105,Indian Red Cross Society Blood Bank Ratnagiri,Ratnagiri,AB+,0.018069289437621084,0
2026-09-09,27105,Indian Red Cross Society Blood Bank Ratnagiri,Ratnagiri,AB+,0.031019637127433688,0
2026-09-07,27105,Indian Red Cross Society Blood Bank Ratnagiri,Ratnagiri,AB-,0.09588567459878689,0
2026-09-08,27105,Indian Red Cross Society Blood Bank Ratnagiri,Ratnagiri,AB-,0.09588567459878689,0
2026-09-09,27105,Indian Red Cross Society Blood Bank Ratnagiri,Ratnagiri,AB-,0.09588567459878689,0
2026-09-07,27105,Indian Red Cross Society Blood Bank Ratnagiri,Ratnagiri,B+,0.002621488626421924,0
2026-09-08,27105,Indian Red Cross Society Blood Bank Ratnagiri,Ratnagiri,B+,0.0025685839032722545,0
2026-09-09,27105,Indian Red Cross Society Blood Bank Ratnagiri,Ratnagiri,B+,0.007313097379792421,0
2026-09-07,27105,Indian Red Cross Society Blood Bank Ratnagiri,Ratnagiri,B-,0.9569767387238788,1
2026-09-08,27105,Indian Red Cross Society Blood Bank Ratnagiri,Ratnagiri,B-,0.9569767387238788,1
2026-09-09,27105,Indian Red Cross Society Blood Bank Ratnagiri,Ratnagiri,B-,0.9569767387238788,1
2026-09-07,27105,Indian Red Cross Society Blood Bank Ratnagiri,Ratnagiri,O+,0.0023011712854675353,0
2026-09-08,27105,Indian Red Cross Society Blood Bank Ratnagiri,Ratnagiri,O+,0.0023011712854675353,0
2026-09-09,27105,Indian Red Cross Society Blood Bank Ratnagiri,Ratnagiri,O+,0.002081411434515316,0
2026-09-07,27105,Indian Red Cross Society Blood Bank Ratnagiri,Ratnagiri,O-,0.9569767387238788,1
2026-09-08,27105,Indian Red Cross Society Blood Bank Ratnagiri,Ratnagiri,O-,0.9569767387238788,1
2026-09-09,27105,Indian Red Cross Society Blood Bank Ratnagiri,Ratnagiri,O-,0.9569767387238788,1
2026-09-07,27107,TATA MEMORIAL CENTRE-ACTREC,Mumbai,A+,0.31460226425080806,0
2026-09-08,27107,TATA MEMORIAL CENTRE-ACTREC,Mumbai,A+,0.04915414733773612,0
2026-09-09,27107,TATA MEMORIAL CENTRE-ACTREC,Mumbai,A+,0.2246574848471846,0
2026-09-07,27107,TATA MEMORIAL CENTRE-ACTREC,Mumbai,A-,0.9569767387238788,1
2026-09-08,27107,TATA MEMORIAL CENTRE-ACTREC,Mumbai,A-,0.9569767387238788,1
2026-09-09,27107,TATA MEMORIAL CENTRE-ACTREC,Mumbai,A-,0.9569767387238788,1
2026-09-07,27107,TATA MEMORIAL CENTRE-ACTREC,Mumbai,AB+,0.31460226425080806,0
2026-09-08,27107,TATA MEMORIAL CENTRE-ACTREC,Mumbai,AB+,0.04915414733773612,0
2026-09-09,27107,TATA MEMORIAL CENTRE-ACTREC,Mumbai,AB+,0.2246574848471846,0
2026-09-07,27107,TATA MEMORIAL CENTRE-ACTREC,Mumbai,AB-,0.9569767387238788,1
2026-09-08,27107,TATA MEMORIAL CENTRE-ACTREC,Mumbai,AB-,0.9569767387238788,1
2026-09-09,27107,TATA MEMORIAL CENTRE-ACTREC,Mumbai,AB-,0.9569767387238788,1
2026-09-07,27107,TATA MEMORIAL CENTRE-ACTREC,Mumbai,B+,0.31460226425080806,0
2026-09-08,27107,TATA MEMORIAL CENTRE-ACTREC,Mumbai,B+,0.04915414733773612,0
2026-09-09,27107,TATA MEMORIAL CENTRE-ACTREC,Mumbai,B+,0.2246574848471846,0
2026-09-07,27107,TATA MEMORIAL CENTRE-ACTREC,Mumbai,B-,0.9569767387238788,1
2026-09-08,27107,TATA MEMORIAL CENTRE-ACTREC,Mumbai,B-,0.9569767387238788,1
2026-09-09,27107,TATA MEMORIAL CENTRE-ACTREC,Mumbai,B-,0.9569767387238788,1
2026-09-07,27107,TATA MEMORIAL CENTRE-ACTREC,Mumbai,O+,0.31460226425080806,0
2026-09-08,27107,TATA MEMORIAL CENTRE-ACTREC,Mumbai,O+,0.04915414733773612,0
2026-09-09,27107,TATA MEMORIAL CENTRE-ACTREC,Mumbai,O+,0.06968415454184117,0
2026-09-07,27107,TATA MEMORIAL CENTRE-ACTREC,Mumbai,O-,0.9569767387238788,1
2026-09-08,27107,TATA MEMORIAL CENTRE-ACTREC,Mumbai,O-,0.9569767387238788,1
2026-09-09,27107,TATA MEMORIAL CENTRE-ACTREC,Mumbai,O-,0.9569767387238788,1
2026-09-07,27108,Jankalyan Blood Center,Nandurbar,A+,0.0012081753373930854,0
2026-09-08,27108,Jankalyan Blood Center,Nandurbar,A+,0.0012081753373930854,0
2026-09-09,27108,Jankalyan Blood Center,Nandurbar,A+,0.0012081753373930854,0
2026-09-07,27108,Jankalyan Blood Center,Nandurbar,A-,0.001941322672662959,0
2026-09-08,27108,Jankalyan Blood Center,Nandurbar,A-,0.0026089303727623407,0
2026-09-09,27108,Jankalyan Blood Center,Nandurbar,A-,0.0027700982248399604,0
2026-09-07,27108,Jankalyan Blood Center,Nandurbar,AB+,0.0036687797425627665,0
2026-09-08,27108,Jankalyan Blood Center,Nandurbar,AB+,0.0036687797425627665,0
2026-09-09,27108,Jankalyan Blood Center,Nandurbar,AB+,0.019375612779870283,0
2026-09-07,27108,Jankalyan Blood Center,Nandurbar,AB-,0.0021325293501712125,0
2026-09-08,27108,Jankalyan Blood Center,Nandurbar,AB-,0.0021325293501712125,0
2026-09-09,27108,Jankalyan Blood Center,Nandurbar,AB-,0.0021325293501712125,0
2026-09-07,27108,Jankalyan Blood Center,Nandurbar,B+,0.0011957829087145444,0
2026-09-08,27108,Jankalyan Blood Center,Nandurbar,B+,0.0012081753373930854,0
2026-09-09,27108,Jankalyan Blood Center,Nandurbar,B+,0.0012081753373930854,0
2026-09-07,27108,Jankalyan Blood Center,Nandurbar,B-,0.0023124518733519998,0
2026-09-08,27108,Jankalyan Blood Center,Nandurbar,B-,0.0023124518733519998,0
2026-09-09,27108,Jankalyan Blood Center,Nandurbar,B-,0.002218351521610158,0
2026-09-07,27108,Jankalyan Blood Center,Nandurbar,O+,0.006827246334378075,0
2026-09-08,27108,Jankalyan Blood Center,Nandurbar,O+,0.01439602137002279,0
2026-09-09,27108,Jankalyan Blood Center,Nandurbar,O+,0.087722628546856,0
2026-09-07,27108,Jankalyan Blood Center,Nandurbar,O-,0.002813965031728744,0
2026-09-08,27108,Jankalyan Blood Center,Nandurbar,O-,0.0027700982248399604,0
2026-09-09,27108,Jankalyan Blood Center,Nandurbar,O-,0.0024969291568260575,0
2026-09-07,27109,District General Hospital Blood Bank Satara,Satara,A+,0.9569767387238788,1
2026-09-08,27109,District General Hospital Blood Bank Satara,Satara,A+,0.9569767387238788,1
2026-09-09,27109,District General Hospital Blood Bank Satara,Satara,A+,0.9569767387238788,1
2026-09-07,27109,District General Hospital Blood Bank Satara,Satara,A-,0.9569767387238788,1
2026-09-08,27109,District General Hospital Blood Bank Satara,Satara,A-,0.9569767387238788,1
2026-09-09,27109,District General Hospital Blood Bank Satara,Satara,A-,0.9569767387238788,1
2026-09-07,27109,District General Hospital Blood Bank Satara,Satara,AB+,0.9569767387238788,1
2026-09-08,27109,District General Hospital Blood Bank Satara,Satara,AB+,0.9569767387238788,1
2026-09-09,27109,District General Hospital Blood Bank Satara,Satara,AB+,0.9569767387238788,1
2026-09-07,27109,District General Hospital Blood Bank Satara,Satara,AB-,0.9569767387238788,1
2026-09-08,27109,District General Hospital Blood Bank Satara,Satara,AB-,0.9569767387238788,1
2026-09-09,27109,District General Hospital Blood Bank Satara,Satara,AB-,0.9569767387238788,1
2026-09-07,27109,District General Hospital Blood Bank Satara,Satara,B+,0.9569767387238788,1
2026-09-08,27109,District General Hospital Blood Bank Satara,Satara,B+,0.9569767387238788,1
2026-09-09,27109,District General Hospital Blood Bank Satara,Satara,B+,0.9569767387238788,1
2026-09-07,27109,District General Hospital Blood Bank Satara,Satara,B-,0.9569767387238788,1
2026-09-08,27109,District General Hospital Blood Bank Satara,Satara,B-,0.9569767387238788,1
2026-09-09,27109,District General Hospital Blood Bank Satara,Satara,B-,0.9569767387238788,1
2026-09-07,27109,District General Hospital Blood Bank Satara,Satara,O+,0.9569767387238788,1
2026-09-08,27109,District General Hospital Blood Bank Satara,Satara,O+,0.9569767387238788,1
2026-09-09,27109,District General Hospital Blood Bank Satara,Satara,O+,0.9569767387238788,1
2026-09-07,27109,District General Hospital Blood Bank Satara,Satara,O-,0.9569767387238788,1
2026-09-08,27109,District General Hospital Blood Bank Satara,Satara,O-,0.9569767387238788,1
2026-09-09,27109,District General Hospital Blood Bank Satara,Satara,O-,0.9569767387238788,1
2026-09-07,27111,Shwas foundation kavathemahankal trust sanchalit maha blood centre and  comprehensive thalassemia day,Pune,A+,0.0016710067755597783,0
2026-09-08,27111,Shwas foundation kavathemahankal trust sanchalit maha blood centre and   comprehensive thalassemia day,Pune,A+,0.0016710067755597783,0
2026-09-09,27111,Shwas foundation kavathemahankal trust sanchalit maha blood centre and  comprehensive thalassemia day,Pune,A+,0.0028076297533046564,0
2026-09-07,27111,Shwas foundation kavathemahankal trust sanchalit maha blood centre and  comprehensive thalassemia day,Pune,A-,0.0726101230638756,0
2026-09-08,27111,Shwas foundation kavathemahankal trust sanchalit maha blood centre and   comprehensive thalassemia day,Pune,A-,0.04708016808483685,0
2026-09-09,27111,Shwas foundation kavathemahankal trust sanchalit maha blood centre and  comprehensive thalassemia day,Pune,A-,0.04708016808483685,0
2026-09-07,27111,Shwas foundation kavathemahankal trust sanchalit maha blood centre and  comprehensive thalassemia day,Pune,AB+,0.011929173022146938,0
2026-09-08,27111,Shwas foundation kavathemahankal trust sanchalit maha blood centre and   comprehensive thalassemia day,Pune,AB+,0.019724414018038188,0
2026-09-09,27111,Shwas foundation kavathemahankal trust sanchalit maha blood centre and  comprehensive thalassemia day,Pune,AB+,0.014591058076991565,0
2026-09-07,27111,Shwas foundation kavathemahankal trust sanchalit maha blood centre and  comprehensive thalassemia day,Pune,AB-,0.09588567459878689,0
2026-09-08,27111,Shwas foundation kavathemahankal trust sanchalit maha blood centre and   comprehensive thalassemia day,Pune,AB-,0.09588567459878689,0
2026-09-09,27111,Shwas foundation kavathemahankal trust sanchalit maha blood centre and  comprehensive thalassemia day,Pune,AB-,0.09588567459878689,0
2026-09-07,27111,Shwas foundation kavathemahankal trust sanchalit maha blood centre and  comprehensive thalassemia day,Pune,B+,0.00189020356093118,0
2026-09-08,27111,Shwas foundation kavathemahankal trust sanchalit maha blood centre and   comprehensive thalassemia day,Pune,B+,0.10378279387396254,0
2026-09-09,27111,Shwas foundation kavathemahankal trust sanchalit maha blood centre and  comprehensive thalassemia day,Pune,B+,0.001342652951779423,0
2026-09-07,27111,Shwas foundation kavathemahankal trust sanchalit maha blood centre and  comprehensive thalassemia day,Pune,B-,0.017326246650539934,0
2026-09-08,27111,Shwas foundation kavathemahankal trust sanchalit maha blood centre and   comprehensive thalassemia day,Pune,B-,0.022802306006585386,0
2026-09-09,27111,Shwas foundation kavathemahankal trust sanchalit maha blood centre and  comprehensive thalassemia day,Pune,B-,0.022813407864306006,0
2026-09-07,27111,Shwas foundation kavathemahankal trust sanchalit maha blood centre and  comprehensive thalassemia day,Pune,O+,0.0016710067755597783,0
2026-09-08,27111,Shwas foundation kavathemahankal trust sanchalit maha blood centre and   comprehensive thalassemia day,Pune,O+,0.0016710067755597783,0
2026-09-09,27111,Shwas foundation kavathemahankal trust sanchalit maha blood centre and  comprehensive thalassemia day,Pune,O+,0.0015779651425224034,0
2026-09-07,27111,Shwas foundation kavathemahankal trust sanchalit maha blood centre and  comprehensive thalassemia day,Pune,O-,0.022229048452583756,0
2026-09-08,27111,Shwas foundation kavathemahankal trust sanchalit maha blood centre and   comprehensive thalassemia day,Pune,O-,0.022229048452583756,0
2026-09-09,27111,Shwas foundation kavathemahankal trust sanchalit maha blood centre and  comprehensive thalassemia day,Pune,O-,0.02014311720528692,0
2026-09-07,27113,"Blood Bank Civil Hospital, Chandrapura",Chandrapur,A+,0.022229048452583756,0
2026-09-08,27113,"Blood Bank Civil Hospital, Chandrapura",Chandrapur,A+,0.022229048452583756,0
2026-09-09,27113,"Blood Bank Civil Hospital, Chandrapura",Chandrapur,A+,0.022229048452583756,0
2026-09-07,27113,"Blood Bank Civil Hospital, Chandrapura",Chandrapur,A-,0.9569767387238788,1
2026-09-08,27113,"Blood Bank Civil Hospital, Chandrapura",Chandrapur,A-,0.9569767387238788,1
2026-09-09,27113,"Blood Bank Civil Hospital, Chandrapura",Chandrapur,A-,0.9569767387238788,1
2026-09-07,27113,"Blood Bank Civil Hospital, Chandrapura",Chandrapur,AB+,0.030170888001377773,0
2026-09-08,27113,"Blood Bank Civil Hospital, Chandrapura",Chandrapur,AB+,0.030170888001377773,0
2026-09-09,27113,"Blood Bank Civil Hospital, Chandrapura",Chandrapur,AB+,0.030170888001377773,0
2026-09-07,27113,"Blood Bank Civil Hospital, Chandrapura",Chandrapur,AB-,0.9569767387238788,1
2026-09-08,27113,"Blood Bank Civil Hospital, Chandrapura",Chandrapur,AB-,0.9569767387238788,1
2026-09-09,27113,"Blood Bank Civil Hospital, Chandrapura",Chandrapur,AB-,0.9569767387238788,1
2026-09-07,27113,"Blood Bank Civil Hospital, Chandrapura",Chandrapur,B+,0.014087102374573161,0
2026-09-08,27113,"Blood Bank Civil Hospital, Chandrapura",Chandrapur,B+,0.014087102374573161,0
2026-09-09,27113,"Blood Bank Civil Hospital, Chandrapura",Chandrapur,B+,0.014087102374573161,0
2026-09-07,27113,"Blood Bank Civil Hospital, Chandrapura",Chandrapur,B-,0.9569767387238788,1
2026-09-08,27113,"Blood Bank Civil Hospital, Chandrapura",Chandrapur,B-,0.9569767387238788,1
2026-09-09,27113,"Blood Bank Civil Hospital, Chandrapura",Chandrapur,B-,0.9569767387238788,1
2026-09-07,27113,"Blood Bank Civil Hospital, Chandrapura",Chandrapur,O+,0.017718354444483823,0
2026-09-08,27113,"Blood Bank Civil Hospital, Chandrapura",Chandrapur,O+,0.017718354444483823,0
2026-09-09,27113,"Blood Bank Civil Hospital, Chandrapura",Chandrapur,O+,0.017718354444483823,0
2026-09-07,27113,"Blood Bank Civil Hospital, Chandrapura",Chandrapur,O-,0.04708016808483685,0
2026-09-08,27113,"Blood Bank Civil Hospital, Chandrapura",Chandrapur,O-,0.04708016808483685,0
2026-09-09,27113,"Blood Bank Civil Hospital, Chandrapura",Chandrapur,O-,0.04708016808483685,0
2026-09-07,27114,"Blood Bank Civil Hospital, Amravati",Amravati,A+,0.008146945292263482,0
2026-09-08,27114,"Blood Bank Civil Hospital, Amravati",Amravati,A+,0.018072655180572026,0
2026-09-09,27114,"Blood Bank Civil Hospital, Amravati",Amravati,A+,0.15127375659527925,0
2026-09-07,27114,"Blood Bank Civil Hospital, Amravati",Amravati,A-,0.17142593896278202,0
2026-09-08,27114,"Blood Bank Civil Hospital, Amravati",Amravati,A-,0.05521174784114692,0
2026-09-09,27114,"Blood Bank Civil Hospital, Amravati",Amravati,A-,0.04994048422235794,0
2026-09-07,27114,"Blood Bank Civil Hospital, Amravati",Amravati,AB+,0.008839297115978223,0
2026-09-08,27114,"Blood Bank Civil Hospital, Amravati",Amravati,AB+,0.017332527350669643,0
2026-09-09,27114,"Blood Bank Civil Hospital, Amravati",Amravati,AB+,0.012409351695490524,0
2026-09-07,27114,"Blood Bank Civil Hospital, Amravati",Amravati,AB-,0.09588567459878689,0
2026-09-08,27114,"Blood Bank Civil Hospital, Amravati",Amravati,AB-,0.09588567459878689,0
2026-09-09,27114,"Blood Bank Civil Hospital, Amravati",Amravati,AB-,0.09588567459878689,0
2026-09-07,27114,"Blood Bank Civil Hospital, Amravati",Amravati,B+,0.0022407579327550758,0
2026-09-08,27114,"Blood Bank Civil Hospital, Amravati",Amravati,B+,0.03652245033132317,0
2026-09-09,27114,"Blood Bank Civil Hospital, Amravati",Amravati,B+,0.003384826710921076,0
2026-09-07,27114,"Blood Bank Civil Hospital, Amravati",Amravati,B-,0.03197768588312568,0
2026-09-08,27114,"Blood Bank Civil Hospital, Amravati",Amravati,B-,0.026985526510550292,0
2026-09-09,27114,"Blood Bank Civil Hospital, Amravati",Amravati,B-,0.02693490311827044,0
2026-09-07,27114,"Blood Bank Civil Hospital, Amravati",Amravati,O+,0.0012081753373930854,0
2026-09-08,27114,"Blood Bank Civil Hospital, Amravati",Amravati,O+,0.00189020356093118,0
2026-09-09,27114,"Blood Bank Civil Hospital, Amravati",Amravati,O+,0.00336921955123655,0
2026-09-07,27114,"Blood Bank Civil Hospital, Amravati",Amravati,O-,0.04708016808483685,0
2026-09-08,27114,"Blood Bank Civil Hospital, Amravati",Amravati,O-,0.04708016808483685,0
2026-09-09,27114,"Blood Bank Civil Hospital, Amravati",Amravati,O-,0.04708016808483685,0
2026-09-07,27115,"Blood Bank Civil Hospital, Beed",Bid,A+,0.06870704684705387,0
2026-09-08,27115,"Blood Bank Civil Hospital, Beed",Bid,A+,0.14112269269756184,0
2026-09-09,27115,"Blood Bank Civil Hospital, Beed",Bid,A+,0.1456176115325335,0
2026-09-07,27115,"Blood Bank Civil Hospital, Beed",Bid,A-,0.04708016808483685,0
2026-09-08,27115,"Blood Bank Civil Hospital, Beed",Bid,A-,0.04708016808483685,0
2026-09-09,27115,"Blood Bank Civil Hospital, Beed",Bid,A-,0.04708016808483685,0
2026-09-07,27115,"Blood Bank Civil Hospital, Beed",Bid,AB+,0.16210439842287436,0
2026-09-08,27115,"Blood Bank Civil Hospital, Beed",Bid,AB+,0.07785971471391046,0
2026-09-09,27115,"Blood Bank Civil Hospital, Beed",Bid,AB+,0.2403949602165213,0
2026-09-07,27115,"Blood Bank Civil Hospital, Beed",Bid,AB-,0.14681513403309893,0
2026-09-08,27115,"Blood Bank Civil Hospital, Beed",Bid,AB-,0.7542144173100465,1
2026-09-09,27115,"Blood Bank Civil Hospital, Beed",Bid,AB-,0.8017482753365046,1
2026-09-07,27115,"Blood Bank Civil Hospital, Beed",Bid,B+,0.08626195831263556,0
2026-09-08,27115,"Blood Bank Civil Hospital, Beed",Bid,B+,0.030285571410475852,0
2026-09-09,27115,"Blood Bank Civil Hospital, Beed",Bid,B+,0.1040259309919038,0
2026-09-07,27115,"Blood Bank Civil Hospital, Beed",Bid,B-,0.03588405120561639,0
2026-09-08,27115,"Blood Bank Civil Hospital, Beed",Bid,B-,0.027568089055482303,0
2026-09-09,27115,"Blood Bank Civil Hospital, Beed",Bid,B-,0.028831849716799477,0
2026-09-07,27115,"Blood Bank Civil Hospital, Beed",Bid,O+,0.25986254515144824,0
2026-09-08,27115,"Blood Bank Civil Hospital, Beed",Bid,O+,0.059479941827419995,0
2026-09-09,27115,"Blood Bank Civil Hospital, Beed",Bid,O+,0.011889935568736253,0
2026-09-07,27115,"Blood Bank Civil Hospital, Beed",Bid,O-,0.024001538270706467,0
2026-09-08,27115,"Blood Bank Civil Hospital, Beed",Bid,O-,0.03013640246356194,0
2026-09-09,27115,"Blood Bank Civil Hospital, Beed",Bid,O-,0.011644288078439131,0
2026-09-07,27116,"Blood Bank Civil Hospital, Alibag",Raigarh,A+,0.0020706963245774768,0
2026-09-08,27116,"Blood Bank Civil Hospital, Alibag",Raigarh,A+,0.0037114718157644803,0
2026-09-09,27116,"Blood Bank Civil Hospital, Alibag",Raigarh,A+,0.006470724676695625,0
2026-09-07,27116,"Blood Bank Civil Hospital, Alibag",Raigarh,A-,0.030170888001377773,0
2026-09-08,27116,"Blood Bank Civil Hospital, Alibag",Raigarh,A-,0.030170888001377773,0
2026-09-09,27116,"Blood Bank Civil Hospital, Alibag",Raigarh,A-,0.030170888001377773,0
2026-09-07,27116,"Blood Bank Civil Hospital, Alibag",Raigarh,AB+,0.010433960200280019,0
2026-09-08,27116,"Blood Bank Civil Hospital, Alibag",Raigarh,AB+,0.004379405824755255,0
2026-09-09,27116,"Blood Bank Civil Hospital, Alibag",Raigarh,AB+,0.007590742650958709,0
2026-09-07,27116,"Blood Bank Civil Hospital, Alibag",Raigarh,AB-,0.9569767387238788,1
2026-09-08,27116,"Blood Bank Civil Hospital, Alibag",Raigarh,AB-,0.9569767387238788,1
2026-09-09,27116,"Blood Bank Civil Hospital, Alibag",Raigarh,AB-,0.9569767387238788,1
2026-09-07,27116,"Blood Bank Civil Hospital, Alibag",Raigarh,B+,0.021983065393344145,0
2026-09-08,27116,"Blood Bank Civil Hospital, Alibag",Raigarh,B+,0.02894408328876617,0
2026-09-09,27116,"Blood Bank Civil Hospital, Alibag",Raigarh,B+,0.05509748066459148,0
2026-09-07,27116,"Blood Bank Civil Hospital, Alibag",Raigarh,B-,0.02693490311827044,0
2026-09-08,27116,"Blood Bank Civil Hospital, Alibag",Raigarh,B-,0.02693490311827044,0
2026-09-09,27116,"Blood Bank Civil Hospital, Alibag",Raigarh,B-,0.02693490311827044,0
2026-09-07,27116,"Blood Bank Civil Hospital, Alibag",Raigarh,O+,0.024275096369381643,0
2026-09-08,27116,"Blood Bank Civil Hospital, Alibag",Raigarh,O+,0.026479549893792816,0
2026-09-09,27116,"Blood Bank Civil Hospital, Alibag",Raigarh,O+,0.08049415395919801,0
2026-09-07,27116,"Blood Bank Civil Hospital, Alibag",Raigarh,O-,0.02693490311827044,0
2026-09-08,27116,"Blood Bank Civil Hospital, Alibag",Raigarh,O-,0.08680707578515685,0
2026-09-09,27116,"Blood Bank Civil Hospital, Alibag",Raigarh,O-,0.05200648253892521,0
2026-09-07,27117,"Blood Bank Civil Hospital, Bhandara",Bhandara,A+,0.021983065393344145,0
2026-09-08,27117,"Blood Bank Civil Hospital, Bhandara",Bhandara,A+,0.029074887410538194,0
2026-09-09,27117,"Blood Bank Civil Hospital, Bhandara",Bhandara,A+,0.02861734596121712,0
2026-09-07,27117,"Blood Bank Civil Hospital, Bhandara",Bhandara,A-,0.030170888001377773,0
2026-09-08,27117,"Blood Bank Civil Hospital, Bhandara",Bhandara,A-,0.030170888001377773,0
2026-09-09,27117,"Blood Bank Civil Hospital, Bhandara",Bhandara,A-,0.35436282402880315,0
2026-09-07,27117,"Blood Bank Civil Hospital, Bhandara",Bhandara,AB+,0.02326229355367797,0
2026-09-08,27117,"Blood Bank Civil Hospital, Bhandara",Bhandara,AB+,0.019141010319562096,0
2026-09-09,27117,"Blood Bank Civil Hospital, Bhandara",Bhandara,AB+,0.010973388271991041,0
2026-09-07,27117,"Blood Bank Civil Hospital, Bhandara",Bhandara,AB-,0.9569767387238788,1
2026-09-08,27117,"Blood Bank Civil Hospital, Bhandara",Bhandara,AB-,0.9569767387238788,1
2026-09-09,27117,"Blood Bank Civil Hospital, Bhandara",Bhandara,AB-,0.9569767387238788,1
2026-09-07,27117,"Blood Bank Civil Hospital, Bhandara",Bhandara,B+,0.0023504101134707626,0
2026-09-08,27117,"Blood Bank Civil Hospital, Bhandara",Bhandara,B+,0.002081411434515316,0
2026-09-09,27117,"Blood Bank Civil Hospital, Bhandara",Bhandara,B+,0.0019756113715595613,0
2026-09-07,27117,"Blood Bank Civil Hospital, Bhandara",Bhandara,B-,0.04708016808483685,0
2026-09-08,27117,"Blood Bank Civil Hospital, Bhandara",Bhandara,B-,0.04708016808483685,0
2026-09-09,27117,"Blood Bank Civil Hospital, Bhandara",Bhandara,B-,0.5857594138375063,1
2026-09-07,27117,"Blood Bank Civil Hospital, Bhandara",Bhandara,O+,0.00712796154773645,0
2026-09-08,27117,"Blood Bank Civil Hospital, Bhandara",Bhandara,O+,0.20478549860162257,0
2026-09-09,27117,"Blood Bank Civil Hospital, Bhandara",Bhandara,O+,0.10570652957947822,0
2026-09-07,27117,"Blood Bank Civil Hospital, Bhandara",Bhandara,O-,0.02693490311827044,0
2026-09-08,27117,"Blood Bank Civil Hospital, Bhandara",Bhandara,O-,0.02693490311827044,0
2026-09-09,27117,"Blood Bank Civil Hospital, Bhandara",Bhandara,O-,0.25630335146839917,0
2026-09-07,27118,"Blood Bank Civil Hospital, Ratnagiri",Ratnagiri,A+,0.0026747903418158467,0
2026-09-08,27118,"Blood Bank Civil Hospital, Ratnagiri",Ratnagiri,A+,0.0020830291246327487,0
2026-09-09,27118,"Blood Bank Civil Hospital, Ratnagiri",Ratnagiri,A+,0.002081411434515316,0
2026-09-07,27118,"Blood Bank Civil Hospital, Ratnagiri",Ratnagiri,A-,0.9569767387238788,1
2026-09-08,27118,"Blood Bank Civil Hospital, Ratnagiri",Ratnagiri,A-,0.9569767387238788,1
2026-09-09,27118,"Blood Bank Civil Hospital, Ratnagiri",Ratnagiri,A-,0.9569767387238788,1
2026-09-07,27118,"Blood Bank Civil Hospital, Ratnagiri",Ratnagiri,AB+,0.002349754007938605,0
2026-09-08,27118,"Blood Bank Civil Hospital, Ratnagiri",Ratnagiri,AB+,0.002349754007938605,0
2026-09-09,27118,"Blood Bank Civil Hospital, Ratnagiri",Ratnagiri,AB+,0.002081411434515316,0
2026-09-07,27118,"Blood Bank Civil Hospital, Ratnagiri",Ratnagiri,AB-,0.9569767387238788,1
2026-09-08,27118,"Blood Bank Civil Hospital, Ratnagiri",Ratnagiri,AB-,0.9569767387238788,1
2026-09-09,27118,"Blood Bank Civil Hospital, Ratnagiri",Ratnagiri,AB-,0.9569767387238788,1
2026-09-07,27118,"Blood Bank Civil Hospital, Ratnagiri",Ratnagiri,B+,0.00189020356093118,0
2026-09-08,27118,"Blood Bank Civil Hospital, Ratnagiri",Ratnagiri,B+,0.00189020356093118,0
2026-09-09,27118,"Blood Bank Civil Hospital, Ratnagiri",Ratnagiri,B+,0.0016710067755597783,0
2026-09-07,27118,"Blood Bank Civil Hospital, Ratnagiri",Ratnagiri,B-,0.02053657563219467,0
2026-09-08,27118,"Blood Bank Civil Hospital, Ratnagiri",Ratnagiri,B-,0.024215324238568026,0
2026-09-09,27118,"Blood Bank Civil Hospital, Ratnagiri",Ratnagiri,B-,0.044891288705432186,0
2026-09-07,27118,"Blood Bank Civil Hospital, Ratnagiri",Ratnagiri,O+,0.0012081753373930854,0
2026-09-08,27118,"Blood Bank Civil Hospital, Ratnagiri",Ratnagiri,O+,0.00189020356093118,0
2026-09-09,27118,"Blood Bank Civil Hospital, Ratnagiri",Ratnagiri,O+,0.0024258821654458,0
2026-09-07,27118,"Blood Bank Civil Hospital, Ratnagiri",Ratnagiri,O-,0.03871534472121606,0
2026-09-08,27118,"Blood Bank Civil Hospital, Ratnagiri",Ratnagiri,O-,0.03691575787934248,0
2026-09-09,27118,"Blood Bank Civil Hospital, Ratnagiri",Ratnagiri,O-,0.030170888001377773,0
2026-09-07,27119,"Blood Bank Civil Hospital, Solapur",Solapur,A+,0.7789323790913819,1
2026-09-08,27119,"Blood Bank Civil Hospital, Solapur",Solapur,A+,0.8017482753365046,1
2026-09-09,27119,"Blood Bank Civil Hospital, Solapur",Solapur,A+,0.31682855738935406,0
2026-09-07,27119,"Blood Bank Civil Hospital, Solapur",Solapur,A-,0.04708016808483685,0
2026-09-08,27119,"Blood Bank Civil Hospital, Solapur",Solapur,A-,0.04708016808483685,0
2026-09-09,27119,"Blood Bank Civil Hospital, Solapur",Solapur,A-,0.04708016808483685,0
2026-09-07,27119,"Blood Bank Civil Hospital, Solapur",Solapur,AB+,0.15740285641896068,0
2026-09-08,27119,"Blood Bank Civil Hospital, Solapur",Solapur,AB+,0.05840963795906487,0
2026-09-09,27119,"Blood Bank Civil Hospital, Solapur",Solapur,AB+,0.16311692635487893,0
2026-09-07,27119,"Blood Bank Civil Hospital, Solapur",Solapur,AB-,0.09588567459878689,0
2026-09-08,27119,"Blood Bank Civil Hospital, Solapur",Solapur,AB-,0.09588567459878689,0
2026-09-09,27119,"Blood Bank Civil Hospital, Solapur",Solapur,AB-,0.05421883653906218,0
2026-09-07,27119,"Blood Bank Civil Hospital, Solapur",Solapur,B+,0.019643989496256755,0
2026-09-08,27119,"Blood Bank Civil Hospital, Solapur",Solapur,B+,0.043738724281958075,0
2026-09-09,27119,"Blood Bank Civil Hospital, Solapur",Solapur,B+,0.020913028447483013,0
2026-09-07,27119,"Blood Bank Civil Hospital, Solapur",Solapur,B-,0.6732578724904705,1
2026-09-08,27119,"Blood Bank Civil Hospital, Solapur",Solapur,B-,0.8017482753365046,1
2026-09-09,27119,"Blood Bank Civil Hospital, Solapur",Solapur,B-,0.9569767387238788,1
2026-09-07,27119,"Blood Bank Civil Hospital, Solapur",Solapur,O+,0.01596108964495847,0
2026-09-08,27119,"Blood Bank Civil Hospital, Solapur",Solapur,O+,0.012749099967075907,0
2026-09-09,27119,"Blood Bank Civil Hospital, Solapur",Solapur,O+,0.021418299925437735,0
2026-09-07,27119,"Blood Bank Civil Hospital, Solapur",Solapur,O-,0.9569767387238788,1
2026-09-08,27119,"Blood Bank Civil Hospital, Solapur",Solapur,O-,0.9569767387238788,1
2026-09-09,27119,"Blood Bank Civil Hospital, Solapur",Solapur,O-,0.9569767387238788,1
2026-09-07,27120,Sasoon Blood Centre Pune,Pune,A+,0.0016710067755597783,0
2026-09-08,27120,Sasoon Blood Centre Pune,Pune,A+,0.00189020356093118,0
2026-09-09,27120,Sasoon Blood Centre Pune,Pune,A+,0.006268735603164301,0
2026-09-07,27120,Sasoon Blood Centre Pune,Pune,A-,0.04708016808483685,0
2026-09-08,27120,Sasoon Blood Centre Pune,Pune,A-,0.16210439842287436,0
2026-09-09,27120,Sasoon Blood Centre Pune,Pune,A-,0.16311692635487893,0
2026-09-07,27120,Sasoon Blood Centre Pune,Pune,AB+,0.010511490169992312,0
2026-09-08,27120,Sasoon Blood Centre Pune,Pune,AB+,0.034215836092803646,0
2026-09-09,27120,Sasoon Blood Centre Pune,Pune,AB+,0.022813407864306006,0
2026-09-07,27120,Sasoon Blood Centre Pune,Pune,AB-,0.09588567459878689,0
2026-09-08,27120,Sasoon Blood Centre Pune,Pune,AB-,0.09588567459878689,0
2026-09-09,27120,Sasoon Blood Centre Pune,Pune,AB-,0.09588567459878689,0
2026-09-07,27120,Sasoon Blood Centre Pune,Pune,B+,0.04396849754394971,0
2026-09-08,27120,Sasoon Blood Centre Pune,Pune,B+,0.010922850631248239,0
2026-09-09,27120,Sasoon Blood Centre Pune,Pune,B+,0.007771106616769609,0
2026-09-07,27120,Sasoon Blood Centre Pune,Pune,B-,0.09588567459878689,0
2026-09-08,27120,Sasoon Blood Centre Pune,Pune,B-,0.7542144173100465,1
2026-09-09,27120,Sasoon Blood Centre Pune,Pune,B-,0.8017482753365046,1
2026-09-07,27120,Sasoon Blood Centre Pune,Pune,O+,0.0025692990585128124,0
2026-09-08,27120,Sasoon Blood Centre Pune,Pune,O+,0.002349599117983776,0
2026-09-09,27120,Sasoon Blood Centre Pune,Pune,O+,0.03324356691332683,0
2026-09-07,27120,Sasoon Blood Centre Pune,Pune,O-,0.9569767387238788,1
2026-09-08,27120,Sasoon Blood Centre Pune,Pune,O-,0.9569767387238788,1
2026-09-09,27120,Sasoon Blood Centre Pune,Pune,O-,0.9569767387238788,1
2026-09-07,27121,"Government Medical College And Hospital ,Blood Centre, Miraj",Sangli,A+,0.0011957829087145444,0
2026-09-08,27121,"Government Medical College And Hospital ,Blood Centre, Miraj",Sangli,A+,0.0012081753373930854,0
2026-09-09,27121,"Government Medical College And Hospital ,Blood Centre, Miraj",Sangli,A+,0.0012081753373930854,0
2026-09-07,27121,"Government Medical College And Hospital ,Blood Centre, Miraj",Sangli,A-,0.09588567459878689,0
2026-09-08,27121,"Government Medical College And Hospital ,Blood Centre, Miraj",Sangli,A-,0.7542144173100465,1
2026-09-09,27121,"Government Medical College And Hospital ,Blood Centre, Miraj",Sangli,A-,0.32559708094662476,0
2026-09-07,27121,"Government Medical College And Hospital ,Blood Centre, Miraj",Sangli,AB+,0.013702722016736685,0
2026-09-08,27121,"Government Medical College And Hospital ,Blood Centre, Miraj",Sangli,AB+,0.0015038904711219183,0
2026-09-09,27121,"Government Medical College And Hospital ,Blood Centre, Miraj",Sangli,AB+,0.0016356239226786513,0
2026-09-07,27121,"Government Medical College And Hospital ,Blood Centre, Miraj",Sangli,AB-,0.04708016808483685,0
2026-09-08,27121,"Government Medical College And Hospital ,Blood Centre, Miraj",Sangli,AB-,0.03286503439273383,0
2026-09-09,27121,"Government Medical College And Hospital ,Blood Centre, Miraj",Sangli,AB-,0.05202420222433954,0
2026-09-07,27121,"Government Medical College And Hospital ,Blood Centre, Miraj",Sangli,B+,0.0012459902139273637,0
2026-09-08,27121,"Government Medical College And Hospital ,Blood Centre, Miraj",Sangli,B+,0.0012081753373930854,0
2026-09-09,27121,"Government Medical College And Hospital ,Blood Centre, Miraj",Sangli,B+,0.0012081753373930854,0
2026-09-07,27121,"Government Medical College And Hospital ,Blood Centre, Miraj",Sangli,B-,0.030596913276096392,0
2026-09-08,27121,"Government Medical College And Hospital ,Blood Centre, Miraj",Sangli,B-,0.07556813710899504,0
2026-09-09,27121,"Government Medical College And Hospital ,Blood Centre, Miraj",Sangli,B-,0.01986836616545871,0
2026-09-07,27121,"Government Medical College And Hospital ,Blood Centre, Miraj",Sangli,O+,0.0012081753373930854,0
2026-09-08,27121,"Government Medical College And Hospital ,Blood Centre, Miraj",Sangli,O+,0.0012081753373930854,0
2026-09-09,27121,"Government Medical College And Hospital ,Blood Centre, Miraj",Sangli,O+,0.0012081753373930854,0
2026-09-07,27121,"Government Medical College And Hospital ,Blood Centre, Miraj",Sangli,O-,0.7789323790913819,1
2026-09-08,27121,"Government Medical College And Hospital ,Blood Centre, Miraj",Sangli,O-,0.2445208719495299,0
2026-09-09,27121,"Government Medical College And Hospital ,Blood Centre, Miraj",Sangli,O-,0.07307873484699798,0
2026-09-07,27122,Indira Gandhi Medical College & Hospital Nagpur,Nagpur,A+,0.009643988187904361,0
2026-09-08,27122,Indira Gandhi Medical College & Hospital Nagpur,Nagpur,A+,0.011233874356536687,0
2026-09-09,27122,Indira Gandhi Medical College & Hospital Nagpur,Nagpur,A+,0.01915289633474688,0
2026-09-07,27122,Indira Gandhi Medical College & Hospital Nagpur,Nagpur,A-,0.16311692635487893,0
2026-09-08,27122,Indira Gandhi Medical College & Hospital Nagpur,Nagpur,A-,0.09588567459878689,0
2026-09-09,27122,Indira Gandhi Medical College & Hospital Nagpur,Nagpur,A-,0.09588567459878689,0
2026-09-07,27122,Indira Gandhi Medical College & Hospital Nagpur,Nagpur,AB+,0.02086625849162034,0
2026-09-08,27122,Indira Gandhi Medical College & Hospital Nagpur,Nagpur,AB+,0.018984849435819646,0
2026-09-09,27122,Indira Gandhi Medical College & Hospital Nagpur,Nagpur,AB+,0.029811306415677637,0
2026-09-07,27122,Indira Gandhi Medical College & Hospital Nagpur,Nagpur,AB-,0.16311692635487893,0
2026-09-08,27122,Indira Gandhi Medical College & Hospital Nagpur,Nagpur,AB-,0.09588567459878689,0
2026-09-09,27122,Indira Gandhi Medical College & Hospital Nagpur,Nagpur,AB-,0.09588567459878689,0
2026-09-07,27122,Indira Gandhi Medical College & Hospital Nagpur,Nagpur,B+,0.0022482877719102435,0
2026-09-08,27122,Indira Gandhi Medical College & Hospital Nagpur,Nagpur,B+,0.002081411434515316,0
2026-09-09,27122,Indira Gandhi Medical College & Hospital Nagpur,Nagpur,B+,0.002329510572432849,0
2026-09-07,27122,Indira Gandhi Medical College & Hospital Nagpur,Nagpur,B-,0.025965664226108902,0
2026-09-08,27122,Indira Gandhi Medical College & Hospital Nagpur,Nagpur,B-,0.02693490311827044,0
2026-09-09,27122,Indira Gandhi Medical College & Hospital Nagpur,Nagpur,B-,0.02693490311827044,0
2026-09-07,27122,Indira Gandhi Medical College & Hospital Nagpur,Nagpur,O+,0.010439414038103435,0
2026-09-08,27122,Indira Gandhi Medical College & Hospital Nagpur,Nagpur,O+,0.00923836292359216,0
2026-09-09,27122,Indira Gandhi Medical College & Hospital Nagpur,Nagpur,O+,0.18012479106933094,0
2026-09-07,27122,Indira Gandhi Medical College & Hospital Nagpur,Nagpur,O-,0.06811104617048193,0
2026-09-08,27122,Indira Gandhi Medical College & Hospital Nagpur,Nagpur,O-,0.10673152891689344,0
2026-09-09,27122,Indira Gandhi Medical College & Hospital Nagpur,Nagpur,O-,0.03806630167228727,0
2026-09-07,27123,Civil Hospital Washim,Washim,A+,0.006028243133470874,0
2026-09-08,27123,Civil Hospital Washim,Washim,A+,0.09395577750662443,0
2026-09-09,27123,Civil Hospital Washim,Washim,A+,0.011753675588722262,0
2026-09-07,27123,Civil Hospital Washim,Washim,A-,0.9569767387238788,1
2026-09-08,27123,Civil Hospital Washim,Washim,A-,0.9569767387238788,1
2026-09-09,27123,Civil Hospital Washim,Washim,A-,0.9569767387238788,1
2026-09-07,27123,Civil Hospital Washim,Washim,AB+,0.9569767387238788,1
2026-09-08,27123,Civil Hospital Washim,Washim,AB+,0.9569767387238788,1
2026-09-09,27123,Civil Hospital Washim,Washim,AB+,0.9569767387238788,1
2026-09-07,27123,Civil Hospital Washim,Washim,AB-,0.04708016808483685,0
2026-09-08,27123,Civil Hospital Washim,Washim,AB-,0.04708016808483685,0
2026-09-09,27123,Civil Hospital Washim,Washim,AB-,0.04708016808483685,0
2026-09-07,27123,Civil Hospital Washim,Washim,B+,0.007058232395678954,0
2026-09-08,27123,Civil Hospital Washim,Washim,B+,0.3504721783418753,0
2026-09-09,27123,Civil Hospital Washim,Washim,B+,0.5024342407647846,1
2026-09-07,27123,Civil Hospital Washim,Washim,B-,0.9569767387238788,1
2026-09-08,27123,Civil Hospital Washim,Washim,B-,0.9569767387238788,1
2026-09-09,27123,Civil Hospital Washim,Washim,B-,0.9569767387238788,1
2026-09-07,27123,Civil Hospital Washim,Washim,O+,0.002081411434515316,0
2026-09-08,27123,Civil Hospital Washim,Washim,O+,0.0017409769591235288,0
2026-09-09,27123,Civil Hospital Washim,Washim,O+,0.024249462454888102,0
2026-09-07,27123,Civil Hospital Washim,Washim,O-,0.04708016808483685,0
2026-09-08,27123,Civil Hospital Washim,Washim,O-,0.04708016808483685,0
2026-09-09,27123,Civil Hospital Washim,Washim,O-,0.04708016808483685,0
2026-09-07,27124,"Central Hospital Blood Centre, Ulhasnagar, Thane",Thane,A+,0.00466778918952197,0
2026-09-08,27124,"Central Hospital Blood Centre, Ulhasnagar, Thane",Thane,A+,0.005853896746593243,0
2026-09-09,27124,"Central Hospital Blood Centre, Ulhasnagar, Thane",Thane,A+,0.010433960200280019,0
2026-09-07,27124,"Central Hospital Blood Centre, Ulhasnagar, Thane",Thane,A-,0.09588567459878689,0
2026-09-08,27124,"Central Hospital Blood Centre, Ulhasnagar, Thane",Thane,A-,0.09588567459878689,0
2026-09-09,27124,"Central Hospital Blood Centre, Ulhasnagar, Thane",Thane,A-,0.09588567459878689,0
2026-09-07,27124,"Central Hospital Blood Centre, Ulhasnagar, Thane",Thane,AB+,0.02693490311827044,0
2026-09-08,27124,"Central Hospital Blood Centre, Ulhasnagar, Thane",Thane,AB+,0.027568089055482303,0
2026-09-09,27124,"Central Hospital Blood Centre, Ulhasnagar, Thane",Thane,AB+,0.09592721964234696,0
2026-09-07,27124,"Central Hospital Blood Centre, Ulhasnagar, Thane",Thane,AB-,0.9569767387238788,1
2026-09-08,27124,"Central Hospital Blood Centre, Ulhasnagar, Thane",Thane,AB-,0.9569767387238788,1
2026-09-09,27124,"Central Hospital Blood Centre, Ulhasnagar, Thane",Thane,AB-,0.9569767387238788,1
2026-09-07,27124,"Central Hospital Blood Centre, Ulhasnagar, Thane",Thane,B+,0.01822435132890262,0
2026-09-08,27124,"Central Hospital Blood Centre, Ulhasnagar, Thane",Thane,B+,0.020562505324546617,0
2026-09-09,27124,"Central Hospital Blood Centre, Ulhasnagar, Thane",Thane,B+,0.024215324238568026,0
2026-09-07,27124,"Central Hospital Blood Centre, Ulhasnagar, Thane",Thane,B-,0.09588567459878689,0
2026-09-08,27124,"Central Hospital Blood Centre, Ulhasnagar, Thane",Thane,B-,0.09588567459878689,0
2026-09-09,27124,"Central Hospital Blood Centre, Ulhasnagar, Thane",Thane,B-,0.09588567459878689,0
2026-09-07,27124,"Central Hospital Blood Centre, Ulhasnagar, Thane",Thane,O+,0.00873308528837508,0
2026-09-08,27124,"Central Hospital Blood Centre, Ulhasnagar, Thane",Thane,O+,0.01146742442491361,0
2026-09-09,27124,"Central Hospital Blood Centre, Ulhasnagar, Thane",Thane,O+,0.012663366211571617,0
2026-09-07,27124,"Central Hospital Blood Centre, Ulhasnagar, Thane",Thane,O-,0.04708016808483685,0
2026-09-08,27124,"Central Hospital Blood Centre, Ulhasnagar, Thane",Thane,O-,0.04708016808483685,0
2026-09-09,27124,"Central Hospital Blood Centre, Ulhasnagar, Thane",Thane,O-,0.04708016808483685,0
2026-09-07,27126,Civil Hospital Sindhudurg,Sindhudurg,A+,0.0016710067755597783,0
2026-09-08,27126,Civil Hospital Sindhudurg,Sindhudurg,A+,0.00189020356093118,0
2026-09-09,27126,Civil Hospital Sindhudurg,Sindhudurg,A+,0.0012081753373930854,0
2026-09-07,27126,Civil Hospital Sindhudurg,Sindhudurg,A-,0.030170888001377773,0
2026-09-08,27126,Civil Hospital Sindhudurg,Sindhudurg,A-,0.030170888001377773,0
2026-09-09,27126,Civil Hospital Sindhudurg,Sindhudurg,A-,0.030170888001377773,0
2026-09-07,27126,Civil Hospital Sindhudurg,Sindhudurg,AB+,0.022802306006585386,0
2026-09-08,27126,Civil Hospital Sindhudurg,Sindhudurg,AB+,0.022229048452583756,0
2026-09-09,27126,Civil Hospital Sindhudurg,Sindhudurg,AB+,0.018658222064570334,0
2026-09-07,27126,Civil Hospital Sindhudurg,Sindhudurg,AB-,0.02693490311827044,0
2026-09-08,27126,Civil Hospital Sindhudurg,Sindhudurg,AB-,0.02693490311827044,0
2026-09-09,27126,Civil Hospital Sindhudurg,Sindhudurg,AB-,0.02693490311827044,0
2026-09-07,27126,Civil Hospital Sindhudurg,Sindhudurg,B+,0.0016710067755597783,0
2026-09-08,27126,Civil Hospital Sindhudurg,Sindhudurg,B+,0.0016710067755597783,0
2026-09-09,27126,Civil Hospital Sindhudurg,Sindhudurg,B+,0.0012081753373930854,0
2026-09-07,27126,Civil Hospital Sindhudurg,Sindhudurg,B-,0.022229048452583756,0
2026-09-08,27126,Civil Hospital Sindhudurg,Sindhudurg,B-,0.030146238907467458,0
2026-09-09,27126,Civil Hospital Sindhudurg,Sindhudurg,B-,0.04799445444121937,0
2026-09-07,27126,Civil Hospital Sindhudurg,Sindhudurg,O+,0.010828249152063625,0
2026-09-08,27126,Civil Hospital Sindhudurg,Sindhudurg,O+,0.01331573436789407,0
2026-09-09,27126,Civil Hospital Sindhudurg,Sindhudurg,O+,0.00530142012141344,0
2026-09-07,27126,Civil Hospital Sindhudurg,Sindhudurg,O-,0.08648942808912738,0
2026-09-08,27126,Civil Hospital Sindhudurg,Sindhudurg,O-,0.15740285641896068,0
2026-09-09,27126,Civil Hospital Sindhudurg,Sindhudurg,O-,0.05840963795906487,0
2026-09-07,27127,"Blood Centre, Govt.Medical College, General Hospital Latur",Latur,A+,0.004379405824755255,0
2026-09-08,27127,"Blood Centre, Govt.Medical College, General Hospital Latur",Latur,A+,0.010030047435741587,0
2026-09-09,27127,"Blood Centre, Govt.Medical College, General Hospital Latur",Latur,A+,0.005101946315726548,0
2026-09-07,27127,"Blood Centre, Govt.Medical College, General Hospital Latur",Latur,A-,0.06547332477819073,0
2026-09-08,27127,"Blood Centre, Govt.Medical College, General Hospital Latur",Latur,A-,0.02132225804431664,0
2026-09-09,27127,"Blood Centre, Govt.Medical College, General Hospital Latur",Latur,A-,0.010694545332565713,0
2026-09-07,27127,"Blood Centre, Govt.Medical College, General Hospital Latur",Latur,AB+,0.07034507740817265,0
2026-09-08,27127,"Blood Centre, Govt.Medical College, General Hospital Latur",Latur,AB+,0.023378610335618017,0
2026-09-09,27127,"Blood Centre, Govt.Medical College, General Hospital Latur",Latur,AB+,0.03214425300374956,0
2026-09-07,27127,"Blood Centre, Govt.Medical College, General Hospital Latur",Latur,AB-,0.09588567459878689,0
2026-09-08,27127,"Blood Centre, Govt.Medical College, General Hospital Latur",Latur,AB-,0.09588567459878689,0
2026-09-09,27127,"Blood Centre, Govt.Medical College, General Hospital Latur",Latur,AB-,0.09588567459878689,0
2026-09-07,27127,"Blood Centre, Govt.Medical College, General Hospital Latur",Latur,B+,0.0014864010431503826,0
2026-09-08,27127,"Blood Centre, Govt.Medical College, General Hospital Latur",Latur,B+,0.007560184201788286,0
2026-09-09,27127,"Blood Centre, Govt.Medical College, General Hospital Latur",Latur,B+,0.0017795665051483004,0
2026-09-07,27127,"Blood Centre, Govt.Medical College, General Hospital Latur",Latur,B-,0.9569767387238788,1
2026-09-08,27127,"Blood Centre, Govt.Medical College, General Hospital Latur",Latur,B-,0.9569767387238788,1
2026-09-09,27127,"Blood Centre, Govt.Medical College, General Hospital Latur",Latur,B-,0.9569767387238788,1
2026-09-07,27127,"Blood Centre, Govt.Medical College, General Hospital Latur",Latur,O+,0.0015509556615571397,0
2026-09-08,27127,"Blood Centre, Govt.Medical College, General Hospital Latur",Latur,O+,0.0056168224157148,0
2026-09-09,27127,"Blood Centre, Govt.Medical College, General Hospital Latur",Latur,O+,0.002010681735394565,0
2026-09-07,27127,"Blood Centre, Govt.Medical College, General Hospital Latur",Latur,O-,0.16311692635487893,0
2026-09-08,27127,"Blood Centre, Govt.Medical College, General Hospital Latur",Latur,O-,0.09588567459878689,0
2026-09-09,27127,"Blood Centre, Govt.Medical College, General Hospital Latur",Latur,O-,0.09588567459878689,0
2026-09-07,27129,"Dean, Govt. Medical College Hospital Blood Centre Akola",Akola,A+,0.14315570558017862,0
2026-09-08,27129,"Dean, Govt. Medical College Hospital Blood Centre Akola",Akola,A+,0.014102539399902045,0
2026-09-09,27129,"Dean, Govt. Medical College Hospital Blood Centre Akola",Akola,A+,0.044965046459871524,0
2026-09-07,27129,"Dean, Govt. Medical College Hospital Blood Centre Akola",Akola,A-,0.025599083673906342,0
2026-09-08,27129,"Dean, Govt. Medical College Hospital Blood Centre Akola",Akola,A-,0.025965664226108902,0
2026-09-09,27129,"Dean, Govt. Medical College Hospital Blood Centre Akola",Akola,A-,0.02693490311827044,0
2026-09-07,27129,"Dean, Govt. Medical College Hospital Blood Centre Akola",Akola,AB+,0.0726101230638756,0
2026-09-08,27129,"Dean, Govt. Medical College Hospital Blood Centre Akola",Akola,AB+,0.03822143896197932,0
2026-09-09,27129,"Dean, Govt. Medical College Hospital Blood Centre Akola",Akola,AB+,0.049344382964182504,0
2026-09-07,27129,"Dean, Govt. Medical College Hospital Blood Centre Akola",Akola,AB-,0.028831849716799477,0
2026-09-08,27129,"Dean, Govt. Medical College Hospital Blood Centre Akola",Akola,AB-,0.030170888001377773,0
2026-09-09,27129,"Dean, Govt. Medical College Hospital Blood Centre Akola",Akola,AB-,0.030170888001377773,0
2026-09-07,27129,"Dean, Govt. Medical College Hospital Blood Centre Akola",Akola,B+,0.04994048422235794,0
2026-09-08,27129,"Dean, Govt. Medical College Hospital Blood Centre Akola",Akola,B+,0.01144414720307992,0
2026-09-09,27129,"Dean, Govt. Medical College Hospital Blood Centre Akola",Akola,B+,0.011647184826525067,0
2026-09-07,27129,"Dean, Govt. Medical College Hospital Blood Centre Akola",Akola,B-,0.14681513403309893,0
2026-09-08,27129,"Dean, Govt. Medical College Hospital Blood Centre Akola",Akola,B-,0.09588567459878689,0
2026-09-09,27129,"Dean, Govt. Medical College Hospital Blood Centre Akola",Akola,B-,0.09588567459878689,0
2026-09-07,27129,"Dean, Govt. Medical College Hospital Blood Centre Akola",Akola,O+,0.018245463877138397,0
2026-09-08,27129,"Dean, Govt. Medical College Hospital Blood Centre Akola",Akola,O+,0.005895249226056009,0
2026-09-09,27129,"Dean, Govt. Medical College Hospital Blood Centre Akola",Akola,O+,0.004997949984954347,0
2026-09-07,27129,"Dean, Govt. Medical College Hospital Blood Centre Akola",Akola,O-,0.025599083673906342,0
2026-09-08,27129,"Dean, Govt. Medical College Hospital Blood Centre Akola",Akola,O-,0.022229048452583756,0
2026-09-09,27129,"Dean, Govt. Medical College Hospital Blood Centre Akola",Akola,O-,0.030146238907467458,0
2026-09-07,27130,"Medical Supritentent Sub-District (Rural) Hospital Blood Centre, Gadchiroli  Aheri",Gadchiroli,A+,0.9569767387238788,1
2026-09-08,27130,"Medical Supritentent Sub-District (Rural) Hospital Blood Centre, Gadchiroli  Aheri",Gadchiroli,A+,0.9569767387238788,1
2026-09-09,27130,"Medical Supritentent Sub-District (Rural) Hospital Blood Centre, Gadchiroli  Aheri",Gadchiroli,A+,0.9569767387238788,1
2026-09-07,27130,"Medical Supritentent Sub-District (Rural) Hospital Blood Centre, Gadchiroli  Aheri",Gadchiroli,A-,0.9569767387238788,1
2026-09-08,27130,"Medical Supritentent Sub-District (Rural) Hospital Blood Centre, Gadchiroli  Aheri",Gadchiroli,A-,0.9569767387238788,1
2026-09-09,27130,"Medical Supritentent Sub-District (Rural) Hospital Blood Centre, Gadchiroli  Aheri",Gadchiroli,A-,0.9569767387238788,1
2026-09-07,27130,"Medical Supritentent Sub-District (Rural) Hospital Blood Centre, Gadchiroli  Aheri",Gadchiroli,AB+,0.9569767387238788,1
2026-09-08,27130,"Medical Supritentent Sub-District (Rural) Hospital Blood Centre, Gadchiroli  Aheri",Gadchiroli,AB+,0.9569767387238788,1
2026-09-09,27130,"Medical Supritentent Sub-District (Rural) Hospital Blood Centre, Gadchiroli  Aheri",Gadchiroli,AB+,0.9569767387238788,1
2026-09-07,27130,"Medical Supritentent Sub-District (Rural) Hospital Blood Centre, Gadchiroli  Aheri",Gadchiroli,AB-,0.9569767387238788,1
2026-09-08,27130,"Medical Supritentent Sub-District (Rural) Hospital Blood Centre, Gadchiroli  Aheri",Gadchiroli,AB-,0.9569767387238788,1
2026-09-09,27130,"Medical Supritentent Sub-District (Rural) Hospital Blood Centre, Gadchiroli  Aheri",Gadchiroli,AB-,0.9569767387238788,1
2026-09-07,27130,"Medical Supritentent Sub-District (Rural) Hospital Blood Centre, Gadchiroli  Aheri",Gadchiroli,B+,0.9569767387238788,1
2026-09-08,27130,"Medical Supritentent Sub-District (Rural) Hospital Blood Centre, Gadchiroli  Aheri",Gadchiroli,B+,0.9569767387238788,1
2026-09-09,27130,"Medical Supritentent Sub-District (Rural) Hospital Blood Centre, Gadchiroli  Aheri",Gadchiroli,B+,0.9569767387238788,1
2026-09-07,27130,"Medical Supritentent Sub-District (Rural) Hospital Blood Centre, Gadchiroli  Aheri",Gadchiroli,B-,0.9569767387238788,1
2026-09-08,27130,"Medical Supritentent Sub-District (Rural) Hospital Blood Centre, Gadchiroli  Aheri",Gadchiroli,B-,0.9569767387238788,1
2026-09-09,27130,"Medical Supritentent Sub-District (Rural) Hospital Blood Centre, Gadchiroli  Aheri",Gadchiroli,B-,0.9569767387238788,1
2026-09-07,27130,"Medical Supritentent Sub-District (Rural) Hospital Blood Centre, Gadchiroli  Aheri",Gadchiroli,O+,0.9569767387238788,1
2026-09-08,27130,"Medical Supritentent Sub-District (Rural) Hospital Blood Centre, Gadchiroli  Aheri",Gadchiroli,O+,0.9569767387238788,1
2026-09-09,27130,"Medical Supritentent Sub-District (Rural) Hospital Blood Centre, Gadchiroli  Aheri",Gadchiroli,O+,0.9569767387238788,1
2026-09-07,27130,"Medical Supritentent Sub-District (Rural) Hospital Blood Centre, Gadchiroli  Aheri",Gadchiroli,O-,0.9569767387238788,1
2026-09-08,27130,"Medical Supritentent Sub-District (Rural) Hospital Blood Centre, Gadchiroli  Aheri",Gadchiroli,O-,0.9569767387238788,1
2026-09-09,27130,"Medical Supritentent Sub-District (Rural) Hospital Blood Centre, Gadchiroli  Aheri",Gadchiroli,O-,0.9569767387238788,1
2026-09-07,27131,Dr.Shankarrao Chavan Government Medical College And Hospital Blood Centre  Nanded,Nanded,A+,0.07015488409746957,0
2026-09-08,27131,Dr.Shankarrao Chavan Government Medical College And Hospital Blood Centre  Nanded,Nanded,A+,0.0011957829087145444,0
2026-09-09,27131,Dr.Shankarrao Chavan Government Medical College And Hospital Blood Centre  Nanded,Nanded,A+,0.0022991391054977797,0
2026-09-07,27131,Dr.Shankarrao Chavan Government Medical College And Hospital Blood Centre  Nanded,Nanded,A-,0.31682855738935406,0
2026-09-08,27131,Dr.Shankarrao Chavan Government Medical College And Hospital Blood Centre  Nanded,Nanded,A-,0.07307873484699798,0
2026-09-09,27131,Dr.Shankarrao Chavan Government Medical College And Hospital Blood Centre  Nanded,Nanded,A-,0.04708016808483685,0
2026-09-07,27131,Dr.Shankarrao Chavan Government Medical College And Hospital Blood Centre  Nanded,Nanded,AB+,0.011445223819010239,0
2026-09-08,27131,Dr.Shankarrao Chavan Government Medical College And Hospital Blood Centre  Nanded,Nanded,AB+,0.003248007257130865,0
2026-09-09,27131,Dr.Shankarrao Chavan Government Medical College And Hospital Blood Centre  Nanded,Nanded,AB+,0.002885565664141321,0
2026-09-07,27131,Dr.Shankarrao Chavan Government Medical College And Hospital Blood Centre  Nanded,Nanded,AB-,0.9569767387238788,1
2026-09-08,27131,Dr.Shankarrao Chavan Government Medical College And Hospital Blood Centre  Nanded,Nanded,AB-,0.9569767387238788,1
2026-09-09,27131,Dr.Shankarrao Chavan Government Medical College And Hospital Blood Centre  Nanded,Nanded,AB-,0.9569767387238788,1
2026-09-07,27131,Dr.Shankarrao Chavan Government Medical College And Hospital Blood Centre  Nanded,Nanded,B+,0.021700899363231864,0
2026-09-08,27131,Dr.Shankarrao Chavan Government Medical College And Hospital Blood Centre  Nanded,Nanded,B+,0.0022407579327550758,0
2026-09-09,27131,Dr.Shankarrao Chavan Government Medical College And Hospital Blood Centre  Nanded,Nanded,B+,0.001964233974065344,0
2026-09-07,27131,Dr.Shankarrao Chavan Government Medical College And Hospital Blood Centre  Nanded,Nanded,B-,0.030170888001377773,0
2026-09-08,27131,Dr.Shankarrao Chavan Government Medical College And Hospital Blood Centre  Nanded,Nanded,B-,0.030170888001377773,0
2026-09-09,27131,Dr.Shankarrao Chavan Government Medical College And Hospital Blood Centre  Nanded,Nanded,B-,0.030170888001377773,0
2026-09-07,27131,Dr.Shankarrao Chavan Government Medical College And Hospital Blood Centre  Nanded,Nanded,O+,0.13554889401198925,0
2026-09-08,27131,Dr.Shankarrao Chavan Government Medical College And Hospital Blood Centre  Nanded,Nanded,O+,0.0011957829087145444,0
2026-09-09,27131,Dr.Shankarrao Chavan Government Medical College And Hospital Blood Centre  Nanded,Nanded,O+,0.0021789692231545,0
2026-09-07,27131,Dr.Shankarrao Chavan Government Medical College And Hospital Blood Centre  Nanded,Nanded,O-,0.3118962354914167,0
2026-09-08,27131,Dr.Shankarrao Chavan Government Medical College And Hospital Blood Centre  Nanded,Nanded,O-,0.061020480753967606,0
2026-09-09,27131,Dr.Shankarrao Chavan Government Medical College And Hospital Blood Centre  Nanded,Nanded,O-,0.02693490311827044,0
2026-09-07,27133,Daga Memorial Women Govt. Hospital Blood Centre Nagpr,Nagpur,A+,0.9569767387238788,1
2026-09-08,27133,Daga Memorial Women Govt. Hospital Blood Centre Nagpr,Nagpur,A+,0.9569767387238788,1
2026-09-09,27133,Daga Memorial Women Govt. Hospital Blood Centre Nagpr,Nagpur,A+,0.9569767387238788,1
2026-09-07,27133,Daga Memorial Women Govt. Hospital Blood Centre Nagpr,Nagpur,A-,0.9569767387238788,1
2026-09-08,27133,Daga Memorial Women Govt. Hospital Blood Centre Nagpr,Nagpur,A-,0.9569767387238788,1
2026-09-09,27133,Daga Memorial Women Govt. Hospital Blood Centre Nagpr,Nagpur,A-,0.9569767387238788,1
2026-09-07,27133,Daga Memorial Women Govt. Hospital Blood Centre Nagpr,Nagpur,AB+,0.9569767387238788,1
2026-09-08,27133,Daga Memorial Women Govt. Hospital Blood Centre Nagpr,Nagpur,AB+,0.9569767387238788,1
2026-09-09,27133,Daga Memorial Women Govt. Hospital Blood Centre Nagpr,Nagpur,AB+,0.9569767387238788,1
2026-09-07,27133,Daga Memorial Women Govt. Hospital Blood Centre Nagpr,Nagpur,AB-,0.9569767387238788,1
2026-09-08,27133,Daga Memorial Women Govt. Hospital Blood Centre Nagpr,Nagpur,AB-,0.9569767387238788,1
2026-09-09,27133,Daga Memorial Women Govt. Hospital Blood Centre Nagpr,Nagpur,AB-,0.9569767387238788,1
2026-09-07,27133,Daga Memorial Women Govt. Hospital Blood Centre Nagpr,Nagpur,B+,0.9569767387238788,1
2026-09-08,27133,Daga Memorial Women Govt. Hospital Blood Centre Nagpr,Nagpur,B+,0.9569767387238788,1
2026-09-09,27133,Daga Memorial Women Govt. Hospital Blood Centre Nagpr,Nagpur,B+,0.9569767387238788,1
2026-09-07,27133,Daga Memorial Women Govt. Hospital Blood Centre Nagpr,Nagpur,B-,0.9569767387238788,1
2026-09-08,27133,Daga Memorial Women Govt. Hospital Blood Centre Nagpr,Nagpur,B-,0.9569767387238788,1
2026-09-09,27133,Daga Memorial Women Govt. Hospital Blood Centre Nagpr,Nagpur,B-,0.9569767387238788,1
2026-09-07,27133,Daga Memorial Women Govt. Hospital Blood Centre Nagpr,Nagpur,O+,0.9569767387238788,1
2026-09-08,27133,Daga Memorial Women Govt. Hospital Blood Centre Nagpr,Nagpur,O+,0.9569767387238788,1
2026-09-09,27133,Daga Memorial Women Govt. Hospital Blood Centre Nagpr,Nagpur,O+,0.9569767387238788,1
2026-09-07,27133,Daga Memorial Women Govt. Hospital Blood Centre Nagpr,Nagpur,O-,0.9569767387238788,1
2026-09-08,27133,Daga Memorial Women Govt. Hospital Blood Centre Nagpr,Nagpur,O-,0.9569767387238788,1
2026-09-09,27133,Daga Memorial Women Govt. Hospital Blood Centre Nagpr,Nagpur,O-,0.9569767387238788,1
2026-09-07,27145,"Civil Surgeon, District General Hospital Blood Centre & Blood Component Unit  Hingoli",Hingoli,A+,0.017007997707816587,0
2026-09-08,27145,"Civil Surgeon, District General Hospital Blood Centre & Blood Component Unit  Hingoli",Hingoli,A+,0.11582918189714458,0
2026-09-09,27145,"Civil Surgeon, District General Hospital Blood Centre & Blood Component Unit  Hingoli",Hingoli,A+,0.011945688761490957,0
2026-09-07,27145,"Civil Surgeon, District General Hospital Blood Centre & Blood Component Unit  Hingoli",Hingoli,A-,0.9569767387238788,1
2026-09-08,27145,"Civil Surgeon, District General Hospital Blood Centre & Blood Component Unit  Hingoli",Hingoli,A-,0.9569767387238788,1
2026-09-09,27145,"Civil Surgeon, District General Hospital Blood Centre & Blood Component Unit  Hingoli",Hingoli,A-,0.31682855738935406,0
2026-09-07,27145,"Civil Surgeon, District General Hospital Blood Centre & Blood Component Unit  Hingoli",Hingoli,AB+,0.012602259228217986,0
2026-09-08,27145,"Civil Surgeon, District General Hospital Blood Centre & Blood Component Unit  Hingoli",Hingoli,AB+,0.03226910849613361,0
2026-09-09,27145,"Civil Surgeon, District General Hospital Blood Centre & Blood Component Unit  Hingoli",Hingoli,AB+,0.005251529879163809,0
2026-09-07,27145,"Civil Surgeon, District General Hospital Blood Centre & Blood Component Unit  Hingoli",Hingoli,AB-,0.09588567459878689,0
2026-09-08,27145,"Civil Surgeon, District General Hospital Blood Centre & Blood Component Unit  Hingoli",Hingoli,AB-,0.09588567459878689,0
2026-09-09,27145,"Civil Surgeon, District General Hospital Blood Centre & Blood Component Unit  Hingoli",Hingoli,AB-,0.7542144173100465,1
2026-09-07,27145,"Civil Surgeon, District General Hospital Blood Centre & Blood Component Unit  Hingoli",Hingoli,B+,0.0016710067755597783,0
2026-09-08,27145,"Civil Surgeon, District General Hospital Blood Centre & Blood Component Unit  Hingoli",Hingoli,B+,0.00336921955123655,0
2026-09-09,27145,"Civil Surgeon, District General Hospital Blood Centre & Blood Component Unit  Hingoli",Hingoli,B+,0.001479420270781203,0
2026-09-07,27145,"Civil Surgeon, District General Hospital Blood Centre & Blood Component Unit  Hingoli",Hingoli,B-,0.05202420222433954,0
2026-09-08,27145,"Civil Surgeon, District General Hospital Blood Centre & Blood Component Unit  Hingoli",Hingoli,B-,0.05202420222433954,0
2026-09-09,27145,"Civil Surgeon, District General Hospital Blood Centre & Blood Component Unit  Hingoli",Hingoli,B-,0.03286503439273383,0
2026-09-07,27145,"Civil Surgeon, District General Hospital Blood Centre & Blood Component Unit  Hingoli",Hingoli,O+,0.036308954580697245,0
2026-09-08,27145,"Civil Surgeon, District General Hospital Blood Centre & Blood Component Unit  Hingoli",Hingoli,O+,0.009834422378386321,0
2026-09-09,27145,"Civil Surgeon, District General Hospital Blood Centre & Blood Component Unit  Hingoli",Hingoli,O+,0.006506373279395509,0
2026-09-07,27145,"Civil Surgeon, District General Hospital Blood Centre & Blood Component Unit  Hingoli",Hingoli,O-,0.16210439842287436,0
2026-09-08,27145,"Civil Surgeon, District General Hospital Blood Centre & Blood Component Unit  Hingoli",Hingoli,O-,0.16311692635487893,0
2026-09-09,27145,"Civil Surgeon, District General Hospital Blood Centre & Blood Component Unit  Hingoli",Hingoli,O-,0.09588567459878689,0
2026-09-07,27146,"Govt. Medical College Blood Centre, Nagpur",Nagpur,A+,0.9569767387238788,1
2026-09-08,27146,"Govt. Medical College Blood Centre, Nagpur",Nagpur,A+,0.9569767387238788,1
2026-09-09,27146,"Govt. Medical College Blood Centre, Nagpur",Nagpur,A+,0.9569767387238788,1
2026-09-07,27146,"Govt. Medical College Blood Centre, Nagpur",Nagpur,A-,0.9569767387238788,1
2026-09-08,27146,"Govt. Medical College Blood Centre, Nagpur",Nagpur,A-,0.9569767387238788,1
2026-09-09,27146,"Govt. Medical College Blood Centre, Nagpur",Nagpur,A-,0.9569767387238788,1
2026-09-07,27146,"Govt. Medical College Blood Centre, Nagpur",Nagpur,AB+,0.05660576894729531,0
2026-09-08,27146,"Govt. Medical College Blood Centre, Nagpur",Nagpur,AB+,0.17707857136978641,0
2026-09-09,27146,"Govt. Medical College Blood Centre, Nagpur",Nagpur,AB+,0.6449829140426298,1
2026-09-07,27146,"Govt. Medical College Blood Centre, Nagpur",Nagpur,AB-,0.04708016808483685,0
2026-09-08,27146,"Govt. Medical College Blood Centre, Nagpur",Nagpur,AB-,0.04708016808483685,0
2026-09-09,27146,"Govt. Medical College Blood Centre, Nagpur",Nagpur,AB-,0.04708016808483685,0
2026-09-07,27146,"Govt. Medical College Blood Centre, Nagpur",Nagpur,B+,0.009118430406473947,0
2026-09-08,27146,"Govt. Medical College Blood Centre, Nagpur",Nagpur,B+,0.02326874280128875,0
2026-09-09,27146,"Govt. Medical College Blood Centre, Nagpur",Nagpur,B+,0.03825020288346796,0
2026-09-07,27146,"Govt. Medical College Blood Centre, Nagpur",Nagpur,B-,0.7542144173100465,1
2026-09-08,27146,"Govt. Medical College Blood Centre, Nagpur",Nagpur,B-,0.8017482753365046,1
2026-09-09,27146,"Govt. Medical College Blood Centre, Nagpur",Nagpur,B-,0.9569767387238788,1
2026-09-07,27146,"Govt. Medical College Blood Centre, Nagpur",Nagpur,O+,0.006051246656206012,0
2026-09-08,27146,"Govt. Medical College Blood Centre, Nagpur",Nagpur,O+,0.017683893244519848,0
2026-09-09,27146,"Govt. Medical College Blood Centre, Nagpur",Nagpur,O+,0.26222314005814873,0
2026-09-07,27146,"Govt. Medical College Blood Centre, Nagpur",Nagpur,O-,0.9569767387238788,1
2026-09-08,27146,"Govt. Medical College Blood Centre, Nagpur",Nagpur,O-,0.9569767387238788,1
2026-09-09,27146,"Govt. Medical College Blood Centre, Nagpur",Nagpur,O-,0.9569767387238788,1
2026-09-07,27150,"Sub -Dist Cottage Hospital, Blood Centre , Sawantwadi, Sindhudurg",Sindhudurg,A+,0.9569767387238788,1
2026-09-08,27150,"Sub -Dist Cottage Hospital, Blood Centre , Sawantwadi, Sindhudurg",Sindhudurg,A+,0.9569767387238788,1
2026-09-09,27150,"Sub -Dist Cottage Hospital, Blood Centre , Sawantwadi, Sindhudurg",Sindhudurg,A+,0.9569767387238788,1
2026-09-07,27150,"Sub -Dist Cottage Hospital, Blood Centre , Sawantwadi, Sindhudurg",Sindhudurg,A-,0.9569767387238788,1
2026-09-08,27150,"Sub -Dist Cottage Hospital, Blood Centre , Sawantwadi, Sindhudurg",Sindhudurg,A-,0.9569767387238788,1
2026-09-09,27150,"Sub -Dist Cottage Hospital, Blood Centre , Sawantwadi, Sindhudurg",Sindhudurg,A-,0.9569767387238788,1
2026-09-07,27150,"Sub -Dist Cottage Hospital, Blood Centre , Sawantwadi, Sindhudurg",Sindhudurg,AB+,0.9569767387238788,1
2026-09-08,27150,"Sub -Dist Cottage Hospital, Blood Centre , Sawantwadi, Sindhudurg",Sindhudurg,AB+,0.9569767387238788,1
2026-09-09,27150,"Sub -Dist Cottage Hospital, Blood Centre , Sawantwadi, Sindhudurg",Sindhudurg,AB+,0.9569767387238788,1
2026-09-07,27150,"Sub -Dist Cottage Hospital, Blood Centre , Sawantwadi, Sindhudurg",Sindhudurg,AB-,0.9569767387238788,1
2026-09-08,27150,"Sub -Dist Cottage Hospital, Blood Centre , Sawantwadi, Sindhudurg",Sindhudurg,AB-,0.9569767387238788,1
2026-09-09,27150,"Sub -Dist Cottage Hospital, Blood Centre , Sawantwadi, Sindhudurg",Sindhudurg,AB-,0.9569767387238788,1
2026-09-07,27150,"Sub -Dist Cottage Hospital, Blood Centre , Sawantwadi, Sindhudurg",Sindhudurg,B+,0.9569767387238788,1
2026-09-08,27150,"Sub -Dist Cottage Hospital, Blood Centre , Sawantwadi, Sindhudurg",Sindhudurg,B+,0.9569767387238788,1
2026-09-09,27150,"Sub -Dist Cottage Hospital, Blood Centre , Sawantwadi, Sindhudurg",Sindhudurg,B+,0.9569767387238788,1
2026-09-07,27150,"Sub -Dist Cottage Hospital, Blood Centre , Sawantwadi, Sindhudurg",Sindhudurg,B-,0.9569767387238788,1
2026-09-08,27150,"Sub -Dist Cottage Hospital, Blood Centre , Sawantwadi, Sindhudurg",Sindhudurg,B-,0.9569767387238788,1
2026-09-09,27150,"Sub -Dist Cottage Hospital, Blood Centre , Sawantwadi, Sindhudurg",Sindhudurg,B-,0.9569767387238788,1
2026-09-07,27150,"Sub -Dist Cottage Hospital, Blood Centre , Sawantwadi, Sindhudurg",Sindhudurg,O+,0.9569767387238788,1
2026-09-08,27150,"Sub -Dist Cottage Hospital, Blood Centre , Sawantwadi, Sindhudurg",Sindhudurg,O+,0.9569767387238788,1
2026-09-09,27150,"Sub -Dist Cottage Hospital, Blood Centre , Sawantwadi, Sindhudurg",Sindhudurg,O+,0.9569767387238788,1
2026-09-07,27150,"Sub -Dist Cottage Hospital, Blood Centre , Sawantwadi, Sindhudurg",Sindhudurg,O-,0.9569767387238788,1
2026-09-08,27150,"Sub -Dist Cottage Hospital, Blood Centre , Sawantwadi, Sindhudurg",Sindhudurg,O-,0.9569767387238788,1
2026-09-09,27150,"Sub -Dist Cottage Hospital, Blood Centre , Sawantwadi, Sindhudurg",Sindhudurg,O-,0.9569767387238788,1
2026-09-07,27152,Bai Gangabai Ladies Hospital Blood Centre Gondiya,Gondiya,A+,0.028831849716799477,0
2026-09-08,27152,Bai Gangabai Ladies Hospital Blood Centre Gondiya,Gondiya,A+,0.030170888001377773,0
2026-09-09,27152,Bai Gangabai Ladies Hospital Blood Centre Gondiya,Gondiya,A+,0.030170888001377773,0
2026-09-07,27152,Bai Gangabai Ladies Hospital Blood Centre Gondiya,Gondiya,A-,0.9569767387238788,1
2026-09-08,27152,Bai Gangabai Ladies Hospital Blood Centre Gondiya,Gondiya,A-,0.9569767387238788,1
2026-09-09,27152,Bai Gangabai Ladies Hospital Blood Centre Gondiya,Gondiya,A-,0.9569767387238788,1
2026-09-07,27152,Bai Gangabai Ladies Hospital Blood Centre Gondiya,Gondiya,AB+,0.030170888001377773,0
2026-09-08,27152,Bai Gangabai Ladies Hospital Blood Centre Gondiya,Gondiya,AB+,0.030170888001377773,0
2026-09-09,27152,Bai Gangabai Ladies Hospital Blood Centre Gondiya,Gondiya,AB+,0.030170888001377773,0
2026-09-07,27152,Bai Gangabai Ladies Hospital Blood Centre Gondiya,Gondiya,AB-,0.9569767387238788,1
2026-09-08,27152,Bai Gangabai Ladies Hospital Blood Centre Gondiya,Gondiya,AB-,0.9569767387238788,1
2026-09-09,27152,Bai Gangabai Ladies Hospital Blood Centre Gondiya,Gondiya,AB-,0.9569767387238788,1
2026-09-07,27152,Bai Gangabai Ladies Hospital Blood Centre Gondiya,Gondiya,B+,0.014200058136523802,0
2026-09-08,27152,Bai Gangabai Ladies Hospital Blood Centre Gondiya,Gondiya,B+,0.034215836092803646,0
2026-09-09,27152,Bai Gangabai Ladies Hospital Blood Centre Gondiya,Gondiya,B+,0.020516560244763435,0
2026-09-07,27152,Bai Gangabai Ladies Hospital Blood Centre Gondiya,Gondiya,B-,0.9569767387238788,1
2026-09-08,27152,Bai Gangabai Ladies Hospital Blood Centre Gondiya,Gondiya,B-,0.9569767387238788,1
2026-09-09,27152,Bai Gangabai Ladies Hospital Blood Centre Gondiya,Gondiya,B-,0.9569767387238788,1
2026-09-07,27152,Bai Gangabai Ladies Hospital Blood Centre Gondiya,Gondiya,O+,0.03822143896197932,0
2026-09-08,27152,Bai Gangabai Ladies Hospital Blood Centre Gondiya,Gondiya,O+,0.049344382964182504,0
2026-09-09,27152,Bai Gangabai Ladies Hospital Blood Centre Gondiya,Gondiya,O+,0.028831849716799477,0
2026-09-07,27152,Bai Gangabai Ladies Hospital Blood Centre Gondiya,Gondiya,O-,0.9569767387238788,1
2026-09-08,27152,Bai Gangabai Ladies Hospital Blood Centre Gondiya,Gondiya,O-,0.9569767387238788,1
2026-09-09,27152,Bai Gangabai Ladies Hospital Blood Centre Gondiya,Gondiya,O-,0.9569767387238788,1
2026-09-07,27154,"Sir, J.J. Group Hospital Blood Centre, Byculla Mumbai",Mumbai,A+,0.026729397030373397,0
2026-09-08,27154,"Sir, J.J. Group Hospital Blood Centre, Byculla Mumbai",Mumbai,A+,0.02975870255163687,0
2026-09-09,27154,"Sir, J.J. Group Hospital Blood Centre, Byculla Mumbai",Mumbai,A+,0.005144931671716596,0
2026-09-07,27154,"Sir, J.J. Group Hospital Blood Centre, Byculla Mumbai",Mumbai,A-,0.013791917027404758,0
2026-09-08,27154,"Sir, J.J. Group Hospital Blood Centre, Byculla Mumbai",Mumbai,A-,0.013664080996839866,0
2026-09-09,27154,"Sir, J.J. Group Hospital Blood Centre, Byculla Mumbai",Mumbai,A-,0.02697669288251026,0
2026-09-07,27154,"Sir, J.J. Group Hospital Blood Centre, Byculla Mumbai",Mumbai,AB+,0.03692893910319739,0
2026-09-08,27154,"Sir, J.J. Group Hospital Blood Centre, Byculla Mumbai",Mumbai,AB+,0.043108721568605624,0
2026-09-09,27154,"Sir, J.J. Group Hospital Blood Centre, Byculla Mumbai",Mumbai,AB+,0.007720816399242031,0
2026-09-07,27154,"Sir, J.J. Group Hospital Blood Centre, Byculla Mumbai",Mumbai,AB-,0.03774082277349693,0
2026-09-08,27154,"Sir, J.J. Group Hospital Blood Centre, Byculla Mumbai",Mumbai,AB-,0.08406048125395335,0
2026-09-09,27154,"Sir, J.J. Group Hospital Blood Centre, Byculla Mumbai",Mumbai,AB-,0.06055074475153568,0
2026-09-07,27154,"Sir, J.J. Group Hospital Blood Centre, Byculla Mumbai",Mumbai,B+,0.03656470456769339,0
2026-09-08,27154,"Sir, J.J. Group Hospital Blood Centre, Byculla Mumbai",Mumbai,B+,0.013124511599635555,0
2026-09-09,27154,"Sir, J.J. Group Hospital Blood Centre, Byculla Mumbai",Mumbai,B+,0.01888581717941127,0
2026-09-07,27154,"Sir, J.J. Group Hospital Blood Centre, Byculla Mumbai",Mumbai,B-,0.09588567459878689,0
2026-09-08,27154,"Sir, J.J. Group Hospital Blood Centre, Byculla Mumbai",Mumbai,B-,0.09588567459878689,0
2026-09-09,27154,"Sir, J.J. Group Hospital Blood Centre, Byculla Mumbai",Mumbai,B-,0.09588567459878689,0
2026-09-07,27154,"Sir, J.J. Group Hospital Blood Centre, Byculla Mumbai",Mumbai,O+,0.003877545529277242,0
2026-09-08,27154,"Sir, J.J. Group Hospital Blood Centre, Byculla Mumbai",Mumbai,O+,0.044875132105724504,0
2026-09-09,27154,"Sir, J.J. Group Hospital Blood Centre, Byculla Mumbai",Mumbai,O+,0.006461225554815044,0
2026-09-07,27154,"Sir, J.J. Group Hospital Blood Centre, Byculla Mumbai",Mumbai,O-,0.0574229341961856,0
2026-09-08,27154,"Sir, J.J. Group Hospital Blood Centre, Byculla Mumbai",Mumbai,O-,0.08536660447134006,0
2026-09-09,27154,"Sir, J.J. Group Hospital Blood Centre, Byculla Mumbai",Mumbai,O-,0.03822143896197932,0
2026-09-07,27160,Spandan Blood Centre Yavatmal,Yavatmal,A+,0.1199676227681818,0
2026-09-08,27160,Spandan Blood Centre Yavatmal,Yavatmal,A+,0.0050038186718143925,0
2026-09-09,27160,Spandan Blood Centre Yavatmal,Yavatmal,A+,0.017097570157778883,0
2026-09-07,27160,Spandan Blood Centre Yavatmal,Yavatmal,A-,0.04708016808483685,0
2026-09-08,27160,Spandan Blood Centre Yavatmal,Yavatmal,A-,0.04708016808483685,0
2026-09-09,27160,Spandan Blood Centre Yavatmal,Yavatmal,A-,0.04708016808483685,0
2026-09-07,27160,Spandan Blood Centre Yavatmal,Yavatmal,AB+,0.02693490311827044,0
2026-09-08,27160,Spandan Blood Centre Yavatmal,Yavatmal,AB+,0.02693490311827044,0
2026-09-09,27160,Spandan Blood Centre Yavatmal,Yavatmal,AB+,0.03466932460927841,0
2026-09-07,27160,Spandan Blood Centre Yavatmal,Yavatmal,AB-,0.9569767387238788,1
2026-09-08,27160,Spandan Blood Centre Yavatmal,Yavatmal,AB-,0.9569767387238788,1
2026-09-09,27160,Spandan Blood Centre Yavatmal,Yavatmal,AB-,0.9569767387238788,1
2026-09-07,27160,Spandan Blood Centre Yavatmal,Yavatmal,B+,0.015816975002225914,0
2026-09-08,27160,Spandan Blood Centre Yavatmal,Yavatmal,B+,0.011958586608576722,0
2026-09-09,27160,Spandan Blood Centre Yavatmal,Yavatmal,B+,0.004349401156118568,0
2026-09-07,27160,Spandan Blood Centre Yavatmal,Yavatmal,B-,0.09588567459878689,0
2026-09-08,27160,Spandan Blood Centre Yavatmal,Yavatmal,B-,0.09588567459878689,0
2026-09-09,27160,Spandan Blood Centre Yavatmal,Yavatmal,B-,0.05421883653906218,0
2026-09-07,27160,Spandan Blood Centre Yavatmal,Yavatmal,O+,0.010667637353133459,0
2026-09-08,27160,Spandan Blood Centre Yavatmal,Yavatmal,O+,0.012663366211571617,0
2026-09-09,27160,Spandan Blood Centre Yavatmal,Yavatmal,O+,0.005664928872592785,0
2026-09-07,27160,Spandan Blood Centre Yavatmal,Yavatmal,O-,0.09588567459878689,0
2026-09-08,27160,Spandan Blood Centre Yavatmal,Yavatmal,O-,0.09588567459878689,0
2026-09-09,27160,Spandan Blood Centre Yavatmal,Yavatmal,O-,0.05421883653906218,0
2026-09-07,27162,Jeevan Dhara Blood Centre,Pune,A+,0.017718354444483823,0
2026-09-08,27162,Jeevan Dhara Blood Centre,Pune,A+,0.017718354444483823,0
2026-09-09,27162,Jeevan Dhara Blood Centre,Pune,A+,0.017718354444483823,0
2026-09-07,27162,Jeevan Dhara Blood Centre,Pune,A-,0.09588567459878689,0
2026-09-08,27162,Jeevan Dhara Blood Centre,Pune,A-,0.09588567459878689,0
2026-09-09,27162,Jeevan Dhara Blood Centre,Pune,A-,0.09588567459878689,0
2026-09-07,27162,Jeevan Dhara Blood Centre,Pune,AB+,0.022229048452583756,0
2026-09-08,27162,Jeevan Dhara Blood Centre,Pune,AB+,0.022229048452583756,0
2026-09-09,27162,Jeevan Dhara Blood Centre,Pune,AB+,0.030146238907467458,0
2026-09-07,27162,Jeevan Dhara Blood Centre,Pune,AB-,0.9569767387238788,1
2026-09-08,27162,Jeevan Dhara Blood Centre,Pune,AB-,0.9569767387238788,1
2026-09-09,27162,Jeevan Dhara Blood Centre,Pune,AB-,0.9569767387238788,1
2026-09-07,27162,Jeevan Dhara Blood Centre,Pune,B+,0.001964233974065344,0
2026-09-08,27162,Jeevan Dhara Blood Centre,Pune,B+,0.001964233974065344,0
2026-09-09,27162,Jeevan Dhara Blood Centre,Pune,B+,0.001964233974065344,0
2026-09-07,27162,Jeevan Dhara Blood Centre,Pune,B-,0.09588567459878689,0
2026-09-08,27162,Jeevan Dhara Blood Centre,Pune,B-,0.09588567459878689,0
2026-09-09,27162,Jeevan Dhara Blood Centre,Pune,B-,0.09588567459878689,0
2026-09-07,27162,Jeevan Dhara Blood Centre,Pune,O+,0.0021325293501712125,0
2026-09-08,27162,Jeevan Dhara Blood Centre,Pune,O+,0.0021325293501712125,0
2026-09-09,27162,Jeevan Dhara Blood Centre,Pune,O+,0.0021325293501712125,0
2026-09-07,27162,Jeevan Dhara Blood Centre,Pune,O-,0.04708016808483685,0
2026-09-08,27162,Jeevan Dhara Blood Centre,Pune,O-,0.04708016808483685,0
2026-09-09,27162,Jeevan Dhara Blood Centre,Pune,O-,0.04708016808483685,0
2026-09-07,27163,"Matoshree Blood Centre, Blood Component and Apheresis Centre",Parbhani,A+,0.9569767387238788,1
2026-09-08,27163,"Matoshree Blood Centre, Blood Component and Apheresis Centre",Parbhani,A+,0.23599791560609168,0
2026-09-09,27163,"Matoshree Blood Centre, Blood Component and Apheresis Centre",Parbhani,A+,0.02655735144025587,0
2026-09-07,27163,"Matoshree Blood Centre, Blood Component and Apheresis Centre",Parbhani,A-,0.09588567459878689,0
2026-09-08,27163,"Matoshree Blood Centre, Blood Component and Apheresis Centre",Parbhani,A-,0.09588567459878689,0
2026-09-09,27163,"Matoshree Blood Centre, Blood Component and Apheresis Centre",Parbhani,A-,0.09588567459878689,0
2026-09-07,27163,"Matoshree Blood Centre, Blood Component and Apheresis Centre",Parbhani,AB+,0.09588567459878689,0
2026-09-08,27163,"Matoshree Blood Centre, Blood Component and Apheresis Centre",Parbhani,AB+,0.08716338290780895,0
2026-09-09,27163,"Matoshree Blood Centre, Blood Component and Apheresis Centre",Parbhani,AB+,0.08536660447134006,0
2026-09-07,27163,"Matoshree Blood Centre, Blood Component and Apheresis Centre",Parbhani,AB-,0.9569767387238788,1
2026-09-08,27163,"Matoshree Blood Centre, Blood Component and Apheresis Centre",Parbhani,AB-,0.9569767387238788,1
2026-09-09,27163,"Matoshree Blood Centre, Blood Component and Apheresis Centre",Parbhani,AB-,0.9569767387238788,1
2026-09-07,27163,"Matoshree Blood Centre, Blood Component and Apheresis Centre",Parbhani,B+,0.010267464862318536,0
2026-09-08,27163,"Matoshree Blood Centre, Blood Component and Apheresis Centre",Parbhani,B+,0.005981687721812057,0
2026-09-09,27163,"Matoshree Blood Centre, Blood Component and Apheresis Centre",Parbhani,B+,0.006571668063784941,0
2026-09-07,27163,"Matoshree Blood Centre, Blood Component and Apheresis Centre",Parbhani,B-,0.030170888001377773,0
2026-09-08,27163,"Matoshree Blood Centre, Blood Component and Apheresis Centre",Parbhani,B-,0.03197768588312568,0
2026-09-09,27163,"Matoshree Blood Centre, Blood Component and Apheresis Centre",Parbhani,B-,0.027568089055482303,0
2026-09-07,27163,"Matoshree Blood Centre, Blood Component and Apheresis Centre",Parbhani,O+,0.022813407864306006,0
2026-09-08,27163,"Matoshree Blood Centre, Blood Component and Apheresis Centre",Parbhani,O+,0.01380380555272785,0
2026-09-09,27163,"Matoshree Blood Centre, Blood Component and Apheresis Centre",Parbhani,O+,0.018965913887660394,0
2026-09-07,27163,"Matoshree Blood Centre, Blood Component and Apheresis Centre",Parbhani,O-,0.04708016808483685,0
2026-09-08,27163,"Matoshree Blood Centre, Blood Component and Apheresis Centre",Parbhani,O-,0.03286503439273383,0
2026-09-09,27163,"Matoshree Blood Centre, Blood Component and Apheresis Centre",Parbhani,O-,0.030596913276096392,0
2026-09-07,27164,HINDU HRUDAYSAMRAT BALASAHEB  THACKERAY  HOSPITAL BLOOD CENTRE,Nashik,A+,0.0309732174922526,0
2026-09-08,27164,HINDU HRUDAYSAMRAT BALASAHEB  THACKERAY  HOSPITAL BLOOD CENTRE,Nashik,A+,0.025965664226108902,0
2026-09-09,27164,HINDU HRUDAYSAMRAT BALASAHEB  THACKERAY  HOSPITAL BLOOD CENTRE,Nashik,A+,0.02693490311827044,0
2026-09-07,27164,HINDU HRUDAYSAMRAT BALASAHEB  THACKERAY  HOSPITAL BLOOD CENTRE,Nashik,A-,0.9569767387238788,1
2026-09-08,27164,HINDU HRUDAYSAMRAT BALASAHEB  THACKERAY  HOSPITAL BLOOD CENTRE,Nashik,A-,0.9569767387238788,1
2026-09-09,27164,HINDU HRUDAYSAMRAT BALASAHEB  THACKERAY  HOSPITAL BLOOD CENTRE,Nashik,A-,0.9569767387238788,1
2026-09-07,27164,HINDU HRUDAYSAMRAT BALASAHEB  THACKERAY  HOSPITAL BLOOD CENTRE,Nashik,AB+,0.030596913276096392,0
2026-09-08,27164,HINDU HRUDAYSAMRAT BALASAHEB  THACKERAY  HOSPITAL BLOOD CENTRE,Nashik,AB+,0.030170888001377773,0
2026-09-09,27164,HINDU HRUDAYSAMRAT BALASAHEB  THACKERAY  HOSPITAL BLOOD CENTRE,Nashik,AB+,0.030170888001377773,0
2026-09-07,27164,HINDU HRUDAYSAMRAT BALASAHEB  THACKERAY  HOSPITAL BLOOD CENTRE,Nashik,AB-,0.14681513403309893,0
2026-09-08,27164,HINDU HRUDAYSAMRAT BALASAHEB  THACKERAY  HOSPITAL BLOOD CENTRE,Nashik,AB-,0.09588567459878689,0
2026-09-09,27164,HINDU HRUDAYSAMRAT BALASAHEB  THACKERAY  HOSPITAL BLOOD CENTRE,Nashik,AB-,0.09588567459878689,0
2026-09-07,27164,HINDU HRUDAYSAMRAT BALASAHEB  THACKERAY  HOSPITAL BLOOD CENTRE,Nashik,B+,0.03205216990498524,0
2026-09-08,27164,HINDU HRUDAYSAMRAT BALASAHEB  THACKERAY  HOSPITAL BLOOD CENTRE,Nashik,B+,0.022652282591765858,0
2026-09-09,27164,HINDU HRUDAYSAMRAT BALASAHEB  THACKERAY  HOSPITAL BLOOD CENTRE,Nashik,B+,0.022652282591765858,0
2026-09-07,27164,HINDU HRUDAYSAMRAT BALASAHEB  THACKERAY  HOSPITAL BLOOD CENTRE,Nashik,B-,0.9569767387238788,1
2026-09-08,27164,HINDU HRUDAYSAMRAT BALASAHEB  THACKERAY  HOSPITAL BLOOD CENTRE,Nashik,B-,0.9569767387238788,1
2026-09-09,27164,HINDU HRUDAYSAMRAT BALASAHEB  THACKERAY  HOSPITAL BLOOD CENTRE,Nashik,B-,0.9569767387238788,1
2026-09-07,27164,HINDU HRUDAYSAMRAT BALASAHEB  THACKERAY  HOSPITAL BLOOD CENTRE,Nashik,O+,0.010394114204564051,0
2026-09-08,27164,HINDU HRUDAYSAMRAT BALASAHEB  THACKERAY  HOSPITAL BLOOD CENTRE,Nashik,O+,0.013268239052090094,0
2026-09-09,27164,HINDU HRUDAYSAMRAT BALASAHEB  THACKERAY  HOSPITAL BLOOD CENTRE,Nashik,O+,0.010433960200280019,0
2026-09-07,27164,HINDU HRUDAYSAMRAT BALASAHEB  THACKERAY  HOSPITAL BLOOD CENTRE,Nashik,O-,0.07105022241162556,0
2026-09-08,27164,HINDU HRUDAYSAMRAT BALASAHEB  THACKERAY  HOSPITAL BLOOD CENTRE,Nashik,O-,0.04708016808483685,0
2026-09-09,27164,HINDU HRUDAYSAMRAT BALASAHEB  THACKERAY  HOSPITAL BLOOD CENTRE,Nashik,O-,0.04708016808483685,0
2026-09-07,27165,Panchavati Blood Centre Nashik,Nashik,A+,0.005625275529514904,0
2026-09-08,27165,Panchavati Blood Centre Nashik,Nashik,A+,0.06334854699762706,0
2026-09-09,27165,Panchavati Blood Centre Nashik,Nashik,A+,0.004741474055057642,0
2026-09-07,27165,Panchavati Blood Centre Nashik,Nashik,A-,0.07466177481878424,0
2026-09-08,27165,Panchavati Blood Centre Nashik,Nashik,A-,0.04708016808483685,0
2026-09-09,27165,Panchavati Blood Centre Nashik,Nashik,A-,0.04708016808483685,0
2026-09-07,27165,Panchavati Blood Centre Nashik,Nashik,AB+,0.017123950795006622,0
2026-09-08,27165,Panchavati Blood Centre Nashik,Nashik,AB+,0.0038647990157854575,0
2026-09-09,27165,Panchavati Blood Centre Nashik,Nashik,AB+,0.004367151056891267,0
2026-09-07,27165,Panchavati Blood Centre Nashik,Nashik,AB-,0.8017482753365046,1
2026-09-08,27165,Panchavati Blood Centre Nashik,Nashik,AB-,0.9569767387238788,1
2026-09-09,27165,Panchavati Blood Centre Nashik,Nashik,AB-,0.32268418572950647,0
2026-09-07,27165,Panchavati Blood Centre Nashik,Nashik,B+,0.001648900535990075,0
2026-09-08,27165,Panchavati Blood Centre Nashik,Nashik,B+,0.001917118468168659,0
2026-09-09,27165,Panchavati Blood Centre Nashik,Nashik,B+,0.001342669751310361,0
2026-09-07,27165,Panchavati Blood Centre Nashik,Nashik,B-,0.04708016808483685,0
2026-09-08,27165,Panchavati Blood Centre Nashik,Nashik,B-,0.04708016808483685,0
2026-09-09,27165,Panchavati Blood Centre Nashik,Nashik,B-,0.04374623320128272,0
2026-09-07,27165,Panchavati Blood Centre Nashik,Nashik,O+,0.0017795665051483004,0
2026-09-08,27165,Panchavati Blood Centre Nashik,Nashik,O+,0.14005984290057769,0
2026-09-09,27165,Panchavati Blood Centre Nashik,Nashik,O+,0.0014767281938594303,0
2026-09-07,27165,Panchavati Blood Centre Nashik,Nashik,O-,0.8017482753365046,1
2026-09-08,27165,Panchavati Blood Centre Nashik,Nashik,O-,0.9569767387238788,1
2026-09-09,27165,Panchavati Blood Centre Nashik,Nashik,O-,0.9569767387238788,1
2026-09-07,27166,M/s. Jupiter Hospital Blood Centre Kalyan Thane,Thane,A+,0.004397747198896642,0
2026-09-08,27166,M/s. Jupiter Hospital Blood Centre Kalyan Thane,Thane,A+,0.007892222950050676,0
2026-09-09,27166,M/s. Jupiter Hospital Blood Centre Kalyan Thane,Thane,A+,0.09932929398546915,0
2026-09-07,27166,M/s. Jupiter Hospital Blood Centre Kalyan Thane,Thane,A-,0.9569767387238788,1
2026-09-08,27166,M/s. Jupiter Hospital Blood Centre Kalyan Thane,Thane,A-,0.9569767387238788,1
2026-09-09,27166,M/s. Jupiter Hospital Blood Centre Kalyan Thane,Thane,A-,0.9569767387238788,1
2026-09-07,27166,M/s. Jupiter Hospital Blood Centre Kalyan Thane,Thane,AB+,0.022229048452583756,0
2026-09-08,27166,M/s. Jupiter Hospital Blood Centre Kalyan Thane,Thane,AB+,0.022229048452583756,0
2026-09-09,27166,M/s. Jupiter Hospital Blood Centre Kalyan Thane,Thane,AB+,0.022229048452583756,0
2026-09-07,27166,M/s. Jupiter Hospital Blood Centre Kalyan Thane,Thane,AB-,0.9569767387238788,1
2026-09-08,27166,M/s. Jupiter Hospital Blood Centre Kalyan Thane,Thane,AB-,0.9569767387238788,1
2026-09-09,27166,M/s. Jupiter Hospital Blood Centre Kalyan Thane,Thane,AB-,0.9569767387238788,1
2026-09-07,27166,M/s. Jupiter Hospital Blood Centre Kalyan Thane,Thane,B+,0.00531931985247357,0
2026-09-08,27166,M/s. Jupiter Hospital Blood Centre Kalyan Thane,Thane,B+,0.007800721337917326,0
2026-09-09,27166,M/s. Jupiter Hospital Blood Centre Kalyan Thane,Thane,B+,0.007800721337917326,0
2026-09-07,27166,M/s. Jupiter Hospital Blood Centre Kalyan Thane,Thane,B-,0.14681513403309893,0
2026-09-08,27166,M/s. Jupiter Hospital Blood Centre Kalyan Thane,Thane,B-,0.09588567459878689,0
2026-09-09,27166,M/s. Jupiter Hospital Blood Centre Kalyan Thane,Thane,B-,0.09588567459878689,0
2026-09-07,27166,M/s. Jupiter Hospital Blood Centre Kalyan Thane,Thane,O+,0.016580527599961425,0
2026-09-08,27166,M/s. Jupiter Hospital Blood Centre Kalyan Thane,Thane,O+,0.04322951202094485,0
2026-09-09,27166,M/s. Jupiter Hospital Blood Centre Kalyan Thane,Thane,O+,0.014406164284245617,0
2026-09-07,27166,M/s. Jupiter Hospital Blood Centre Kalyan Thane,Thane,O-,0.09588567459878689,0
2026-09-08,27166,M/s. Jupiter Hospital Blood Centre Kalyan Thane,Thane,O-,0.09588567459878689,0
2026-09-09,27166,M/s. Jupiter Hospital Blood Centre Kalyan Thane,Thane,O-,0.09588567459878689,0
2026-09-07,27167,Warje Blood Centre,Pune,A+,0.29145776591371464,0
2026-09-08,27167,Warje Blood Centre,Pune,A+,0.09588567459878689,0
2026-09-09,27167,Warje Blood Centre,Pune,A+,0.09588567459878689,0
2026-09-07,27167,Warje Blood Centre,Pune,A-,0.16311692635487893,0
2026-09-08,27167,Warje Blood Centre,Pune,A-,0.09588567459878689,0
2026-09-09,27167,Warje Blood Centre,Pune,A-,0.09588567459878689,0
2026-09-07,27167,Warje Blood Centre,Pune,AB+,0.025899420734389333,0
2026-09-08,27167,Warje Blood Centre,Pune,AB+,0.030170888001377773,0
2026-09-09,27167,Warje Blood Centre,Pune,AB+,0.030170888001377773,0
2026-09-07,27167,Warje Blood Centre,Pune,AB-,0.09588567459878689,0
2026-09-08,27167,Warje Blood Centre,Pune,AB-,0.09588567459878689,0
2026-09-09,27167,Warje Blood Centre,Pune,AB-,0.09588567459878689,0
2026-09-07,27167,Warje Blood Centre,Pune,B+,0.39087193484600613,0
2026-09-08,27167,Warje Blood Centre,Pune,B+,0.9569767387238788,1
2026-09-09,27167,Warje Blood Centre,Pune,B+,0.9569767387238788,1
2026-09-07,27167,Warje Blood Centre,Pune,B-,0.05202420222433954,0
2026-09-08,27167,Warje Blood Centre,Pune,B-,0.04708016808483685,0
2026-09-09,27167,Warje Blood Centre,Pune,B-,0.04708016808483685,0
2026-09-07,27167,Warje Blood Centre,Pune,O+,0.0034520246837682267,0
2026-09-08,27167,Warje Blood Centre,Pune,O+,0.007800721337917326,0
2026-09-09,27167,Warje Blood Centre,Pune,O+,0.007800721337917326,0
2026-09-07,27167,Warje Blood Centre,Pune,O-,0.05202420222433954,0
2026-09-08,27167,Warje Blood Centre,Pune,O-,0.04708016808483685,0
2026-09-09,27167,Warje Blood Centre,Pune,O-,0.04708016808483685,0
2026-09-07,27168,Siddeshwar Pratisthans Manwath Blood Centre,Parbhani,A+,0.001964233974065344,0
2026-09-08,27168,Siddeshwar Pratisthans Manwath Blood Centre,Parbhani,A+,0.001917118468168659,0
2026-09-09,27168,Siddeshwar Pratisthans Manwath Blood Centre,Parbhani,A+,0.0017071136955874786,0
2026-09-07,27168,Siddeshwar Pratisthans Manwath Blood Centre,Parbhani,A-,0.9569767387238788,1
2026-09-08,27168,Siddeshwar Pratisthans Manwath Blood Centre,Parbhani,A-,0.9569767387238788,1
2026-09-09,27168,Siddeshwar Pratisthans Manwath Blood Centre,Parbhani,A-,0.9569767387238788,1
2026-09-07,27168,Siddeshwar Pratisthans Manwath Blood Centre,Parbhani,AB+,0.012760506423855105,0
2026-09-08,27168,Siddeshwar Pratisthans Manwath Blood Centre,Parbhani,AB+,0.012760506423855105,0
2026-09-09,27168,Siddeshwar Pratisthans Manwath Blood Centre,Parbhani,AB+,0.011709864981857434,0
2026-09-07,27168,Siddeshwar Pratisthans Manwath Blood Centre,Parbhani,AB-,0.04708016808483685,0
2026-09-08,27168,Siddeshwar Pratisthans Manwath Blood Centre,Parbhani,AB-,0.04708016808483685,0
2026-09-09,27168,Siddeshwar Pratisthans Manwath Blood Centre,Parbhani,AB-,0.04708016808483685,0
2026-09-07,27168,Siddeshwar Pratisthans Manwath Blood Centre,Parbhani,B+,0.00589243011093701,0
2026-09-08,27168,Siddeshwar Pratisthans Manwath Blood Centre,Parbhani,B+,0.00589243011093701,0
2026-09-09,27168,Siddeshwar Pratisthans Manwath Blood Centre,Parbhani,B+,0.014066872227199366,0
2026-09-07,27168,Siddeshwar Pratisthans Manwath Blood Centre,Parbhani,B-,0.9569767387238788,1
2026-09-08,27168,Siddeshwar Pratisthans Manwath Blood Centre,Parbhani,B-,0.9569767387238788,1
2026-09-09,27168,Siddeshwar Pratisthans Manwath Blood Centre,Parbhani,B-,0.9569767387238788,1
2026-09-07,27168,Siddeshwar Pratisthans Manwath Blood Centre,Parbhani,O+,0.0021635971529209066,0
2026-09-08,27168,Siddeshwar Pratisthans Manwath Blood Centre,Parbhani,O+,0.002255519715361972,0
2026-09-09,27168,Siddeshwar Pratisthans Manwath Blood Centre,Parbhani,O+,0.0014785930658930788,0
2026-09-07,27168,Siddeshwar Pratisthans Manwath Blood Centre,Parbhani,O-,0.09588567459878689,0
2026-09-08,27168,Siddeshwar Pratisthans Manwath Blood Centre,Parbhani,O-,0.09588567459878689,0
2026-09-09,27168,Siddeshwar Pratisthans Manwath Blood Centre,Parbhani,O-,0.05421883653906218,0
2026-09-07,27169,Ocean Bahuudeshiya Sansthas Lions Blood Centre Wardha,Wardha,A+,0.002164352835763005,0
2026-09-08,27169,Ocean Bahuudeshiya Sansthas Lions Blood Centre Wardha,Wardha,A+,0.0022801206477151845,0
2026-09-09,27169,Ocean Bahuudeshiya Sansthas Lions Blood Centre Wardha,Wardha,A+,0.003039551503312881,0
2026-09-07,27169,Ocean Bahuudeshiya Sansthas Lions Blood Centre Wardha,Wardha,A-,0.030170888001377773,0
2026-09-08,27169,Ocean Bahuudeshiya Sansthas Lions Blood Centre Wardha,Wardha,A-,0.030170888001377773,0
2026-09-09,27169,Ocean Bahuudeshiya Sansthas Lions Blood Centre Wardha,Wardha,A-,0.030170888001377773,0
2026-09-07,27169,Ocean Bahuudeshiya Sansthas Lions Blood Centre Wardha,Wardha,AB+,0.028831849716799477,0
2026-09-08,27169,Ocean Bahuudeshiya Sansthas Lions Blood Centre Wardha,Wardha,AB+,0.045072468254795155,0
2026-09-09,27169,Ocean Bahuudeshiya Sansthas Lions Blood Centre Wardha,Wardha,AB+,0.05202420222433954,0
2026-09-07,27169,Ocean Bahuudeshiya Sansthas Lions Blood Centre Wardha,Wardha,AB-,0.04708016808483685,0
2026-09-08,27169,Ocean Bahuudeshiya Sansthas Lions Blood Centre Wardha,Wardha,AB-,0.04708016808483685,0
2026-09-09,27169,Ocean Bahuudeshiya Sansthas Lions Blood Centre Wardha,Wardha,AB-,0.16210439842287436,0
2026-09-07,27169,Ocean Bahuudeshiya Sansthas Lions Blood Centre Wardha,Wardha,B+,0.007800721337917326,0
2026-09-08,27169,Ocean Bahuudeshiya Sansthas Lions Blood Centre Wardha,Wardha,B+,0.007800721337917326,0
2026-09-09,27169,Ocean Bahuudeshiya Sansthas Lions Blood Centre Wardha,Wardha,B+,0.005853896746593243,0
2026-09-07,27169,Ocean Bahuudeshiya Sansthas Lions Blood Centre Wardha,Wardha,B-,0.09588567459878689,0
2026-09-08,27169,Ocean Bahuudeshiya Sansthas Lions Blood Centre Wardha,Wardha,B-,0.09588567459878689,0
2026-09-09,27169,Ocean Bahuudeshiya Sansthas Lions Blood Centre Wardha,Wardha,B-,0.09588567459878689,0
2026-09-07,27169,Ocean Bahuudeshiya Sansthas Lions Blood Centre Wardha,Wardha,O+,0.0038113217674846296,0
2026-09-08,27169,Ocean Bahuudeshiya Sansthas Lions Blood Centre Wardha,Wardha,O+,0.0034619659921872234,0
2026-09-09,27169,Ocean Bahuudeshiya Sansthas Lions Blood Centre Wardha,Wardha,O+,0.0038113217674846296,0
2026-09-07,27169,Ocean Bahuudeshiya Sansthas Lions Blood Centre Wardha,Wardha,O-,0.045072468254795155,0
2026-09-08,27169,Ocean Bahuudeshiya Sansthas Lions Blood Centre Wardha,Wardha,O-,0.05202420222433954,0
2026-09-09,27169,Ocean Bahuudeshiya Sansthas Lions Blood Centre Wardha,Wardha,O-,0.04708016808483685,0
2026-09-07,27170,B S P Medical College Blood Centre Chh Sambhaji Nagar,Aurangabad,A+,0.0022991391054977797,0
2026-09-08,27170,B S P Medical College Blood Centre Chh Sambhaji Nagar,Aurangabad,A+,0.0022991391054977797,0
2026-09-09,27170,B S P Medical College Blood Centre Chh Sambhaji Nagar,Aurangabad,A+,0.0022991391054977797,0
2026-09-07,27170,B S P Medical College Blood Centre Chh Sambhaji Nagar,Aurangabad,A-,0.030170888001377773,0
2026-09-08,27170,B S P Medical College Blood Centre Chh Sambhaji Nagar,Aurangabad,A-,0.045072468254795155,0
2026-09-09,27170,B S P Medical College Blood Centre Chh Sambhaji Nagar,Aurangabad,A-,0.05202420222433954,0
2026-09-07,27170,B S P Medical College Blood Centre Chh Sambhaji Nagar,Aurangabad,AB+,0.0021325293501712125,0
2026-09-08,27170,B S P Medical College Blood Centre Chh Sambhaji Nagar,Aurangabad,AB+,0.0021325293501712125,0
2026-09-09,27170,B S P Medical College Blood Centre Chh Sambhaji Nagar,Aurangabad,AB+,0.0021325293501712125,0
2026-09-07,27170,B S P Medical College Blood Centre Chh Sambhaji Nagar,Aurangabad,AB-,0.030170888001377773,0
2026-09-08,27170,B S P Medical College Blood Centre Chh Sambhaji Nagar,Aurangabad,AB-,0.030170888001377773,0
2026-09-09,27170,B S P Medical College Blood Centre Chh Sambhaji Nagar,Aurangabad,AB-,0.030170888001377773,0
2026-09-07,27170,B S P Medical College Blood Centre Chh Sambhaji Nagar,Aurangabad,B+,0.0022971773746879084,0
2026-09-08,27170,B S P Medical College Blood Centre Chh Sambhaji Nagar,Aurangabad,B+,0.002663092160503951,0
2026-09-09,27170,B S P Medical College Blood Centre Chh Sambhaji Nagar,Aurangabad,B+,0.002543402510182976,0
2026-09-07,27170,B S P Medical College Blood Centre Chh Sambhaji Nagar,Aurangabad,B-,0.022652282591765858,0
2026-09-08,27170,B S P Medical College Blood Centre Chh Sambhaji Nagar,Aurangabad,B-,0.022652282591765858,0
2026-09-09,27170,B S P Medical College Blood Centre Chh Sambhaji Nagar,Aurangabad,B-,0.022652282591765858,0
2026-09-07,27170,B S P Medical College Blood Centre Chh Sambhaji Nagar,Aurangabad,O+,0.0038758457973511106,0
2026-09-08,27170,B S P Medical College Blood Centre Chh Sambhaji Nagar,Aurangabad,O+,0.002665365538399618,0
2026-09-09,27170,B S P Medical College Blood Centre Chh Sambhaji Nagar,Aurangabad,O+,0.0038758457973511106,0
2026-09-07,27170,B S P Medical College Blood Centre Chh Sambhaji Nagar,Aurangabad,O-,0.030170888001377773,0
2026-09-08,27170,B S P Medical College Blood Centre Chh Sambhaji Nagar,Aurangabad,O-,0.030170888001377773,0
2026-09-09,27170,B S P Medical College Blood Centre Chh Sambhaji Nagar,Aurangabad,O-,0.030170888001377773,0
2026-09-07,27171,Shri Chhatrapati Shivaji Bahuuddheshiya Sansthas Varad Blood Centre Dhule,Dhule,A+,0.026463428461658948,0
2026-09-08,27171,Shri Chhatrapati Shivaji Bahuuddheshiya Sansthas Varad Blood Centre Dhule,Dhule,A+,0.022771100580525894,0
2026-09-09,27171,Shri Chhatrapati Shivaji Bahuuddheshiya Sansthas Varad Blood Centre Dhule,Dhule,A+,0.010050500116537174,0
2026-09-07,27171,Shri Chhatrapati Shivaji Bahuuddheshiya Sansthas Varad Blood Centre Dhule,Dhule,A-,0.04433403423352639,0
2026-09-08,27171,Shri Chhatrapati Shivaji Bahuuddheshiya Sansthas Varad Blood Centre Dhule,Dhule,A-,0.029402748071017466,0
2026-09-09,27171,Shri Chhatrapati Shivaji Bahuuddheshiya Sansthas Varad Blood Centre Dhule,Dhule,A-,0.03171643323000929,0
2026-09-07,27171,Shri Chhatrapati Shivaji Bahuuddheshiya Sansthas Varad Blood Centre Dhule,Dhule,AB+,0.022771100580525894,0
2026-09-08,27171,Shri Chhatrapati Shivaji Bahuuddheshiya Sansthas Varad Blood Centre Dhule,Dhule,AB+,0.022813407864306006,0
2026-09-09,27171,Shri Chhatrapati Shivaji Bahuuddheshiya Sansthas Varad Blood Centre Dhule,Dhule,AB+,0.020804346693004044,0
2026-09-07,27171,Shri Chhatrapati Shivaji Bahuuddheshiya Sansthas Varad Blood Centre Dhule,Dhule,AB-,0.9569767387238788,1
2026-09-08,27171,Shri Chhatrapati Shivaji Bahuuddheshiya Sansthas Varad Blood Centre Dhule,Dhule,AB-,0.9569767387238788,1
2026-09-09,27171,Shri Chhatrapati Shivaji Bahuuddheshiya Sansthas Varad Blood Centre Dhule,Dhule,AB-,0.32268418572950647,0
2026-09-07,27171,Shri Chhatrapati Shivaji Bahuuddheshiya Sansthas Varad Blood Centre Dhule,Dhule,B+,0.011201613790818306,0
2026-09-08,27171,Shri Chhatrapati Shivaji Bahuuddheshiya Sansthas Varad Blood Centre Dhule,Dhule,B+,0.022298314276277785,0
2026-09-09,27171,Shri Chhatrapati Shivaji Bahuuddheshiya Sansthas Varad Blood Centre Dhule,Dhule,B+,0.002879471375311431,0
2026-09-07,27171,Shri Chhatrapati Shivaji Bahuuddheshiya Sansthas Varad Blood Centre Dhule,Dhule,B-,0.09588567459878689,0
2026-09-08,27171,Shri Chhatrapati Shivaji Bahuuddheshiya Sansthas Varad Blood Centre Dhule,Dhule,B-,0.09588567459878689,0
2026-09-09,27171,Shri Chhatrapati Shivaji Bahuuddheshiya Sansthas Varad Blood Centre Dhule,Dhule,B-,0.09588567459878689,0
2026-09-07,27171,Shri Chhatrapati Shivaji Bahuuddheshiya Sansthas Varad Blood Centre Dhule,Dhule,O+,0.026463428461658948,0
2026-09-08,27171,Shri Chhatrapati Shivaji Bahuuddheshiya Sansthas Varad Blood Centre Dhule,Dhule,O+,0.022652282591765858,0
2026-09-09,27171,Shri Chhatrapati Shivaji Bahuuddheshiya Sansthas Varad Blood Centre Dhule,Dhule,O+,0.004349401156118568,0
2026-09-07,27171,Shri Chhatrapati Shivaji Bahuuddheshiya Sansthas Varad Blood Centre Dhule,Dhule,O-,0.030170888001377773,0
2026-09-08,27171,Shri Chhatrapati Shivaji Bahuuddheshiya Sansthas Varad Blood Centre Dhule,Dhule,O-,0.030170888001377773,0
2026-09-09,27171,Shri Chhatrapati Shivaji Bahuuddheshiya Sansthas Varad Blood Centre Dhule,Dhule,O-,0.043268062053674804,0
2026-09-07,27174,MGM College Nerul Blood Centre,Thane,A+,0.022652282591765858,0
2026-09-08,27174,MGM College Nerul Blood Centre,Thane,A+,0.022652282591765858,0
2026-09-09,27174,MGM College Nerul Blood Centre,Thane,A+,0.022652282591765858,0
2026-09-07,27174,MGM College Nerul Blood Centre,Thane,A-,0.9569767387238788,1
2026-09-08,27174,MGM College Nerul Blood Centre,Thane,A-,0.9569767387238788,1
2026-09-09,27174,MGM College Nerul Blood Centre,Thane,A-,0.9569767387238788,1
2026-09-07,27174,MGM College Nerul Blood Centre,Thane,AB+,0.9569767387238788,1
2026-09-08,27174,MGM College Nerul Blood Centre,Thane,AB+,0.9569767387238788,1
2026-09-09,27174,MGM College Nerul Blood Centre,Thane,AB+,0.9569767387238788,1
2026-09-07,27174,MGM College Nerul Blood Centre,Thane,AB-,0.9569767387238788,1
2026-09-08,27174,MGM College Nerul Blood Centre,Thane,AB-,0.9569767387238788,1
2026-09-09,27174,MGM College Nerul Blood Centre,Thane,AB-,0.9569767387238788,1
2026-09-07,27174,MGM College Nerul Blood Centre,Thane,B+,0.9569767387238788,1
2026-09-08,27174,MGM College Nerul Blood Centre,Thane,B+,0.9569767387238788,1
2026-09-09,27174,MGM College Nerul Blood Centre,Thane,B+,0.9569767387238788,1
2026-09-07,27174,MGM College Nerul Blood Centre,Thane,B-,0.9569767387238788,1
2026-09-08,27174,MGM College Nerul Blood Centre,Thane,B-,0.9569767387238788,1
2026-09-09,27174,MGM College Nerul Blood Centre,Thane,B-,0.9569767387238788,1
2026-09-07,27174,MGM College Nerul Blood Centre,Thane,O+,0.9569767387238788,1
2026-09-08,27174,MGM College Nerul Blood Centre,Thane,O+,0.9569767387238788,1
2026-09-09,27174,MGM College Nerul Blood Centre,Thane,O+,0.9569767387238788,1
2026-09-07,27174,MGM College Nerul Blood Centre,Thane,O-,0.9569767387238788,1
2026-09-08,27174,MGM College Nerul Blood Centre,Thane,O-,0.9569767387238788,1
2026-09-09,27174,MGM College Nerul Blood Centre,Thane,O-,0.9569767387238788,1
2026-09-07,27177,Warud Blood Centre Tal Warud Dis Amravati,Amravati,A+,0.011467453967661667,0
2026-09-08,27177,Warud Blood Centre Tal Warud Dis Amravati,Amravati,A+,0.010888447992179815,0
2026-09-09,27177,Warud Blood Centre Tal Warud Dis Amravati,Amravati,A+,0.01822435132890262,0
2026-09-07,27177,Warud Blood Centre Tal Warud Dis Amravati,Amravati,A-,0.9569767387238788,1
2026-09-08,27177,Warud Blood Centre Tal Warud Dis Amravati,Amravati,A-,0.9569767387238788,1
2026-09-09,27177,Warud Blood Centre Tal Warud Dis Amravati,Amravati,A-,0.9569767387238788,1
2026-09-07,27177,Warud Blood Centre Tal Warud Dis Amravati,Amravati,AB+,0.02501533837767574,0
2026-09-08,27177,Warud Blood Centre Tal Warud Dis Amravati,Amravati,AB+,0.017532942671537054,0
2026-09-09,27177,Warud Blood Centre Tal Warud Dis Amravati,Amravati,AB+,0.022771100580525894,0
2026-09-07,27177,Warud Blood Centre Tal Warud Dis Amravati,Amravati,AB-,0.9569767387238788,1
2026-09-08,27177,Warud Blood Centre Tal Warud Dis Amravati,Amravati,AB-,0.9569767387238788,1
2026-09-09,27177,Warud Blood Centre Tal Warud Dis Amravati,Amravati,AB-,0.9569767387238788,1
2026-09-07,27177,Warud Blood Centre Tal Warud Dis Amravati,Amravati,B+,0.00189020356093118,0
2026-09-08,27177,Warud Blood Centre Tal Warud Dis Amravati,Amravati,B+,0.00189020356093118,0
2026-09-09,27177,Warud Blood Centre Tal Warud Dis Amravati,Amravati,B+,0.056780928876080036,0
2026-09-07,27177,Warud Blood Centre Tal Warud Dis Amravati,Amravati,B-,0.030170888001377773,0
2026-09-08,27177,Warud Blood Centre Tal Warud Dis Amravati,Amravati,B-,0.030170888001377773,0
2026-09-09,27177,Warud Blood Centre Tal Warud Dis Amravati,Amravati,B-,0.030170888001377773,0
2026-09-07,27177,Warud Blood Centre Tal Warud Dis Amravati,Amravati,O+,0.0041530688333995406,0
2026-09-08,27177,Warud Blood Centre Tal Warud Dis Amravati,Amravati,O+,0.005754059734056495,0
2026-09-09,27177,Warud Blood Centre Tal Warud Dis Amravati,Amravati,O+,0.004723846159031045,0
2026-09-07,27177,Warud Blood Centre Tal Warud Dis Amravati,Amravati,O-,0.09588567459878689,0
2026-09-08,27177,Warud Blood Centre Tal Warud Dis Amravati,Amravati,O-,0.7542144173100465,1
2026-09-09,27177,Warud Blood Centre Tal Warud Dis Amravati,Amravati,O-,0.8017482753365046,1
2026-09-07,27178,Shri Balaji Blood Centre component Lab Apheresis & Research centre,Amravati,A+,0.017718354444483823,0
2026-09-08,27178,Shri Balaji Blood Centre component Lab Apheresis & Research centre,Amravati,A+,0.017718354444483823,0
2026-09-09,27178,Shri Balaji Blood Centre component Lab Apheresis & Research centre,Amravati,A+,0.017718354444483823,0
2026-09-07,27178,Shri Balaji Blood Centre component Lab Apheresis & Research centre,Amravati,A-,0.09588567459878689,0
2026-09-08,27178,Shri Balaji Blood Centre component Lab Apheresis & Research centre,Amravati,A-,0.09588567459878689,0
2026-09-09,27178,Shri Balaji Blood Centre component Lab Apheresis & Research centre,Amravati,A-,0.09588567459878689,0
2026-09-07,27178,Shri Balaji Blood Centre component Lab Apheresis & Research centre,Amravati,AB+,0.04708016808483685,0
2026-09-08,27178,Shri Balaji Blood Centre component Lab Apheresis & Research centre,Amravati,AB+,0.04708016808483685,0
2026-09-09,27178,Shri Balaji Blood Centre component Lab Apheresis & Research centre,Amravati,AB+,0.04708016808483685,0
2026-09-07,27178,Shri Balaji Blood Centre component Lab Apheresis & Research centre,Amravati,AB-,0.9569767387238788,1
2026-09-08,27178,Shri Balaji Blood Centre component Lab Apheresis & Research centre,Amravati,AB-,0.9569767387238788,1
2026-09-09,27178,Shri Balaji Blood Centre component Lab Apheresis & Research centre,Amravati,AB-,0.9569767387238788,1
2026-09-07,27178,Shri Balaji Blood Centre component Lab Apheresis & Research centre,Amravati,B+,0.017718354444483823,0
2026-09-08,27178,Shri Balaji Blood Centre component Lab Apheresis & Research centre,Amravati,B+,0.017718354444483823,0
2026-09-09,27178,Shri Balaji Blood Centre component Lab Apheresis & Research centre,Amravati,B+,0.017718354444483823,0
2026-09-07,27178,Shri Balaji Blood Centre component Lab Apheresis & Research centre,Amravati,B-,0.09588567459878689,0
2026-09-08,27178,Shri Balaji Blood Centre component Lab Apheresis & Research centre,Amravati,B-,0.09588567459878689,0
2026-09-09,27178,Shri Balaji Blood Centre component Lab Apheresis & Research centre,Amravati,B-,0.09588567459878689,0
2026-09-07,27178,Shri Balaji Blood Centre component Lab Apheresis & Research centre,Amravati,O+,0.012511089184108457,0
2026-09-08,27178,Shri Balaji Blood Centre component Lab Apheresis & Research centre,Amravati,O+,0.02626651767943478,0
2026-09-09,27178,Shri Balaji Blood Centre component Lab Apheresis & Research centre,Amravati,O+,0.014531313417560901,0
2026-09-07,27178,Shri Balaji Blood Centre component Lab Apheresis & Research centre,Amravati,O-,0.9569767387238788,1
2026-09-08,27178,Shri Balaji Blood Centre component Lab Apheresis & Research centre,Amravati,O-,0.9569767387238788,1
2026-09-09,27178,Shri Balaji Blood Centre component Lab Apheresis & Research centre,Amravati,O-,0.9569767387238788,1
2026-09-07,27179,Shree Mangalmurti Blood Centre Component and Apheresis Centre,Hingoli,A+,0.01938643572277276,0
2026-09-08,27179,Shree Mangalmurti Blood Centre Component and Apheresis Centre,Hingoli,A+,0.026227637219619314,0
2026-09-09,27179,Shree Mangalmurti Blood Centre Component and Apheresis Centre,Hingoli,A+,0.018024771797866716,0
2026-09-07,27179,Shree Mangalmurti Blood Centre Component and Apheresis Centre,Hingoli,A-,0.7542144173100465,1
2026-09-08,27179,Shree Mangalmurti Blood Centre Component and Apheresis Centre,Hingoli,A-,0.8017482753365046,1
2026-09-09,27179,Shree Mangalmurti Blood Centre Component and Apheresis Centre,Hingoli,A-,0.9569767387238788,1
2026-09-07,27179,Shree Mangalmurti Blood Centre Component and Apheresis Centre,Hingoli,AB+,0.12510034932587774,0
2026-09-08,27179,Shree Mangalmurti Blood Centre Component and Apheresis Centre,Hingoli,AB+,0.06094341817614318,0
2026-09-09,27179,Shree Mangalmurti Blood Centre Component and Apheresis Centre,Hingoli,AB+,0.022574233734271826,0
2026-09-07,27179,Shree Mangalmurti Blood Centre Component and Apheresis Centre,Hingoli,AB-,0.9569767387238788,1
2026-09-08,27179,Shree Mangalmurti Blood Centre Component and Apheresis Centre,Hingoli,AB-,0.9569767387238788,1
2026-09-09,27179,Shree Mangalmurti Blood Centre Component and Apheresis Centre,Hingoli,AB-,0.9569767387238788,1
2026-09-07,27179,Shree Mangalmurti Blood Centre Component and Apheresis Centre,Hingoli,B+,0.009689554840121038,0
2026-09-08,27179,Shree Mangalmurti Blood Centre Component and Apheresis Centre,Hingoli,B+,0.07499196029778954,0
2026-09-09,27179,Shree Mangalmurti Blood Centre Component and Apheresis Centre,Hingoli,B+,0.019734077505251153,0
2026-09-07,27179,Shree Mangalmurti Blood Centre Component and Apheresis Centre,Hingoli,B-,0.5857594138375063,1
2026-09-08,27179,Shree Mangalmurti Blood Centre Component and Apheresis Centre,Hingoli,B-,0.786299925543641,1
2026-09-09,27179,Shree Mangalmurti Blood Centre Component and Apheresis Centre,Hingoli,B-,0.9569767387238788,1
2026-09-07,27179,Shree Mangalmurti Blood Centre Component and Apheresis Centre,Hingoli,O+,0.1330499831601032,0
2026-09-08,27179,Shree Mangalmurti Blood Centre Component and Apheresis Centre,Hingoli,O+,0.3866802226218875,0
2026-09-09,27179,Shree Mangalmurti Blood Centre Component and Apheresis Centre,Hingoli,O+,0.10576605810125282,0
2026-09-07,27179,Shree Mangalmurti Blood Centre Component and Apheresis Centre,Hingoli,O-,0.7542144173100465,1
2026-09-08,27179,Shree Mangalmurti Blood Centre Component and Apheresis Centre,Hingoli,O-,0.8017482753365046,1
2026-09-09,27179,Shree Mangalmurti Blood Centre Component and Apheresis Centre,Hingoli,O-,0.9569767387238788,1
2026-09-07,280120,Shree Swami Samarth Blood Centre,Ratnagiri,A+,0.0023723226588842398,0
2026-09-08,280120,Shree Swami Samarth Blood Centre,Ratnagiri,A+,0.0024785920575864776,0
2026-09-09,280120,Shree Swami Samarth Blood Centre,Ratnagiri,A+,0.001479420270781203,0
2026-09-07,280120,Shree Swami Samarth Blood Centre,Ratnagiri,A-,0.04708016808483685,0
2026-09-08,280120,Shree Swami Samarth Blood Centre,Ratnagiri,A-,0.04708016808483685,0
2026-09-09,280120,Shree Swami Samarth Blood Centre,Ratnagiri,A-,0.04708016808483685,0
2026-09-07,280120,Shree Swami Samarth Blood Centre,Ratnagiri,AB+,0.06334854699762706,0
2026-09-08,280120,Shree Swami Samarth Blood Centre,Ratnagiri,AB+,0.06334854699762706,0
2026-09-09,280120,Shree Swami Samarth Blood Centre,Ratnagiri,AB+,0.007293771246673026,0
2026-09-07,280120,Shree Swami Samarth Blood Centre,Ratnagiri,AB-,0.09588567459878689,0
2026-09-08,280120,Shree Swami Samarth Blood Centre,Ratnagiri,AB-,0.09588567459878689,0
2026-09-09,280120,Shree Swami Samarth Blood Centre,Ratnagiri,AB-,0.09588567459878689,0
2026-09-07,280120,Shree Swami Samarth Blood Centre,Ratnagiri,B+,0.006564342091054691,0
2026-09-08,280120,Shree Swami Samarth Blood Centre,Ratnagiri,B+,0.005312884228245267,0
2026-09-09,280120,Shree Swami Samarth Blood Centre,Ratnagiri,B+,0.002327937835499419,0
2026-09-07,280120,Shree Swami Samarth Blood Centre,Ratnagiri,B-,0.030170888001377773,0
2026-09-08,280120,Shree Swami Samarth Blood Centre,Ratnagiri,B-,0.030170888001377773,0
2026-09-09,280120,Shree Swami Samarth Blood Centre,Ratnagiri,B-,0.030170888001377773,0
2026-09-07,280120,Shree Swami Samarth Blood Centre,Ratnagiri,O+,0.002081411434515316,0
2026-09-08,280120,Shree Swami Samarth Blood Centre,Ratnagiri,O+,0.003940509503559978,0
2026-09-09,280120,Shree Swami Samarth Blood Centre,Ratnagiri,O+,0.0017773127139232951,0
2026-09-07,280120,Shree Swami Samarth Blood Centre,Ratnagiri,O-,0.030170888001377773,0
2026-09-08,280120,Shree Swami Samarth Blood Centre,Ratnagiri,O-,0.030170888001377773,0
2026-09-09,280120,Shree Swami Samarth Blood Centre,Ratnagiri,O-,0.1791511862761025,0
2026-09-07,280123,M/S Vidyashree Charitable Trusts Om Blood Centre,Pune,A+,0.0012081753373930854,0
2026-09-08,280123,M/S Vidyashree Charitable Trusts Om Blood Centre,Pune,A+,0.0012081753373930854,0
2026-09-09,280123,M/S Vidyashree Charitable Trusts Om Blood Centre,Pune,A+,0.0016710067755597783,0
2026-09-07,280123,M/S Vidyashree Charitable Trusts Om Blood Centre,Pune,A-,0.35436282402880315,0
2026-09-08,280123,M/S Vidyashree Charitable Trusts Om Blood Centre,Pune,A-,0.07041493950433045,0
2026-09-09,280123,M/S Vidyashree Charitable Trusts Om Blood Centre,Pune,A-,0.04915414733773612,0
2026-09-07,280123,M/S Vidyashree Charitable Trusts Om Blood Centre,Pune,AB+,0.00799235173801405,0
2026-09-08,280123,M/S Vidyashree Charitable Trusts Om Blood Centre,Pune,AB+,0.023198194737976276,0
2026-09-09,280123,M/S Vidyashree Charitable Trusts Om Blood Centre,Pune,AB+,0.10222020717609798,0
2026-09-07,280123,M/S Vidyashree Charitable Trusts Om Blood Centre,Pune,AB-,0.03170067070020004,0
2026-09-08,280123,M/S Vidyashree Charitable Trusts Om Blood Centre,Pune,AB-,0.025599083673906342,0
2026-09-09,280123,M/S Vidyashree Charitable Trusts Om Blood Centre,Pune,AB-,0.030146238907467458,0
2026-09-07,280123,M/S Vidyashree Charitable Trusts Om Blood Centre,Pune,B+,0.0012081753373930854,0
2026-09-08,280123,M/S Vidyashree Charitable Trusts Om Blood Centre,Pune,B+,0.0016710067755597783,0
2026-09-09,280123,M/S Vidyashree Charitable Trusts Om Blood Centre,Pune,B+,0.001670688725475448,0
2026-09-07,280123,M/S Vidyashree Charitable Trusts Om Blood Centre,Pune,B-,0.02693490311827044,0
2026-09-08,280123,M/S Vidyashree Charitable Trusts Om Blood Centre,Pune,B-,0.02693490311827044,0
2026-09-09,280123,M/S Vidyashree Charitable Trusts Om Blood Centre,Pune,B-,0.02693490311827044,0
2026-09-07,280123,M/S Vidyashree Charitable Trusts Om Blood Centre,Pune,O+,0.0011957829087145444,0
2026-09-08,280123,M/S Vidyashree Charitable Trusts Om Blood Centre,Pune,O+,0.003391636381973148,0
2026-09-09,280123,M/S Vidyashree Charitable Trusts Om Blood Centre,Pune,O+,0.0016710067755597783,0
2026-09-07,280123,M/S Vidyashree Charitable Trusts Om Blood Centre,Pune,O-,0.0352865250961465,0
2026-09-08,280123,M/S Vidyashree Charitable Trusts Om Blood Centre,Pune,O-,0.045072468254795155,0
2026-09-09,280123,M/S Vidyashree Charitable Trusts Om Blood Centre,Pune,O-,0.05202420222433954,0
2026-09-07,280124,M/S Pimpri Chinchwad Blood Centre,Pune,A+,0.012725355966667393,0
2026-09-08,280124,M/S Pimpri Chinchwad Blood Centre,Pune,A+,0.004496175778771494,0
2026-09-09,280124,M/S Pimpri Chinchwad Blood Centre,Pune,A+,0.0017021043444613105,0
2026-09-07,280124,M/S Pimpri Chinchwad Blood Centre,Pune,A-,0.09588567459878689,0
2026-09-08,280124,M/S Pimpri Chinchwad Blood Centre,Pune,A-,0.09588567459878689,0
2026-09-09,280124,M/S Pimpri Chinchwad Blood Centre,Pune,A-,0.09588567459878689,0
2026-09-07,280124,M/S Pimpri Chinchwad Blood Centre,Pune,AB+,0.012712982698188378,0
2026-09-08,280124,M/S Pimpri Chinchwad Blood Centre,Pune,AB+,0.01222048590768257,0
2026-09-09,280124,M/S Pimpri Chinchwad Blood Centre,Pune,AB+,0.008882849841305692,0
2026-09-07,280124,M/S Pimpri Chinchwad Blood Centre,Pune,AB-,0.9569767387238788,1
2026-09-08,280124,M/S Pimpri Chinchwad Blood Centre,Pune,AB-,0.32268418572950647,0
2026-09-09,280124,M/S Pimpri Chinchwad Blood Centre,Pune,AB-,0.14681513403309893,0
2026-09-07,280124,M/S Pimpri Chinchwad Blood Centre,Pune,B+,0.0021205543004745573,0
2026-09-08,280124,M/S Pimpri Chinchwad Blood Centre,Pune,B+,0.0012081753373930854,0
2026-09-09,280124,M/S Pimpri Chinchwad Blood Centre,Pune,B+,0.0012081753373930854,0
2026-09-07,280124,M/S Pimpri Chinchwad Blood Centre,Pune,B-,0.09588567459878689,0
2026-09-08,280124,M/S Pimpri Chinchwad Blood Centre,Pune,B-,0.04144839057008222,0
2026-09-09,280124,M/S Pimpri Chinchwad Blood Centre,Pune,B-,0.047143034011169226,0
2026-09-07,280124,M/S Pimpri Chinchwad Blood Centre,Pune,O+,0.0016710067755597783,0
2026-09-08,280124,M/S Pimpri Chinchwad Blood Centre,Pune,O+,0.0012081753373930854,0
2026-09-09,280124,M/S Pimpri Chinchwad Blood Centre,Pune,O+,0.0012081753373930854,0
2026-09-07,280124,M/S Pimpri Chinchwad Blood Centre,Pune,O-,0.09588567459878689,0
2026-09-08,280124,M/S Pimpri Chinchwad Blood Centre,Pune,O-,0.08716338290780895,0
2026-09-09,280124,M/S Pimpri Chinchwad Blood Centre,Pune,O-,0.06870704684705387,0
2026-09-07,280125,Red Plus Blood Centre Pune,Pune,A+,0.0016710067755597783,0
2026-09-08,280125,Red Plus Blood Centre Pune,Pune,A+,0.0012081753373930854,0
2026-09-09,280125,Red Plus Blood Centre Pune,Pune,A+,0.0012081753373930854,0
2026-09-07,280125,Red Plus Blood Centre Pune,Pune,A-,0.7542144173100465,1
2026-09-08,280125,Red Plus Blood Centre Pune,Pune,A-,0.2445208719495299,0
2026-09-09,280125,Red Plus Blood Centre Pune,Pune,A-,0.6079895771448278,1
2026-09-07,280125,Red Plus Blood Centre Pune,Pune,AB+,0.006640859060677679,0
2026-09-08,280125,Red Plus Blood Centre Pune,Pune,AB+,0.0015790482111991506,0
2026-09-09,280125,Red Plus Blood Centre Pune,Pune,AB+,0.0012081753373930854,0
2026-09-07,280125,Red Plus Blood Centre Pune,Pune,AB-,0.09588567459878689,0
2026-09-08,280125,Red Plus Blood Centre Pune,Pune,AB-,0.09588567459878689,0
2026-09-09,280125,Red Plus Blood Centre Pune,Pune,AB-,0.05421883653906218,0
2026-09-07,280125,Red Plus Blood Centre Pune,Pune,B+,0.0016710067755597783,0
2026-09-08,280125,Red Plus Blood Centre Pune,Pune,B+,0.0011957829087145444,0
2026-09-09,280125,Red Plus Blood Centre Pune,Pune,B+,0.0011957829087145444,0
2026-09-07,280125,Red Plus Blood Centre Pune,Pune,B-,0.04708016808483685,0
2026-09-08,280125,Red Plus Blood Centre Pune,Pune,B-,0.04374623320128272,0
2026-09-09,280125,Red Plus Blood Centre Pune,Pune,B-,0.03588405120561639,0
2026-09-07,280125,Red Plus Blood Centre Pune,Pune,O+,0.0016710067755597783,0
2026-09-08,280125,Red Plus Blood Centre Pune,Pune,O+,0.0011957829087145444,0
2026-09-09,280125,Red Plus Blood Centre Pune,Pune,O+,0.0011957829087145444,0
2026-09-07,280125,Red Plus Blood Centre Pune,Pune,O-,0.09588567459878689,0
2026-09-08,280125,Red Plus Blood Centre Pune,Pune,O-,0.09588567459878689,0
2026-09-09,280125,Red Plus Blood Centre Pune,Pune,O-,0.08716338290780895,0
2026-09-07,280126,Morya Blood Centre,Pune,A+,0.002081411434515316,0
2026-09-08,280126,Morya Blood Centre,Pune,A+,0.0031347451950678898,0
2026-09-09,280126,Morya Blood Centre,Pune,A+,0.012983637903559792,0
2026-09-07,280126,Morya Blood Centre,Pune,A-,0.1791511862761025,0
2026-09-08,280126,Morya Blood Centre,Pune,A-,0.1498097922182252,0
2026-09-09,280126,Morya Blood Centre,Pune,A-,0.09588567459878689,0
2026-09-07,280126,Morya Blood Centre,Pune,AB+,0.002434312701606079,0
2026-09-08,280126,Morya Blood Centre,Pune,AB+,0.012041833369317816,0
2026-09-09,280126,Morya Blood Centre,Pune,AB+,0.004365594031356199,0
2026-09-07,280126,Morya Blood Centre,Pune,AB-,0.5650400783442185,1
2026-09-08,280126,Morya Blood Centre,Pune,AB-,0.7230546871564677,1
2026-09-09,280126,Morya Blood Centre,Pune,AB-,0.9569767387238788,1
2026-09-07,280126,Morya Blood Centre,Pune,B+,0.0022931598089232686,0
2026-09-08,280126,Morya Blood Centre,Pune,B+,0.0034619659921872234,0
2026-09-09,280126,Morya Blood Centre,Pune,B+,0.0034619659921872234,0
2026-09-07,280126,Morya Blood Centre,Pune,B-,0.16210439842287436,0
2026-09-08,280126,Morya Blood Centre,Pune,B-,0.16311692635487893,0
2026-09-09,280126,Morya Blood Centre,Pune,B-,0.09588567459878689,0
2026-09-07,280126,Morya Blood Centre,Pune,O+,0.00732561472873722,0
2026-09-08,280126,Morya Blood Centre,Pune,O+,0.0023011712854675353,0
2026-09-09,280126,Morya Blood Centre,Pune,O+,0.002559878972518097,0
2026-09-07,280126,Morya Blood Centre,Pune,O-,0.025599083673906342,0
2026-09-08,280126,Morya Blood Centre,Pune,O-,0.039985132011666064,0
2026-09-09,280126,Morya Blood Centre,Pune,O-,0.028831849716799477,0
2026-09-07,280128,M/S Navi Mumbai Blood Centre,Raigarh,A+,0.030553626511003913,0
2026-09-08,280128,M/S Navi Mumbai Blood Centre,Raigarh,A+,0.011619101879072087,0
2026-09-09,280128,M/S Navi Mumbai Blood Centre,Raigarh,A+,0.012760506423855105,0
2026-09-07,280128,M/S Navi Mumbai Blood Centre,Raigarh,A-,0.14681513403309893,0
2026-09-08,280128,M/S Navi Mumbai Blood Centre,Raigarh,A-,0.09588567459878689,0
2026-09-09,280128,M/S Navi Mumbai Blood Centre,Raigarh,A-,0.09588567459878689,0
2026-09-07,280128,M/S Navi Mumbai Blood Centre,Raigarh,AB+,0.06870704684705387,0
2026-09-08,280128,M/S Navi Mumbai Blood Centre,Raigarh,AB+,0.08680707578515685,0
2026-09-09,280128,M/S Navi Mumbai Blood Centre,Raigarh,AB+,0.0726101230638756,0
2026-09-07,280128,M/S Navi Mumbai Blood Centre,Raigarh,AB-,0.14681513403309893,0
2026-09-08,280128,M/S Navi Mumbai Blood Centre,Raigarh,AB-,0.09588567459878689,0
2026-09-09,280128,M/S Navi Mumbai Blood Centre,Raigarh,AB-,0.09588567459878689,0
2026-09-07,280128,M/S Navi Mumbai Blood Centre,Raigarh,B+,0.02693490311827044,0
2026-09-08,280128,M/S Navi Mumbai Blood Centre,Raigarh,B+,0.08680707578515685,0
2026-09-09,280128,M/S Navi Mumbai Blood Centre,Raigarh,B+,0.0726101230638756,0
2026-09-07,280128,M/S Navi Mumbai Blood Centre,Raigarh,B-,0.07307873484699798,0
2026-09-08,280128,M/S Navi Mumbai Blood Centre,Raigarh,B-,0.04708016808483685,0
2026-09-09,280128,M/S Navi Mumbai Blood Centre,Raigarh,B-,0.04708016808483685,0
2026-09-07,280128,M/S Navi Mumbai Blood Centre,Raigarh,O+,0.027370688374581967,0
2026-09-08,280128,M/S Navi Mumbai Blood Centre,Raigarh,O+,0.01938643572277276,0
2026-09-09,280128,M/S Navi Mumbai Blood Centre,Raigarh,O+,0.026227637219619314,0
2026-09-07,280128,M/S Navi Mumbai Blood Centre,Raigarh,O-,0.14681513403309893,0
2026-09-08,280128,M/S Navi Mumbai Blood Centre,Raigarh,O-,0.09588567459878689,0
2026-09-09,280128,M/S Navi Mumbai Blood Centre,Raigarh,O-,0.09588567459878689,0
2026-09-07,280130,"Indian Red Cross Society, Dr. Shirgaonkar Blood Centre",Sangli,A+,0.0015695701842682293,0
2026-09-08,280130,"Indian Red Cross Society, Dr. Shirgaonkar Blood Centre",Sangli,A+,0.0021684267514305734,0
2026-09-09,280130,"Indian Red Cross Society, Dr. Shirgaonkar Blood Centre",Sangli,A+,0.0021018601704874897,0
2026-09-07,280130,"Indian Red Cross Society, Dr. Shirgaonkar Blood Centre",Sangli,A-,0.030170888001377773,0
2026-09-08,280130,"Indian Red Cross Society, Dr. Shirgaonkar Blood Centre",Sangli,A-,0.045072468254795155,0
2026-09-09,280130,"Indian Red Cross Society, Dr. Shirgaonkar Blood Centre",Sangli,A-,0.05202420222433954,0
2026-09-07,280130,"Indian Red Cross Society, Dr. Shirgaonkar Blood Centre",Sangli,AB+,0.026931144055723843,0
2026-09-08,280130,"Indian Red Cross Society, Dr. Shirgaonkar Blood Centre",Sangli,AB+,0.02693490311827044,0
2026-09-09,280130,"Indian Red Cross Society, Dr. Shirgaonkar Blood Centre",Sangli,AB+,0.02693490311827044,0
2026-09-07,280130,"Indian Red Cross Society, Dr. Shirgaonkar Blood Centre",Sangli,AB-,0.9569767387238788,1
2026-09-08,280130,"Indian Red Cross Society, Dr. Shirgaonkar Blood Centre",Sangli,AB-,0.9569767387238788,1
2026-09-09,280130,"Indian Red Cross Society, Dr. Shirgaonkar Blood Centre",Sangli,AB-,0.9569767387238788,1
2026-09-07,280130,"Indian Red Cross Society, Dr. Shirgaonkar Blood Centre",Sangli,B+,0.006030091626578206,0
2026-09-08,280130,"Indian Red Cross Society, Dr. Shirgaonkar Blood Centre",Sangli,B+,0.005094513150265763,0
2026-09-09,280130,"Indian Red Cross Society, Dr. Shirgaonkar Blood Centre",Sangli,B+,0.012065611644993406,0
2026-09-07,280130,"Indian Red Cross Society, Dr. Shirgaonkar Blood Centre",Sangli,B-,0.05421883653906218,0
2026-09-08,280130,"Indian Red Cross Society, Dr. Shirgaonkar Blood Centre",Sangli,B-,0.16311692635487893,0
2026-09-09,280130,"Indian Red Cross Society, Dr. Shirgaonkar Blood Centre",Sangli,B-,0.16311692635487893,0
2026-09-07,280130,"Indian Red Cross Society, Dr. Shirgaonkar Blood Centre",Sangli,O+,0.0030944076298034416,0
2026-09-08,280130,"Indian Red Cross Society, Dr. Shirgaonkar Blood Centre",Sangli,O+,0.004834663297076543,0
2026-09-09,280130,"Indian Red Cross Society, Dr. Shirgaonkar Blood Centre",Sangli,O+,0.002349877188887473,0
2026-09-07,280130,"Indian Red Cross Society, Dr. Shirgaonkar Blood Centre",Sangli,O-,0.03170067070020004,0
2026-09-08,280130,"Indian Red Cross Society, Dr. Shirgaonkar Blood Centre",Sangli,O-,0.025599083673906342,0
2026-09-09,280130,"Indian Red Cross Society, Dr. Shirgaonkar Blood Centre",Sangli,O-,0.025965664226108902,0
2026-09-07,280131,"Padma Bhushan Vasantdada Patil (Civil Surgeon), Govt. General Hospital Blood  Centre, Sangli",Sangli,A+,0.9569767387238788,1
2026-09-08,280131,"Padma Bhushan Vasantdada Patil (Civil Surgeon), Govt. General Hospital Blood  Centre, Sangli",Sangli,A+,0.9569767387238788,1
2026-09-09,280131,"Padma Bhushan Vasantdada Patil (Civil Surgeon), Govt. General Hospital Blood  Centre, Sangli",Sangli,A+,0.9569767387238788,1
2026-09-07,280131,"Padma Bhushan Vasantdada Patil (Civil Surgeon), Govt. General Hospital Blood  Centre, Sangli",Sangli,A-,0.9569767387238788,1
2026-09-08,280131,"Padma Bhushan Vasantdada Patil (Civil Surgeon), Govt. General Hospital Blood  Centre, Sangli",Sangli,A-,0.9569767387238788,1
2026-09-09,280131,"Padma Bhushan Vasantdada Patil (Civil Surgeon), Govt. General Hospital Blood  Centre, Sangli",Sangli,A-,0.9569767387238788,1
2026-09-07,280131,"Padma Bhushan Vasantdada Patil (Civil Surgeon), Govt. General Hospital Blood  Centre, Sangli",Sangli,AB+,0.9569767387238788,1
2026-09-08,280131,"Padma Bhushan Vasantdada Patil (Civil Surgeon), Govt. General Hospital Blood  Centre, Sangli",Sangli,AB+,0.9569767387238788,1
2026-09-09,280131,"Padma Bhushan Vasantdada Patil (Civil Surgeon), Govt. General Hospital Blood  Centre, Sangli",Sangli,AB+,0.9569767387238788,1
2026-09-07,280131,"Padma Bhushan Vasantdada Patil (Civil Surgeon), Govt. General Hospital Blood  Centre, Sangli",Sangli,AB-,0.9569767387238788,1
2026-09-08,280131,"Padma Bhushan Vasantdada Patil (Civil Surgeon), Govt. General Hospital Blood  Centre, Sangli",Sangli,AB-,0.9569767387238788,1
2026-09-09,280131,"Padma Bhushan Vasantdada Patil (Civil Surgeon), Govt. General Hospital Blood  Centre, Sangli",Sangli,AB-,0.9569767387238788,1
2026-09-07,280131,"Padma Bhushan Vasantdada Patil (Civil Surgeon), Govt. General Hospital Blood  Centre, Sangli",Sangli,B+,0.9569767387238788,1
2026-09-08,280131,"Padma Bhushan Vasantdada Patil (Civil Surgeon), Govt. General Hospital Blood  Centre, Sangli",Sangli,B+,0.9569767387238788,1
2026-09-09,280131,"Padma Bhushan Vasantdada Patil (Civil Surgeon), Govt. General Hospital Blood  Centre, Sangli",Sangli,B+,0.9569767387238788,1
2026-09-07,280131,"Padma Bhushan Vasantdada Patil (Civil Surgeon), Govt. General Hospital Blood  Centre, Sangli",Sangli,B-,0.9569767387238788,1
2026-09-08,280131,"Padma Bhushan Vasantdada Patil (Civil Surgeon), Govt. General Hospital Blood  Centre, Sangli",Sangli,B-,0.9569767387238788,1
2026-09-09,280131,"Padma Bhushan Vasantdada Patil (Civil Surgeon), Govt. General Hospital Blood  Centre, Sangli",Sangli,B-,0.9569767387238788,1
2026-09-07,280131,"Padma Bhushan Vasantdada Patil (Civil Surgeon), Govt. General Hospital Blood  Centre, Sangli",Sangli,O+,0.9569767387238788,1
2026-09-08,280131,"Padma Bhushan Vasantdada Patil (Civil Surgeon), Govt. General Hospital Blood  Centre, Sangli",Sangli,O+,0.9569767387238788,1
2026-09-09,280131,"Padma Bhushan Vasantdada Patil (Civil Surgeon), Govt. General Hospital Blood  Centre, Sangli",Sangli,O+,0.9569767387238788,1
2026-09-07,280131,"Padma Bhushan Vasantdada Patil (Civil Surgeon), Govt. General Hospital Blood  Centre, Sangli",Sangli,O-,0.9569767387238788,1
2026-09-08,280131,"Padma Bhushan Vasantdada Patil (Civil Surgeon), Govt. General Hospital Blood  Centre, Sangli",Sangli,O-,0.9569767387238788,1
2026-09-09,280131,"Padma Bhushan Vasantdada Patil (Civil Surgeon), Govt. General Hospital Blood  Centre, Sangli",Sangli,O-,0.9569767387238788,1
2026-09-07,280132,Prakash Blood Centre And Blood Component Seperation Unit,Sangli,A+,0.0018083016729429655,0
2026-09-08,280132,Prakash Blood Centre And Blood Component Seperation Unit,Sangli,A+,0.0018083016729429655,0
2026-09-09,280132,Prakash Blood Centre And Blood Component Seperation Unit,Sangli,A+,0.0017649198552247415,0
2026-09-07,280132,Prakash Blood Centre And Blood Component Seperation Unit,Sangli,A-,0.9569767387238788,1
2026-09-08,280132,Prakash Blood Centre And Blood Component Seperation Unit,Sangli,A-,0.9569767387238788,1
2026-09-09,280132,Prakash Blood Centre And Blood Component Seperation Unit,Sangli,A-,0.9569767387238788,1
2026-09-07,280132,Prakash Blood Centre And Blood Component Seperation Unit,Sangli,AB+,0.022298314276277785,0
2026-09-08,280132,Prakash Blood Centre And Blood Component Seperation Unit,Sangli,AB+,0.022298314276277785,0
2026-09-09,280132,Prakash Blood Centre And Blood Component Seperation Unit,Sangli,AB+,0.01146742442491361,0
2026-09-07,280132,Prakash Blood Centre And Blood Component Seperation Unit,Sangli,AB-,0.9569767387238788,1
2026-09-08,280132,Prakash Blood Centre And Blood Component Seperation Unit,Sangli,AB-,0.9569767387238788,1
2026-09-09,280132,Prakash Blood Centre And Blood Component Seperation Unit,Sangli,AB-,0.9569767387238788,1
2026-09-07,280132,Prakash Blood Centre And Blood Component Seperation Unit,Sangli,B+,0.002349754007938605,0
2026-09-08,280132,Prakash Blood Centre And Blood Component Seperation Unit,Sangli,B+,0.002349754007938605,0
2026-09-09,280132,Prakash Blood Centre And Blood Component Seperation Unit,Sangli,B+,0.002081411434515316,0
2026-09-07,280132,Prakash Blood Centre And Blood Component Seperation Unit,Sangli,B-,0.09588567459878689,0
2026-09-08,280132,Prakash Blood Centre And Blood Component Seperation Unit,Sangli,B-,0.09588567459878689,0
2026-09-09,280132,Prakash Blood Centre And Blood Component Seperation Unit,Sangli,B-,0.09588567459878689,0
2026-09-07,280132,Prakash Blood Centre And Blood Component Seperation Unit,Sangli,O+,0.0023477024961107147,0
2026-09-08,280132,Prakash Blood Centre And Blood Component Seperation Unit,Sangli,O+,0.0023477024961107147,0
2026-09-09,280132,Prakash Blood Centre And Blood Component Seperation Unit,Sangli,O+,0.0025525987153268187,0
2026-09-07,280132,Prakash Blood Centre And Blood Component Seperation Unit,Sangli,O-,0.8017482753365046,1
2026-09-08,280132,Prakash Blood Centre And Blood Component Seperation Unit,Sangli,O-,0.9569767387238788,1
2026-09-09,280132,Prakash Blood Centre And Blood Component Seperation Unit,Sangli,O-,0.9569767387238788,1
2026-09-07,280133,"S. S.Venutai Y. Chavan Sub-District Hospital, Blood Centre Karad",Satara,A+,0.9569767387238788,1
2026-09-08,280133,"S. S.Venutai Y. Chavan Sub-District Hospital, Blood Centre Karad",Satara,A+,0.9569767387238788,1
2026-09-09,280133,"S. S.Venutai Y. Chavan Sub-District Hospital, Blood Centre Karad",Satara,A+,0.9569767387238788,1
2026-09-07,280133,"S. S.Venutai Y. Chavan Sub-District Hospital, Blood Centre Karad",Satara,A-,0.9569767387238788,1
2026-09-08,280133,"S. S.Venutai Y. Chavan Sub-District Hospital, Blood Centre Karad",Satara,A-,0.9569767387238788,1
2026-09-09,280133,"S. S.Venutai Y. Chavan Sub-District Hospital, Blood Centre Karad",Satara,A-,0.9569767387238788,1
2026-09-07,280133,"S. S.Venutai Y. Chavan Sub-District Hospital, Blood Centre Karad",Satara,AB+,0.9569767387238788,1
2026-09-08,280133,"S. S.Venutai Y. Chavan Sub-District Hospital, Blood Centre Karad",Satara,AB+,0.9569767387238788,1
2026-09-09,280133,"S. S.Venutai Y. Chavan Sub-District Hospital, Blood Centre Karad",Satara,AB+,0.9569767387238788,1
2026-09-07,280133,"S. S.Venutai Y. Chavan Sub-District Hospital, Blood Centre Karad",Satara,AB-,0.9569767387238788,1
2026-09-08,280133,"S. S.Venutai Y. Chavan Sub-District Hospital, Blood Centre Karad",Satara,AB-,0.9569767387238788,1
2026-09-09,280133,"S. S.Venutai Y. Chavan Sub-District Hospital, Blood Centre Karad",Satara,AB-,0.9569767387238788,1
2026-09-07,280133,"S. S.Venutai Y. Chavan Sub-District Hospital, Blood Centre Karad",Satara,B+,0.9569767387238788,1
2026-09-08,280133,"S. S.Venutai Y. Chavan Sub-District Hospital, Blood Centre Karad",Satara,B+,0.9569767387238788,1
2026-09-09,280133,"S. S.Venutai Y. Chavan Sub-District Hospital, Blood Centre Karad",Satara,B+,0.9569767387238788,1
2026-09-07,280133,"S. S.Venutai Y. Chavan Sub-District Hospital, Blood Centre Karad",Satara,B-,0.9569767387238788,1
2026-09-08,280133,"S. S.Venutai Y. Chavan Sub-District Hospital, Blood Centre Karad",Satara,B-,0.9569767387238788,1
2026-09-09,280133,"S. S.Venutai Y. Chavan Sub-District Hospital, Blood Centre Karad",Satara,B-,0.9569767387238788,1
2026-09-07,280133,"S. S.Venutai Y. Chavan Sub-District Hospital, Blood Centre Karad",Satara,O+,0.9569767387238788,1
2026-09-08,280133,"S. S.Venutai Y. Chavan Sub-District Hospital, Blood Centre Karad",Satara,O+,0.9569767387238788,1
2026-09-09,280133,"S. S.Venutai Y. Chavan Sub-District Hospital, Blood Centre Karad",Satara,O+,0.9569767387238788,1
2026-09-07,280133,"S. S.Venutai Y. Chavan Sub-District Hospital, Blood Centre Karad",Satara,O-,0.9569767387238788,1
2026-09-08,280133,"S. S.Venutai Y. Chavan Sub-District Hospital, Blood Centre Karad",Satara,O-,0.9569767387238788,1
2026-09-09,280133,"S. S.Venutai Y. Chavan Sub-District Hospital, Blood Centre Karad",Satara,O-,0.9569767387238788,1
2026-09-07,280138,Irrapanna N Bolli Blood Centre,Solapur,A+,0.06654326172646272,0
2026-09-08,280138,Irrapanna N Bolli Blood Centre,Solapur,A+,0.002885565664141321,0
2026-09-09,280138,Irrapanna N Bolli Blood Centre,Solapur,A+,0.008770682325168472,0
2026-09-07,280138,Irrapanna N Bolli Blood Centre,Solapur,A-,0.04708016808483685,0
2026-09-08,280138,Irrapanna N Bolli Blood Centre,Solapur,A-,0.04708016808483685,0
2026-09-09,280138,Irrapanna N Bolli Blood Centre,Solapur,A-,0.04708016808483685,0
2026-09-07,280138,Irrapanna N Bolli Blood Centre,Solapur,AB+,0.006640859060677679,0
2026-09-08,280138,Irrapanna N Bolli Blood Centre,Solapur,AB+,0.01469994325095396,0
2026-09-09,280138,Irrapanna N Bolli Blood Centre,Solapur,AB+,0.010271237261192608,0
2026-09-07,280138,Irrapanna N Bolli Blood Centre,Solapur,AB-,0.9569767387238788,1
2026-09-08,280138,Irrapanna N Bolli Blood Centre,Solapur,AB-,0.9569767387238788,1
2026-09-09,280138,Irrapanna N Bolli Blood Centre,Solapur,AB-,0.9569767387238788,1
2026-09-07,280138,Irrapanna N Bolli Blood Centre,Solapur,B+,0.0026722569493858434,0
2026-09-08,280138,Irrapanna N Bolli Blood Centre,Solapur,B+,0.002546606472874805,0
2026-09-09,280138,Irrapanna N Bolli Blood Centre,Solapur,B+,0.0022991391054977797,0
2026-09-07,280138,Irrapanna N Bolli Blood Centre,Solapur,B-,0.030170888001377773,0
2026-09-08,280138,Irrapanna N Bolli Blood Centre,Solapur,B-,0.030170888001377773,0
2026-09-09,280138,Irrapanna N Bolli Blood Centre,Solapur,B-,0.030170888001377773,0
2026-09-07,280138,Irrapanna N Bolli Blood Centre,Solapur,O+,0.002889092993934228,0
2026-09-08,280138,Irrapanna N Bolli Blood Centre,Solapur,O+,0.002081411434515316,0
2026-09-09,280138,Irrapanna N Bolli Blood Centre,Solapur,O+,0.0023477024961107147,0
2026-09-07,280138,Irrapanna N Bolli Blood Centre,Solapur,O-,0.05202420222433954,0
2026-09-08,280138,Irrapanna N Bolli Blood Centre,Solapur,O-,0.15740285641896068,0
2026-09-09,280138,Irrapanna N Bolli Blood Centre,Solapur,O-,0.16311692635487893,0
2026-09-07,280140,"M.M.Patel Public Charitable Trust,  Ashwini Rural Medical College And Hospital  Blood Centre",Solapur,A+,0.1498097922182252,0
2026-09-08,280140,"M.M.Patel Public Charitable Trust,  Ashwini Rural Medical College And Hospital  Blood Centre",Solapur,A+,0.09588567459878689,0
2026-09-09,280140,"M.M.Patel Public Charitable Trust,  Ashwini Rural Medical College And Hospital  Blood Centre",Solapur,A+,0.09588567459878689,0
2026-09-07,280140,"M.M.Patel Public Charitable Trust,  Ashwini Rural Medical College And Hospital  Blood Centre",Solapur,A-,0.9569767387238788,1
2026-09-08,280140,"M.M.Patel Public Charitable Trust,  Ashwini Rural Medical College And Hospital  Blood Centre",Solapur,A-,0.9569767387238788,1
2026-09-09,280140,"M.M.Patel Public Charitable Trust,  Ashwini Rural Medical College And Hospital  Blood Centre",Solapur,A-,0.9569767387238788,1
2026-09-07,280140,"M.M.Patel Public Charitable Trust,  Ashwini Rural Medical College And Hospital  Blood Centre",Solapur,AB+,0.07952176880157198,0
2026-09-08,280140,"M.M.Patel Public Charitable Trust,  Ashwini Rural Medical College And Hospital  Blood Centre",Solapur,AB+,0.03518533361687232,0
2026-09-09,280140,"M.M.Patel Public Charitable Trust,  Ashwini Rural Medical College And Hospital  Blood Centre",Solapur,AB+,0.08832888179981703,0
2026-09-07,280140,"M.M.Patel Public Charitable Trust,  Ashwini Rural Medical College And Hospital  Blood Centre",Solapur,AB-,0.9569767387238788,1
2026-09-08,280140,"M.M.Patel Public Charitable Trust,  Ashwini Rural Medical College And Hospital  Blood Centre",Solapur,AB-,0.9569767387238788,1
2026-09-09,280140,"M.M.Patel Public Charitable Trust,  Ashwini Rural Medical College And Hospital  Blood Centre",Solapur,AB-,0.9569767387238788,1
2026-09-07,280140,"M.M.Patel Public Charitable Trust,  Ashwini Rural Medical College And Hospital  Blood Centre",Solapur,B+,0.015531656194228104,0
2026-09-08,280140,"M.M.Patel Public Charitable Trust,  Ashwini Rural Medical College And Hospital  Blood Centre",Solapur,B+,0.004699409582270632,0
2026-09-09,280140,"M.M.Patel Public Charitable Trust,  Ashwini Rural Medical College And Hospital  Blood Centre",Solapur,B+,0.01158292687275805,0
2026-09-07,280140,"M.M.Patel Public Charitable Trust,  Ashwini Rural Medical College And Hospital  Blood Centre",Solapur,B-,0.14681513403309893,0
2026-09-08,280140,"M.M.Patel Public Charitable Trust,  Ashwini Rural Medical College And Hospital  Blood Centre",Solapur,B-,0.09588567459878689,0
2026-09-09,280140,"M.M.Patel Public Charitable Trust,  Ashwini Rural Medical College And Hospital  Blood Centre",Solapur,B-,0.09588567459878689,0
2026-09-07,280140,"M.M.Patel Public Charitable Trust,  Ashwini Rural Medical College And Hospital  Blood Centre",Solapur,O+,0.15869799194769443,0
2026-09-08,280140,"M.M.Patel Public Charitable Trust,  Ashwini Rural Medical College And Hospital  Blood Centre",Solapur,O+,0.1498097922182252,0
2026-09-09,280140,"M.M.Patel Public Charitable Trust,  Ashwini Rural Medical College And Hospital  Blood Centre",Solapur,O+,0.09588567459878689,0
2026-09-07,280140,"M.M.Patel Public Charitable Trust,  Ashwini Rural Medical College And Hospital  Blood Centre",Solapur,O-,0.14681513403309893,0
2026-09-08,280140,"M.M.Patel Public Charitable Trust,  Ashwini Rural Medical College And Hospital  Blood Centre",Solapur,O-,0.7542144173100465,1
2026-09-09,280140,"M.M.Patel Public Charitable Trust,  Ashwini Rural Medical College And Hospital  Blood Centre",Solapur,O-,0.8017482753365046,1
2026-09-07,280141,Mallikarjun Blood Centre,Solapur,A+,0.03683287245166286,0
2026-09-08,280141,Mallikarjun Blood Centre,Solapur,A+,0.0032762055610796887,0
2026-09-09,280141,Mallikarjun Blood Centre,Solapur,A+,0.010182889855346705,0
2026-09-07,280141,Mallikarjun Blood Centre,Solapur,A-,0.09588567459878689,0
2026-09-08,280141,Mallikarjun Blood Centre,Solapur,A-,0.09588567459878689,0
2026-09-09,280141,Mallikarjun Blood Centre,Solapur,A-,0.09588567459878689,0
2026-09-07,280141,Mallikarjun Blood Centre,Solapur,AB+,0.05786266420733842,0
2026-09-08,280141,Mallikarjun Blood Centre,Solapur,AB+,0.011794958984780363,0
2026-09-09,280141,Mallikarjun Blood Centre,Solapur,AB+,0.021422031523030773,0
2026-09-07,280141,Mallikarjun Blood Centre,Solapur,AB-,0.05421883653906218,0
2026-09-08,280141,Mallikarjun Blood Centre,Solapur,AB-,0.16311692635487893,0
2026-09-09,280141,Mallikarjun Blood Centre,Solapur,AB-,0.16311692635487893,0
2026-09-07,280141,Mallikarjun Blood Centre,Solapur,B+,0.01606495418351609,0
2026-09-08,280141,Mallikarjun Blood Centre,Solapur,B+,0.0014341179107173402,0
2026-09-09,280141,Mallikarjun Blood Centre,Solapur,B+,0.006614124133712124,0
2026-09-07,280141,Mallikarjun Blood Centre,Solapur,B-,0.03197768588312568,0
2026-09-08,280141,Mallikarjun Blood Centre,Solapur,B-,0.051563434564605645,0
2026-09-09,280141,Mallikarjun Blood Centre,Solapur,B-,0.025599083673906342,0
2026-09-07,280141,Mallikarjun Blood Centre,Solapur,O+,0.03256295007975283,0
2026-09-08,280141,Mallikarjun Blood Centre,Solapur,O+,0.0015779651425224034,0
2026-09-09,280141,Mallikarjun Blood Centre,Solapur,O+,0.0016710067755597783,0
2026-09-07,280141,Mallikarjun Blood Centre,Solapur,O-,0.030146238907467458,0
2026-09-08,280141,Mallikarjun Blood Centre,Solapur,O-,0.025965664226108902,0
2026-09-09,280141,Mallikarjun Blood Centre,Solapur,O-,0.08680707578515685,0
2026-09-07,280142,"Maharashtra Bloodbank, Component And Apheresis Center",Palghar,A+,0.04708016808483685,0
2026-09-08,280142,"Maharashtra Bloodbank, Component And Apheresis Center",Palghar,A+,0.04708016808483685,0
2026-09-09,280142,"Maharashtra Bloodbank, Component And Apheresis Center",Palghar,A+,0.04708016808483685,0
2026-09-07,280142,"Maharashtra Bloodbank, Component And Apheresis Center",Palghar,A-,0.9569767387238788,1
2026-09-08,280142,"Maharashtra Bloodbank, Component And Apheresis Center",Palghar,A-,0.9569767387238788,1
2026-09-09,280142,"Maharashtra Bloodbank, Component And Apheresis Center",Palghar,A-,0.9569767387238788,1
2026-09-07,280142,"Maharashtra Bloodbank, Component And Apheresis Center",Palghar,AB+,0.09588567459878689,0
2026-09-08,280142,"Maharashtra Bloodbank, Component And Apheresis Center",Palghar,AB+,0.7542144173100465,1
2026-09-09,280142,"Maharashtra Bloodbank, Component And Apheresis Center",Palghar,AB+,0.8017482753365046,1
2026-09-07,280142,"Maharashtra Bloodbank, Component And Apheresis Center",Palghar,AB-,0.9569767387238788,1
2026-09-08,280142,"Maharashtra Bloodbank, Component And Apheresis Center",Palghar,AB-,0.9569767387238788,1
2026-09-09,280142,"Maharashtra Bloodbank, Component And Apheresis Center",Palghar,AB-,0.9569767387238788,1
2026-09-07,280142,"Maharashtra Bloodbank, Component And Apheresis Center",Palghar,B+,0.05202420222433954,0
2026-09-08,280142,"Maharashtra Bloodbank, Component And Apheresis Center",Palghar,B+,0.04708016808483685,0
2026-09-09,280142,"Maharashtra Bloodbank, Component And Apheresis Center",Palghar,B+,0.16210439842287436,0
2026-09-07,280142,"Maharashtra Bloodbank, Component And Apheresis Center",Palghar,B-,0.9569767387238788,1
2026-09-08,280142,"Maharashtra Bloodbank, Component And Apheresis Center",Palghar,B-,0.9569767387238788,1
2026-09-09,280142,"Maharashtra Bloodbank, Component And Apheresis Center",Palghar,B-,0.9569767387238788,1
2026-09-07,280142,"Maharashtra Bloodbank, Component And Apheresis Center",Palghar,O+,0.030596913276096392,0
2026-09-08,280142,"Maharashtra Bloodbank, Component And Apheresis Center",Palghar,O+,0.030170888001377773,0
2026-09-09,280142,"Maharashtra Bloodbank, Component And Apheresis Center",Palghar,O+,0.030170888001377773,0
2026-09-07,280142,"Maharashtra Bloodbank, Component And Apheresis Center",Palghar,O-,0.9569767387238788,1
2026-09-08,280142,"Maharashtra Bloodbank, Component And Apheresis Center",Palghar,O-,0.9569767387238788,1
2026-09-09,280142,"Maharashtra Bloodbank, Component And Apheresis Center",Palghar,O-,0.9569767387238788,1
2026-09-07,280143,Triumph Foundations Triumph Blood Center,Thane,A+,0.17707857136978641,0
2026-09-08,280143,Triumph Foundations Triumph Blood Center,Thane,A+,0.6449829140426298,1
2026-09-09,280143,Triumph Foundations Triumph Blood Center,Thane,A+,0.756606744965914,1
2026-09-07,280143,Triumph Foundations Triumph Blood Center,Thane,A-,0.9569767387238788,1
2026-09-08,280143,Triumph Foundations Triumph Blood Center,Thane,A-,0.9569767387238788,1
2026-09-09,280143,Triumph Foundations Triumph Blood Center,Thane,A-,0.9569767387238788,1
2026-09-07,280143,Triumph Foundations Triumph Blood Center,Thane,AB+,0.8017482753365046,1
2026-09-08,280143,Triumph Foundations Triumph Blood Center,Thane,AB+,0.9569767387238788,1
2026-09-09,280143,Triumph Foundations Triumph Blood Center,Thane,AB+,0.9569767387238788,1
2026-09-07,280143,Triumph Foundations Triumph Blood Center,Thane,AB-,0.9569767387238788,1
2026-09-08,280143,Triumph Foundations Triumph Blood Center,Thane,AB-,0.9569767387238788,1
2026-09-09,280143,Triumph Foundations Triumph Blood Center,Thane,AB-,0.9569767387238788,1
2026-09-07,280143,Triumph Foundations Triumph Blood Center,Thane,B+,0.03870337933704588,0
2026-09-08,280143,Triumph Foundations Triumph Blood Center,Thane,B+,0.35436282402880315,0
2026-09-09,280143,Triumph Foundations Triumph Blood Center,Thane,B+,0.24030133563931505,0
2026-09-07,280143,Triumph Foundations Triumph Blood Center,Thane,B-,0.9569767387238788,1
2026-09-08,280143,Triumph Foundations Triumph Blood Center,Thane,B-,0.9569767387238788,1
2026-09-09,280143,Triumph Foundations Triumph Blood Center,Thane,B-,0.9569767387238788,1
2026-09-07,280143,Triumph Foundations Triumph Blood Center,Thane,O+,0.07814653289420166,0
2026-09-08,280143,Triumph Foundations Triumph Blood Center,Thane,O+,0.028831849716799477,0
2026-09-09,280143,Triumph Foundations Triumph Blood Center,Thane,O+,0.030170888001377773,0
2026-09-07,280143,Triumph Foundations Triumph Blood Center,Thane,O-,0.9569767387238788,1
2026-09-08,280143,Triumph Foundations Triumph Blood Center,Thane,O-,0.9569767387238788,1
2026-09-09,280143,Triumph Foundations Triumph Blood Center,Thane,O-,0.9569767387238788,1
2026-09-07,280145,Terna Blood Centre,Thane,A+,0.00997999823568397,0
2026-09-08,280145,Terna Blood Centre,Thane,A+,0.02326229355367797,0
2026-09-09,280145,Terna Blood Centre,Thane,A+,0.014406164284245617,0
2026-09-07,280145,Terna Blood Centre,Thane,A-,0.09588567459878689,0
2026-09-08,280145,Terna Blood Centre,Thane,A-,0.09588567459878689,0
2026-09-09,280145,Terna Blood Centre,Thane,A-,0.09588567459878689,0
2026-09-07,280145,Terna Blood Centre,Thane,AB+,0.02693490311827044,0
2026-09-08,280145,Terna Blood Centre,Thane,AB+,0.02693490311827044,0
2026-09-09,280145,Terna Blood Centre,Thane,AB+,0.02693490311827044,0
2026-09-07,280145,Terna Blood Centre,Thane,AB-,0.09588567459878689,0
2026-09-08,280145,Terna Blood Centre,Thane,AB-,0.09588567459878689,0
2026-09-09,280145,Terna Blood Centre,Thane,AB-,0.09588567459878689,0
2026-09-07,280145,Terna Blood Centre,Thane,B+,0.00873308528837508,0
2026-09-08,280145,Terna Blood Centre,Thane,B+,0.022298314276277785,0
2026-09-09,280145,Terna Blood Centre,Thane,B+,0.022298314276277785,0
2026-09-07,280145,Terna Blood Centre,Thane,B-,0.9569767387238788,1
2026-09-08,280145,Terna Blood Centre,Thane,B-,0.9569767387238788,1
2026-09-09,280145,Terna Blood Centre,Thane,B-,0.9569767387238788,1
2026-09-07,280145,Terna Blood Centre,Thane,O+,0.001969036478950997,0
2026-09-08,280145,Terna Blood Centre,Thane,O+,0.0018083016729429655,0
2026-09-09,280145,Terna Blood Centre,Thane,O+,0.002102066829764391,0
2026-09-07,280145,Terna Blood Centre,Thane,O-,0.8017482753365046,1
2026-09-08,280145,Terna Blood Centre,Thane,O-,0.9569767387238788,1
2026-09-09,280145,Terna Blood Centre,Thane,O-,0.9569767387238788,1
2026-09-07,280146,Blood Centre Shri Vasantrao Naik  Govt. Medical College And Hospital,Yavatmal,A+,0.0021205543004745573,0
2026-09-08,280146,Blood Centre Shri Vasantrao Naik  Govt. Medical College And Hospital,Yavatmal,A+,0.0016710067755597783,0
2026-09-09,280146,Blood Centre Shri Vasantrao Naik  Govt. Medical College And Hospital,Yavatmal,A+,0.0015779651425224034,0
2026-09-07,280146,Blood Centre Shri Vasantrao Naik  Govt. Medical College And Hospital,Yavatmal,A-,0.014087102374573161,0
2026-09-08,280146,Blood Centre Shri Vasantrao Naik  Govt. Medical College And Hospital,Yavatmal,A-,0.033557252055806404,0
2026-09-09,280146,Blood Centre Shri Vasantrao Naik  Govt. Medical College And Hospital,Yavatmal,A-,0.014511043073371891,0
2026-09-07,280146,Blood Centre Shri Vasantrao Naik  Govt. Medical College And Hospital,Yavatmal,AB+,0.01734657195909022,0
2026-09-08,280146,Blood Centre Shri Vasantrao Naik  Govt. Medical College And Hospital,Yavatmal,AB+,0.020562505324546617,0
2026-09-09,280146,Blood Centre Shri Vasantrao Naik  Govt. Medical College And Hospital,Yavatmal,AB+,0.024215324238568026,0
2026-09-07,280146,Blood Centre Shri Vasantrao Naik  Govt. Medical College And Hospital,Yavatmal,AB-,0.038917813265284026,0
2026-09-08,280146,Blood Centre Shri Vasantrao Naik  Govt. Medical College And Hospital,Yavatmal,AB-,0.030170888001377773,0
2026-09-09,280146,Blood Centre Shri Vasantrao Naik  Govt. Medical College And Hospital,Yavatmal,AB-,0.35436282402880315,0
2026-09-07,280146,Blood Centre Shri Vasantrao Naik  Govt. Medical College And Hospital,Yavatmal,B+,0.001670688725475448,0
2026-09-08,280146,Blood Centre Shri Vasantrao Naik  Govt. Medical College And Hospital,Yavatmal,B+,0.0015779651425224034,0
2026-09-09,280146,Blood Centre Shri Vasantrao Naik  Govt. Medical College And Hospital,Yavatmal,B+,0.0023863497870451945,0
2026-09-07,280146,Blood Centre Shri Vasantrao Naik  Govt. Medical College And Hospital,Yavatmal,B-,0.3112200258807507,0
2026-09-08,280146,Blood Centre Shri Vasantrao Naik  Govt. Medical College And Hospital,Yavatmal,B-,0.05652707802842276,0
2026-09-09,280146,Blood Centre Shri Vasantrao Naik  Govt. Medical College And Hospital,Yavatmal,B-,0.13265385587102013,0
2026-09-07,280146,Blood Centre Shri Vasantrao Naik  Govt. Medical College And Hospital,Yavatmal,O+,0.010509243464933352,0
2026-09-08,280146,Blood Centre Shri Vasantrao Naik  Govt. Medical College And Hospital,Yavatmal,O+,0.004596313529924509,0
2026-09-09,280146,Blood Centre Shri Vasantrao Naik  Govt. Medical College And Hospital,Yavatmal,O+,0.012799015646462922,0
2026-09-07,280146,Blood Centre Shri Vasantrao Naik  Govt. Medical College And Hospital,Yavatmal,O-,0.017718354444483823,0
2026-09-08,280146,Blood Centre Shri Vasantrao Naik  Govt. Medical College And Hospital,Yavatmal,O-,0.017718354444483823,0
2026-09-09,280146,Blood Centre Shri Vasantrao Naik  Govt. Medical College And Hospital,Yavatmal,O-,0.03271427357286831,0
2026-09-07,280147,"Ocean Bahuuddeshiy Sanstha, M/S Ekneel Blood Centre",Yavatmal,A+,0.0016710067755597783,0
2026-09-08,280147,"Ocean Bahuuddeshiy Sanstha, M/S Ekneel Blood Centre",Yavatmal,A+,0.0016710067755597783,0
2026-09-09,280147,"Ocean Bahuuddeshiy Sanstha, M/S Ekneel Blood Centre",Yavatmal,A+,0.0016150965797063078,0
2026-09-07,280147,"Ocean Bahuuddeshiy Sanstha, M/S Ekneel Blood Centre",Yavatmal,A-,0.022229048452583756,0
2026-09-08,280147,"Ocean Bahuuddeshiy Sanstha, M/S Ekneel Blood Centre",Yavatmal,A-,0.022229048452583756,0
2026-09-09,280147,"Ocean Bahuuddeshiy Sanstha, M/S Ekneel Blood Centre",Yavatmal,A-,0.02014311720528692,0
2026-09-07,280147,"Ocean Bahuuddeshiy Sanstha, M/S Ekneel Blood Centre",Yavatmal,AB+,0.002160223508509976,0
2026-09-08,280147,"Ocean Bahuuddeshiy Sanstha, M/S Ekneel Blood Centre",Yavatmal,AB+,0.0017649198552247415,0
2026-09-09,280147,"Ocean Bahuuddeshiy Sanstha, M/S Ekneel Blood Centre",Yavatmal,AB+,0.009619541283058657,0
2026-09-07,280147,"Ocean Bahuuddeshiy Sanstha, M/S Ekneel Blood Centre",Yavatmal,AB-,0.04708016808483685,0
2026-09-08,280147,"Ocean Bahuuddeshiy Sanstha, M/S Ekneel Blood Centre",Yavatmal,AB-,0.04708016808483685,0
2026-09-09,280147,"Ocean Bahuuddeshiy Sanstha, M/S Ekneel Blood Centre",Yavatmal,AB-,0.04708016808483685,0
2026-09-07,280147,"Ocean Bahuuddeshiy Sanstha, M/S Ekneel Blood Centre",Yavatmal,B+,0.0016710067755597783,0
2026-09-08,280147,"Ocean Bahuuddeshiy Sanstha, M/S Ekneel Blood Centre",Yavatmal,B+,0.0023477024961107147,0
2026-09-09,280147,"Ocean Bahuuddeshiy Sanstha, M/S Ekneel Blood Centre",Yavatmal,B+,0.004925964065113693,0
2026-09-07,280147,"Ocean Bahuuddeshiy Sanstha, M/S Ekneel Blood Centre",Yavatmal,B-,0.05652707802842276,0
2026-09-08,280147,"Ocean Bahuuddeshiy Sanstha, M/S Ekneel Blood Centre",Yavatmal,B-,0.16311692635487893,0
2026-09-09,280147,"Ocean Bahuuddeshiy Sanstha, M/S Ekneel Blood Centre",Yavatmal,B-,0.07785971471391046,0
2026-09-07,280147,"Ocean Bahuuddeshiy Sanstha, M/S Ekneel Blood Centre",Yavatmal,O+,0.0018893597350191263,0
2026-09-08,280147,"Ocean Bahuuddeshiy Sanstha, M/S Ekneel Blood Centre",Yavatmal,O+,0.0016710067755597783,0
2026-09-09,280147,"Ocean Bahuuddeshiy Sanstha, M/S Ekneel Blood Centre",Yavatmal,O+,0.001958856492066349,0
2026-09-07,280147,"Ocean Bahuuddeshiy Sanstha, M/S Ekneel Blood Centre",Yavatmal,O-,0.033557252055806404,0
2026-09-08,280147,"Ocean Bahuuddeshiy Sanstha, M/S Ekneel Blood Centre",Yavatmal,O-,0.014511043073371891,0
2026-09-09,280147,"Ocean Bahuuddeshiy Sanstha, M/S Ekneel Blood Centre",Yavatmal,O-,0.015816975002225914,0
2026-09-07,280148,"M/S Adhar Blood Centre, Ichalkaranji",Kolhapur,A+,0.0018424033213831116,0
2026-09-08,280148,"M/S Adhar Blood Centre, Ichalkaranji",Kolhapur,A+,0.008856679089547558,0
2026-09-09,280148,"M/S Adhar Blood Centre, Ichalkaranji",Kolhapur,A+,0.005916538109913224,0
2026-09-07,280148,"M/S Adhar Blood Centre, Ichalkaranji",Kolhapur,A-,0.04708016808483685,0
2026-09-08,280148,"M/S Adhar Blood Centre, Ichalkaranji",Kolhapur,A-,0.16210439842287436,0
2026-09-09,280148,"M/S Adhar Blood Centre, Ichalkaranji",Kolhapur,A-,0.05840963795906487,0
2026-09-07,280148,"M/S Adhar Blood Centre, Ichalkaranji",Kolhapur,AB+,0.0018963568636397043,0
2026-09-08,280148,"M/S Adhar Blood Centre, Ichalkaranji",Kolhapur,AB+,0.004290861143068686,0
2026-09-09,280148,"M/S Adhar Blood Centre, Ichalkaranji",Kolhapur,AB+,0.002885565664141321,0
2026-09-07,280148,"M/S Adhar Blood Centre, Ichalkaranji",Kolhapur,AB-,0.7542144173100465,1
2026-09-08,280148,"M/S Adhar Blood Centre, Ichalkaranji",Kolhapur,AB-,0.8017482753365046,1
2026-09-09,280148,"M/S Adhar Blood Centre, Ichalkaranji",Kolhapur,AB-,0.9569767387238788,1
2026-09-07,280148,"M/S Adhar Blood Centre, Ichalkaranji",Kolhapur,B+,0.0050837347224548315,0
2026-09-08,280148,"M/S Adhar Blood Centre, Ichalkaranji",Kolhapur,B+,0.0050038186718143925,0
2026-09-09,280148,"M/S Adhar Blood Centre, Ichalkaranji",Kolhapur,B+,0.023272155006945558,0
2026-09-07,280148,"M/S Adhar Blood Centre, Ichalkaranji",Kolhapur,B-,0.14681513403309893,0
2026-09-08,280148,"M/S Adhar Blood Centre, Ichalkaranji",Kolhapur,B-,0.7542144173100465,1
2026-09-09,280148,"M/S Adhar Blood Centre, Ichalkaranji",Kolhapur,B-,0.8017482753365046,1
2026-09-07,280148,"M/S Adhar Blood Centre, Ichalkaranji",Kolhapur,O+,0.00189020356093118,0
2026-09-08,280148,"M/S Adhar Blood Centre, Ichalkaranji",Kolhapur,O+,0.00189020356093118,0
2026-09-09,280148,"M/S Adhar Blood Centre, Ichalkaranji",Kolhapur,O+,0.0017409769591235288,0
2026-09-07,280148,"M/S Adhar Blood Centre, Ichalkaranji",Kolhapur,O-,0.04708016808483685,0
2026-09-08,280148,"M/S Adhar Blood Centre, Ichalkaranji",Kolhapur,O-,0.04708016808483685,0
2026-09-09,280148,"M/S Adhar Blood Centre, Ichalkaranji",Kolhapur,O-,0.04708016808483685,0
2026-09-07,280149,Advanced Centre For Treatment Reasearch And Education In Cancer,Raigarh,A+,0.23599791560609168,0
2026-09-08,280149,Advanced Centre For Treatment Reasearch And Education In Cancer,Raigarh,A+,0.604741356909851,1
2026-09-09,280149,Advanced Centre For Treatment Reasearch And Education In Cancer,Raigarh,A+,0.495161304823356,0
2026-09-07,280149,Advanced Centre For Treatment Reasearch And Education In Cancer,Raigarh,A-,0.32268418572950647,0
2026-09-08,280149,Advanced Centre For Treatment Reasearch And Education In Cancer,Raigarh,A-,0.7789323790913819,1
2026-09-09,280149,Advanced Centre For Treatment Reasearch And Education In Cancer,Raigarh,A-,0.8017482753365046,1
2026-09-07,280149,Advanced Centre For Treatment Reasearch And Education In Cancer,Raigarh,AB+,0.31460226425080806,0
2026-09-08,280149,Advanced Centre For Treatment Reasearch And Education In Cancer,Raigarh,AB+,0.6257963859382902,1
2026-09-09,280149,Advanced Centre For Treatment Reasearch And Education In Cancer,Raigarh,AB+,0.7033044004560453,1
2026-09-07,280149,Advanced Centre For Treatment Reasearch And Education In Cancer,Raigarh,AB-,0.32268418572950647,0
2026-09-08,280149,Advanced Centre For Treatment Reasearch And Education In Cancer,Raigarh,AB-,0.7789323790913819,1
2026-09-09,280149,Advanced Centre For Treatment Reasearch And Education In Cancer,Raigarh,AB-,0.8017482753365046,1
2026-09-07,280149,Advanced Centre For Treatment Reasearch And Education In Cancer,Raigarh,B+,0.28749450505617186,0
2026-09-08,280149,Advanced Centre For Treatment Reasearch And Education In Cancer,Raigarh,B+,0.13500754552179894,0
2026-09-09,280149,Advanced Centre For Treatment Reasearch And Education In Cancer,Raigarh,B+,0.3396475915841351,0
2026-09-07,280149,Advanced Centre For Treatment Reasearch And Education In Cancer,Raigarh,B-,0.4483383250734861,0
2026-09-08,280149,Advanced Centre For Treatment Reasearch And Education In Cancer,Raigarh,B-,0.647713153772467,1
2026-09-09,280149,Advanced Centre For Treatment Reasearch And Education In Cancer,Raigarh,B-,0.7230546871564677,1
2026-09-07,280149,Advanced Centre For Treatment Reasearch And Education In Cancer,Raigarh,O+,0.006481532674004004,0
2026-09-08,280149,Advanced Centre For Treatment Reasearch And Education In Cancer,Raigarh,O+,0.3567973938687596,0
2026-09-09,280149,Advanced Centre For Treatment Reasearch And Education In Cancer,Raigarh,O+,0.33112964088689584,0
2026-09-07,280149,Advanced Centre For Treatment Reasearch And Education In Cancer,Raigarh,O-,0.31682855738935406,0
2026-09-08,280149,Advanced Centre For Treatment Reasearch And Education In Cancer,Raigarh,O-,0.6079895771448278,1
2026-09-09,280149,Advanced Centre For Treatment Reasearch And Education In Cancer,Raigarh,O-,0.786299925543641,1
2026-09-07,280516,"Sadguru Gajanan Maharaj Education Society,  Paramedical Inst., Revneel Blood  Centre",Solapur,A+,0.09745510210415546,0
2026-09-08,280516,"Sadguru Gajanan Maharaj Education Society,  Paramedical Inst., Revneel Blood  Centre",Solapur,A+,0.017042846115215688,0
2026-09-09,280516,"Sadguru Gajanan Maharaj Education Society,  Paramedical Inst., Revneel Blood  Centre",Solapur,A+,0.010356444048675646,0
2026-09-07,280516,"Sadguru Gajanan Maharaj Education Society,  Paramedical Inst., Revneel Blood  Centre",Solapur,A-,0.02965889291932624,0
2026-09-08,280516,"Sadguru Gajanan Maharaj Education Society,  Paramedical Inst., Revneel Blood  Centre",Solapur,A-,0.0352865250961465,0
2026-09-09,280516,"Sadguru Gajanan Maharaj Education Society,  Paramedical Inst., Revneel Blood  Centre",Solapur,A-,0.030170888001377773,0
2026-09-07,280516,"Sadguru Gajanan Maharaj Education Society,  Paramedical Inst., Revneel Blood  Centre",Solapur,AB+,0.004063617022490152,0
2026-09-08,280516,"Sadguru Gajanan Maharaj Education Society,  Paramedical Inst., Revneel Blood  Centre",Solapur,AB+,0.0015713377579986332,0
2026-09-09,280516,"Sadguru Gajanan Maharaj Education Society,  Paramedical Inst., Revneel Blood  Centre",Solapur,AB+,0.00343329001968048,0
2026-09-07,280516,"Sadguru Gajanan Maharaj Education Society,  Paramedical Inst., Revneel Blood  Centre",Solapur,AB-,0.05185740525248955,0
2026-09-08,280516,"Sadguru Gajanan Maharaj Education Society,  Paramedical Inst., Revneel Blood  Centre",Solapur,AB-,0.0726101230638756,0
2026-09-09,280516,"Sadguru Gajanan Maharaj Education Society,  Paramedical Inst., Revneel Blood  Centre",Solapur,AB-,0.16210439842287436,0
2026-09-07,280516,"Sadguru Gajanan Maharaj Education Society,  Paramedical Inst., Revneel Blood  Centre",Solapur,B+,0.0032870495541700404,0
2026-09-08,280516,"Sadguru Gajanan Maharaj Education Society,  Paramedical Inst., Revneel Blood  Centre",Solapur,B+,0.001631994911879064,0
2026-09-09,280516,"Sadguru Gajanan Maharaj Education Society,  Paramedical Inst., Revneel Blood  Centre",Solapur,B+,0.0023477024961107147,0
2026-09-07,280516,"Sadguru Gajanan Maharaj Education Society,  Paramedical Inst., Revneel Blood  Centre",Solapur,B-,0.02965889291932624,0
2026-09-08,280516,"Sadguru Gajanan Maharaj Education Society,  Paramedical Inst., Revneel Blood  Centre",Solapur,B-,0.0352865250961465,0
2026-09-09,280516,"Sadguru Gajanan Maharaj Education Society,  Paramedical Inst., Revneel Blood  Centre",Solapur,B-,0.1791511862761025,0
2026-09-07,280516,"Sadguru Gajanan Maharaj Education Society,  Paramedical Inst., Revneel Blood  Centre",Solapur,O+,0.0032870495541700404,0
2026-09-08,280516,"Sadguru Gajanan Maharaj Education Society,  Paramedical Inst., Revneel Blood  Centre",Solapur,O+,0.0017742396160384637,0
2026-09-09,280516,"Sadguru Gajanan Maharaj Education Society,  Paramedical Inst., Revneel Blood  Centre",Solapur,O+,0.001917118468168659,0
2026-09-07,280516,"Sadguru Gajanan Maharaj Education Society,  Paramedical Inst., Revneel Blood  Centre",Solapur,O-,0.045072468254795155,0
2026-09-08,280516,"Sadguru Gajanan Maharaj Education Society,  Paramedical Inst., Revneel Blood  Centre",Solapur,O-,0.05202420222433954,0
2026-09-09,280516,"Sadguru Gajanan Maharaj Education Society,  Paramedical Inst., Revneel Blood  Centre",Solapur,O-,0.16210439842287436,0
2026-09-07,280520,Mgm Medical College And Hospital Blood Centre,Aurangabad,A+,0.03822771607456414,0
2026-09-08,280520,Mgm Medical College And Hospital Blood Centre,Aurangabad,A+,0.02448614004766888,0
2026-09-09,280520,Mgm Medical College And Hospital Blood Centre,Aurangabad,A+,0.014531313417560901,0
2026-09-07,280520,Mgm Medical College And Hospital Blood Centre,Aurangabad,A-,0.030170888001377773,0
2026-09-08,280520,Mgm Medical College And Hospital Blood Centre,Aurangabad,A-,0.030170888001377773,0
2026-09-09,280520,Mgm Medical College And Hospital Blood Centre,Aurangabad,A-,0.030170888001377773,0
2026-09-07,280520,Mgm Medical College And Hospital Blood Centre,Aurangabad,AB+,0.024215324238568026,0
2026-09-08,280520,Mgm Medical College And Hospital Blood Centre,Aurangabad,AB+,0.06717978117107769,0
2026-09-09,280520,Mgm Medical College And Hospital Blood Centre,Aurangabad,AB+,0.0726101230638756,0
2026-09-07,280520,Mgm Medical College And Hospital Blood Centre,Aurangabad,AB-,0.09588567459878689,0
2026-09-08,280520,Mgm Medical College And Hospital Blood Centre,Aurangabad,AB-,0.09588567459878689,0
2026-09-09,280520,Mgm Medical College And Hospital Blood Centre,Aurangabad,AB-,0.09588567459878689,0
2026-09-07,280520,Mgm Medical College And Hospital Blood Centre,Aurangabad,B+,0.009469772009240889,0
2026-09-08,280520,Mgm Medical College And Hospital Blood Centre,Aurangabad,B+,0.006030091626578206,0
2026-09-09,280520,Mgm Medical College And Hospital Blood Centre,Aurangabad,B+,0.0056356502878979415,0
2026-09-07,280520,Mgm Medical College And Hospital Blood Centre,Aurangabad,B-,0.9569767387238788,1
2026-09-08,280520,Mgm Medical College And Hospital Blood Centre,Aurangabad,B-,0.31682855738935406,0
2026-09-09,280520,Mgm Medical College And Hospital Blood Centre,Aurangabad,B-,0.07307873484699798,0
2026-09-07,280520,Mgm Medical College And Hospital Blood Centre,Aurangabad,O+,0.008554246257895363,0
2026-09-08,280520,Mgm Medical College And Hospital Blood Centre,Aurangabad,O+,0.005242441263037718,0
2026-09-09,280520,Mgm Medical College And Hospital Blood Centre,Aurangabad,O+,0.005046722222289258,0
2026-09-07,280520,Mgm Medical College And Hospital Blood Centre,Aurangabad,O-,0.030170888001377773,0
2026-09-08,280520,Mgm Medical College And Hospital Blood Centre,Aurangabad,O-,0.030170888001377773,0
2026-09-09,280520,Mgm Medical College And Hospital Blood Centre,Aurangabad,O-,0.030170888001377773,0
2026-09-07,280535,Jupiter Lifeline Hospital Blood Centre,Pune,A+,0.0012081753373930854,0
2026-09-08,280535,Jupiter Lifeline Hospital Blood Centre,Pune,A+,0.00189020356093118,0
2026-09-09,280535,Jupiter Lifeline Hospital Blood Centre,Pune,A+,0.0021224077438302767,0
2026-09-07,280535,Jupiter Lifeline Hospital Blood Centre,Pune,A-,0.32559708094662476,0
2026-09-08,280535,Jupiter Lifeline Hospital Blood Centre,Pune,A-,0.14681513403309893,0
2026-09-09,280535,Jupiter Lifeline Hospital Blood Centre,Pune,A-,0.09588567459878689,0
2026-09-07,280535,Jupiter Lifeline Hospital Blood Centre,Pune,AB+,0.02226776633542793,0
2026-09-08,280535,Jupiter Lifeline Hospital Blood Centre,Pune,AB+,0.01104163663258099,0
2026-09-09,280535,Jupiter Lifeline Hospital Blood Centre,Pune,AB+,0.012511089184108457,0
2026-09-07,280535,Jupiter Lifeline Hospital Blood Centre,Pune,AB-,0.09588567459878689,0
2026-09-08,280535,Jupiter Lifeline Hospital Blood Centre,Pune,AB-,0.09588567459878689,0
2026-09-09,280535,Jupiter Lifeline Hospital Blood Centre,Pune,AB-,0.09588567459878689,0
2026-09-07,280535,Jupiter Lifeline Hospital Blood Centre,Pune,B+,0.010127814347531171,0
2026-09-08,280535,Jupiter Lifeline Hospital Blood Centre,Pune,B+,0.011895071339848053,0
2026-09-09,280535,Jupiter Lifeline Hospital Blood Centre,Pune,B+,0.01915289633474688,0
2026-09-07,280535,Jupiter Lifeline Hospital Blood Centre,Pune,B-,0.025599083673906342,0
2026-09-08,280535,Jupiter Lifeline Hospital Blood Centre,Pune,B-,0.022229048452583756,0
2026-09-09,280535,Jupiter Lifeline Hospital Blood Centre,Pune,B-,0.030146238907467458,0
2026-09-07,280535,Jupiter Lifeline Hospital Blood Centre,Pune,O+,0.0012081753373930854,0
2026-09-08,280535,Jupiter Lifeline Hospital Blood Centre,Pune,O+,0.002889273914212539,0
2026-09-09,280535,Jupiter Lifeline Hospital Blood Centre,Pune,O+,0.001648900535990075,0
2026-09-07,280535,Jupiter Lifeline Hospital Blood Centre,Pune,O-,0.03518533361687232,0
2026-09-08,280535,Jupiter Lifeline Hospital Blood Centre,Pune,O-,0.12951887709480708,0
2026-09-09,280535,Jupiter Lifeline Hospital Blood Centre,Pune,O-,0.1456176115325335,0
2026-09-07,280536,Apollo Hospital Charitable Trusts' Apollo Hospital Blood Centre,Raigarh,A+,0.019734077505251153,0
2026-09-08,280536,Apollo Hospital Charitable Trusts' Apollo Hospital Blood Centre,Raigarh,A+,0.020871756965735053,0
2026-09-09,280536,Apollo Hospital Charitable Trusts' Apollo Hospital Blood Centre,Raigarh,A+,0.02099810601249353,0
2026-09-07,280536,Apollo Hospital Charitable Trusts' Apollo Hospital Blood Centre,Raigarh,A-,0.32268418572950647,0
2026-09-08,280536,Apollo Hospital Charitable Trusts' Apollo Hospital Blood Centre,Raigarh,A-,0.05652707802842276,0
2026-09-09,280536,Apollo Hospital Charitable Trusts' Apollo Hospital Blood Centre,Raigarh,A-,0.07105022241162556,0
2026-09-07,280536,Apollo Hospital Charitable Trusts' Apollo Hospital Blood Centre,Raigarh,AB+,0.04708016808483685,0
2026-09-08,280536,Apollo Hospital Charitable Trusts' Apollo Hospital Blood Centre,Raigarh,AB+,0.04708016808483685,0
2026-09-09,280536,Apollo Hospital Charitable Trusts' Apollo Hospital Blood Centre,Raigarh,AB+,0.16210439842287436,0
2026-09-07,280536,Apollo Hospital Charitable Trusts' Apollo Hospital Blood Centre,Raigarh,AB-,0.14681513403309893,0
2026-09-08,280536,Apollo Hospital Charitable Trusts' Apollo Hospital Blood Centre,Raigarh,AB-,0.09588567459878689,0
2026-09-09,280536,Apollo Hospital Charitable Trusts' Apollo Hospital Blood Centre,Raigarh,AB-,0.09588567459878689,0
2026-09-07,280536,Apollo Hospital Charitable Trusts' Apollo Hospital Blood Centre,Raigarh,B+,0.003885658062522827,0
2026-09-08,280536,Apollo Hospital Charitable Trusts' Apollo Hospital Blood Centre,Raigarh,B+,0.013043116435576315,0
2026-09-09,280536,Apollo Hospital Charitable Trusts' Apollo Hospital Blood Centre,Raigarh,B+,0.12389502254691288,0
2026-09-07,280536,Apollo Hospital Charitable Trusts' Apollo Hospital Blood Centre,Raigarh,B-,0.9569767387238788,1
2026-09-08,280536,Apollo Hospital Charitable Trusts' Apollo Hospital Blood Centre,Raigarh,B-,0.31682855738935406,0
2026-09-09,280536,Apollo Hospital Charitable Trusts' Apollo Hospital Blood Centre,Raigarh,B-,0.11137846256372314,0
2026-09-07,280536,Apollo Hospital Charitable Trusts' Apollo Hospital Blood Centre,Raigarh,O+,0.00852742095062716,0
2026-09-08,280536,Apollo Hospital Charitable Trusts' Apollo Hospital Blood Centre,Raigarh,O+,0.044875132105724504,0
2026-09-09,280536,Apollo Hospital Charitable Trusts' Apollo Hospital Blood Centre,Raigarh,O+,0.0186895681802476,0
2026-09-07,280536,Apollo Hospital Charitable Trusts' Apollo Hospital Blood Centre,Raigarh,O-,0.025599083673906342,0
2026-09-08,280536,Apollo Hospital Charitable Trusts' Apollo Hospital Blood Centre,Raigarh,O-,0.028538558157038173,0
2026-09-09,280536,Apollo Hospital Charitable Trusts' Apollo Hospital Blood Centre,Raigarh,O-,0.0206264393579776,0
2026-09-07,280537,M/S. Sri. Bhagwant Blood Centre,Solapur,A+,0.001561785657480558,0
2026-09-08,280537,M/S. Sri. Bhagwant Blood Centre,Solapur,A+,0.0012081753373930854,0
2026-09-09,280537,M/S. Sri. Bhagwant Blood Centre,Solapur,A+,0.0011957829087145444,0
2026-09-07,280537,M/S. Sri. Bhagwant Blood Centre,Solapur,A-,0.014725701668990794,0
2026-09-08,280537,M/S. Sri. Bhagwant Blood Centre,Solapur,A-,0.0045447106460079385,0
2026-09-09,280537,M/S. Sri. Bhagwant Blood Centre,Solapur,A-,0.008665901517671963,0
2026-09-07,280537,M/S. Sri. Bhagwant Blood Centre,Solapur,AB+,0.001342669751310361,0
2026-09-08,280537,M/S. Sri. Bhagwant Blood Centre,Solapur,AB+,0.0012081753373930854,0
2026-09-09,280537,M/S. Sri. Bhagwant Blood Centre,Solapur,AB+,0.0012081753373930854,0
2026-09-07,280537,M/S. Sri. Bhagwant Blood Centre,Solapur,AB-,0.05421883653906218,0
2026-09-08,280537,M/S. Sri. Bhagwant Blood Centre,Solapur,AB-,0.6358654810995975,1
2026-09-09,280537,M/S. Sri. Bhagwant Blood Centre,Solapur,AB-,0.21747850048345554,0
2026-09-07,280537,M/S. Sri. Bhagwant Blood Centre,Solapur,B+,0.001561785657480558,0
2026-09-08,280537,M/S. Sri. Bhagwant Blood Centre,Solapur,B+,0.0011957829087145444,0
2026-09-09,280537,M/S. Sri. Bhagwant Blood Centre,Solapur,B+,0.0011957829087145444,0
2026-09-07,280537,M/S. Sri. Bhagwant Blood Centre,Solapur,B-,0.06677048280485468,0
2026-09-08,280537,M/S. Sri. Bhagwant Blood Centre,Solapur,B-,0.049112642858090465,0
2026-09-09,280537,M/S. Sri. Bhagwant Blood Centre,Solapur,B-,0.026362450248786213,0
2026-09-07,280537,M/S. Sri. Bhagwant Blood Centre,Solapur,O+,0.0018384947102638102,0
2026-09-08,280537,M/S. Sri. Bhagwant Blood Centre,Solapur,O+,0.0012081753373930854,0
2026-09-09,280537,M/S. Sri. Bhagwant Blood Centre,Solapur,O+,0.0011957829087145444,0
2026-09-07,280537,M/S. Sri. Bhagwant Blood Centre,Solapur,O-,0.03822143896197932,0
2026-09-08,280537,M/S. Sri. Bhagwant Blood Centre,Solapur,O-,0.12384376051888146,0
2026-09-09,280537,M/S. Sri. Bhagwant Blood Centre,Solapur,O-,0.04221208535869045,0
2026-09-07,280662,Mimer Medical College And Garware Blood Centre,Pune,A+,0.014947895499163047,0
2026-09-08,280662,Mimer Medical College And Garware Blood Centre,Pune,A+,0.024215324238568026,0
2026-09-09,280662,Mimer Medical College And Garware Blood Centre,Pune,A+,0.026931144055723843,0
2026-09-07,280662,Mimer Medical College And Garware Blood Centre,Pune,A-,0.030170888001377773,0
2026-09-08,280662,Mimer Medical College And Garware Blood Centre,Pune,A-,0.030170888001377773,0
2026-09-09,280662,Mimer Medical College And Garware Blood Centre,Pune,A-,0.030170888001377773,0
2026-09-07,280662,Mimer Medical College And Garware Blood Centre,Pune,AB+,0.015816975002225914,0
2026-09-08,280662,Mimer Medical College And Garware Blood Centre,Pune,AB+,0.013136580667810543,0
2026-09-09,280662,Mimer Medical College And Garware Blood Centre,Pune,AB+,0.017060773933480867,0
2026-09-07,280662,Mimer Medical College And Garware Blood Centre,Pune,AB-,0.9569767387238788,1
2026-09-08,280662,Mimer Medical College And Garware Blood Centre,Pune,AB-,0.9569767387238788,1
2026-09-09,280662,Mimer Medical College And Garware Blood Centre,Pune,AB-,0.9569767387238788,1
2026-09-07,280662,Mimer Medical College And Garware Blood Centre,Pune,B+,0.0025525987153268187,0
2026-09-08,280662,Mimer Medical College And Garware Blood Centre,Pune,B+,0.002559878972518097,0
2026-09-09,280662,Mimer Medical College And Garware Blood Centre,Pune,B+,0.0034619659921872234,0
2026-09-07,280662,Mimer Medical College And Garware Blood Centre,Pune,B-,0.04708016808483685,0
2026-09-08,280662,Mimer Medical College And Garware Blood Centre,Pune,B-,0.04708016808483685,0
2026-09-09,280662,Mimer Medical College And Garware Blood Centre,Pune,B-,0.04708016808483685,0
2026-09-07,280662,Mimer Medical College And Garware Blood Centre,Pune,O+,0.002164352835763005,0
2026-09-08,280662,Mimer Medical College And Garware Blood Centre,Pune,O+,0.002164219287050075,0
2026-09-09,280662,Mimer Medical College And Garware Blood Centre,Pune,O+,0.001917118468168659,0
2026-09-07,280662,Mimer Medical College And Garware Blood Centre,Pune,O-,0.030170888001377773,0
2026-09-08,280662,Mimer Medical College And Garware Blood Centre,Pune,O-,0.030170888001377773,0
2026-09-09,280662,Mimer Medical College And Garware Blood Centre,Pune,O-,0.030170888001377773,0
2026-09-07,280674,Pandharpur Blood Centre,Solapur,A+,0.001648900535990075,0
2026-09-08,280674,Pandharpur Blood Centre,Solapur,A+,0.002081411434515316,0
2026-09-09,280674,Pandharpur Blood Centre,Solapur,A+,0.001342652951779423,0
2026-09-07,280674,Pandharpur Blood Centre,Solapur,A-,0.8017482753365046,1
2026-09-08,280674,Pandharpur Blood Centre,Solapur,A-,0.9569767387238788,1
2026-09-09,280674,Pandharpur Blood Centre,Solapur,A-,0.9569767387238788,1
2026-09-07,280674,Pandharpur Blood Centre,Solapur,AB+,0.017060773933480867,0
2026-09-08,280674,Pandharpur Blood Centre,Solapur,AB+,0.011619101879072087,0
2026-09-09,280674,Pandharpur Blood Centre,Solapur,AB+,0.04978598529659904,0
2026-09-07,280674,Pandharpur Blood Centre,Solapur,AB-,0.32268418572950647,0
2026-09-08,280674,Pandharpur Blood Centre,Solapur,AB-,0.14681513403309893,0
2026-09-09,280674,Pandharpur Blood Centre,Solapur,AB-,0.05421883653906218,0
2026-09-07,280674,Pandharpur Blood Centre,Solapur,B+,0.0012081753373930854,0
2026-09-08,280674,Pandharpur Blood Centre,Solapur,B+,0.0012081753373930854,0
2026-09-09,280674,Pandharpur Blood Centre,Solapur,B+,0.004063617022490152,0
2026-09-07,280674,Pandharpur Blood Centre,Solapur,B-,0.06547332477819073,0
2026-09-08,280674,Pandharpur Blood Centre,Solapur,B-,0.019402853807742402,0
2026-09-09,280674,Pandharpur Blood Centre,Solapur,B-,0.02704617704647556,0
2026-09-07,280674,Pandharpur Blood Centre,Solapur,O+,0.0038463043842297574,0
2026-09-08,280674,Pandharpur Blood Centre,Solapur,O+,0.010899930218958818,0
2026-09-09,280674,Pandharpur Blood Centre,Solapur,O+,0.002479671595301522,0
2026-09-07,280674,Pandharpur Blood Centre,Solapur,O-,0.06258588845286361,0
2026-09-08,280674,Pandharpur Blood Centre,Solapur,O-,0.020358103096598752,0
2026-09-09,280674,Pandharpur Blood Centre,Solapur,O-,0.0234272307170759,0
2026-09-07,280692,Pune Blood Centre,Pune,A+,0.0012081753373930854,0
2026-09-08,280692,Pune Blood Centre,Pune,A+,0.003413546672637057,0
2026-09-09,280692,Pune Blood Centre,Pune,A+,0.0016488822873041206,0
2026-09-07,280692,Pune Blood Centre,Pune,A-,0.03557172539241281,0
2026-09-08,280692,Pune Blood Centre,Pune,A-,0.025965664226108902,0
2026-09-09,280692,Pune Blood Centre,Pune,A-,0.08680707578515685,0
2026-09-07,280692,Pune Blood Centre,Pune,AB+,0.009614928975280159,0
2026-09-08,280692,Pune Blood Centre,Pune,AB+,0.010271237261192608,0
2026-09-09,280692,Pune Blood Centre,Pune,AB+,0.011889935568736253,0
2026-09-07,280692,Pune Blood Centre,Pune,AB-,0.14681513403309893,0
2026-09-08,280692,Pune Blood Centre,Pune,AB-,0.09588567459878689,0
2026-09-09,280692,Pune Blood Centre,Pune,AB-,0.09588567459878689,0
2026-09-07,280692,Pune Blood Centre,Pune,B+,0.0012081753373930854,0
2026-09-08,280692,Pune Blood Centre,Pune,B+,0.0910623187760265,0
2026-09-09,280692,Pune Blood Centre,Pune,B+,0.0016656454620446208,0
2026-09-07,280692,Pune Blood Centre,Pune,B-,0.0885609621510886,0
2026-09-08,280692,Pune Blood Centre,Pune,B-,0.0726101230638756,0
2026-09-09,280692,Pune Blood Centre,Pune,B-,0.16210439842287436,0
2026-09-07,280692,Pune Blood Centre,Pune,O+,0.0016710067755597783,0
2026-09-08,280692,Pune Blood Centre,Pune,O+,0.0015713377579986332,0
2026-09-09,280692,Pune Blood Centre,Pune,O+,0.0016656454620446208,0
2026-09-07,280692,Pune Blood Centre,Pune,O-,0.030596913276096392,0
2026-09-08,280692,Pune Blood Centre,Pune,O-,0.35436282402880315,0
2026-09-09,280692,Pune Blood Centre,Pune,O-,0.20907401857337785,0
2026-09-07,280694,Medicare Blood Centre,Yavatmal,A+,0.0022400862342871392,0
2026-09-08,280694,Medicare Blood Centre,Yavatmal,A+,0.002081411434515316,0
2026-09-09,280694,Medicare Blood Centre,Yavatmal,A+,0.0019296236591238637,0
2026-09-07,280694,Medicare Blood Centre,Yavatmal,A-,0.030170888001377773,0
2026-09-08,280694,Medicare Blood Centre,Yavatmal,A-,0.030170888001377773,0
2026-09-09,280694,Medicare Blood Centre,Yavatmal,A-,0.03197768588312568,0
2026-09-07,280694,Medicare Blood Centre,Yavatmal,AB+,0.0022418916836193124,0
2026-09-08,280694,Medicare Blood Centre,Yavatmal,AB+,0.0021325293501712125,0
2026-09-09,280694,Medicare Blood Centre,Yavatmal,AB+,0.002081411434515316,0
2026-09-07,280694,Medicare Blood Centre,Yavatmal,AB-,0.030596913276096392,0
2026-09-08,280694,Medicare Blood Centre,Yavatmal,AB-,0.030170888001377773,0
2026-09-09,280694,Medicare Blood Centre,Yavatmal,AB-,0.030170888001377773,0
2026-09-07,280694,Medicare Blood Centre,Yavatmal,B+,0.0037000598503993598,0
2026-09-08,280694,Medicare Blood Centre,Yavatmal,B+,0.004524918653341593,0
2026-09-09,280694,Medicare Blood Centre,Yavatmal,B+,0.0016710067755597783,0
2026-09-07,280694,Medicare Blood Centre,Yavatmal,B-,0.09588567459878689,0
2026-09-08,280694,Medicare Blood Centre,Yavatmal,B-,0.09588567459878689,0
2026-09-09,280694,Medicare Blood Centre,Yavatmal,B-,0.05421883653906218,0
2026-09-07,280694,Medicare Blood Centre,Yavatmal,O+,0.0016710067755597783,0
2026-09-08,280694,Medicare Blood Centre,Yavatmal,O+,0.0028108084060018664,0
2026-09-09,280694,Medicare Blood Centre,Yavatmal,O+,0.0035902905948871915,0
2026-09-07,280694,Medicare Blood Centre,Yavatmal,O-,0.020562505324546617,0
2026-09-08,280694,Medicare Blood Centre,Yavatmal,O-,0.022771100580525894,0
2026-09-09,280694,Medicare Blood Centre,Yavatmal,O-,0.022229048452583756,0
2026-09-07,280696,Shaswat Blood Centre Sangli,Sangli,A+,0.0023477024961107147,0
2026-09-08,280696,Shaswat Blood Centre Sangli,Sangli,A+,0.00189020356093118,0
2026-09-09,280696,Shaswat Blood Centre Sangli,Sangli,A+,0.003476870222851595,0
2026-09-07,280696,Shaswat Blood Centre Sangli,Sangli,A-,0.022802306006585386,0
2026-09-08,280696,Shaswat Blood Centre Sangli,Sangli,A-,0.02309700165417223,0
2026-09-09,280696,Shaswat Blood Centre Sangli,Sangli,A-,0.025965664226108902,0
2026-09-07,280696,Shaswat Blood Centre Sangli,Sangli,AB+,0.01364611918321208,0
2026-09-08,280696,Shaswat Blood Centre Sangli,Sangli,AB+,0.014511043073371891,0
2026-09-09,280696,Shaswat Blood Centre Sangli,Sangli,AB+,0.015816975002225914,0
2026-09-07,280696,Shaswat Blood Centre Sangli,Sangli,AB-,0.9569767387238788,1
2026-09-08,280696,Shaswat Blood Centre Sangli,Sangli,AB-,0.9569767387238788,1
2026-09-09,280696,Shaswat Blood Centre Sangli,Sangli,AB-,0.9569767387238788,1
2026-09-07,280696,Shaswat Blood Centre Sangli,Sangli,B+,0.0017773127139232951,0
2026-09-08,280696,Shaswat Blood Centre Sangli,Sangli,B+,0.0017409769591235288,0
2026-09-09,280696,Shaswat Blood Centre Sangli,Sangli,B+,0.0028169258431065317,0
2026-09-07,280696,Shaswat Blood Centre Sangli,Sangli,B-,0.16210439842287436,0
2026-09-08,280696,Shaswat Blood Centre Sangli,Sangli,B-,0.16311692635487893,0
2026-09-09,280696,Shaswat Blood Centre Sangli,Sangli,B-,0.09588567459878689,0
2026-09-07,280696,Shaswat Blood Centre Sangli,Sangli,O+,0.002081411434515316,0
2026-09-08,280696,Shaswat Blood Centre Sangli,Sangli,O+,0.0017409769591235288,0
2026-09-09,280696,Shaswat Blood Centre Sangli,Sangli,O+,0.0028700434016191564,0
2026-09-07,280696,Shaswat Blood Centre Sangli,Sangli,O-,0.022229048452583756,0
2026-09-08,280696,Shaswat Blood Centre Sangli,Sangli,O-,0.022229048452583756,0
2026-09-09,280696,Shaswat Blood Centre Sangli,Sangli,O-,0.022229048452583756,0
2026-09-07,280719,Swami Vivekanand Blood Centre,Nanded,A+,0.00189020356093118,0
2026-09-08,280719,Swami Vivekanand Blood Centre,Nanded,A+,0.0034738380803743924,0
2026-09-09,280719,Swami Vivekanand Blood Centre,Nanded,A+,0.002081411434515316,0
2026-09-07,280719,Swami Vivekanand Blood Centre,Nanded,A-,0.028831849716799477,0
2026-09-08,280719,Swami Vivekanand Blood Centre,Nanded,A-,0.030170888001377773,0
2026-09-09,280719,Swami Vivekanand Blood Centre,Nanded,A-,0.030170888001377773,0
2026-09-07,280719,Swami Vivekanand Blood Centre,Nanded,AB+,0.001964233974065344,0
2026-09-08,280719,Swami Vivekanand Blood Centre,Nanded,AB+,0.001964233974065344,0
2026-09-09,280719,Swami Vivekanand Blood Centre,Nanded,AB+,0.002283048520572994,0
2026-09-07,280719,Swami Vivekanand Blood Centre,Nanded,AB-,0.04708016808483685,0
2026-09-08,280719,Swami Vivekanand Blood Centre,Nanded,AB-,0.04708016808483685,0
2026-09-09,280719,Swami Vivekanand Blood Centre,Nanded,AB-,0.16210439842287436,0
2026-09-07,280719,Swami Vivekanand Blood Centre,Nanded,B+,0.0016710067755597783,0
2026-09-08,280719,Swami Vivekanand Blood Centre,Nanded,B+,0.018678636732565604,0
2026-09-09,280719,Swami Vivekanand Blood Centre,Nanded,B+,0.012983637903559792,0
2026-09-07,280719,Swami Vivekanand Blood Centre,Nanded,B-,0.05202420222433954,0
2026-09-08,280719,Swami Vivekanand Blood Centre,Nanded,B-,0.04708016808483685,0
2026-09-09,280719,Swami Vivekanand Blood Centre,Nanded,B-,0.04708016808483685,0
2026-09-07,280719,Swami Vivekanand Blood Centre,Nanded,O+,0.0016710067755597783,0
2026-09-08,280719,Swami Vivekanand Blood Centre,Nanded,O+,0.0019035557579171144,0
2026-09-09,280719,Swami Vivekanand Blood Centre,Nanded,O+,0.00189020356093118,0
2026-09-07,280719,Swami Vivekanand Blood Centre,Nanded,O-,0.030170888001377773,0
2026-09-08,280719,Swami Vivekanand Blood Centre,Nanded,O-,0.030170888001377773,0
2026-09-09,280719,Swami Vivekanand Blood Centre,Nanded,O-,0.1791511862761025,0
2026-09-07,280723,Mahalakshmi Blood Centre,Satara,A+,0.014086516689326848,0
2026-09-08,280723,Mahalakshmi Blood Centre,Satara,A+,0.007383780327589876,0
2026-09-09,280723,Mahalakshmi Blood Centre,Satara,A+,0.004538100721245484,0
2026-09-07,280723,Mahalakshmi Blood Centre,Satara,A-,0.09588567459878689,0
2026-09-08,280723,Mahalakshmi Blood Centre,Satara,A-,0.05421883653906218,0
2026-09-09,280723,Mahalakshmi Blood Centre,Satara,A-,0.07105022241162556,0
2026-09-07,280723,Mahalakshmi Blood Centre,Satara,AB+,0.15740285641896068,0
2026-09-08,280723,Mahalakshmi Blood Centre,Satara,AB+,0.026589496331543783,0
2026-09-09,280723,Mahalakshmi Blood Centre,Satara,AB+,0.033952036906634064,0
2026-09-07,280723,Mahalakshmi Blood Centre,Satara,AB-,0.7542144173100465,1
2026-09-08,280723,Mahalakshmi Blood Centre,Satara,AB-,0.32559708094662476,0
2026-09-09,280723,Mahalakshmi Blood Centre,Satara,AB-,0.14681513403309893,0
2026-09-07,280723,Mahalakshmi Blood Centre,Satara,B+,0.0021326411679135986,0
2026-09-08,280723,Mahalakshmi Blood Centre,Satara,B+,0.0012081753373930854,0
2026-09-09,280723,Mahalakshmi Blood Centre,Satara,B+,0.0012081753373930854,0
2026-09-07,280723,Mahalakshmi Blood Centre,Satara,B-,0.9569767387238788,1
2026-09-08,280723,Mahalakshmi Blood Centre,Satara,B-,0.32268418572950647,0
2026-09-09,280723,Mahalakshmi Blood Centre,Satara,B-,0.14681513403309893,0
2026-09-07,280723,Mahalakshmi Blood Centre,Satara,O+,0.0019035557579171144,0
2026-09-08,280723,Mahalakshmi Blood Centre,Satara,O+,0.0012081753373930854,0
2026-09-09,280723,Mahalakshmi Blood Centre,Satara,O+,0.0012081753373930854,0
2026-09-07,280723,Mahalakshmi Blood Centre,Satara,O-,0.030170888001377773,0
2026-09-08,280723,Mahalakshmi Blood Centre,Satara,O-,0.030170888001377773,0
2026-09-09,280723,Mahalakshmi Blood Centre,Satara,O-,0.030170888001377773,0
2026-09-07,280738,Superitendent Gokuldas Tejpal Hospital,Mumbai,A+,0.9569767387238788,1
2026-09-08,280738,Superitendent Gokuldas Tejpal Hospital,Mumbai,A+,0.9569767387238788,1
2026-09-09,280738,Superitendent Gokuldas Tejpal Hospital,Mumbai,A+,0.9569767387238788,1
2026-09-07,280738,Superitendent Gokuldas Tejpal Hospital,Mumbai,A-,0.9569767387238788,1
2026-09-08,280738,Superitendent Gokuldas Tejpal Hospital,Mumbai,A-,0.9569767387238788,1
2026-09-09,280738,Superitendent Gokuldas Tejpal Hospital,Mumbai,A-,0.9569767387238788,1
2026-09-07,280738,Superitendent Gokuldas Tejpal Hospital,Mumbai,AB+,0.9569767387238788,1
2026-09-08,280738,Superitendent Gokuldas Tejpal Hospital,Mumbai,AB+,0.9569767387238788,1
2026-09-09,280738,Superitendent Gokuldas Tejpal Hospital,Mumbai,AB+,0.9569767387238788,1
2026-09-07,280738,Superitendent Gokuldas Tejpal Hospital,Mumbai,AB-,0.9569767387238788,1
2026-09-08,280738,Superitendent Gokuldas Tejpal Hospital,Mumbai,AB-,0.9569767387238788,1
2026-09-09,280738,Superitendent Gokuldas Tejpal Hospital,Mumbai,AB-,0.9569767387238788,1
2026-09-07,280738,Superitendent Gokuldas Tejpal Hospital,Mumbai,B+,0.9569767387238788,1
2026-09-08,280738,Superitendent Gokuldas Tejpal Hospital,Mumbai,B+,0.9569767387238788,1
2026-09-09,280738,Superitendent Gokuldas Tejpal Hospital,Mumbai,B+,0.9569767387238788,1
2026-09-07,280738,Superitendent Gokuldas Tejpal Hospital,Mumbai,B-,0.9569767387238788,1
2026-09-08,280738,Superitendent Gokuldas Tejpal Hospital,Mumbai,B-,0.9569767387238788,1
2026-09-09,280738,Superitendent Gokuldas Tejpal Hospital,Mumbai,B-,0.9569767387238788,1
2026-09-07,280738,Superitendent Gokuldas Tejpal Hospital,Mumbai,O+,0.9569767387238788,1
2026-09-08,280738,Superitendent Gokuldas Tejpal Hospital,Mumbai,O+,0.9569767387238788,1
2026-09-09,280738,Superitendent Gokuldas Tejpal Hospital,Mumbai,O+,0.9569767387238788,1
2026-09-07,280738,Superitendent Gokuldas Tejpal Hospital,Mumbai,O-,0.9569767387238788,1
2026-09-08,280738,Superitendent Gokuldas Tejpal Hospital,Mumbai,O-,0.9569767387238788,1
2026-09-09,280738,Superitendent Gokuldas Tejpal Hospital,Mumbai,O-,0.9569767387238788,1
2026-09-07,280753,Girija Blood Centre,Pune,A+,0.0014489215994458093,0
2026-09-08,280753,Girija Blood Centre,Pune,A+,0.0012081753373930854,0
2026-09-09,280753,Girija Blood Centre,Pune,A+,0.0012081753373930854,0
2026-09-07,280753,Girija Blood Centre,Pune,A-,0.04708016808483685,0
2026-09-08,280753,Girija Blood Centre,Pune,A-,0.16210439842287436,0
2026-09-09,280753,Girija Blood Centre,Pune,A-,0.16311692635487893,0
2026-09-07,280753,Girija Blood Centre,Pune,AB+,0.0020447985296048084,0
2026-09-08,280753,Girija Blood Centre,Pune,AB+,0.0011957829087145444,0
2026-09-09,280753,Girija Blood Centre,Pune,AB+,0.0011957829087145444,0
2026-09-07,280753,Girija Blood Centre,Pune,AB-,0.09588567459878689,0
2026-09-08,280753,Girija Blood Centre,Pune,AB-,0.057347578586959165,0
2026-09-09,280753,Girija Blood Centre,Pune,AB-,0.04267073846196896,0
2026-09-07,280753,Girija Blood Centre,Pune,B+,0.0024236987689289407,0
2026-09-08,280753,Girija Blood Centre,Pune,B+,0.0016488822873041206,0
2026-09-09,280753,Girija Blood Centre,Pune,B+,0.0017742396160384637,0
2026-09-07,280753,Girija Blood Centre,Pune,B-,0.09588567459878689,0
2026-09-08,280753,Girija Blood Centre,Pune,B-,0.09588567459878689,0
2026-09-09,280753,Girija Blood Centre,Pune,B-,0.09588567459878689,0
2026-09-07,280753,Girija Blood Centre,Pune,O+,0.0014478420828308214,0
2026-09-08,280753,Girija Blood Centre,Pune,O+,0.03256295007975283,0
2026-09-09,280753,Girija Blood Centre,Pune,O+,0.0015737692971105907,0
2026-09-07,280753,Girija Blood Centre,Pune,O-,0.030170888001377773,0
2026-09-08,280753,Girija Blood Centre,Pune,O-,0.045072468254795155,0
2026-09-09,280753,Girija Blood Centre,Pune,O-,0.05202420222433954,0
2026-09-07,280757,Nh Srcc ChildrenS Hospital Blood Centre,Mumbai,A+,0.012760506423855105,0
2026-09-08,280757,Nh Srcc ChildrenS Hospital Blood Centre,Mumbai,A+,0.012760506423855105,0
2026-09-09,280757,Nh Srcc ChildrenS Hospital Blood Centre,Mumbai,A+,0.015134428528673211,0
2026-09-07,280757,Nh Srcc ChildrenS Hospital Blood Centre,Mumbai,A-,0.09588567459878689,0
2026-09-08,280757,Nh Srcc ChildrenS Hospital Blood Centre,Mumbai,A-,0.09588567459878689,0
2026-09-09,280757,Nh Srcc ChildrenS Hospital Blood Centre,Mumbai,A-,0.09588567459878689,0
2026-09-07,280757,Nh Srcc ChildrenS Hospital Blood Centre,Mumbai,AB+,0.02626651767943478,0
2026-09-08,280757,Nh Srcc ChildrenS Hospital Blood Centre,Mumbai,AB+,0.02626651767943478,0
2026-09-09,280757,Nh Srcc ChildrenS Hospital Blood Centre,Mumbai,AB+,0.013896153028017525,0
2026-09-07,280757,Nh Srcc ChildrenS Hospital Blood Centre,Mumbai,AB-,0.9569767387238788,1
2026-09-08,280757,Nh Srcc ChildrenS Hospital Blood Centre,Mumbai,AB-,0.9569767387238788,1
2026-09-09,280757,Nh Srcc ChildrenS Hospital Blood Centre,Mumbai,AB-,0.32268418572950647,0
2026-09-07,280757,Nh Srcc ChildrenS Hospital Blood Centre,Mumbai,B+,0.0023011712854675353,0
2026-09-08,280757,Nh Srcc ChildrenS Hospital Blood Centre,Mumbai,B+,0.0023172692818708607,0
2026-09-09,280757,Nh Srcc ChildrenS Hospital Blood Centre,Mumbai,B+,0.0014489215994458093,0
2026-09-07,280757,Nh Srcc ChildrenS Hospital Blood Centre,Mumbai,B-,0.022229048452583756,0
2026-09-08,280757,Nh Srcc ChildrenS Hospital Blood Centre,Mumbai,B-,0.022229048452583756,0
2026-09-09,280757,Nh Srcc ChildrenS Hospital Blood Centre,Mumbai,B-,0.028538558157038173,0
2026-09-07,280757,Nh Srcc ChildrenS Hospital Blood Centre,Mumbai,O+,0.004952209656900126,0
2026-09-08,280757,Nh Srcc ChildrenS Hospital Blood Centre,Mumbai,O+,0.08967966767736849,0
2026-09-09,280757,Nh Srcc ChildrenS Hospital Blood Centre,Mumbai,O+,0.010386659866688673,0
2026-09-07,280757,Nh Srcc ChildrenS Hospital Blood Centre,Mumbai,O-,0.022652282591765858,0
2026-09-08,280757,Nh Srcc ChildrenS Hospital Blood Centre,Mumbai,O-,0.022652282591765858,0
2026-09-09,280757,Nh Srcc ChildrenS Hospital Blood Centre,Mumbai,O-,0.022652282591765858,0
2026-09-07,280765,Sspm Medical College  Lifetime Hospital Blood Centre,Sindhudurg,A+,0.0017924398421326451,0
2026-09-08,280765,Sspm Medical College  Lifetime Hospital Blood Centre,Sindhudurg,A+,0.001917118468168659,0
2026-09-09,280765,Sspm Medical College  Lifetime Hospital Blood Centre,Sindhudurg,A+,0.0018168608019007086,0
2026-09-07,280765,Sspm Medical College  Lifetime Hospital Blood Centre,Sindhudurg,A-,0.9569767387238788,1
2026-09-08,280765,Sspm Medical College  Lifetime Hospital Blood Centre,Sindhudurg,A-,0.9569767387238788,1
2026-09-09,280765,Sspm Medical College  Lifetime Hospital Blood Centre,Sindhudurg,A-,0.9569767387238788,1
2026-09-07,280765,Sspm Medical College  Lifetime Hospital Blood Centre,Sindhudurg,AB+,0.04708016808483685,0
2026-09-08,280765,Sspm Medical College  Lifetime Hospital Blood Centre,Sindhudurg,AB+,0.04708016808483685,0
2026-09-09,280765,Sspm Medical College  Lifetime Hospital Blood Centre,Sindhudurg,AB+,0.04708016808483685,0
2026-09-07,280765,Sspm Medical College  Lifetime Hospital Blood Centre,Sindhudurg,AB-,0.9569767387238788,1
2026-09-08,280765,Sspm Medical College  Lifetime Hospital Blood Centre,Sindhudurg,AB-,0.9569767387238788,1
2026-09-09,280765,Sspm Medical College  Lifetime Hospital Blood Centre,Sindhudurg,AB-,0.9569767387238788,1
2026-09-07,280765,Sspm Medical College  Lifetime Hospital Blood Centre,Sindhudurg,B+,0.022298314276277785,0
2026-09-08,280765,Sspm Medical College  Lifetime Hospital Blood Centre,Sindhudurg,B+,0.006298771074269789,0
2026-09-09,280765,Sspm Medical College  Lifetime Hospital Blood Centre,Sindhudurg,B+,0.0015038904711219183,0
2026-09-07,280765,Sspm Medical College  Lifetime Hospital Blood Centre,Sindhudurg,B-,0.09588567459878689,0
2026-09-08,280765,Sspm Medical College  Lifetime Hospital Blood Centre,Sindhudurg,B-,0.09588567459878689,0
2026-09-09,280765,Sspm Medical College  Lifetime Hospital Blood Centre,Sindhudurg,B-,0.057347578586959165,0
2026-09-07,280765,Sspm Medical College  Lifetime Hospital Blood Centre,Sindhudurg,O+,0.022754991828301242,0
2026-09-08,280765,Sspm Medical College  Lifetime Hospital Blood Centre,Sindhudurg,O+,0.004379405824755255,0
2026-09-09,280765,Sspm Medical College  Lifetime Hospital Blood Centre,Sindhudurg,O+,0.0016164546915449754,0
2026-09-07,280765,Sspm Medical College  Lifetime Hospital Blood Centre,Sindhudurg,O-,0.9569767387238788,1
2026-09-08,280765,Sspm Medical College  Lifetime Hospital Blood Centre,Sindhudurg,O-,0.9569767387238788,1
2026-09-09,280765,Sspm Medical College  Lifetime Hospital Blood Centre,Sindhudurg,O-,0.9569767387238788,1
2026-09-07,280766,Smt.Devakabai Kalyanji Cheddha Blood Centre,Palghar,A+,0.32268418572950647,0
2026-09-08,280766,Smt.Devakabai Kalyanji Cheddha Blood Centre,Palghar,A+,0.037751955199744155,0
2026-09-09,280766,Smt.Devakabai Kalyanji Cheddha Blood Centre,Palghar,A+,0.015981451748317374,0
2026-09-07,280766,Smt.Devakabai Kalyanji Cheddha Blood Centre,Palghar,A-,0.9569767387238788,1
2026-09-08,280766,Smt.Devakabai Kalyanji Cheddha Blood Centre,Palghar,A-,0.9569767387238788,1
2026-09-09,280766,Smt.Devakabai Kalyanji Cheddha Blood Centre,Palghar,A-,0.9569767387238788,1
2026-09-07,280766,Smt.Devakabai Kalyanji Cheddha Blood Centre,Palghar,AB+,0.32268418572950647,0
2026-09-08,280766,Smt.Devakabai Kalyanji Cheddha Blood Centre,Palghar,AB+,0.06035399411549741,0
2026-09-09,280766,Smt.Devakabai Kalyanji Cheddha Blood Centre,Palghar,AB+,0.03175387348938353,0
2026-09-07,280766,Smt.Devakabai Kalyanji Cheddha Blood Centre,Palghar,AB-,0.9569767387238788,1
2026-09-08,280766,Smt.Devakabai Kalyanji Cheddha Blood Centre,Palghar,AB-,0.9569767387238788,1
2026-09-09,280766,Smt.Devakabai Kalyanji Cheddha Blood Centre,Palghar,AB-,0.9569767387238788,1
2026-09-07,280766,Smt.Devakabai Kalyanji Cheddha Blood Centre,Palghar,B+,0.32268418572950647,0
2026-09-08,280766,Smt.Devakabai Kalyanji Cheddha Blood Centre,Palghar,B+,0.14681513403309893,0
2026-09-09,280766,Smt.Devakabai Kalyanji Cheddha Blood Centre,Palghar,B+,0.04144839057008222,0
2026-09-07,280766,Smt.Devakabai Kalyanji Cheddha Blood Centre,Palghar,B-,0.9569767387238788,1
2026-09-08,280766,Smt.Devakabai Kalyanji Cheddha Blood Centre,Palghar,B-,0.9569767387238788,1
2026-09-09,280766,Smt.Devakabai Kalyanji Cheddha Blood Centre,Palghar,B-,0.9569767387238788,1
2026-09-07,280766,Smt.Devakabai Kalyanji Cheddha Blood Centre,Palghar,O+,0.32268418572950647,0
2026-09-08,280766,Smt.Devakabai Kalyanji Cheddha Blood Centre,Palghar,O+,0.31725915964368573,0
2026-09-09,280766,Smt.Devakabai Kalyanji Cheddha Blood Centre,Palghar,O+,0.02045251713899984,0
2026-09-07,280766,Smt.Devakabai Kalyanji Cheddha Blood Centre,Palghar,O-,0.9569767387238788,1
2026-09-08,280766,Smt.Devakabai Kalyanji Cheddha Blood Centre,Palghar,O-,0.9569767387238788,1
2026-09-09,280766,Smt.Devakabai Kalyanji Cheddha Blood Centre,Palghar,O-,0.9569767387238788,1
2026-09-07,280768,Sanjeevani Blood Centre Bhosari,Pune,A+,0.010961492637864601,0
2026-09-08,280768,Sanjeevani Blood Centre Bhosari,Pune,A+,0.04160683448682863,0
2026-09-09,280768,Sanjeevani Blood Centre Bhosari,Pune,A+,0.04495241363374619,0
2026-09-07,280768,Sanjeevani Blood Centre Bhosari,Pune,A-,0.32268418572950647,0
2026-09-08,280768,Sanjeevani Blood Centre Bhosari,Pune,A-,0.05652707802842276,0
2026-09-09,280768,Sanjeevani Blood Centre Bhosari,Pune,A-,0.07105022241162556,0
2026-09-07,280768,Sanjeevani Blood Centre Bhosari,Pune,AB+,0.03389811505821154,0
2026-09-08,280768,Sanjeevani Blood Centre Bhosari,Pune,AB+,0.02693490311827044,0
2026-09-09,280768,Sanjeevani Blood Centre Bhosari,Pune,AB+,0.14112269269756184,0
2026-09-07,280768,Sanjeevani Blood Centre Bhosari,Pune,AB-,0.1436924967281039,0
2026-09-08,280768,Sanjeevani Blood Centre Bhosari,Pune,AB-,0.6732578724904705,1
2026-09-09,280768,Sanjeevani Blood Centre Bhosari,Pune,AB-,0.8170939210353315,1
2026-09-07,280768,Sanjeevani Blood Centre Bhosari,Pune,B+,0.003523549322431179,0
2026-09-08,280768,Sanjeevani Blood Centre Bhosari,Pune,B+,0.0012459902139273637,0
2026-09-09,280768,Sanjeevani Blood Centre Bhosari,Pune,B+,0.001917118468168659,0
2026-09-07,280768,Sanjeevani Blood Centre Bhosari,Pune,B-,0.1498097922182252,0
2026-09-08,280768,Sanjeevani Blood Centre Bhosari,Pune,B-,0.05421883653906218,0
2026-09-09,280768,Sanjeevani Blood Centre Bhosari,Pune,B-,0.07105022241162556,0
2026-09-07,280768,Sanjeevani Blood Centre Bhosari,Pune,O+,0.002156667493244267,0
2026-09-08,280768,Sanjeevani Blood Centre Bhosari,Pune,O+,0.0012081753373930854,0
2026-09-09,280768,Sanjeevani Blood Centre Bhosari,Pune,O+,0.00189020356093118,0
2026-09-07,280768,Sanjeevani Blood Centre Bhosari,Pune,O-,0.06605117498535841,0
2026-09-08,280768,Sanjeevani Blood Centre Bhosari,Pune,O-,0.16210439842287436,0
2026-09-09,280768,Sanjeevani Blood Centre Bhosari,Pune,O-,0.16311692635487893,0
2026-09-07,280770,Jeevan Adhar Blood Centre Nanded,Nanded,A+,0.007571461036182354,0
2026-09-08,280770,Jeevan Adhar Blood Centre Nanded,Nanded,A+,0.02436312573574711,0
2026-09-09,280770,Jeevan Adhar Blood Centre Nanded,Nanded,A+,0.005362191481818185,0
2026-09-07,280770,Jeevan Adhar Blood Centre Nanded,Nanded,A-,0.11137846256372314,0
2026-09-08,280770,Jeevan Adhar Blood Centre Nanded,Nanded,A-,0.6732578724904705,1
2026-09-09,280770,Jeevan Adhar Blood Centre Nanded,Nanded,A-,0.8017482753365046,1
2026-09-07,280770,Jeevan Adhar Blood Centre Nanded,Nanded,AB+,0.015710195711309275,0
2026-09-08,280770,Jeevan Adhar Blood Centre Nanded,Nanded,AB+,0.062587513356593,0
2026-09-09,280770,Jeevan Adhar Blood Centre Nanded,Nanded,AB+,0.012680203633077008,0
2026-09-07,280770,Jeevan Adhar Blood Centre Nanded,Nanded,AB-,0.9569767387238788,1
2026-09-08,280770,Jeevan Adhar Blood Centre Nanded,Nanded,AB-,0.9569767387238788,1
2026-09-09,280770,Jeevan Adhar Blood Centre Nanded,Nanded,AB-,0.9569767387238788,1
2026-09-07,280770,Jeevan Adhar Blood Centre Nanded,Nanded,B+,0.0012081753373930854,0
2026-09-08,280770,Jeevan Adhar Blood Centre Nanded,Nanded,B+,0.0012081753373930854,0
2026-09-09,280770,Jeevan Adhar Blood Centre Nanded,Nanded,B+,0.0024906604436531923,0
2026-09-07,280770,Jeevan Adhar Blood Centre Nanded,Nanded,B-,0.32268418572950647,0
2026-09-08,280770,Jeevan Adhar Blood Centre Nanded,Nanded,B-,0.7789323790913819,1
2026-09-09,280770,Jeevan Adhar Blood Centre Nanded,Nanded,B-,0.8017482753365046,1
2026-09-07,280770,Jeevan Adhar Blood Centre Nanded,Nanded,O+,0.0016710067755597783,0
2026-09-08,280770,Jeevan Adhar Blood Centre Nanded,Nanded,O+,0.0027294825139953325,0
2026-09-09,280770,Jeevan Adhar Blood Centre Nanded,Nanded,O+,0.0012081753373930854,0
2026-09-07,280770,Jeevan Adhar Blood Centre Nanded,Nanded,O-,0.31682855738935406,0
2026-09-08,280770,Jeevan Adhar Blood Centre Nanded,Nanded,O-,0.6079895771448278,1
2026-09-09,280770,Jeevan Adhar Blood Centre Nanded,Nanded,O-,0.786299925543641,1
2026-09-07,281039,General Hospital Malegaon Blood Centre,Nashik,A+,0.9569767387238788,1
2026-09-08,281039,General Hospital Malegaon Blood Centre,Nashik,A+,0.9569767387238788,1
2026-09-09,281039,General Hospital Malegaon Blood Centre,Nashik,A+,0.9569767387238788,1
2026-09-07,281039,General Hospital Malegaon Blood Centre,Nashik,A-,0.9569767387238788,1
2026-09-08,281039,General Hospital Malegaon Blood Centre,Nashik,A-,0.9569767387238788,1
2026-09-09,281039,General Hospital Malegaon Blood Centre,Nashik,A-,0.9569767387238788,1
2026-09-07,281039,General Hospital Malegaon Blood Centre,Nashik,AB+,0.9569767387238788,1
2026-09-08,281039,General Hospital Malegaon Blood Centre,Nashik,AB+,0.9569767387238788,1
2026-09-09,281039,General Hospital Malegaon Blood Centre,Nashik,AB+,0.9569767387238788,1
2026-09-07,281039,General Hospital Malegaon Blood Centre,Nashik,AB-,0.9569767387238788,1
2026-09-08,281039,General Hospital Malegaon Blood Centre,Nashik,AB-,0.9569767387238788,1
2026-09-09,281039,General Hospital Malegaon Blood Centre,Nashik,AB-,0.9569767387238788,1
2026-09-07,281039,General Hospital Malegaon Blood Centre,Nashik,B+,0.9569767387238788,1
2026-09-08,281039,General Hospital Malegaon Blood Centre,Nashik,B+,0.9569767387238788,1
2026-09-09,281039,General Hospital Malegaon Blood Centre,Nashik,B+,0.9569767387238788,1
2026-09-07,281039,General Hospital Malegaon Blood Centre,Nashik,B-,0.9569767387238788,1
2026-09-08,281039,General Hospital Malegaon Blood Centre,Nashik,B-,0.9569767387238788,1
2026-09-09,281039,General Hospital Malegaon Blood Centre,Nashik,B-,0.9569767387238788,1
2026-09-07,281039,General Hospital Malegaon Blood Centre,Nashik,O+,0.9569767387238788,1
2026-09-08,281039,General Hospital Malegaon Blood Centre,Nashik,O+,0.9569767387238788,1
2026-09-09,281039,General Hospital Malegaon Blood Centre,Nashik,O+,0.9569767387238788,1
2026-09-07,281039,General Hospital Malegaon Blood Centre,Nashik,O-,0.9569767387238788,1
2026-09-08,281039,General Hospital Malegaon Blood Centre,Nashik,O-,0.9569767387238788,1
2026-09-09,281039,General Hospital Malegaon Blood Centre,Nashik,O-,0.9569767387238788,1
2026-09-07,282562,Kokilaben Dhirubhai Ambani Hospital Navi Mumbai Blood Centre,Thane,A+,0.0021018601704874897,0
2026-09-08,282562,Kokilaben Dhirubhai Ambani Hospital Navi Mumbai Blood Centre,Thane,A+,0.002287497276262478,0
2026-09-09,282562,Kokilaben Dhirubhai Ambani Hospital Navi Mumbai Blood Centre,Thane,A+,0.002102066829764391,0
2026-09-07,282562,Kokilaben Dhirubhai Ambani Hospital Navi Mumbai Blood Centre,Thane,A-,0.04708016808483685,0
2026-09-08,282562,Kokilaben Dhirubhai Ambani Hospital Navi Mumbai Blood Centre,Thane,A-,0.04708016808483685,0
2026-09-09,282562,Kokilaben Dhirubhai Ambani Hospital Navi Mumbai Blood Centre,Thane,A-,0.04708016808483685,0
2026-09-07,282562,Kokilaben Dhirubhai Ambani Hospital Navi Mumbai Blood Centre,Thane,AB+,0.020562505324546617,0
2026-09-08,282562,Kokilaben Dhirubhai Ambani Hospital Navi Mumbai Blood Centre,Thane,AB+,0.022652282591765858,0
2026-09-09,282562,Kokilaben Dhirubhai Ambani Hospital Navi Mumbai Blood Centre,Thane,AB+,0.022652282591765858,0
2026-09-07,282562,Kokilaben Dhirubhai Ambani Hospital Navi Mumbai Blood Centre,Thane,AB-,0.9569767387238788,1
2026-09-08,282562,Kokilaben Dhirubhai Ambani Hospital Navi Mumbai Blood Centre,Thane,AB-,0.31682855738935406,0
2026-09-09,282562,Kokilaben Dhirubhai Ambani Hospital Navi Mumbai Blood Centre,Thane,AB-,0.6079895771448278,1
2026-09-07,282562,Kokilaben Dhirubhai Ambani Hospital Navi Mumbai Blood Centre,Thane,B+,0.00522581800294236,0
2026-09-08,282562,Kokilaben Dhirubhai Ambani Hospital Navi Mumbai Blood Centre,Thane,B+,0.00602938938853866,0
2026-09-09,282562,Kokilaben Dhirubhai Ambani Hospital Navi Mumbai Blood Centre,Thane,B+,0.010002969404156882,0
2026-09-07,282562,Kokilaben Dhirubhai Ambani Hospital Navi Mumbai Blood Centre,Thane,B-,0.04708016808483685,0
2026-09-08,282562,Kokilaben Dhirubhai Ambani Hospital Navi Mumbai Blood Centre,Thane,B-,0.04708016808483685,0
2026-09-09,282562,Kokilaben Dhirubhai Ambani Hospital Navi Mumbai Blood Centre,Thane,B-,0.04708016808483685,0
2026-09-07,282562,Kokilaben Dhirubhai Ambani Hospital Navi Mumbai Blood Centre,Thane,O+,0.006030091626578206,0
2026-09-08,282562,Kokilaben Dhirubhai Ambani Hospital Navi Mumbai Blood Centre,Thane,O+,0.008146666959544425,0
2026-09-09,282562,Kokilaben Dhirubhai Ambani Hospital Navi Mumbai Blood Centre,Thane,O+,0.004950703064177182,0
2026-09-07,282562,Kokilaben Dhirubhai Ambani Hospital Navi Mumbai Blood Centre,Thane,O-,0.030170888001377773,0
2026-09-08,282562,Kokilaben Dhirubhai Ambani Hospital Navi Mumbai Blood Centre,Thane,O-,0.030170888001377773,0
2026-09-09,282562,Kokilaben Dhirubhai Ambani Hospital Navi Mumbai Blood Centre,Thane,O-,0.030170888001377773,0
2026-09-07,282564,M/S Aman Blood Centre Gandhibag Nagpur,Nagpur,A+,0.001546854903319778,0
2026-09-08,282564,M/S Aman Blood Centre Gandhibag Nagpur,Nagpur,A+,0.001359126575636518,0
2026-09-09,282564,M/S Aman Blood Centre Gandhibag Nagpur,Nagpur,A+,0.002329510572432849,0
2026-09-07,282564,M/S Aman Blood Centre Gandhibag Nagpur,Nagpur,A-,0.9569767387238788,1
2026-09-08,282564,M/S Aman Blood Centre Gandhibag Nagpur,Nagpur,A-,0.9569767387238788,1
2026-09-09,282564,M/S Aman Blood Centre Gandhibag Nagpur,Nagpur,A-,0.9569767387238788,1
2026-09-07,282564,M/S Aman Blood Centre Gandhibag Nagpur,Nagpur,AB+,0.0013185457195054116,0
2026-09-08,282564,M/S Aman Blood Centre Gandhibag Nagpur,Nagpur,AB+,0.0014911162089477111,0
2026-09-09,282564,M/S Aman Blood Centre Gandhibag Nagpur,Nagpur,AB+,0.003250131281638304,0
2026-09-07,282564,M/S Aman Blood Centre Gandhibag Nagpur,Nagpur,AB-,0.03286503439273383,0
2026-09-08,282564,M/S Aman Blood Centre Gandhibag Nagpur,Nagpur,AB-,0.030596913276096392,0
2026-09-09,282564,M/S Aman Blood Centre Gandhibag Nagpur,Nagpur,AB-,0.030170888001377773,0
2026-09-07,282564,M/S Aman Blood Centre Gandhibag Nagpur,Nagpur,B+,0.0012081753373930854,0
2026-09-08,282564,M/S Aman Blood Centre Gandhibag Nagpur,Nagpur,B+,0.0012081753373930854,0
2026-09-09,282564,M/S Aman Blood Centre Gandhibag Nagpur,Nagpur,B+,0.0016710067755597783,0
2026-09-07,282564,M/S Aman Blood Centre Gandhibag Nagpur,Nagpur,B-,0.7048536741460231,1
2026-09-08,282564,M/S Aman Blood Centre Gandhibag Nagpur,Nagpur,B-,0.32268418572950647,0
2026-09-09,282564,M/S Aman Blood Centre Gandhibag Nagpur,Nagpur,B-,0.14681513403309893,0
2026-09-07,282564,M/S Aman Blood Centre Gandhibag Nagpur,Nagpur,O+,0.0012081753373930854,0
2026-09-08,282564,M/S Aman Blood Centre Gandhibag Nagpur,Nagpur,O+,0.0019952077283600395,0
2026-09-09,282564,M/S Aman Blood Centre Gandhibag Nagpur,Nagpur,O+,0.003496807756305401,0
2026-09-07,282564,M/S Aman Blood Centre Gandhibag Nagpur,Nagpur,O-,0.08716338290780895,0
2026-09-08,282564,M/S Aman Blood Centre Gandhibag Nagpur,Nagpur,O-,0.04081905046362243,0
2026-09-09,282564,M/S Aman Blood Centre Gandhibag Nagpur,Nagpur,O-,0.025599083673906342,0
2026-09-07,282565,"Sathiya Educational SocietyS Sathiya Trust Blood Centre, Nalasopara, Palghar",Palghar,A+,0.002349754007938605,0
2026-09-08,282565,"Sathiya Educational SocietyS Sathiya Trust Blood Centre, Nalasopara, Palghar",Palghar,A+,0.0021448794670033905,0
2026-09-09,282565,"Sathiya Educational SocietyS Sathiya Trust Blood Centre, Nalasopara, Palghar",Palghar,A+,0.0021448794670033905,0
2026-09-07,282565,"Sathiya Educational SocietyS Sathiya Trust Blood Centre, Nalasopara, Palghar",Palghar,A-,0.02693490311827044,0
2026-09-08,282565,"Sathiya Educational SocietyS Sathiya Trust Blood Centre, Nalasopara, Palghar",Palghar,A-,0.02693490311827044,0
2026-09-09,282565,"Sathiya Educational SocietyS Sathiya Trust Blood Centre, Nalasopara, Palghar",Palghar,A-,0.02693490311827044,0
2026-09-07,282565,"Sathiya Educational SocietyS Sathiya Trust Blood Centre, Nalasopara, Palghar",Palghar,AB+,0.04240082324754922,0
2026-09-08,282565,"Sathiya Educational SocietyS Sathiya Trust Blood Centre, Nalasopara, Palghar",Palghar,AB+,0.022229048452583756,0
2026-09-09,282565,"Sathiya Educational SocietyS Sathiya Trust Blood Centre, Nalasopara, Palghar",Palghar,AB+,0.022229048452583756,0
2026-09-07,282565,"Sathiya Educational SocietyS Sathiya Trust Blood Centre, Nalasopara, Palghar",Palghar,AB-,0.16311692635487893,0
2026-09-08,282565,"Sathiya Educational SocietyS Sathiya Trust Blood Centre, Nalasopara, Palghar",Palghar,AB-,0.09588567459878689,0
2026-09-09,282565,"Sathiya Educational SocietyS Sathiya Trust Blood Centre, Nalasopara, Palghar",Palghar,AB-,0.09588567459878689,0
2026-09-07,282565,"Sathiya Educational SocietyS Sathiya Trust Blood Centre, Nalasopara, Palghar",Palghar,B+,0.0034619659921872234,0
2026-09-08,282565,"Sathiya Educational SocietyS Sathiya Trust Blood Centre, Nalasopara, Palghar",Palghar,B+,0.0034619659921872234,0
2026-09-09,282565,"Sathiya Educational SocietyS Sathiya Trust Blood Centre, Nalasopara, Palghar",Palghar,B+,0.002546606472874805,0
2026-09-07,282565,"Sathiya Educational SocietyS Sathiya Trust Blood Centre, Nalasopara, Palghar",Palghar,B-,0.02693490311827044,0
2026-09-08,282565,"Sathiya Educational SocietyS Sathiya Trust Blood Centre, Nalasopara, Palghar",Palghar,B-,0.08680707578515685,0
2026-09-09,282565,"Sathiya Educational SocietyS Sathiya Trust Blood Centre, Nalasopara, Palghar",Palghar,B-,0.0726101230638756,0
2026-09-07,282565,"Sathiya Educational SocietyS Sathiya Trust Blood Centre, Nalasopara, Palghar",Palghar,O+,0.0012081753373930854,0
2026-09-08,282565,"Sathiya Educational SocietyS Sathiya Trust Blood Centre, Nalasopara, Palghar",Palghar,O+,0.0015950856370973117,0
2026-09-09,282565,"Sathiya Educational SocietyS Sathiya Trust Blood Centre, Nalasopara, Palghar",Palghar,O+,0.002081411434515316,0
2026-09-07,282565,"Sathiya Educational SocietyS Sathiya Trust Blood Centre, Nalasopara, Palghar",Palghar,O-,0.013136580667810543,0
2026-09-08,282565,"Sathiya Educational SocietyS Sathiya Trust Blood Centre, Nalasopara, Palghar",Palghar,O-,0.017060773933480867,0
2026-09-09,282565,"Sathiya Educational SocietyS Sathiya Trust Blood Centre, Nalasopara, Palghar",Palghar,O-,0.011619101879072087,0
2026-09-07,282568,Vbss Sanchalit Latur Blood Centre And Components Latur,Latur,A+,0.0023477024961107147,0
2026-09-08,282568,Vbss Sanchalit Latur Blood Centre And Components Latur,Latur,A+,0.002314495793011443,0
2026-09-09,282568,Vbss Sanchalit Latur Blood Centre And Components Latur,Latur,A+,0.0012081753373930854,0
2026-09-07,282568,Vbss Sanchalit Latur Blood Centre And Components Latur,Latur,A-,0.16528318063695774,0
2026-09-08,282568,Vbss Sanchalit Latur Blood Centre And Components Latur,Latur,A-,0.647713153772467,1
2026-09-09,282568,Vbss Sanchalit Latur Blood Centre And Components Latur,Latur,A-,0.05937798827574803,0
2026-09-07,282568,Vbss Sanchalit Latur Blood Centre And Components Latur,Latur,AB+,0.0015063363726798703,0
2026-09-08,282568,Vbss Sanchalit Latur Blood Centre And Components Latur,Latur,AB+,0.002164352835763005,0
2026-09-09,282568,Vbss Sanchalit Latur Blood Centre And Components Latur,Latur,AB+,0.001479438779035927,0
2026-09-07,282568,Vbss Sanchalit Latur Blood Centre And Components Latur,Latur,AB-,0.9569767387238788,1
2026-09-08,282568,Vbss Sanchalit Latur Blood Centre And Components Latur,Latur,AB-,0.9569767387238788,1
2026-09-09,282568,Vbss Sanchalit Latur Blood Centre And Components Latur,Latur,AB-,0.31682855738935406,0
2026-09-07,282568,Vbss Sanchalit Latur Blood Centre And Components Latur,Latur,B+,0.0016710067755597783,0
2026-09-08,282568,Vbss Sanchalit Latur Blood Centre And Components Latur,Latur,B+,0.002939297944703921,0
2026-09-09,282568,Vbss Sanchalit Latur Blood Centre And Components Latur,Latur,B+,0.0012081753373930854,0
2026-09-07,282568,Vbss Sanchalit Latur Blood Centre And Components Latur,Latur,B-,0.9569767387238788,1
2026-09-08,282568,Vbss Sanchalit Latur Blood Centre And Components Latur,Latur,B-,0.9569767387238788,1
2026-09-09,282568,Vbss Sanchalit Latur Blood Centre And Components Latur,Latur,B-,0.9569767387238788,1
2026-09-07,282568,Vbss Sanchalit Latur Blood Centre And Components Latur,Latur,O+,0.002081411434515316,0
2026-09-08,282568,Vbss Sanchalit Latur Blood Centre And Components Latur,Latur,O+,0.0023119200201798863,0
2026-09-09,282568,Vbss Sanchalit Latur Blood Centre And Components Latur,Latur,O+,0.0014471106705208254,0
2026-09-07,282568,Vbss Sanchalit Latur Blood Centre And Components Latur,Latur,O-,0.9569767387238788,1
2026-09-08,282568,Vbss Sanchalit Latur Blood Centre And Components Latur,Latur,O-,0.9569767387238788,1
2026-09-09,282568,Vbss Sanchalit Latur Blood Centre And Components Latur,Latur,O-,0.4483383250734861,0
2026-09-07,282570,Sankalp Blood Centre,Thane,A+,0.0021325293501712125,0
2026-09-08,282570,Sankalp Blood Centre,Thane,A+,0.005244025144585734,0
2026-09-09,282570,Sankalp Blood Centre,Thane,A+,0.0351939922444109,0
2026-09-07,282570,Sankalp Blood Centre,Thane,A-,0.9569767387238788,1
2026-09-08,282570,Sankalp Blood Centre,Thane,A-,0.9569767387238788,1
2026-09-09,282570,Sankalp Blood Centre,Thane,A-,0.9569767387238788,1
2026-09-07,282570,Sankalp Blood Centre,Thane,AB+,0.005094513150265763,0
2026-09-08,282570,Sankalp Blood Centre,Thane,AB+,0.004699409582270632,0
2026-09-09,282570,Sankalp Blood Centre,Thane,AB+,0.01226017521895609,0
2026-09-07,282570,Sankalp Blood Centre,Thane,AB-,0.9569767387238788,1
2026-09-08,282570,Sankalp Blood Centre,Thane,AB-,0.9569767387238788,1
2026-09-09,282570,Sankalp Blood Centre,Thane,AB-,0.9569767387238788,1
2026-09-07,282570,Sankalp Blood Centre,Thane,B+,0.002867845943187048,0
2026-09-08,282570,Sankalp Blood Centre,Thane,B+,0.0016710067755597783,0
2026-09-09,282570,Sankalp Blood Centre,Thane,B+,0.001932070220395917,0
2026-09-07,282570,Sankalp Blood Centre,Thane,B-,0.9569767387238788,1
2026-09-08,282570,Sankalp Blood Centre,Thane,B-,0.9569767387238788,1
2026-09-09,282570,Sankalp Blood Centre,Thane,B-,0.9569767387238788,1
2026-09-07,282570,Sankalp Blood Centre,Thane,O+,0.0016710067755597783,0
2026-09-08,282570,Sankalp Blood Centre,Thane,O+,0.001648900535990075,0
2026-09-09,282570,Sankalp Blood Centre,Thane,O+,0.0016710067755597783,0
2026-09-07,282570,Sankalp Blood Centre,Thane,O-,0.9569767387238788,1
2026-09-08,282570,Sankalp Blood Centre,Thane,O-,0.9569767387238788,1
2026-09-09,282570,Sankalp Blood Centre,Thane,O-,0.9569767387238788,1
2026-09-07,282571,"Shri Manoharpant Sapate Bahuuddeshiya Samajseva Sansthan TrustS, M/S. Medicare  Blood Centre",Solapur,A+,0.03365308288415614,0
2026-09-08,282571,"Shri Manoharpant Sapate Bahuuddeshiya Samajseva Sansthan TrustS, M/S. Medicare  Blood Centre",Solapur,A+,0.2949323674194615,0
2026-09-09,282571,"Shri Manoharpant Sapate Bahuuddeshiya Samajseva Sansthan TrustS, M/S. Medicare  Blood Centre",Solapur,A+,0.014741662300207273,0
2026-09-07,282571,"Shri Manoharpant Sapate Bahuuddeshiya Samajseva Sansthan TrustS, M/S. Medicare  Blood Centre",Solapur,A-,0.04267073846196896,0
2026-09-08,282571,"Shri Manoharpant Sapate Bahuuddeshiya Samajseva Sansthan TrustS, M/S. Medicare  Blood Centre",Solapur,A-,0.030170888001377773,0
2026-09-09,282571,"Shri Manoharpant Sapate Bahuuddeshiya Samajseva Sansthan TrustS, M/S. Medicare  Blood Centre",Solapur,A-,0.030170888001377773,0
2026-09-07,282571,"Shri Manoharpant Sapate Bahuuddeshiya Samajseva Sansthan TrustS, M/S. Medicare  Blood Centre",Solapur,AB+,0.23476949884965065,0
2026-09-08,282571,"Shri Manoharpant Sapate Bahuuddeshiya Samajseva Sansthan TrustS, M/S. Medicare  Blood Centre",Solapur,AB+,0.33112964088689584,0
2026-09-09,282571,"Shri Manoharpant Sapate Bahuuddeshiya Samajseva Sansthan TrustS, M/S. Medicare  Blood Centre",Solapur,AB+,0.204688025087197,0
2026-09-07,282571,"Shri Manoharpant Sapate Bahuuddeshiya Samajseva Sansthan TrustS, M/S. Medicare  Blood Centre",Solapur,AB-,0.6358654810995975,1
2026-09-08,282571,"Shri Manoharpant Sapate Bahuuddeshiya Samajseva Sansthan TrustS, M/S. Medicare  Blood Centre",Solapur,AB-,0.786299925543641,1
2026-09-09,282571,"Shri Manoharpant Sapate Bahuuddeshiya Samajseva Sansthan TrustS, M/S. Medicare  Blood Centre",Solapur,AB-,0.31682855738935406,0
2026-09-07,282571,"Shri Manoharpant Sapate Bahuuddeshiya Samajseva Sansthan TrustS, M/S. Medicare  Blood Centre",Solapur,B+,0.013619738059136884,0
2026-09-08,282571,"Shri Manoharpant Sapate Bahuuddeshiya Samajseva Sansthan TrustS, M/S. Medicare  Blood Centre",Solapur,B+,0.001648900535990075,0
2026-09-09,282571,"Shri Manoharpant Sapate Bahuuddeshiya Samajseva Sansthan TrustS, M/S. Medicare  Blood Centre",Solapur,B+,0.0012081753373930854,0
2026-09-07,282571,"Shri Manoharpant Sapate Bahuuddeshiya Samajseva Sansthan TrustS, M/S. Medicare  Blood Centre",Solapur,B-,0.024215324238568026,0
2026-09-08,282571,"Shri Manoharpant Sapate Bahuuddeshiya Samajseva Sansthan TrustS, M/S. Medicare  Blood Centre",Solapur,B-,0.026931144055723843,0
2026-09-09,282571,"Shri Manoharpant Sapate Bahuuddeshiya Samajseva Sansthan TrustS, M/S. Medicare  Blood Centre",Solapur,B-,0.02693490311827044,0
2026-09-07,282571,"Shri Manoharpant Sapate Bahuuddeshiya Samajseva Sansthan TrustS, M/S. Medicare  Blood Centre",Solapur,O+,0.013619738059136884,0
2026-09-08,282571,"Shri Manoharpant Sapate Bahuuddeshiya Samajseva Sansthan TrustS, M/S. Medicare  Blood Centre",Solapur,O+,0.0016710067755597783,0
2026-09-09,282571,"Shri Manoharpant Sapate Bahuuddeshiya Samajseva Sansthan TrustS, M/S. Medicare  Blood Centre",Solapur,O+,0.004263862409811315,0
2026-09-07,282571,"Shri Manoharpant Sapate Bahuuddeshiya Samajseva Sansthan TrustS, M/S. Medicare  Blood Centre",Solapur,O-,0.03588405120561639,0
2026-09-08,282571,"Shri Manoharpant Sapate Bahuuddeshiya Samajseva Sansthan TrustS, M/S. Medicare  Blood Centre",Solapur,O-,0.02693490311827044,0
2026-09-09,282571,"Shri Manoharpant Sapate Bahuuddeshiya Samajseva Sansthan TrustS, M/S. Medicare  Blood Centre",Solapur,O-,0.048870038995175336,0
2026-09-07,282577,"Welfare And Educational Trust Of Nmrcw, Chemist Blood Centre",Thane,A+,0.002081411434515316,0
2026-09-08,282577,"Welfare And Educational Trust Of Nmrcw, Chemist Blood Centre",Thane,A+,0.001342652951779423,0
2026-09-09,282577,"Welfare And Educational Trust Of Nmrcw, Chemist Blood Centre",Thane,A+,0.005453543290688772,0
2026-09-07,282577,"Welfare And Educational Trust Of Nmrcw, Chemist Blood Centre",Thane,A-,0.04708016808483685,0
2026-09-08,282577,"Welfare And Educational Trust Of Nmrcw, Chemist Blood Centre",Thane,A-,0.04708016808483685,0
2026-09-09,282577,"Welfare And Educational Trust Of Nmrcw, Chemist Blood Centre",Thane,A-,0.16210439842287436,0
2026-09-07,282577,"Welfare And Educational Trust Of Nmrcw, Chemist Blood Centre",Thane,AB+,0.007800721337917326,0
2026-09-08,282577,"Welfare And Educational Trust Of Nmrcw, Chemist Blood Centre",Thane,AB+,0.004307149927412749,0
2026-09-09,282577,"Welfare And Educational Trust Of Nmrcw, Chemist Blood Centre",Thane,AB+,0.011275268336425871,0
2026-09-07,282577,"Welfare And Educational Trust Of Nmrcw, Chemist Blood Centre",Thane,AB-,0.9569767387238788,1
2026-09-08,282577,"Welfare And Educational Trust Of Nmrcw, Chemist Blood Centre",Thane,AB-,0.32268418572950647,0
2026-09-09,282577,"Welfare And Educational Trust Of Nmrcw, Chemist Blood Centre",Thane,AB-,0.14681513403309893,0
2026-09-07,282577,"Welfare And Educational Trust Of Nmrcw, Chemist Blood Centre",Thane,B+,0.00189020356093118,0
2026-09-08,282577,"Welfare And Educational Trust Of Nmrcw, Chemist Blood Centre",Thane,B+,0.0012081753373930854,0
2026-09-09,282577,"Welfare And Educational Trust Of Nmrcw, Chemist Blood Centre",Thane,B+,0.0012081753373930854,0
2026-09-07,282577,"Welfare And Educational Trust Of Nmrcw, Chemist Blood Centre",Thane,B-,0.030170888001377773,0
2026-09-08,282577,"Welfare And Educational Trust Of Nmrcw, Chemist Blood Centre",Thane,B-,0.030170888001377773,0
2026-09-09,282577,"Welfare And Educational Trust Of Nmrcw, Chemist Blood Centre",Thane,B-,0.030170888001377773,0
2026-09-07,282577,"Welfare And Educational Trust Of Nmrcw, Chemist Blood Centre",Thane,O+,0.0016656454620446208,0
2026-09-08,282577,"Welfare And Educational Trust Of Nmrcw, Chemist Blood Centre",Thane,O+,0.0015779651425224034,0
2026-09-09,282577,"Welfare And Educational Trust Of Nmrcw, Chemist Blood Centre",Thane,O+,0.0022911346876956463,0
2026-09-07,282577,"Welfare And Educational Trust Of Nmrcw, Chemist Blood Centre",Thane,O-,0.09588567459878689,0
2026-09-08,282577,"Welfare And Educational Trust Of Nmrcw, Chemist Blood Centre",Thane,O-,0.05421883653906218,0
2026-09-09,282577,"Welfare And Educational Trust Of Nmrcw, Chemist Blood Centre",Thane,O-,0.07105022241162556,0
2026-09-07,282586,"Varad Charitable And Medical Trust, Balaji Blood Centre, Satara",Satara,A+,0.0011957829087145444,0
2026-09-08,282586,"Varad Charitable And Medical Trust, Balaji Blood Centre, Satara",Satara,A+,0.0016488822873041206,0
2026-09-09,282586,"Varad Charitable And Medical Trust, Balaji Blood Centre, Satara",Satara,A+,0.0011957829087145444,0
2026-09-07,282586,"Varad Charitable And Medical Trust, Balaji Blood Centre, Satara",Satara,A-,0.04693944278518806,0
2026-09-08,282586,"Varad Charitable And Medical Trust, Balaji Blood Centre, Satara",Satara,A-,0.024425094216269903,0
2026-09-09,282586,"Varad Charitable And Medical Trust, Balaji Blood Centre, Satara",Satara,A-,0.045715507859359655,0
2026-09-07,282586,"Varad Charitable And Medical Trust, Balaji Blood Centre, Satara",Satara,AB+,0.00659412385819041,0
2026-09-08,282586,"Varad Charitable And Medical Trust, Balaji Blood Centre, Satara",Satara,AB+,0.020244781515598116,0
2026-09-09,282586,"Varad Charitable And Medical Trust, Balaji Blood Centre, Satara",Satara,AB+,0.0025558689479555714,0
2026-09-07,282586,"Varad Charitable And Medical Trust, Balaji Blood Centre, Satara",Satara,AB-,0.1411140962143383,0
2026-09-08,282586,"Varad Charitable And Medical Trust, Balaji Blood Centre, Satara",Satara,AB-,0.3866802226218875,0
2026-09-09,282586,"Varad Charitable And Medical Trust, Balaji Blood Centre, Satara",Satara,AB-,0.26373230248423335,0
2026-09-07,282586,"Varad Charitable And Medical Trust, Balaji Blood Centre, Satara",Satara,B+,0.0011957829087145444,0
2026-09-08,282586,"Varad Charitable And Medical Trust, Balaji Blood Centre, Satara",Satara,B+,0.0020576945811677026,0
2026-09-09,282586,"Varad Charitable And Medical Trust, Balaji Blood Centre, Satara",Satara,B+,0.0023587385096055557,0
2026-09-07,282586,"Varad Charitable And Medical Trust, Balaji Blood Centre, Satara",Satara,B-,0.2445208719495299,0
2026-09-08,282586,"Varad Charitable And Medical Trust, Balaji Blood Centre, Satara",Satara,B-,0.11137846256372314,0
2026-09-09,282586,"Varad Charitable And Medical Trust, Balaji Blood Centre, Satara",Satara,B-,0.6732578724904705,1
2026-09-07,282586,"Varad Charitable And Medical Trust, Balaji Blood Centre, Satara",Satara,O+,0.0011957829087145444,0
2026-09-08,282586,"Varad Charitable And Medical Trust, Balaji Blood Centre, Satara",Satara,O+,0.0016488822873041206,0
2026-09-09,282586,"Varad Charitable And Medical Trust, Balaji Blood Centre, Satara",Satara,O+,0.0011957829087145444,0
2026-09-07,282586,"Varad Charitable And Medical Trust, Balaji Blood Centre, Satara",Satara,O-,0.09588567459878689,0
2026-09-08,282586,"Varad Charitable And Medical Trust, Balaji Blood Centre, Satara",Satara,O-,0.09588567459878689,0
2026-09-09,282586,"Varad Charitable And Medical Trust, Balaji Blood Centre, Satara",Satara,O-,0.05421883653906218,0
2026-09-07,282598,Dnyandeep Blood Center Of Modern Institute Of Technology,Solapur,A+,0.009716722701280538,0
2026-09-08,282598,Dnyandeep Blood Center Of Modern Institute Of Technology,Solapur,A+,0.012599814017748534,0
2026-09-09,282598,Dnyandeep Blood Center Of Modern Institute Of Technology,Solapur,A+,0.012284819115823223,0
2026-09-07,282598,Dnyandeep Blood Center Of Modern Institute Of Technology,Solapur,A-,0.6732578724904705,1
2026-09-08,282598,Dnyandeep Blood Center Of Modern Institute Of Technology,Solapur,A-,0.8170939210353315,1
2026-09-09,282598,Dnyandeep Blood Center Of Modern Institute Of Technology,Solapur,A-,0.9569767387238788,1
2026-09-07,282598,Dnyandeep Blood Center Of Modern Institute Of Technology,Solapur,AB+,0.022229048452583756,0
2026-09-08,282598,Dnyandeep Blood Center Of Modern Institute Of Technology,Solapur,AB+,0.022229048452583756,0
2026-09-09,282598,Dnyandeep Blood Center Of Modern Institute Of Technology,Solapur,AB+,0.02965889291932624,0
2026-09-07,282598,Dnyandeep Blood Center Of Modern Institute Of Technology,Solapur,AB-,0.09588567459878689,0
2026-09-08,282598,Dnyandeep Blood Center Of Modern Institute Of Technology,Solapur,AB-,0.09588567459878689,0
2026-09-09,282598,Dnyandeep Blood Center Of Modern Institute Of Technology,Solapur,AB-,0.09588567459878689,0
2026-09-07,282598,Dnyandeep Blood Center Of Modern Institute Of Technology,Solapur,B+,0.006798657658382421,0
2026-09-08,282598,Dnyandeep Blood Center Of Modern Institute Of Technology,Solapur,B+,0.005754059734056495,0
2026-09-09,282598,Dnyandeep Blood Center Of Modern Institute Of Technology,Solapur,B+,0.005242441263037718,0
2026-09-07,282598,Dnyandeep Blood Center Of Modern Institute Of Technology,Solapur,B-,0.10673152891689344,0
2026-09-08,282598,Dnyandeep Blood Center Of Modern Institute Of Technology,Solapur,B-,0.09588567459878689,0
2026-09-09,282598,Dnyandeep Blood Center Of Modern Institute Of Technology,Solapur,B-,0.09588567459878689,0
2026-09-07,282598,Dnyandeep Blood Center Of Modern Institute Of Technology,Solapur,O+,0.0038049773866278337,0
2026-09-08,282598,Dnyandeep Blood Center Of Modern Institute Of Technology,Solapur,O+,0.003982185343438748,0
2026-09-09,282598,Dnyandeep Blood Center Of Modern Institute Of Technology,Solapur,O+,0.0023477024961107147,0
2026-09-07,282598,Dnyandeep Blood Center Of Modern Institute Of Technology,Solapur,O-,0.022229048452583756,0
2026-09-08,282598,Dnyandeep Blood Center Of Modern Institute Of Technology,Solapur,O-,0.022229048452583756,0
2026-09-09,282598,Dnyandeep Blood Center Of Modern Institute Of Technology,Solapur,O-,0.022229048452583756,0
2026-09-07,282599,Dean Datta Meghe Medical Collecge M.S.Dattatraya Blood Centre,Nagpur,A+,0.005490856030713496,0
2026-09-08,282599,Dean Datta Meghe Medical Collecge M.S.Dattatraya Blood Centre,Nagpur,A+,0.007800721337917326,0
2026-09-09,282599,Dean Datta Meghe Medical Collecge M.S.Dattatraya Blood Centre,Nagpur,A+,0.004307149927412749,0
2026-09-07,282599,Dean Datta Meghe Medical Collecge M.S.Dattatraya Blood Centre,Nagpur,A-,0.9569767387238788,1
2026-09-08,282599,Dean Datta Meghe Medical Collecge M.S.Dattatraya Blood Centre,Nagpur,A-,0.9569767387238788,1
2026-09-09,282599,Dean Datta Meghe Medical Collecge M.S.Dattatraya Blood Centre,Nagpur,A-,0.9569767387238788,1
2026-09-07,282599,Dean Datta Meghe Medical Collecge M.S.Dattatraya Blood Centre,Nagpur,AB+,0.017088907589379684,0
2026-09-08,282599,Dean Datta Meghe Medical Collecge M.S.Dattatraya Blood Centre,Nagpur,AB+,0.10471253613072155,0
2026-09-09,282599,Dean Datta Meghe Medical Collecge M.S.Dattatraya Blood Centre,Nagpur,AB+,0.10364569345882475,0
2026-09-07,282599,Dean Datta Meghe Medical Collecge M.S.Dattatraya Blood Centre,Nagpur,AB-,0.9569767387238788,1
2026-09-08,282599,Dean Datta Meghe Medical Collecge M.S.Dattatraya Blood Centre,Nagpur,AB-,0.9569767387238788,1
2026-09-09,282599,Dean Datta Meghe Medical Collecge M.S.Dattatraya Blood Centre,Nagpur,AB-,0.9569767387238788,1
2026-09-07,282599,Dean Datta Meghe Medical Collecge M.S.Dattatraya Blood Centre,Nagpur,B+,0.005413393383159475,0
2026-09-08,282599,Dean Datta Meghe Medical Collecge M.S.Dattatraya Blood Centre,Nagpur,B+,0.008753381665796646,0
2026-09-09,282599,Dean Datta Meghe Medical Collecge M.S.Dattatraya Blood Centre,Nagpur,B+,0.022010046408134323,0
2026-09-07,282599,Dean Datta Meghe Medical Collecge M.S.Dattatraya Blood Centre,Nagpur,B-,0.07105022241162556,0
2026-09-08,282599,Dean Datta Meghe Medical Collecge M.S.Dattatraya Blood Centre,Nagpur,B-,0.04708016808483685,0
2026-09-09,282599,Dean Datta Meghe Medical Collecge M.S.Dattatraya Blood Centre,Nagpur,B-,0.04708016808483685,0
2026-09-07,282599,Dean Datta Meghe Medical Collecge M.S.Dattatraya Blood Centre,Nagpur,O+,0.012799015646462922,0
2026-09-08,282599,Dean Datta Meghe Medical Collecge M.S.Dattatraya Blood Centre,Nagpur,O+,0.01003808674240317,0
2026-09-09,282599,Dean Datta Meghe Medical Collecge M.S.Dattatraya Blood Centre,Nagpur,O+,0.0045447106460079385,0
2026-09-07,282599,Dean Datta Meghe Medical Collecge M.S.Dattatraya Blood Centre,Nagpur,O-,0.02693490311827044,0
2026-09-08,282599,Dean Datta Meghe Medical Collecge M.S.Dattatraya Blood Centre,Nagpur,O-,0.02693490311827044,0
2026-09-09,282599,Dean Datta Meghe Medical Collecge M.S.Dattatraya Blood Centre,Nagpur,O-,0.02693490311827044,0
2026-09-07,282601,Symbiosis University Hospital And Research Center Blood Centre Of Symbiosis  Trust,Pune,A+,0.0023426989807682702,0
2026-09-08,282601,Symbiosis University Hospital And Research Center Blood Centre Of Symbiosis  Trust,Pune,A+,0.040656948858278655,0
2026-09-09,282601,Symbiosis University Hospital And Research Center Blood Centre Of Symbiosis  Trust,Pune,A+,0.002081411434515316,0
2026-09-07,282601,Symbiosis University Hospital And Research Center Blood Centre Of Symbiosis  Trust,Pune,A-,0.006640859060677679,0
2026-09-08,282601,Symbiosis University Hospital And Research Center Blood Centre Of Symbiosis  Trust,Pune,A-,0.013268239052090094,0
2026-09-09,282601,Symbiosis University Hospital And Research Center Blood Centre Of Symbiosis  Trust,Pune,A-,0.013268239052090094,0
2026-09-07,282601,Symbiosis University Hospital And Research Center Blood Centre Of Symbiosis  Trust,Pune,AB+,0.035358192397387175,0
2026-09-08,282601,Symbiosis University Hospital And Research Center Blood Centre Of Symbiosis  Trust,Pune,AB+,0.02053657563219467,0
2026-09-09,282601,Symbiosis University Hospital And Research Center Blood Centre Of Symbiosis  Trust,Pune,AB+,0.022652282591765858,0
2026-09-07,282601,Symbiosis University Hospital And Research Center Blood Centre Of Symbiosis  Trust,Pune,AB-,0.09588567459878689,0
2026-09-08,282601,Symbiosis University Hospital And Research Center Blood Centre Of Symbiosis  Trust,Pune,AB-,0.09588567459878689,0
2026-09-09,282601,Symbiosis University Hospital And Research Center Blood Centre Of Symbiosis  Trust,Pune,AB-,0.09588567459878689,0
2026-09-07,282601,Symbiosis University Hospital And Research Center Blood Centre Of Symbiosis  Trust,Pune,B+,0.0020848928266579622,0
2026-09-08,282601,Symbiosis University Hospital And Research Center Blood Centre Of Symbiosis  Trust,Pune,B+,0.0023103468821924597,0
2026-09-09,282601,Symbiosis University Hospital And Research Center Blood Centre Of Symbiosis  Trust,Pune,B+,0.002081411434515316,0
2026-09-07,282601,Symbiosis University Hospital And Research Center Blood Centre Of Symbiosis  Trust,Pune,B-,0.02693490311827044,0
2026-09-08,282601,Symbiosis University Hospital And Research Center Blood Centre Of Symbiosis  Trust,Pune,B-,0.03170067070020004,0
2026-09-09,282601,Symbiosis University Hospital And Research Center Blood Centre Of Symbiosis  Trust,Pune,B-,0.025599083673906342,0
2026-09-07,282601,Symbiosis University Hospital And Research Center Blood Centre Of Symbiosis  Trust,Pune,O+,0.003496807756305401,0
2026-09-08,282601,Symbiosis University Hospital And Research Center Blood Centre Of Symbiosis  Trust,Pune,O+,0.002692935923712295,0
2026-09-09,282601,Symbiosis University Hospital And Research Center Blood Centre Of Symbiosis  Trust,Pune,O+,0.002081411434515316,0
2026-09-07,282601,Symbiosis University Hospital And Research Center Blood Centre Of Symbiosis  Trust,Pune,O-,0.05411499805453901,0
2026-09-08,282601,Symbiosis University Hospital And Research Center Blood Centre Of Symbiosis  Trust,Pune,O-,0.02736043162432607,0
2026-09-09,282601,Symbiosis University Hospital And Research Center Blood Centre Of Symbiosis  Trust,Pune,O-,0.030146238907467458,0
2026-09-07,282612,Red Plus Blood Center Jalgaon,Jalgaon,A+,0.00189020356093118,0
2026-09-08,282612,Red Plus Blood Center Jalgaon,Jalgaon,A+,0.0017409769591235288,0
2026-09-09,282612,Red Plus Blood Center Jalgaon,Jalgaon,A+,0.009998969746479184,0
2026-09-07,282612,Red Plus Blood Center Jalgaon,Jalgaon,A-,0.16311692635487893,0
2026-09-08,282612,Red Plus Blood Center Jalgaon,Jalgaon,A-,0.09588567459878689,0
2026-09-09,282612,Red Plus Blood Center Jalgaon,Jalgaon,A-,0.05421883653906218,0
2026-09-07,282612,Red Plus Blood Center Jalgaon,Jalgaon,AB+,0.026377394117054958,0
2026-09-08,282612,Red Plus Blood Center Jalgaon,Jalgaon,AB+,0.005312884228245267,0
2026-09-09,282612,Red Plus Blood Center Jalgaon,Jalgaon,AB+,0.006640859060677679,0
2026-09-07,282612,Red Plus Blood Center Jalgaon,Jalgaon,AB-,0.8017482753365046,1
2026-09-08,282612,Red Plus Blood Center Jalgaon,Jalgaon,AB-,0.9569767387238788,1
2026-09-09,282612,Red Plus Blood Center Jalgaon,Jalgaon,AB-,0.9569767387238788,1
2026-09-07,282612,Red Plus Blood Center Jalgaon,Jalgaon,B+,0.0016656454620446208,0
2026-09-08,282612,Red Plus Blood Center Jalgaon,Jalgaon,B+,0.0016538748790557787,0
2026-09-09,282612,Red Plus Blood Center Jalgaon,Jalgaon,B+,0.00189020356093118,0
2026-09-07,282612,Red Plus Blood Center Jalgaon,Jalgaon,B-,0.9569767387238788,1
2026-09-08,282612,Red Plus Blood Center Jalgaon,Jalgaon,B-,0.9569767387238788,1
2026-09-09,282612,Red Plus Blood Center Jalgaon,Jalgaon,B-,0.9569767387238788,1
2026-09-07,282612,Red Plus Blood Center Jalgaon,Jalgaon,O+,0.0016656454620446208,0
2026-09-08,282612,Red Plus Blood Center Jalgaon,Jalgaon,O+,0.0016710067755597783,0
2026-09-09,282612,Red Plus Blood Center Jalgaon,Jalgaon,O+,0.0016710067755597783,0
2026-09-07,282612,Red Plus Blood Center Jalgaon,Jalgaon,O-,0.08648942808912738,0
2026-09-08,282612,Red Plus Blood Center Jalgaon,Jalgaon,O-,0.041827614914935134,0
2026-09-09,282612,Red Plus Blood Center Jalgaon,Jalgaon,O-,0.04708016808483685,0
2026-09-07,282668,Lokmanya Blood Centre,Aurangabad,A+,0.002098644037462333,0
2026-09-08,282668,Lokmanya Blood Centre,Aurangabad,A+,0.0016656454620446208,0
2026-09-09,282668,Lokmanya Blood Centre,Aurangabad,A+,0.001670688725475448,0
2026-09-07,282668,Lokmanya Blood Centre,Aurangabad,A-,0.09588567459878689,0
2026-09-08,282668,Lokmanya Blood Centre,Aurangabad,A-,0.09588567459878689,0
2026-09-09,282668,Lokmanya Blood Centre,Aurangabad,A-,0.09588567459878689,0
2026-09-07,282668,Lokmanya Blood Centre,Aurangabad,AB+,0.00189020356093118,0
2026-09-08,282668,Lokmanya Blood Centre,Aurangabad,AB+,0.002329510572432849,0
2026-09-09,282668,Lokmanya Blood Centre,Aurangabad,AB+,0.002283048520572994,0
2026-09-07,282668,Lokmanya Blood Centre,Aurangabad,AB-,0.045072468254795155,0
2026-09-08,282668,Lokmanya Blood Centre,Aurangabad,AB-,0.05202420222433954,0
2026-09-09,282668,Lokmanya Blood Centre,Aurangabad,AB-,0.04708016808483685,0
2026-09-07,282668,Lokmanya Blood Centre,Aurangabad,B+,0.0023477024961107147,0
2026-09-08,282668,Lokmanya Blood Centre,Aurangabad,B+,0.0016656454620446208,0
2026-09-09,282668,Lokmanya Blood Centre,Aurangabad,B+,0.0015713377579986332,0
2026-09-07,282668,Lokmanya Blood Centre,Aurangabad,B-,0.20569508241828022,0
2026-09-08,282668,Lokmanya Blood Centre,Aurangabad,B-,0.020889842571953254,0
2026-09-09,282668,Lokmanya Blood Centre,Aurangabad,B-,0.254306582095822,0
2026-09-07,282668,Lokmanya Blood Centre,Aurangabad,O+,0.0067187931075656,0
2026-09-08,282668,Lokmanya Blood Centre,Aurangabad,O+,0.004063617022490152,0
2026-09-09,282668,Lokmanya Blood Centre,Aurangabad,O+,0.001648900535990075,0
2026-09-07,282668,Lokmanya Blood Centre,Aurangabad,O-,0.022229048452583756,0
2026-09-08,282668,Lokmanya Blood Centre,Aurangabad,O-,0.02965889291932624,0
2026-09-09,282668,Lokmanya Blood Centre,Aurangabad,O-,0.0352865250961465,0
2026-09-07,282670,Pimpri Chinchwad  Municipal CorporationS Y.C.M. Hospital Blood Centre,Pune,A+,0.002464765296937287,0
2026-09-08,282670,Pimpri Chinchwad  Municipal CorporationS Y.C.M. Hospital Blood Centre,Pune,A+,0.0011957829087145444,0
2026-09-09,282670,Pimpri Chinchwad  Municipal CorporationS Y.C.M. Hospital Blood Centre,Pune,A+,0.0012081753373930854,0
2026-09-07,282670,Pimpri Chinchwad  Municipal CorporationS Y.C.M. Hospital Blood Centre,Pune,A-,0.005251529879163809,0
2026-09-08,282670,Pimpri Chinchwad  Municipal CorporationS Y.C.M. Hospital Blood Centre,Pune,A-,0.006640859060677679,0
2026-09-09,282670,Pimpri Chinchwad  Municipal CorporationS Y.C.M. Hospital Blood Centre,Pune,A-,0.010433960200280019,0
2026-09-07,282670,Pimpri Chinchwad  Municipal CorporationS Y.C.M. Hospital Blood Centre,Pune,AB+,0.0011957829087145444,0
2026-09-08,282670,Pimpri Chinchwad  Municipal CorporationS Y.C.M. Hospital Blood Centre,Pune,AB+,0.0011957829087145444,0
2026-09-09,282670,Pimpri Chinchwad  Municipal CorporationS Y.C.M. Hospital Blood Centre,Pune,AB+,0.0018889721803811356,0
2026-09-07,282670,Pimpri Chinchwad  Municipal CorporationS Y.C.M. Hospital Blood Centre,Pune,AB-,0.13930299776472888,0
2026-09-08,282670,Pimpri Chinchwad  Municipal CorporationS Y.C.M. Hospital Blood Centre,Pune,AB-,0.022758323988153566,0
2026-09-09,282670,Pimpri Chinchwad  Municipal CorporationS Y.C.M. Hospital Blood Centre,Pune,AB-,0.015816975002225914,0
2026-09-07,282670,Pimpri Chinchwad  Municipal CorporationS Y.C.M. Hospital Blood Centre,Pune,B+,0.0012025850391115356,0
2026-09-08,282670,Pimpri Chinchwad  Municipal CorporationS Y.C.M. Hospital Blood Centre,Pune,B+,0.0011957829087145444,0
2026-09-09,282670,Pimpri Chinchwad  Municipal CorporationS Y.C.M. Hospital Blood Centre,Pune,B+,0.002383154406311712,0
2026-09-07,282670,Pimpri Chinchwad  Municipal CorporationS Y.C.M. Hospital Blood Centre,Pune,B-,0.016449321000174707,0
2026-09-08,282670,Pimpri Chinchwad  Municipal CorporationS Y.C.M. Hospital Blood Centre,Pune,B-,0.06231514511496084,0
2026-09-09,282670,Pimpri Chinchwad  Municipal CorporationS Y.C.M. Hospital Blood Centre,Pune,B-,0.005247522308481812,0
2026-09-07,282670,Pimpri Chinchwad  Municipal CorporationS Y.C.M. Hospital Blood Centre,Pune,O+,0.0012025850391115356,0
2026-09-08,282670,Pimpri Chinchwad  Municipal CorporationS Y.C.M. Hospital Blood Centre,Pune,O+,0.0011949710128818349,0
2026-09-09,282670,Pimpri Chinchwad  Municipal CorporationS Y.C.M. Hospital Blood Centre,Pune,O+,0.0016710067755597783,0
2026-09-07,282670,Pimpri Chinchwad  Municipal CorporationS Y.C.M. Hospital Blood Centre,Pune,O-,0.030880400940372758,0
2026-09-08,282670,Pimpri Chinchwad  Municipal CorporationS Y.C.M. Hospital Blood Centre,Pune,O-,0.021747292693698496,0
2026-09-09,282670,Pimpri Chinchwad  Municipal CorporationS Y.C.M. Hospital Blood Centre,Pune,O-,0.033557252055806404,0
2026-09-07,282683,"Mgm Blood Centre , Kamothe",Raigarh,A+,0.006640200044212533,0
2026-09-08,282683,"Mgm Blood Centre , Kamothe",Raigarh,A+,0.002314495793011443,0
2026-09-09,282683,"Mgm Blood Centre , Kamothe",Raigarh,A+,0.00189020356093118,0
2026-09-07,282683,"Mgm Blood Centre , Kamothe",Raigarh,A-,0.05202420222433954,0
2026-09-08,282683,"Mgm Blood Centre , Kamothe",Raigarh,A-,0.04708016808483685,0
2026-09-09,282683,"Mgm Blood Centre , Kamothe",Raigarh,A-,0.04708016808483685,0
2026-09-07,282683,"Mgm Blood Centre , Kamothe",Raigarh,AB+,0.010888447992179815,0
2026-09-08,282683,"Mgm Blood Centre , Kamothe",Raigarh,AB+,0.024337029121358728,0
2026-09-09,282683,"Mgm Blood Centre , Kamothe",Raigarh,AB+,0.011703931429802583,0
2026-09-07,282683,"Mgm Blood Centre , Kamothe",Raigarh,AB-,0.04708016808483685,0
2026-09-08,282683,"Mgm Blood Centre , Kamothe",Raigarh,AB-,0.04708016808483685,0
2026-09-09,282683,"Mgm Blood Centre , Kamothe",Raigarh,AB-,0.04708016808483685,0
2026-09-07,282683,"Mgm Blood Centre , Kamothe",Raigarh,B+,0.002081411434515316,0
2026-09-08,282683,"Mgm Blood Centre , Kamothe",Raigarh,B+,0.002081411434515316,0
2026-09-09,282683,"Mgm Blood Centre , Kamothe",Raigarh,B+,0.00189020356093118,0
2026-09-07,282683,"Mgm Blood Centre , Kamothe",Raigarh,B-,0.027568089055482303,0
2026-09-08,282683,"Mgm Blood Centre , Kamothe",Raigarh,B-,0.09592721964234696,0
2026-09-09,282683,"Mgm Blood Centre , Kamothe",Raigarh,B-,0.05202420222433954,0
2026-09-07,282683,"Mgm Blood Centre , Kamothe",Raigarh,O+,0.002081411434515316,0
2026-09-08,282683,"Mgm Blood Centre , Kamothe",Raigarh,O+,0.002809541560350107,0
2026-09-09,282683,"Mgm Blood Centre , Kamothe",Raigarh,O+,0.00189020356093118,0
2026-09-07,282683,"Mgm Blood Centre , Kamothe",Raigarh,O-,0.05202420222433954,0
2026-09-08,282683,"Mgm Blood Centre , Kamothe",Raigarh,O-,0.04708016808483685,0
2026-09-09,282683,"Mgm Blood Centre , Kamothe",Raigarh,O-,0.04708016808483685,0
2026-09-07,282733,Rotary Blood Centre,Pune,A+,0.009962536151947641,0
2026-09-08,282733,Rotary Blood Centre,Pune,A+,0.025501768241653948,0
2026-09-09,282733,Rotary Blood Centre,Pune,A+,0.030451770180609322,0
2026-09-07,282733,Rotary Blood Centre,Pune,A-,0.030170888001377773,0
2026-09-08,282733,Rotary Blood Centre,Pune,A-,0.030170888001377773,0
2026-09-09,282733,Rotary Blood Centre,Pune,A-,0.030170888001377773,0
2026-09-07,282733,Rotary Blood Centre,Pune,AB+,0.057347578586959165,0
2026-09-08,282733,Rotary Blood Centre,Pune,AB+,0.2403949602165213,0
2026-09-09,282733,Rotary Blood Centre,Pune,AB+,0.1498097922182252,0
2026-09-07,282733,Rotary Blood Centre,Pune,AB-,0.9569767387238788,1
2026-09-08,282733,Rotary Blood Centre,Pune,AB-,0.9569767387238788,1
2026-09-09,282733,Rotary Blood Centre,Pune,AB-,0.9569767387238788,1
2026-09-07,282733,Rotary Blood Centre,Pune,B+,0.011038427711149034,0
2026-09-08,282733,Rotary Blood Centre,Pune,B+,0.012353097304429366,0
2026-09-09,282733,Rotary Blood Centre,Pune,B+,0.011915388595460995,0
2026-09-07,282733,Rotary Blood Centre,Pune,B-,0.08680707578515685,0
2026-09-08,282733,Rotary Blood Centre,Pune,B-,0.386142006240763,0
2026-09-09,282733,Rotary Blood Centre,Pune,B-,0.786299925543641,1
2026-09-07,282733,Rotary Blood Centre,Pune,O+,0.0016488822873041206,0
2026-09-08,282733,Rotary Blood Centre,Pune,O+,0.001631994911879064,0
2026-09-09,282733,Rotary Blood Centre,Pune,O+,0.002287497276262478,0
2026-09-07,282733,Rotary Blood Centre,Pune,O-,0.030170888001377773,0
2026-09-08,282733,Rotary Blood Centre,Pune,O-,0.030170888001377773,0
2026-09-09,282733,Rotary Blood Centre,Pune,O-,0.030170888001377773,0
2026-09-07,282735,Sahyaadrie Blood Centre Osmanabad,Osmanabad,A+,0.0043047347773382105,0
2026-09-08,282735,Sahyaadrie Blood Centre Osmanabad,Osmanabad,A+,0.008184517082700394,0
2026-09-09,282735,Sahyaadrie Blood Centre Osmanabad,Osmanabad,A+,0.0060476359439951746,0
2026-09-07,282735,Sahyaadrie Blood Centre Osmanabad,Osmanabad,A-,0.09588567459878689,0
2026-09-08,282735,Sahyaadrie Blood Centre Osmanabad,Osmanabad,A-,0.057347578586959165,0
2026-09-09,282735,Sahyaadrie Blood Centre Osmanabad,Osmanabad,A-,0.2403949602165213,0
2026-09-07,282735,Sahyaadrie Blood Centre Osmanabad,Osmanabad,AB+,0.014993415197543894,0
2026-09-08,282735,Sahyaadrie Blood Centre Osmanabad,Osmanabad,AB+,0.011958586608576722,0
2026-09-09,282735,Sahyaadrie Blood Centre Osmanabad,Osmanabad,AB+,0.01669600592268457,0
2026-09-07,282735,Sahyaadrie Blood Centre Osmanabad,Osmanabad,AB-,0.09588567459878689,0
2026-09-08,282735,Sahyaadrie Blood Centre Osmanabad,Osmanabad,AB-,0.09588567459878689,0
2026-09-09,282735,Sahyaadrie Blood Centre Osmanabad,Osmanabad,AB-,0.09588567459878689,0
2026-09-07,282735,Sahyaadrie Blood Centre Osmanabad,Osmanabad,B+,0.004100068578485617,0
2026-09-08,282735,Sahyaadrie Blood Centre Osmanabad,Osmanabad,B+,0.0020788401410570135,0
2026-09-09,282735,Sahyaadrie Blood Centre Osmanabad,Osmanabad,B+,0.0015072900823576815,0
2026-09-07,282735,Sahyaadrie Blood Centre Osmanabad,Osmanabad,B-,0.06870704684705387,0
2026-09-08,282735,Sahyaadrie Blood Centre Osmanabad,Osmanabad,B-,0.02693490311827044,0
2026-09-09,282735,Sahyaadrie Blood Centre Osmanabad,Osmanabad,B-,0.14112269269756184,0
2026-09-07,282735,Sahyaadrie Blood Centre Osmanabad,Osmanabad,O+,0.0016710067755597783,0
2026-09-08,282735,Sahyaadrie Blood Centre Osmanabad,Osmanabad,O+,0.0016710067755597783,0
2026-09-09,282735,Sahyaadrie Blood Centre Osmanabad,Osmanabad,O+,0.0012081753373930854,0
2026-09-07,282735,Sahyaadrie Blood Centre Osmanabad,Osmanabad,O-,0.030596913276096392,0
2026-09-08,282735,Sahyaadrie Blood Centre Osmanabad,Osmanabad,O-,0.03197768588312568,0
2026-09-09,282735,Sahyaadrie Blood Centre Osmanabad,Osmanabad,O-,0.0885609621510886,0
2026-09-07,282741,"Jeevandai Blood Centre, Components And Apheresis Centre Beed",Bid,A+,0.002081411434515316,0
2026-09-08,282741,"Jeevandai Blood Centre, Components And Apheresis Centre Beed",Bid,A+,0.00189020356093118,0
2026-09-09,282741,"Jeevandai Blood Centre, Components And Apheresis Centre Beed",Bid,A+,0.0016710067755597783,0
2026-09-07,282741,"Jeevandai Blood Centre, Components And Apheresis Centre Beed",Bid,A-,0.030170888001377773,0
2026-09-08,282741,"Jeevandai Blood Centre, Components And Apheresis Centre Beed",Bid,A-,0.030170888001377773,0
2026-09-09,282741,"Jeevandai Blood Centre, Components And Apheresis Centre Beed",Bid,A-,0.030170888001377773,0
2026-09-07,282741,"Jeevandai Blood Centre, Components And Apheresis Centre Beed",Bid,AB+,0.01104163663258099,0
2026-09-08,282741,"Jeevandai Blood Centre, Components And Apheresis Centre Beed",Bid,AB+,0.013378272830047106,0
2026-09-09,282741,"Jeevandai Blood Centre, Components And Apheresis Centre Beed",Bid,AB+,0.011115562982237832,0
2026-09-07,282741,"Jeevandai Blood Centre, Components And Apheresis Centre Beed",Bid,AB-,0.028831849716799477,0
2026-09-08,282741,"Jeevandai Blood Centre, Components And Apheresis Centre Beed",Bid,AB-,0.030170888001377773,0
2026-09-09,282741,"Jeevandai Blood Centre, Components And Apheresis Centre Beed",Bid,AB-,0.030170888001377773,0
2026-09-07,282741,"Jeevandai Blood Centre, Components And Apheresis Centre Beed",Bid,B+,0.00189020356093118,0
2026-09-08,282741,"Jeevandai Blood Centre, Components And Apheresis Centre Beed",Bid,B+,0.00336921955123655,0
2026-09-09,282741,"Jeevandai Blood Centre, Components And Apheresis Centre Beed",Bid,B+,0.00189020356093118,0
2026-09-07,282741,"Jeevandai Blood Centre, Components And Apheresis Centre Beed",Bid,B-,0.030170888001377773,0
2026-09-08,282741,"Jeevandai Blood Centre, Components And Apheresis Centre Beed",Bid,B-,0.030170888001377773,0
2026-09-09,282741,"Jeevandai Blood Centre, Components And Apheresis Centre Beed",Bid,B-,0.030170888001377773,0
2026-09-07,282741,"Jeevandai Blood Centre, Components And Apheresis Centre Beed",Bid,O+,0.002081411434515316,0
2026-09-08,282741,"Jeevandai Blood Centre, Components And Apheresis Centre Beed",Bid,O+,0.00189020356093118,0
2026-09-09,282741,"Jeevandai Blood Centre, Components And Apheresis Centre Beed",Bid,O+,0.00189020356093118,0
2026-09-07,282741,"Jeevandai Blood Centre, Components And Apheresis Centre Beed",Bid,O-,0.9569767387238788,1
2026-09-08,282741,"Jeevandai Blood Centre, Components And Apheresis Centre Beed",Bid,O-,0.9569767387238788,1
2026-09-09,282741,"Jeevandai Blood Centre, Components And Apheresis Centre Beed",Bid,O-,0.9569767387238788,1
2026-09-07,283142,Samarpan Blood Centre,Bhandara,A+,0.002844573315948163,0
2026-09-08,283142,Samarpan Blood Centre,Bhandara,A+,0.001479420270781203,0
2026-09-09,283142,Samarpan Blood Centre,Bhandara,A+,0.0023502869046517125,0
2026-09-07,283142,Samarpan Blood Centre,Bhandara,A-,0.09588567459878689,0
2026-09-08,283142,Samarpan Blood Centre,Bhandara,A-,0.09588567459878689,0
2026-09-09,283142,Samarpan Blood Centre,Bhandara,A-,0.09588567459878689,0
2026-09-07,283142,Samarpan Blood Centre,Bhandara,AB+,0.011895071339848053,0
2026-09-08,283142,Samarpan Blood Centre,Bhandara,AB+,0.02245011811055367,0
2026-09-09,283142,Samarpan Blood Centre,Bhandara,AB+,0.01366803325306424,0
2026-09-07,283142,Samarpan Blood Centre,Bhandara,AB-,0.09588567459878689,0
2026-09-08,283142,Samarpan Blood Centre,Bhandara,AB-,0.09588567459878689,0
2026-09-09,283142,Samarpan Blood Centre,Bhandara,AB-,0.09588567459878689,0
2026-09-07,283142,Samarpan Blood Centre,Bhandara,B+,0.00189020356093118,0
2026-09-08,283142,Samarpan Blood Centre,Bhandara,B+,0.002349599117983776,0
2026-09-09,283142,Samarpan Blood Centre,Bhandara,B+,0.0075382091450941395,0
2026-09-07,283142,Samarpan Blood Centre,Bhandara,B-,0.027568089055482303,0
2026-09-08,283142,Samarpan Blood Centre,Bhandara,B-,0.09592721964234696,0
2026-09-09,283142,Samarpan Blood Centre,Bhandara,B-,0.05202420222433954,0
2026-09-07,283142,Samarpan Blood Centre,Bhandara,O+,0.00189020356093118,0
2026-09-08,283142,Samarpan Blood Centre,Bhandara,O+,0.001753530456225204,0
2026-09-09,283142,Samarpan Blood Centre,Bhandara,O+,0.00189020356093118,0
2026-09-07,283142,Samarpan Blood Centre,Bhandara,O-,0.02693490311827044,0
2026-09-08,283142,Samarpan Blood Centre,Bhandara,O-,0.02693490311827044,0
2026-09-09,283142,Samarpan Blood Centre,Bhandara,O-,0.02693490311827044,0
2026-09-07,283198,Riddhi Vinayak Hospital Services Public Charitable Trust Blood Centre,Palghar,A+,0.011556858271703033,0
2026-09-08,283198,Riddhi Vinayak Hospital Services Public Charitable Trust Blood Centre,Palghar,A+,0.012208333080213981,0
2026-09-09,283198,Riddhi Vinayak Hospital Services Public Charitable Trust Blood Centre,Palghar,A+,0.014893758478657084,0
2026-09-07,283198,Riddhi Vinayak Hospital Services Public Charitable Trust Blood Centre,Palghar,A-,0.9569767387238788,1
2026-09-08,283198,Riddhi Vinayak Hospital Services Public Charitable Trust Blood Centre,Palghar,A-,0.9569767387238788,1
2026-09-09,283198,Riddhi Vinayak Hospital Services Public Charitable Trust Blood Centre,Palghar,A-,0.9569767387238788,1
2026-09-07,283198,Riddhi Vinayak Hospital Services Public Charitable Trust Blood Centre,Palghar,AB+,0.02693490311827044,0
2026-09-08,283198,Riddhi Vinayak Hospital Services Public Charitable Trust Blood Centre,Palghar,AB+,0.027568089055482303,0
2026-09-09,283198,Riddhi Vinayak Hospital Services Public Charitable Trust Blood Centre,Palghar,AB+,0.028831849716799477,0
2026-09-07,283198,Riddhi Vinayak Hospital Services Public Charitable Trust Blood Centre,Palghar,AB-,0.9569767387238788,1
2026-09-08,283198,Riddhi Vinayak Hospital Services Public Charitable Trust Blood Centre,Palghar,AB-,0.9569767387238788,1
2026-09-09,283198,Riddhi Vinayak Hospital Services Public Charitable Trust Blood Centre,Palghar,AB-,0.9569767387238788,1
2026-09-07,283198,Riddhi Vinayak Hospital Services Public Charitable Trust Blood Centre,Palghar,B+,0.010585034107055882,0
2026-09-08,283198,Riddhi Vinayak Hospital Services Public Charitable Trust Blood Centre,Palghar,B+,0.003661609703993582,0
2026-09-09,283198,Riddhi Vinayak Hospital Services Public Charitable Trust Blood Centre,Palghar,B+,0.025556979492643125,0
2026-09-07,283198,Riddhi Vinayak Hospital Services Public Charitable Trust Blood Centre,Palghar,B-,0.09588567459878689,0
2026-09-08,283198,Riddhi Vinayak Hospital Services Public Charitable Trust Blood Centre,Palghar,B-,0.09588567459878689,0
2026-09-09,283198,Riddhi Vinayak Hospital Services Public Charitable Trust Blood Centre,Palghar,B-,0.09588567459878689,0
2026-09-07,283198,Riddhi Vinayak Hospital Services Public Charitable Trust Blood Centre,Palghar,O+,0.008770682325168472,0
2026-09-08,283198,Riddhi Vinayak Hospital Services Public Charitable Trust Blood Centre,Palghar,O+,0.012451337449731124,0
2026-09-09,283198,Riddhi Vinayak Hospital Services Public Charitable Trust Blood Centre,Palghar,O+,0.14815216343236545,0
2026-09-07,283198,Riddhi Vinayak Hospital Services Public Charitable Trust Blood Centre,Palghar,O-,0.09588567459878689,0
2026-09-08,283198,Riddhi Vinayak Hospital Services Public Charitable Trust Blood Centre,Palghar,O-,0.7542144173100465,1
2026-09-09,283198,Riddhi Vinayak Hospital Services Public Charitable Trust Blood Centre,Palghar,O-,0.32559708094662476,0
2026-09-07,283207,Muktai Blood Centre Of Shivpooja Bahuudeshiya Shikhan Prasarak Mandal Solapur,Pune,A+,0.0022991391054977797,0
2026-09-08,283207,Muktai Blood Centre Of Shivpooja Bahuudeshiya Shikhan Prasarak Mandal Solapur,Pune,A+,0.0037252458879842225,0
2026-09-09,283207,Muktai Blood Centre Of Shivpooja Bahuudeshiya Shikhan Prasarak Mandal Solapur,Pune,A+,0.0016710067755597783,0
2026-09-07,283207,Muktai Blood Centre Of Shivpooja Bahuudeshiya Shikhan Prasarak Mandal Solapur,Pune,A-,0.9569767387238788,1
2026-09-08,283207,Muktai Blood Centre Of Shivpooja Bahuudeshiya Shikhan Prasarak Mandal Solapur,Pune,A-,0.9569767387238788,1
2026-09-09,283207,Muktai Blood Centre Of Shivpooja Bahuudeshiya Shikhan Prasarak Mandal Solapur,Pune,A-,0.9569767387238788,1
2026-09-07,283207,Muktai Blood Centre Of Shivpooja Bahuudeshiya Shikhan Prasarak Mandal Solapur,Pune,AB+,0.02626651767943478,0
2026-09-08,283207,Muktai Blood Centre Of Shivpooja Bahuudeshiya Shikhan Prasarak Mandal Solapur,Pune,AB+,0.011556858271703033,0
2026-09-09,283207,Muktai Blood Centre Of Shivpooja Bahuudeshiya Shikhan Prasarak Mandal Solapur,Pune,AB+,0.027264904753388115,0
2026-09-07,283207,Muktai Blood Centre Of Shivpooja Bahuudeshiya Shikhan Prasarak Mandal Solapur,Pune,AB-,0.09588567459878689,0
2026-09-08,283207,Muktai Blood Centre Of Shivpooja Bahuudeshiya Shikhan Prasarak Mandal Solapur,Pune,AB-,0.09588567459878689,0
2026-09-09,283207,Muktai Blood Centre Of Shivpooja Bahuudeshiya Shikhan Prasarak Mandal Solapur,Pune,AB-,0.09588567459878689,0
2026-09-07,283207,Muktai Blood Centre Of Shivpooja Bahuudeshiya Shikhan Prasarak Mandal Solapur,Pune,B+,0.002081411434515316,0
2026-09-08,283207,Muktai Blood Centre Of Shivpooja Bahuudeshiya Shikhan Prasarak Mandal Solapur,Pune,B+,0.00626186262687923,0
2026-09-09,283207,Muktai Blood Centre Of Shivpooja Bahuudeshiya Shikhan Prasarak Mandal Solapur,Pune,B+,0.012002291113119847,0
2026-09-07,283207,Muktai Blood Centre Of Shivpooja Bahuudeshiya Shikhan Prasarak Mandal Solapur,Pune,B-,0.04708016808483685,0
2026-09-08,283207,Muktai Blood Centre Of Shivpooja Bahuudeshiya Shikhan Prasarak Mandal Solapur,Pune,B-,0.04708016808483685,0
2026-09-09,283207,Muktai Blood Centre Of Shivpooja Bahuudeshiya Shikhan Prasarak Mandal Solapur,Pune,B-,0.04708016808483685,0
2026-09-07,283207,Muktai Blood Centre Of Shivpooja Bahuudeshiya Shikhan Prasarak Mandal Solapur,Pune,O+,0.012983637903559792,0
2026-09-08,283207,Muktai Blood Centre Of Shivpooja Bahuudeshiya Shikhan Prasarak Mandal Solapur,Pune,O+,0.00189020356093118,0
2026-09-09,283207,Muktai Blood Centre Of Shivpooja Bahuudeshiya Shikhan Prasarak Mandal Solapur,Pune,O+,0.002097697492706766,0
2026-09-07,283207,Muktai Blood Centre Of Shivpooja Bahuudeshiya Shikhan Prasarak Mandal Solapur,Pune,O-,0.014087102374573161,0
2026-09-08,283207,Muktai Blood Centre Of Shivpooja Bahuudeshiya Shikhan Prasarak Mandal Solapur,Pune,O-,0.014087102374573161,0
2026-09-09,283207,Muktai Blood Centre Of Shivpooja Bahuudeshiya Shikhan Prasarak Mandal Solapur,Pune,O-,0.014087102374573161,0
2026-09-07,283208,Support Multipurpose Society Aadhar Blood Centre,Ahmadnagar,A+,0.0038758457973511106,0
2026-09-08,283208,Support Multipurpose Society Aadhar Blood Centre,Ahmadnagar,A+,0.0022991391054977797,0
2026-09-09,283208,Support Multipurpose Society Aadhar Blood Centre,Ahmadnagar,A+,0.0022991391054977797,0
2026-09-07,283208,Support Multipurpose Society Aadhar Blood Centre,Ahmadnagar,A-,0.02693490311827044,0
2026-09-08,283208,Support Multipurpose Society Aadhar Blood Centre,Ahmadnagar,A-,0.02693490311827044,0
2026-09-09,283208,Support Multipurpose Society Aadhar Blood Centre,Ahmadnagar,A-,0.02693490311827044,0
2026-09-07,283208,Support Multipurpose Society Aadhar Blood Centre,Ahmadnagar,AB+,0.0022402244540545156,0
2026-09-08,283208,Support Multipurpose Society Aadhar Blood Centre,Ahmadnagar,AB+,0.0021325293501712125,0
2026-09-09,283208,Support Multipurpose Society Aadhar Blood Centre,Ahmadnagar,AB+,0.0021325293501712125,0
2026-09-07,283208,Support Multipurpose Society Aadhar Blood Centre,Ahmadnagar,AB-,0.05202420222433954,0
2026-09-08,283208,Support Multipurpose Society Aadhar Blood Centre,Ahmadnagar,AB-,0.04708016808483685,0
2026-09-09,283208,Support Multipurpose Society Aadhar Blood Centre,Ahmadnagar,AB-,0.04708016808483685,0
2026-09-07,283208,Support Multipurpose Society Aadhar Blood Centre,Ahmadnagar,B+,0.0022991391054977797,0
2026-09-08,283208,Support Multipurpose Society Aadhar Blood Centre,Ahmadnagar,B+,0.0022991391054977797,0
2026-09-09,283208,Support Multipurpose Society Aadhar Blood Centre,Ahmadnagar,B+,0.0022991391054977797,0
2026-09-07,283208,Support Multipurpose Society Aadhar Blood Centre,Ahmadnagar,B-,0.030170888001377773,0
2026-09-08,283208,Support Multipurpose Society Aadhar Blood Centre,Ahmadnagar,B-,0.030170888001377773,0
2026-09-09,283208,Support Multipurpose Society Aadhar Blood Centre,Ahmadnagar,B-,0.030170888001377773,0
2026-09-07,283208,Support Multipurpose Society Aadhar Blood Centre,Ahmadnagar,O+,0.003396093168997379,0
2026-09-08,283208,Support Multipurpose Society Aadhar Blood Centre,Ahmadnagar,O+,0.0022991391054977797,0
2026-09-09,283208,Support Multipurpose Society Aadhar Blood Centre,Ahmadnagar,O+,0.0022991391054977797,0
2026-09-07,283208,Support Multipurpose Society Aadhar Blood Centre,Ahmadnagar,O-,0.017532942671537054,0
2026-09-08,283208,Support Multipurpose Society Aadhar Blood Centre,Ahmadnagar,O-,0.022652282591765858,0
2026-09-09,283208,Support Multipurpose Society Aadhar Blood Centre,Ahmadnagar,O-,0.022652282591765858,0
2026-09-07,283233,Kurduwadi Blood Centre,Solapur,A+,0.0022445393775564113,0
2026-09-08,283233,Kurduwadi Blood Centre,Solapur,A+,0.009099422987884893,0
2026-09-09,283233,Kurduwadi Blood Centre,Solapur,A+,0.0034520246837682267,0
2026-09-07,283233,Kurduwadi Blood Centre,Solapur,A-,0.02693490311827044,0
2026-09-08,283233,Kurduwadi Blood Centre,Solapur,A-,0.02693490311827044,0
2026-09-09,283233,Kurduwadi Blood Centre,Solapur,A-,0.02693490311827044,0
2026-09-07,283233,Kurduwadi Blood Centre,Solapur,AB+,0.006052884569951049,0
2026-09-08,283233,Kurduwadi Blood Centre,Solapur,AB+,0.022628280857787,0
2026-09-09,283233,Kurduwadi Blood Centre,Solapur,AB+,0.009894032907948883,0
2026-09-07,283233,Kurduwadi Blood Centre,Solapur,AB-,0.16311692635487893,0
2026-09-08,283233,Kurduwadi Blood Centre,Solapur,AB-,0.09588567459878689,0
2026-09-09,283233,Kurduwadi Blood Centre,Solapur,AB-,0.09588567459878689,0
2026-09-07,283233,Kurduwadi Blood Centre,Solapur,B+,0.0012081753373930854,0
2026-09-08,283233,Kurduwadi Blood Centre,Solapur,B+,0.012994862441128954,0
2026-09-09,283233,Kurduwadi Blood Centre,Solapur,B+,0.002349754007938605,0
2026-09-07,283233,Kurduwadi Blood Centre,Solapur,B-,0.02693490311827044,0
2026-09-08,283233,Kurduwadi Blood Centre,Solapur,B-,0.027568089055482303,0
2026-09-09,283233,Kurduwadi Blood Centre,Solapur,B-,0.09592721964234696,0
2026-09-07,283233,Kurduwadi Blood Centre,Solapur,O+,0.008425406870734797,0
2026-09-08,283233,Kurduwadi Blood Centre,Solapur,O+,0.005094513150265763,0
2026-09-09,283233,Kurduwadi Blood Centre,Solapur,O+,0.004681136800911677,0
2026-09-07,283233,Kurduwadi Blood Centre,Solapur,O-,0.022229048452583756,0
2026-09-08,283233,Kurduwadi Blood Centre,Solapur,O-,0.022229048452583756,0
2026-09-09,283233,Kurduwadi Blood Centre,Solapur,O-,0.022229048452583756,0
2026-09-07,283259,Sanjeevan Blood Component And Apheresis Centre,Thane,A+,0.0016488822873041206,0
2026-09-08,283259,Sanjeevan Blood Component And Apheresis Centre,Thane,A+,0.003299828300470096,0
2026-09-09,283259,Sanjeevan Blood Component And Apheresis Centre,Thane,A+,0.0023011712854675353,0
2026-09-07,283259,Sanjeevan Blood Component And Apheresis Centre,Thane,A-,0.002464765296937287,0
2026-09-08,283259,Sanjeevan Blood Component And Apheresis Centre,Thane,A-,0.0011949710128818349,0
2026-09-09,283259,Sanjeevan Blood Component And Apheresis Centre,Thane,A-,0.0021789692231545,0
2026-09-07,283259,Sanjeevan Blood Component And Apheresis Centre,Thane,AB+,0.009099422987884893,0
2026-09-08,283259,Sanjeevan Blood Component And Apheresis Centre,Thane,AB+,0.003782999936877456,0
2026-09-09,283259,Sanjeevan Blood Component And Apheresis Centre,Thane,AB+,0.007800721337917326,0
2026-09-07,283259,Sanjeevan Blood Component And Apheresis Centre,Thane,AB-,0.004407828863724718,0
2026-09-08,283259,Sanjeevan Blood Component And Apheresis Centre,Thane,AB-,0.0011957829087145444,0
2026-09-09,283259,Sanjeevan Blood Component And Apheresis Centre,Thane,AB-,0.0022991391054977797,0
2026-09-07,283259,Sanjeevan Blood Component And Apheresis Centre,Thane,B+,0.0016656454620446208,0
2026-09-08,283259,Sanjeevan Blood Component And Apheresis Centre,Thane,B+,0.0015713377579986332,0
2026-09-09,283259,Sanjeevan Blood Component And Apheresis Centre,Thane,B+,0.0021789692231545,0
2026-09-07,283259,Sanjeevan Blood Component And Apheresis Centre,Thane,B-,0.0015729955408135153,0
2026-09-08,283259,Sanjeevan Blood Component And Apheresis Centre,Thane,B-,0.0011949710128818349,0
2026-09-09,283259,Sanjeevan Blood Component And Apheresis Centre,Thane,B-,0.030094292022563154,0
2026-09-07,283259,Sanjeevan Blood Component And Apheresis Centre,Thane,O+,0.0016488822873041206,0
2026-09-08,283259,Sanjeevan Blood Component And Apheresis Centre,Thane,O+,0.0015576327665718008,0
2026-09-09,283259,Sanjeevan Blood Component And Apheresis Centre,Thane,O+,0.0023011712854675353,0
2026-09-07,283259,Sanjeevan Blood Component And Apheresis Centre,Thane,O-,0.010433960200280019,0
2026-09-08,283259,Sanjeevan Blood Component And Apheresis Centre,Thane,O-,0.011649061818406194,0
2026-09-09,283259,Sanjeevan Blood Component And Apheresis Centre,Thane,O-,0.022298314276277785,0
2026-09-07,283260,Samarpit Bahuddeshiya Sevabhavi Sanshta Tarpan Blood Centre,Pune,A+,0.0016488822873041206,0
2026-09-08,283260,Samarpit Bahuddeshiya Sevabhavi Sanshta Tarpan Blood Centre,Pune,A+,0.001561785657480558,0
2026-09-09,283260,Samarpit Bahuddeshiya Sevabhavi Sanshta Tarpan Blood Centre,Pune,A+,0.03256295007975283,0
2026-09-07,283260,Samarpit Bahuddeshiya Sevabhavi Sanshta Tarpan Blood Centre,Pune,A-,0.0050038186718143925,0
2026-09-08,283260,Samarpit Bahuddeshiya Sevabhavi Sanshta Tarpan Blood Centre,Pune,A-,0.29939796088620174,0
2026-09-09,283260,Samarpit Bahuddeshiya Sevabhavi Sanshta Tarpan Blood Centre,Pune,A-,0.0040314769569016,0
2026-09-07,283260,Samarpit Bahuddeshiya Sevabhavi Sanshta Tarpan Blood Centre,Pune,AB+,0.006281645192026606,0
2026-09-08,283260,Samarpit Bahuddeshiya Sevabhavi Sanshta Tarpan Blood Centre,Pune,AB+,0.0066426647529294275,0
2026-09-09,283260,Samarpit Bahuddeshiya Sevabhavi Sanshta Tarpan Blood Centre,Pune,AB+,0.049226561748177765,0
2026-09-07,283260,Samarpit Bahuddeshiya Sevabhavi Sanshta Tarpan Blood Centre,Pune,AB-,0.030146238907467458,0
2026-09-08,283260,Samarpit Bahuddeshiya Sevabhavi Sanshta Tarpan Blood Centre,Pune,AB-,0.04799445444121937,0
2026-09-09,283260,Samarpit Bahuddeshiya Sevabhavi Sanshta Tarpan Blood Centre,Pune,AB-,0.025599083673906342,0
2026-09-07,283260,Samarpit Bahuddeshiya Sevabhavi Sanshta Tarpan Blood Centre,Pune,B+,0.0016488822873041206,0
2026-09-08,283260,Samarpit Bahuddeshiya Sevabhavi Sanshta Tarpan Blood Centre,Pune,B+,0.001561785657480558,0
2026-09-09,283260,Samarpit Bahuddeshiya Sevabhavi Sanshta Tarpan Blood Centre,Pune,B+,0.03256295007975283,0
2026-09-07,283260,Samarpit Bahuddeshiya Sevabhavi Sanshta Tarpan Blood Centre,Pune,B-,0.3966126770493943,0
2026-09-08,283260,Samarpit Bahuddeshiya Sevabhavi Sanshta Tarpan Blood Centre,Pune,B-,0.02149281323294006,0
2026-09-09,283260,Samarpit Bahuddeshiya Sevabhavi Sanshta Tarpan Blood Centre,Pune,B-,0.26493306093370744,0
2026-09-07,283260,Samarpit Bahuddeshiya Sevabhavi Sanshta Tarpan Blood Centre,Pune,O+,0.0016488822873041206,0
2026-09-08,283260,Samarpit Bahuddeshiya Sevabhavi Sanshta Tarpan Blood Centre,Pune,O+,0.001631994911879064,0
2026-09-09,283260,Samarpit Bahuddeshiya Sevabhavi Sanshta Tarpan Blood Centre,Pune,O+,0.0195899055154714,0
2026-09-07,283260,Samarpit Bahuddeshiya Sevabhavi Sanshta Tarpan Blood Centre,Pune,O-,0.013361756044953342,0
2026-09-08,283260,Samarpit Bahuddeshiya Sevabhavi Sanshta Tarpan Blood Centre,Pune,O-,0.009024560018186465,0
2026-09-09,283260,Samarpit Bahuddeshiya Sevabhavi Sanshta Tarpan Blood Centre,Pune,O-,0.012663366211571617,0
2026-09-07,283261,The Yugantar Education Society S Nashikrao Tirpude Blood Centre,Nagpur,A+,0.001964233974065344,0
2026-09-08,283261,The Yugantar Education Society S Nashikrao Tirpude Blood Centre,Nagpur,A+,0.001964233974065344,0
2026-09-09,283261,The Yugantar Education Society S Nashikrao Tirpude Blood Centre,Nagpur,A+,0.001964233974065344,0
2026-09-07,283261,The Yugantar Education Society S Nashikrao Tirpude Blood Centre,Nagpur,A-,0.09588567459878689,0
2026-09-08,283261,The Yugantar Education Society S Nashikrao Tirpude Blood Centre,Nagpur,A-,0.09588567459878689,0
2026-09-09,283261,The Yugantar Education Society S Nashikrao Tirpude Blood Centre,Nagpur,A-,0.09588567459878689,0
2026-09-07,283261,The Yugantar Education Society S Nashikrao Tirpude Blood Centre,Nagpur,AB+,0.022229048452583756,0
2026-09-08,283261,The Yugantar Education Society S Nashikrao Tirpude Blood Centre,Nagpur,AB+,0.022229048452583756,0
2026-09-09,283261,The Yugantar Education Society S Nashikrao Tirpude Blood Centre,Nagpur,AB+,0.022229048452583756,0
2026-09-07,283261,The Yugantar Education Society S Nashikrao Tirpude Blood Centre,Nagpur,AB-,0.09588567459878689,0
2026-09-08,283261,The Yugantar Education Society S Nashikrao Tirpude Blood Centre,Nagpur,AB-,0.09588567459878689,0
2026-09-09,283261,The Yugantar Education Society S Nashikrao Tirpude Blood Centre,Nagpur,AB-,0.09588567459878689,0
2026-09-07,283261,The Yugantar Education Society S Nashikrao Tirpude Blood Centre,Nagpur,B+,0.002885565664141321,0
2026-09-08,283261,The Yugantar Education Society S Nashikrao Tirpude Blood Centre,Nagpur,B+,0.002885565664141321,0
2026-09-09,283261,The Yugantar Education Society S Nashikrao Tirpude Blood Centre,Nagpur,B+,0.002885565664141321,0
2026-09-07,283261,The Yugantar Education Society S Nashikrao Tirpude Blood Centre,Nagpur,B-,0.04708016808483685,0
2026-09-08,283261,The Yugantar Education Society S Nashikrao Tirpude Blood Centre,Nagpur,B-,0.04708016808483685,0
2026-09-09,283261,The Yugantar Education Society S Nashikrao Tirpude Blood Centre,Nagpur,B-,0.04708016808483685,0
2026-09-07,283261,The Yugantar Education Society S Nashikrao Tirpude Blood Centre,Nagpur,O+,0.013268239052090094,0
2026-09-08,283261,The Yugantar Education Society S Nashikrao Tirpude Blood Centre,Nagpur,O+,0.013268239052090094,0
2026-09-09,283261,The Yugantar Education Society S Nashikrao Tirpude Blood Centre,Nagpur,O+,0.013268239052090094,0
2026-09-07,283261,The Yugantar Education Society S Nashikrao Tirpude Blood Centre,Nagpur,O-,0.9569767387238788,1
2026-09-08,283261,The Yugantar Education Society S Nashikrao Tirpude Blood Centre,Nagpur,O-,0.9569767387238788,1
2026-09-09,283261,The Yugantar Education Society S Nashikrao Tirpude Blood Centre,Nagpur,O-,0.9569767387238788,1
2026-09-07,283264,Aurangabad Thalassemia Society Shri Satya Sai Blood Centre,Aurangabad,A+,0.006523143871550828,0
2026-09-08,283264,Aurangabad Thalassemia Society Shri Satya Sai Blood Centre,Aurangabad,A+,0.014999831096370615,0
2026-09-09,283264,Aurangabad Thalassemia Society Shri Satya Sai Blood Centre,Aurangabad,A+,0.013015057785708157,0
2026-09-07,283264,Aurangabad Thalassemia Society Shri Satya Sai Blood Centre,Aurangabad,A-,0.16210439842287436,0
2026-09-08,283264,Aurangabad Thalassemia Society Shri Satya Sai Blood Centre,Aurangabad,A-,0.6732578724904705,1
2026-09-09,283264,Aurangabad Thalassemia Society Shri Satya Sai Blood Centre,Aurangabad,A-,0.8017482753365046,1
2026-09-07,283264,Aurangabad Thalassemia Society Shri Satya Sai Blood Centre,Aurangabad,AB+,0.00531931985247357,0
2026-09-08,283264,Aurangabad Thalassemia Society Shri Satya Sai Blood Centre,Aurangabad,AB+,0.015877012616624823,0
2026-09-09,283264,Aurangabad Thalassemia Society Shri Satya Sai Blood Centre,Aurangabad,AB+,0.019207067181860025,0
2026-09-07,283264,Aurangabad Thalassemia Society Shri Satya Sai Blood Centre,Aurangabad,AB-,0.8017482753365046,1
2026-09-08,283264,Aurangabad Thalassemia Society Shri Satya Sai Blood Centre,Aurangabad,AB-,0.9569767387238788,1
2026-09-09,283264,Aurangabad Thalassemia Society Shri Satya Sai Blood Centre,Aurangabad,AB-,0.9569767387238788,1
2026-09-07,283264,Aurangabad Thalassemia Society Shri Satya Sai Blood Centre,Aurangabad,B+,0.0016710067755597783,0
2026-09-08,283264,Aurangabad Thalassemia Society Shri Satya Sai Blood Centre,Aurangabad,B+,0.001648900535990075,0
2026-09-09,283264,Aurangabad Thalassemia Society Shri Satya Sai Blood Centre,Aurangabad,B+,0.0017409769591235288,0
2026-09-07,283264,Aurangabad Thalassemia Society Shri Satya Sai Blood Centre,Aurangabad,B-,0.04708016808483685,0
2026-09-08,283264,Aurangabad Thalassemia Society Shri Satya Sai Blood Centre,Aurangabad,B-,0.04708016808483685,0
2026-09-09,283264,Aurangabad Thalassemia Society Shri Satya Sai Blood Centre,Aurangabad,B-,0.04708016808483685,0
2026-09-07,283264,Aurangabad Thalassemia Society Shri Satya Sai Blood Centre,Aurangabad,O+,0.0016710067755597783,0
2026-09-08,283264,Aurangabad Thalassemia Society Shri Satya Sai Blood Centre,Aurangabad,O+,0.0016710067755597783,0
2026-09-09,283264,Aurangabad Thalassemia Society Shri Satya Sai Blood Centre,Aurangabad,O+,0.0256730602242909,0
2026-09-07,283264,Aurangabad Thalassemia Society Shri Satya Sai Blood Centre,Aurangabad,O-,0.045072468254795155,0
2026-09-08,283264,Aurangabad Thalassemia Society Shri Satya Sai Blood Centre,Aurangabad,O-,0.05202420222433954,0
2026-09-09,283264,Aurangabad Thalassemia Society Shri Satya Sai Blood Centre,Aurangabad,O-,0.04708016808483685,0
2026-09-07,283286,Raigad Hospital Blood Centre Of Saraswati Education Society,Raigarh,A+,0.0019296236591238637,0
2026-09-08,283286,Raigad Hospital Blood Centre Of Saraswati Education Society,Raigarh,A+,0.0017409769591235288,0
2026-09-09,283286,Raigad Hospital Blood Centre Of Saraswati Education Society,Raigarh,A+,0.006588082672812841,0
2026-09-07,283286,Raigad Hospital Blood Centre Of Saraswati Education Society,Raigarh,A-,0.09588567459878689,0
2026-09-08,283286,Raigad Hospital Blood Centre Of Saraswati Education Society,Raigarh,A-,0.09588567459878689,0
2026-09-09,283286,Raigad Hospital Blood Centre Of Saraswati Education Society,Raigarh,A-,0.09588567459878689,0
2026-09-07,283286,Raigad Hospital Blood Centre Of Saraswati Education Society,Raigarh,AB+,0.06258588845286361,0
2026-09-08,283286,Raigad Hospital Blood Centre Of Saraswati Education Society,Raigarh,AB+,0.021212475862087476,0
2026-09-09,283286,Raigad Hospital Blood Centre Of Saraswati Education Society,Raigarh,AB+,0.034215836092803646,0
2026-09-07,283286,Raigad Hospital Blood Centre Of Saraswati Education Society,Raigarh,AB-,0.09588567459878689,0
2026-09-08,283286,Raigad Hospital Blood Centre Of Saraswati Education Society,Raigarh,AB-,0.09588567459878689,0
2026-09-09,283286,Raigad Hospital Blood Centre Of Saraswati Education Society,Raigarh,AB-,0.09588567459878689,0
2026-09-07,283286,Raigad Hospital Blood Centre Of Saraswati Education Society,Raigarh,B+,0.004349401156118568,0
2026-09-08,283286,Raigad Hospital Blood Centre Of Saraswati Education Society,Raigarh,B+,0.004571821696016338,0
2026-09-09,283286,Raigad Hospital Blood Centre Of Saraswati Education Society,Raigarh,B+,0.011955325883278394,0
2026-09-07,283286,Raigad Hospital Blood Centre Of Saraswati Education Society,Raigarh,B-,0.04708016808483685,0
2026-09-08,283286,Raigad Hospital Blood Centre Of Saraswati Education Society,Raigarh,B-,0.04708016808483685,0
2026-09-09,283286,Raigad Hospital Blood Centre Of Saraswati Education Society,Raigarh,B-,0.16210439842287436,0
2026-09-07,283286,Raigad Hospital Blood Centre Of Saraswati Education Society,Raigarh,O+,0.00414581542480495,0
2026-09-08,283286,Raigad Hospital Blood Centre Of Saraswati Education Society,Raigarh,O+,0.0012081753373930854,0
2026-09-09,283286,Raigad Hospital Blood Centre Of Saraswati Education Society,Raigarh,O+,0.0016710067755597783,0
2026-09-07,283286,Raigad Hospital Blood Centre Of Saraswati Education Society,Raigarh,O-,0.03170067070020004,0
2026-09-08,283286,Raigad Hospital Blood Centre Of Saraswati Education Society,Raigarh,O-,0.08808566242787208,0
2026-09-09,283286,Raigad Hospital Blood Centre Of Saraswati Education Society,Raigarh,O-,0.07938321295833754,0
2026-09-07,283287,Manikraj Bahuudeshiya Samajsevi Sanstha Shivneri Blood Centre,Pune,A+,0.15140191191207455,0
2026-09-08,283287,Manikraj Bahuudeshiya Samajsevi Sanstha Shivneri Blood Centre,Pune,A+,0.03107246967860924,0
2026-09-09,283287,Manikraj Bahuudeshiya Samajsevi Sanstha Shivneri Blood Centre,Pune,A+,0.0011957829087145444,0
2026-09-07,283287,Manikraj Bahuudeshiya Samajsevi Sanstha Shivneri Blood Centre,Pune,A-,0.22126147771706767,0
2026-09-08,283287,Manikraj Bahuudeshiya Samajsevi Sanstha Shivneri Blood Centre,Pune,A-,0.016143285966681208,0
2026-09-09,283287,Manikraj Bahuudeshiya Samajsevi Sanstha Shivneri Blood Centre,Pune,A-,0.4442855700309757,0
2026-09-07,283287,Manikraj Bahuudeshiya Samajsevi Sanstha Shivneri Blood Centre,Pune,AB+,0.20731944145160436,0
2026-09-08,283287,Manikraj Bahuudeshiya Samajsevi Sanstha Shivneri Blood Centre,Pune,AB+,0.011837266010605736,0
2026-09-09,283287,Manikraj Bahuudeshiya Samajsevi Sanstha Shivneri Blood Centre,Pune,AB+,0.0017021043444613105,0
2026-09-07,283287,Manikraj Bahuudeshiya Samajsevi Sanstha Shivneri Blood Centre,Pune,AB-,0.15495263251072106,0
2026-09-08,283287,Manikraj Bahuudeshiya Samajsevi Sanstha Shivneri Blood Centre,Pune,AB-,0.05103127857126405,0
2026-09-09,283287,Manikraj Bahuudeshiya Samajsevi Sanstha Shivneri Blood Centre,Pune,AB-,0.04915414733773612,0
2026-09-07,283287,Manikraj Bahuudeshiya Samajsevi Sanstha Shivneri Blood Centre,Pune,B+,0.15140191191207455,0
2026-09-08,283287,Manikraj Bahuudeshiya Samajsevi Sanstha Shivneri Blood Centre,Pune,B+,0.03107246967860924,0
2026-09-09,283287,Manikraj Bahuudeshiya Samajsevi Sanstha Shivneri Blood Centre,Pune,B+,0.0011957829087145444,0
2026-09-07,283287,Manikraj Bahuudeshiya Samajsevi Sanstha Shivneri Blood Centre,Pune,B-,0.544023625958184,1
2026-09-08,283287,Manikraj Bahuudeshiya Samajsevi Sanstha Shivneri Blood Centre,Pune,B-,0.0035800531385984085,0
2026-09-09,283287,Manikraj Bahuudeshiya Samajsevi Sanstha Shivneri Blood Centre,Pune,B-,0.00668607400790241,0
2026-09-07,283287,Manikraj Bahuudeshiya Samajsevi Sanstha Shivneri Blood Centre,Pune,O+,0.15140191191207455,0
2026-09-08,283287,Manikraj Bahuudeshiya Samajsevi Sanstha Shivneri Blood Centre,Pune,O+,0.03107246967860924,0
2026-09-09,283287,Manikraj Bahuudeshiya Samajsevi Sanstha Shivneri Blood Centre,Pune,O+,0.0011957829087145444,0
2026-09-07,283287,Manikraj Bahuudeshiya Samajsevi Sanstha Shivneri Blood Centre,Pune,O-,0.33765087963080803,0
2026-09-08,283287,Manikraj Bahuudeshiya Samajsevi Sanstha Shivneri Blood Centre,Pune,O-,0.437982844340525,0
2026-09-09,283287,Manikraj Bahuudeshiya Samajsevi Sanstha Shivneri Blood Centre,Pune,O-,0.007765854753019118,0
2026-09-07,283289,Mahatma Basaveshwar Blood Centre,Solapur,A+,0.10364569345882475,0
2026-09-08,283289,Mahatma Basaveshwar Blood Centre,Solapur,A+,0.09588567459878689,0
2026-09-09,283289,Mahatma Basaveshwar Blood Centre,Solapur,A+,0.09588567459878689,0
2026-09-07,283289,Mahatma Basaveshwar Blood Centre,Solapur,A-,0.02693490311827044,0
2026-09-08,283289,Mahatma Basaveshwar Blood Centre,Solapur,A-,0.02693490311827044,0
2026-09-09,283289,Mahatma Basaveshwar Blood Centre,Solapur,A-,0.02693490311827044,0
2026-09-07,283289,Mahatma Basaveshwar Blood Centre,Solapur,AB+,0.5857594138375063,1
2026-09-08,283289,Mahatma Basaveshwar Blood Centre,Solapur,AB+,0.786299925543641,1
2026-09-09,283289,Mahatma Basaveshwar Blood Centre,Solapur,AB+,0.9569767387238788,1
2026-09-07,283289,Mahatma Basaveshwar Blood Centre,Solapur,AB-,0.04708016808483685,0
2026-09-08,283289,Mahatma Basaveshwar Blood Centre,Solapur,AB-,0.04708016808483685,0
2026-09-09,283289,Mahatma Basaveshwar Blood Centre,Solapur,AB-,0.04708016808483685,0
2026-09-07,283289,Mahatma Basaveshwar Blood Centre,Solapur,B+,0.0036621471676556785,0
2026-09-08,283289,Mahatma Basaveshwar Blood Centre,Solapur,B+,0.0021325560116823897,0
2026-09-09,283289,Mahatma Basaveshwar Blood Centre,Solapur,B+,0.0021325560116823897,0
2026-09-07,283289,Mahatma Basaveshwar Blood Centre,Solapur,B-,0.030170888001377773,0
2026-09-08,283289,Mahatma Basaveshwar Blood Centre,Solapur,B-,0.045072468254795155,0
2026-09-09,283289,Mahatma Basaveshwar Blood Centre,Solapur,B-,0.05202420222433954,0
2026-09-07,283289,Mahatma Basaveshwar Blood Centre,Solapur,O+,0.7230546871564677,1
2026-09-08,283289,Mahatma Basaveshwar Blood Centre,Solapur,O+,0.9569767387238788,1
2026-09-09,283289,Mahatma Basaveshwar Blood Centre,Solapur,O+,0.9569767387238788,1
2026-09-07,283289,Mahatma Basaveshwar Blood Centre,Solapur,O-,0.04708016808483685,0
2026-09-08,283289,Mahatma Basaveshwar Blood Centre,Solapur,O-,0.04708016808483685,0
2026-09-09,283289,Mahatma Basaveshwar Blood Centre,Solapur,O-,0.04708016808483685,0
2026-09-07,283290,Jijai Blood Centre Components Laboratory And Apheresis Centre C,Nanded,A+,0.0012081753373930854,0
2026-09-08,283290,Jijai Blood Centre Components Laboratory And Apheresis Centre C,Nanded,A+,0.0032496817176788295,0
2026-09-09,283290,Jijai Blood Centre Components Laboratory And Apheresis Centre C,Nanded,A+,0.002081411434515316,0
2026-09-07,283290,Jijai Blood Centre Components Laboratory And Apheresis Centre C,Nanded,A-,0.8017482753365046,1
2026-09-08,283290,Jijai Blood Centre Components Laboratory And Apheresis Centre C,Nanded,A-,0.32268418572950647,0
2026-09-09,283290,Jijai Blood Centre Components Laboratory And Apheresis Centre C,Nanded,A-,0.14681513403309893,0
2026-09-07,283290,Jijai Blood Centre Components Laboratory And Apheresis Centre C,Nanded,AB+,0.010752131622556888,0
2026-09-08,283290,Jijai Blood Centre Components Laboratory And Apheresis Centre C,Nanded,AB+,0.004307149927412749,0
2026-09-09,283290,Jijai Blood Centre Components Laboratory And Apheresis Centre C,Nanded,AB+,0.06845931695661346,0
2026-09-07,283290,Jijai Blood Centre Components Laboratory And Apheresis Centre C,Nanded,AB-,0.9569767387238788,1
2026-09-08,283290,Jijai Blood Centre Components Laboratory And Apheresis Centre C,Nanded,AB-,0.9569767387238788,1
2026-09-09,283290,Jijai Blood Centre Components Laboratory And Apheresis Centre C,Nanded,AB-,0.9569767387238788,1
2026-09-07,283290,Jijai Blood Centre Components Laboratory And Apheresis Centre C,Nanded,B+,0.0011957829087145444,0
2026-09-08,283290,Jijai Blood Centre Components Laboratory And Apheresis Centre C,Nanded,B+,0.0012081753373930854,0
2026-09-09,283290,Jijai Blood Centre Components Laboratory And Apheresis Centre C,Nanded,B+,0.0016710067755597783,0
2026-09-07,283290,Jijai Blood Centre Components Laboratory And Apheresis Centre C,Nanded,B-,0.025965664226108902,0
2026-09-08,283290,Jijai Blood Centre Components Laboratory And Apheresis Centre C,Nanded,B-,0.03466932460927841,0
2026-09-09,283290,Jijai Blood Centre Components Laboratory And Apheresis Centre C,Nanded,B-,0.026789297498520718,0
2026-09-07,283290,Jijai Blood Centre Components Laboratory And Apheresis Centre C,Nanded,O+,0.00189020356093118,0
2026-09-08,283290,Jijai Blood Centre Components Laboratory And Apheresis Centre C,Nanded,O+,0.0014489215994458093,0
2026-09-09,283290,Jijai Blood Centre Components Laboratory And Apheresis Centre C,Nanded,O+,0.002867845943187048,0
2026-09-07,283290,Jijai Blood Centre Components Laboratory And Apheresis Centre C,Nanded,O-,0.02053657563219467,0
2026-09-08,283290,Jijai Blood Centre Components Laboratory And Apheresis Centre C,Nanded,O-,0.01794624477644004,0
2026-09-09,283290,Jijai Blood Centre Components Laboratory And Apheresis Centre C,Nanded,O-,0.01625802804544539,0
2026-09-07,283298,Ved Medical Foundation Pune Vita Blood Centre,Sangli,A+,0.0016710067755597783,0
2026-09-08,283298,Ved Medical Foundation Pune Vita Blood Centre,Sangli,A+,0.0012081753373930854,0
2026-09-09,283298,Ved Medical Foundation Pune Vita Blood Centre,Sangli,A+,0.0012081753373930854,0
2026-09-07,283298,Ved Medical Foundation Pune Vita Blood Centre,Sangli,A-,0.028831849716799477,0
2026-09-08,283298,Ved Medical Foundation Pune Vita Blood Centre,Sangli,A-,0.043268062053674804,0
2026-09-09,283298,Ved Medical Foundation Pune Vita Blood Centre,Sangli,A-,0.02736043162432607,0
2026-09-07,283298,Ved Medical Foundation Pune Vita Blood Centre,Sangli,AB+,0.15495263251072106,0
2026-09-08,283298,Ved Medical Foundation Pune Vita Blood Centre,Sangli,AB+,0.04079811486466089,0
2026-09-09,283298,Ved Medical Foundation Pune Vita Blood Centre,Sangli,AB+,0.02655735144025587,0
2026-09-07,283298,Ved Medical Foundation Pune Vita Blood Centre,Sangli,AB-,0.09588567459878689,0
2026-09-08,283298,Ved Medical Foundation Pune Vita Blood Centre,Sangli,AB-,0.05421883653906218,0
2026-09-09,283298,Ved Medical Foundation Pune Vita Blood Centre,Sangli,AB-,0.07105022241162556,0
2026-09-07,283298,Ved Medical Foundation Pune Vita Blood Centre,Sangli,B+,0.017317660452004276,0
2026-09-08,283298,Ved Medical Foundation Pune Vita Blood Centre,Sangli,B+,0.002175584578316406,0
2026-09-09,283298,Ved Medical Foundation Pune Vita Blood Centre,Sangli,B+,0.0017021043444613105,0
2026-09-07,283298,Ved Medical Foundation Pune Vita Blood Centre,Sangli,B-,0.16210439842287436,0
2026-09-08,283298,Ved Medical Foundation Pune Vita Blood Centre,Sangli,B-,0.0334079204025062,0
2026-09-09,283298,Ved Medical Foundation Pune Vita Blood Centre,Sangli,B-,0.04240082324754922,0
2026-09-07,283298,Ved Medical Foundation Pune Vita Blood Centre,Sangli,O+,0.0075912358139755285,0
2026-09-08,283298,Ved Medical Foundation Pune Vita Blood Centre,Sangli,O+,0.001192181253429029,0
2026-09-09,283298,Ved Medical Foundation Pune Vita Blood Centre,Sangli,O+,0.0012081753373930854,0
2026-09-07,283298,Ved Medical Foundation Pune Vita Blood Centre,Sangli,O-,0.030170888001377773,0
2026-09-08,283298,Ved Medical Foundation Pune Vita Blood Centre,Sangli,O-,0.030170888001377773,0
2026-09-09,283298,Ved Medical Foundation Pune Vita Blood Centre,Sangli,O-,0.030170888001377773,0
2026-09-07,283305,Surabhi Hospital Pvt.Ltd. Surabhi Blood Centre,Ahmadnagar,A+,0.002244109255145531,0
2026-09-08,283305,Surabhi Hospital Pvt.Ltd. Surabhi Blood Centre,Ahmadnagar,A+,0.0012081753373930854,0
2026-09-09,283305,Surabhi Hospital Pvt.Ltd. Surabhi Blood Centre,Ahmadnagar,A+,0.0012081753373930854,0
2026-09-07,283305,Surabhi Hospital Pvt.Ltd. Surabhi Blood Centre,Ahmadnagar,A-,0.7542144173100465,1
2026-09-08,283305,Surabhi Hospital Pvt.Ltd. Surabhi Blood Centre,Ahmadnagar,A-,0.32559708094662476,0
2026-09-09,283305,Surabhi Hospital Pvt.Ltd. Surabhi Blood Centre,Ahmadnagar,A-,0.14681513403309893,0
2026-09-07,283305,Surabhi Hospital Pvt.Ltd. Surabhi Blood Centre,Ahmadnagar,AB+,0.002312896912343908,0
2026-09-08,283305,Surabhi Hospital Pvt.Ltd. Surabhi Blood Centre,Ahmadnagar,AB+,0.0021448794670033905,0
2026-09-09,283305,Surabhi Hospital Pvt.Ltd. Surabhi Blood Centre,Ahmadnagar,AB+,0.0022418916836193124,0
2026-09-07,283305,Surabhi Hospital Pvt.Ltd. Surabhi Blood Centre,Ahmadnagar,AB-,0.9569767387238788,1
2026-09-08,283305,Surabhi Hospital Pvt.Ltd. Surabhi Blood Centre,Ahmadnagar,AB-,0.9569767387238788,1
2026-09-09,283305,Surabhi Hospital Pvt.Ltd. Surabhi Blood Centre,Ahmadnagar,AB-,0.9569767387238788,1
2026-09-07,283305,Surabhi Hospital Pvt.Ltd. Surabhi Blood Centre,Ahmadnagar,B+,0.0028517100018560374,0
2026-09-08,283305,Surabhi Hospital Pvt.Ltd. Surabhi Blood Centre,Ahmadnagar,B+,0.001342652951779423,0
2026-09-09,283305,Surabhi Hospital Pvt.Ltd. Surabhi Blood Centre,Ahmadnagar,B+,0.0023316682481831982,0
2026-09-07,283305,Surabhi Hospital Pvt.Ltd. Surabhi Blood Centre,Ahmadnagar,B-,0.9569767387238788,1
2026-09-08,283305,Surabhi Hospital Pvt.Ltd. Surabhi Blood Centre,Ahmadnagar,B-,0.9569767387238788,1
2026-09-09,283305,Surabhi Hospital Pvt.Ltd. Surabhi Blood Centre,Ahmadnagar,B-,0.9569767387238788,1
2026-09-07,283305,Surabhi Hospital Pvt.Ltd. Surabhi Blood Centre,Ahmadnagar,O+,0.0016710067755597783,0
2026-09-08,283305,Surabhi Hospital Pvt.Ltd. Surabhi Blood Centre,Ahmadnagar,O+,0.0012081753373930854,0
2026-09-09,283305,Surabhi Hospital Pvt.Ltd. Surabhi Blood Centre,Ahmadnagar,O+,0.0012081753373930854,0
2026-09-07,283305,Surabhi Hospital Pvt.Ltd. Surabhi Blood Centre,Ahmadnagar,O-,0.9569767387238788,1
2026-09-08,283305,Surabhi Hospital Pvt.Ltd. Surabhi Blood Centre,Ahmadnagar,O-,0.32268418572950647,0
2026-09-09,283305,Surabhi Hospital Pvt.Ltd. Surabhi Blood Centre,Ahmadnagar,O-,0.14681513403309893,0
2026-09-07,283306,Jalna Blood Centre Components And Apheresis Centre,Jalna,A+,0.004977941033894081,0
2026-09-08,283306,Jalna Blood Centre Components And Apheresis Centre,Jalna,A+,0.01158292687275805,0
2026-09-09,283306,Jalna Blood Centre Components And Apheresis Centre,Jalna,A+,0.007800721337917326,0
2026-09-07,283306,Jalna Blood Centre Components And Apheresis Centre,Jalna,A-,0.030146238907467458,0
2026-09-08,283306,Jalna Blood Centre Components And Apheresis Centre,Jalna,A-,0.025965664226108902,0
2026-09-09,283306,Jalna Blood Centre Components And Apheresis Centre,Jalna,A-,0.02693490311827044,0
2026-09-07,283306,Jalna Blood Centre Components And Apheresis Centre,Jalna,AB+,0.010273222922623936,0
2026-09-08,283306,Jalna Blood Centre Components And Apheresis Centre,Jalna,AB+,0.017580725555592678,0
2026-09-09,283306,Jalna Blood Centre Components And Apheresis Centre,Jalna,AB+,0.018069289437621084,0
2026-09-07,283306,Jalna Blood Centre Components And Apheresis Centre,Jalna,AB-,0.32268418572950647,0
2026-09-08,283306,Jalna Blood Centre Components And Apheresis Centre,Jalna,AB-,0.14681513403309893,0
2026-09-09,283306,Jalna Blood Centre Components And Apheresis Centre,Jalna,AB-,0.09588567459878689,0
2026-09-07,283306,Jalna Blood Centre Components And Apheresis Centre,Jalna,B+,0.001342669751310361,0
2026-09-08,283306,Jalna Blood Centre Components And Apheresis Centre,Jalna,B+,0.0036213884699585076,0
2026-09-09,283306,Jalna Blood Centre Components And Apheresis Centre,Jalna,B+,0.0021325293501712125,0
2026-09-07,283306,Jalna Blood Centre Components And Apheresis Centre,Jalna,B-,0.03286503439273383,0
2026-09-08,283306,Jalna Blood Centre Components And Apheresis Centre,Jalna,B-,0.030596913276096392,0
2026-09-09,283306,Jalna Blood Centre Components And Apheresis Centre,Jalna,B-,0.030170888001377773,0
2026-09-07,283306,Jalna Blood Centre Components And Apheresis Centre,Jalna,O+,0.001342669751310361,0
2026-09-08,283306,Jalna Blood Centre Components And Apheresis Centre,Jalna,O+,0.0036213432624075956,0
2026-09-09,283306,Jalna Blood Centre Components And Apheresis Centre,Jalna,O+,0.0023723226588842398,0
2026-09-07,283306,Jalna Blood Centre Components And Apheresis Centre,Jalna,O-,0.05411499805453901,0
2026-09-08,283306,Jalna Blood Centre Components And Apheresis Centre,Jalna,O-,0.02736043162432607,0
2026-09-09,283306,Jalna Blood Centre Components And Apheresis Centre,Jalna,O-,0.022229048452583756,0
2026-09-07,283307,Sant Jagnnath Maharaj Anjalekar Bahuuudeshiya Sansthas Sanjivani Blood Centre,Jalgaon,A+,0.01382272714245503,0
2026-09-08,283307,Sant Jagnnath Maharaj Anjalekar Bahuuudeshiya Sansthas Sanjivani Blood Centre,Jalgaon,A+,0.011915388595460995,0
2026-09-09,283307,Sant Jagnnath Maharaj Anjalekar Bahuuudeshiya Sansthas Sanjivani Blood Centre,Jalgaon,A+,0.030225981912954728,0
2026-09-07,283307,Sant Jagnnath Maharaj Anjalekar Bahuuudeshiya Sansthas Sanjivani Blood Centre,Jalgaon,A-,0.09588567459878689,0
2026-09-08,283307,Sant Jagnnath Maharaj Anjalekar Bahuuudeshiya Sansthas Sanjivani Blood Centre,Jalgaon,A-,0.09588567459878689,0
2026-09-09,283307,Sant Jagnnath Maharaj Anjalekar Bahuuudeshiya Sansthas Sanjivani Blood Centre,Jalgaon,A-,0.09588567459878689,0
2026-09-07,283307,Sant Jagnnath Maharaj Anjalekar Bahuuudeshiya Sansthas Sanjivani Blood Centre,Jalgaon,AB+,0.03588405120561639,0
2026-09-08,283307,Sant Jagnnath Maharaj Anjalekar Bahuuudeshiya Sansthas Sanjivani Blood Centre,Jalgaon,AB+,0.14112269269756184,0
2026-09-09,283307,Sant Jagnnath Maharaj Anjalekar Bahuuudeshiya Sansthas Sanjivani Blood Centre,Jalgaon,AB+,0.037100597858571845,0
2026-09-07,283307,Sant Jagnnath Maharaj Anjalekar Bahuuudeshiya Sansthas Sanjivani Blood Centre,Jalgaon,AB-,0.9569767387238788,1
2026-09-08,283307,Sant Jagnnath Maharaj Anjalekar Bahuuudeshiya Sansthas Sanjivani Blood Centre,Jalgaon,AB-,0.9569767387238788,1
2026-09-09,283307,Sant Jagnnath Maharaj Anjalekar Bahuuudeshiya Sansthas Sanjivani Blood Centre,Jalgaon,AB-,0.9569767387238788,1
2026-09-07,283307,Sant Jagnnath Maharaj Anjalekar Bahuuudeshiya Sansthas Sanjivani Blood Centre,Jalgaon,B+,0.0051099584862956595,0
2026-09-08,283307,Sant Jagnnath Maharaj Anjalekar Bahuuudeshiya Sansthas Sanjivani Blood Centre,Jalgaon,B+,0.0071587322142349285,0
2026-09-09,283307,Sant Jagnnath Maharaj Anjalekar Bahuuudeshiya Sansthas Sanjivani Blood Centre,Jalgaon,B+,0.017097570157778883,0
2026-09-07,283307,Sant Jagnnath Maharaj Anjalekar Bahuuudeshiya Sansthas Sanjivani Blood Centre,Jalgaon,B-,0.2042601534116306,0
2026-09-08,283307,Sant Jagnnath Maharaj Anjalekar Bahuuudeshiya Sansthas Sanjivani Blood Centre,Jalgaon,B-,0.1498097922182252,0
2026-09-09,283307,Sant Jagnnath Maharaj Anjalekar Bahuuudeshiya Sansthas Sanjivani Blood Centre,Jalgaon,B-,0.7542144173100465,1
2026-09-07,283307,Sant Jagnnath Maharaj Anjalekar Bahuuudeshiya Sansthas Sanjivani Blood Centre,Jalgaon,O+,0.00977877530546107,0
2026-09-08,283307,Sant Jagnnath Maharaj Anjalekar Bahuuudeshiya Sansthas Sanjivani Blood Centre,Jalgaon,O+,0.013268239052090094,0
2026-09-09,283307,Sant Jagnnath Maharaj Anjalekar Bahuuudeshiya Sansthas Sanjivani Blood Centre,Jalgaon,O+,0.006298771074269789,0
2026-09-07,283307,Sant Jagnnath Maharaj Anjalekar Bahuuudeshiya Sansthas Sanjivani Blood Centre,Jalgaon,O-,0.030170888001377773,0
2026-09-08,283307,Sant Jagnnath Maharaj Anjalekar Bahuuudeshiya Sansthas Sanjivani Blood Centre,Jalgaon,O-,0.030170888001377773,0
2026-09-09,283307,Sant Jagnnath Maharaj Anjalekar Bahuuudeshiya Sansthas Sanjivani Blood Centre,Jalgaon,O-,0.030170888001377773,0
2026-09-07,283310,Renuka Blood Centre Component And Apheresis Centre,Osmanabad,A+,0.0143349281321633,0
2026-09-08,283310,Renuka Blood Centre Component And Apheresis Centre,Osmanabad,A+,0.0014767281938594303,0
2026-09-09,283310,Renuka Blood Centre Component And Apheresis Centre,Osmanabad,A+,0.0011957829087145444,0
2026-09-07,283310,Renuka Blood Centre Component And Apheresis Centre,Osmanabad,A-,0.04031128327985595,0
2026-09-08,283310,Renuka Blood Centre Component And Apheresis Centre,Osmanabad,A-,0.08873467854610317,0
2026-09-09,283310,Renuka Blood Centre Component And Apheresis Centre,Osmanabad,A-,0.017456327037186515,0
2026-09-07,283310,Renuka Blood Centre Component And Apheresis Centre,Osmanabad,AB+,0.001648972334904832,0
2026-09-08,283310,Renuka Blood Centre Component And Apheresis Centre,Osmanabad,AB+,0.0012081753373930854,0
2026-09-09,283310,Renuka Blood Centre Component And Apheresis Centre,Osmanabad,AB+,0.0012081753373930854,0
2026-09-07,283310,Renuka Blood Centre Component And Apheresis Centre,Osmanabad,AB-,0.09588567459878689,0
2026-09-08,283310,Renuka Blood Centre Component And Apheresis Centre,Osmanabad,AB-,0.09588567459878689,0
2026-09-09,283310,Renuka Blood Centre Component And Apheresis Centre,Osmanabad,AB-,0.09588567459878689,0
2026-09-07,283310,Renuka Blood Centre Component And Apheresis Centre,Osmanabad,B+,0.001207484503005813,0
2026-09-08,283310,Renuka Blood Centre Component And Apheresis Centre,Osmanabad,B+,0.0011957829087145444,0
2026-09-09,283310,Renuka Blood Centre Component And Apheresis Centre,Osmanabad,B+,0.0011957829087145444,0
2026-09-07,283310,Renuka Blood Centre Component And Apheresis Centre,Osmanabad,B-,0.14681513403309893,0
2026-09-08,283310,Renuka Blood Centre Component And Apheresis Centre,Osmanabad,B-,0.057347578586959165,0
2026-09-09,283310,Renuka Blood Centre Component And Apheresis Centre,Osmanabad,B-,0.04267073846196896,0
2026-09-07,283310,Renuka Blood Centre Component And Apheresis Centre,Osmanabad,O+,0.001539058499830292,0
2026-09-08,283310,Renuka Blood Centre Component And Apheresis Centre,Osmanabad,O+,0.0011957829087145444,0
2026-09-09,283310,Renuka Blood Centre Component And Apheresis Centre,Osmanabad,O+,0.0011957829087145444,0
2026-09-07,283310,Renuka Blood Centre Component And Apheresis Centre,Osmanabad,O-,0.14681513403309893,0
2026-09-08,283310,Renuka Blood Centre Component And Apheresis Centre,Osmanabad,O-,0.03299038497239942,0
2026-09-09,283310,Renuka Blood Centre Component And Apheresis Centre,Osmanabad,O-,0.02795046286091692,0
2026-09-07,283339,Ahmednagar Blood Centre,Ahmadnagar,A+,0.007800721337917326,0
2026-09-08,283339,Ahmednagar Blood Centre,Ahmadnagar,A+,0.007800721337917326,0
2026-09-09,283339,Ahmednagar Blood Centre,Ahmadnagar,A+,0.007800721337917326,0
2026-09-07,283339,Ahmednagar Blood Centre,Ahmadnagar,A-,0.022229048452583756,0
2026-09-08,283339,Ahmednagar Blood Centre,Ahmadnagar,A-,0.022229048452583756,0
2026-09-09,283339,Ahmednagar Blood Centre,Ahmadnagar,A-,0.022229048452583756,0
2026-09-07,283339,Ahmednagar Blood Centre,Ahmadnagar,AB+,0.04708016808483685,0
2026-09-08,283339,Ahmednagar Blood Centre,Ahmadnagar,AB+,0.04708016808483685,0
2026-09-09,283339,Ahmednagar Blood Centre,Ahmadnagar,AB+,0.04708016808483685,0
2026-09-07,283339,Ahmednagar Blood Centre,Ahmadnagar,AB-,0.9569767387238788,1
2026-09-08,283339,Ahmednagar Blood Centre,Ahmadnagar,AB-,0.9569767387238788,1
2026-09-09,283339,Ahmednagar Blood Centre,Ahmadnagar,AB-,0.9569767387238788,1
2026-09-07,283339,Ahmednagar Blood Centre,Ahmadnagar,B+,0.022652282591765858,0
2026-09-08,283339,Ahmednagar Blood Centre,Ahmadnagar,B+,0.022652282591765858,0
2026-09-09,283339,Ahmednagar Blood Centre,Ahmadnagar,B+,0.022652282591765858,0
2026-09-07,283339,Ahmednagar Blood Centre,Ahmadnagar,B-,0.9569767387238788,1
2026-09-08,283339,Ahmednagar Blood Centre,Ahmadnagar,B-,0.9569767387238788,1
2026-09-09,283339,Ahmednagar Blood Centre,Ahmadnagar,B-,0.9569767387238788,1
2026-09-07,283339,Ahmednagar Blood Centre,Ahmadnagar,O+,0.02693490311827044,0
2026-09-08,283339,Ahmednagar Blood Centre,Ahmadnagar,O+,0.02693490311827044,0
2026-09-09,283339,Ahmednagar Blood Centre,Ahmadnagar,O+,0.02693490311827044,0
2026-09-07,283339,Ahmednagar Blood Centre,Ahmadnagar,O-,0.9569767387238788,1
2026-09-08,283339,Ahmednagar Blood Centre,Ahmadnagar,O-,0.9569767387238788,1
2026-09-09,283339,Ahmednagar Blood Centre,Ahmadnagar,O-,0.9569767387238788,1
2026-09-07,283459,"Azad Panchi Groups Sanchalit, Janseva Blood Centre, Hinjewadi Phase-1, Pune",Pune,A+,0.0049567021558786836,0
2026-09-08,283459,"Azad Panchi Groups Sanchalit, Janseva Blood Centre, Hinjewadi Phase-1, Pune",Pune,A+,0.004741474055057642,0
2026-09-09,283459,"Azad Panchi Groups Sanchalit, Janseva Blood Centre, Hinjewadi Phase-1, Pune",Pune,A+,0.007540423960795672,0
2026-09-07,283459,"Azad Panchi Groups Sanchalit, Janseva Blood Centre, Hinjewadi Phase-1, Pune",Pune,A-,0.15869799194769443,0
2026-09-08,283459,"Azad Panchi Groups Sanchalit, Janseva Blood Centre, Hinjewadi Phase-1, Pune",Pune,A-,0.1498097922182252,0
2026-09-09,283459,"Azad Panchi Groups Sanchalit, Janseva Blood Centre, Hinjewadi Phase-1, Pune",Pune,A-,0.05421883653906218,0
2026-09-07,283459,"Azad Panchi Groups Sanchalit, Janseva Blood Centre, Hinjewadi Phase-1, Pune",Pune,AB+,0.005094513150265763,0
2026-09-08,283459,"Azad Panchi Groups Sanchalit, Janseva Blood Centre, Hinjewadi Phase-1, Pune",Pune,AB+,0.004705008794405569,0
2026-09-09,283459,"Azad Panchi Groups Sanchalit, Janseva Blood Centre, Hinjewadi Phase-1, Pune",Pune,AB+,0.007590742650958709,0
2026-09-07,283459,"Azad Panchi Groups Sanchalit, Janseva Blood Centre, Hinjewadi Phase-1, Pune",Pune,AB-,0.09588567459878689,0
2026-09-08,283459,"Azad Panchi Groups Sanchalit, Janseva Blood Centre, Hinjewadi Phase-1, Pune",Pune,AB-,0.05421883653906218,0
2026-09-09,283459,"Azad Panchi Groups Sanchalit, Janseva Blood Centre, Hinjewadi Phase-1, Pune",Pune,AB-,0.07105022241162556,0
2026-09-07,283459,"Azad Panchi Groups Sanchalit, Janseva Blood Centre, Hinjewadi Phase-1, Pune",Pune,B+,0.018254971795390696,0
2026-09-08,283459,"Azad Panchi Groups Sanchalit, Janseva Blood Centre, Hinjewadi Phase-1, Pune",Pune,B+,0.002289805421365793,0
2026-09-09,283459,"Azad Panchi Groups Sanchalit, Janseva Blood Centre, Hinjewadi Phase-1, Pune",Pune,B+,0.0019538057448795867,0
2026-09-07,283459,"Azad Panchi Groups Sanchalit, Janseva Blood Centre, Hinjewadi Phase-1, Pune",Pune,B-,0.09588567459878689,0
2026-09-08,283459,"Azad Panchi Groups Sanchalit, Janseva Blood Centre, Hinjewadi Phase-1, Pune",Pune,B-,0.05421883653906218,0
2026-09-09,283459,"Azad Panchi Groups Sanchalit, Janseva Blood Centre, Hinjewadi Phase-1, Pune",Pune,B-,0.07105022241162556,0
2026-09-07,283459,"Azad Panchi Groups Sanchalit, Janseva Blood Centre, Hinjewadi Phase-1, Pune",Pune,O+,0.001991471903952442,0
2026-09-08,283459,"Azad Panchi Groups Sanchalit, Janseva Blood Centre, Hinjewadi Phase-1, Pune",Pune,O+,0.0013385835926315302,0
2026-09-09,283459,"Azad Panchi Groups Sanchalit, Janseva Blood Centre, Hinjewadi Phase-1, Pune",Pune,O+,0.0017409769591235288,0
2026-09-07,283459,"Azad Panchi Groups Sanchalit, Janseva Blood Centre, Hinjewadi Phase-1, Pune",Pune,O-,0.03732858522482786,0
2026-09-08,283459,"Azad Panchi Groups Sanchalit, Janseva Blood Centre, Hinjewadi Phase-1, Pune",Pune,O-,0.06291039808567736,0
2026-09-09,283459,"Azad Panchi Groups Sanchalit, Janseva Blood Centre, Hinjewadi Phase-1, Pune",Pune,O-,0.027568089055482303,0
2026-09-07,283609,Aiims Nagpur Blood Center,Nagpur,A+,0.008935262846787258,0
2026-09-08,283609,Aiims Nagpur Blood Center,Nagpur,A+,0.007053554798382131,0
2026-09-09,283609,Aiims Nagpur Blood Center,Nagpur,A+,0.004705008794405569,0
2026-09-07,283609,Aiims Nagpur Blood Center,Nagpur,A-,0.04708016808483685,0
2026-09-08,283609,Aiims Nagpur Blood Center,Nagpur,A-,0.04708016808483685,0
2026-09-09,283609,Aiims Nagpur Blood Center,Nagpur,A-,0.04708016808483685,0
2026-09-07,283609,Aiims Nagpur Blood Center,Nagpur,AB+,0.02095403784317652,0
2026-09-08,283609,Aiims Nagpur Blood Center,Nagpur,AB+,0.0401876894046946,0
2026-09-09,283609,Aiims Nagpur Blood Center,Nagpur,AB+,0.02176796093898615,0
2026-09-07,283609,Aiims Nagpur Blood Center,Nagpur,AB-,0.9569767387238788,1
2026-09-08,283609,Aiims Nagpur Blood Center,Nagpur,AB-,0.9569767387238788,1
2026-09-09,283609,Aiims Nagpur Blood Center,Nagpur,AB-,0.32268418572950647,0
2026-09-07,283609,Aiims Nagpur Blood Center,Nagpur,B+,0.0017409769591235288,0
2026-09-08,283609,Aiims Nagpur Blood Center,Nagpur,B+,0.0017795665051483004,0
2026-09-09,283609,Aiims Nagpur Blood Center,Nagpur,B+,0.001342669751310361,0
2026-09-07,283609,Aiims Nagpur Blood Center,Nagpur,B-,0.011696373804155577,0
2026-09-08,283609,Aiims Nagpur Blood Center,Nagpur,B-,0.011619101879072087,0
2026-09-09,283609,Aiims Nagpur Blood Center,Nagpur,B-,0.011709864981857434,0
2026-09-07,283609,Aiims Nagpur Blood Center,Nagpur,O+,0.0016710067755597783,0
2026-09-08,283609,Aiims Nagpur Blood Center,Nagpur,O+,0.0021953399392746586,0
2026-09-09,283609,Aiims Nagpur Blood Center,Nagpur,O+,0.001342652951779423,0
2026-09-07,283609,Aiims Nagpur Blood Center,Nagpur,O-,0.04708016808483685,0
2026-09-08,283609,Aiims Nagpur Blood Center,Nagpur,O-,0.07952176880157198,0
2026-09-09,283609,Aiims Nagpur Blood Center,Nagpur,O-,0.02975870255163687,0
2026-09-07,283795,Autus Blood Centre,Pune,A+,0.007800721337917326,0
2026-09-08,283795,Autus Blood Centre,Pune,A+,0.007800721337917326,0
2026-09-09,283795,Autus Blood Centre,Pune,A+,0.2842630855638673,0
2026-09-07,283795,Autus Blood Centre,Pune,A-,0.02693490311827044,0
2026-09-08,283795,Autus Blood Centre,Pune,A-,0.02693490311827044,0
2026-09-09,283795,Autus Blood Centre,Pune,A-,0.25630335146839917,0
2026-09-07,283795,Autus Blood Centre,Pune,AB+,0.022229048452583756,0
2026-09-08,283795,Autus Blood Centre,Pune,AB+,0.022229048452583756,0
2026-09-09,283795,Autus Blood Centre,Pune,AB+,0.2246574848471846,0
2026-09-07,283795,Autus Blood Centre,Pune,AB-,0.04708016808483685,0
2026-09-08,283795,Autus Blood Centre,Pune,AB-,0.04708016808483685,0
2026-09-09,283795,Autus Blood Centre,Pune,AB-,0.5857594138375063,1
2026-09-07,283795,Autus Blood Centre,Pune,B+,0.00589243011093701,0
2026-09-08,283795,Autus Blood Centre,Pune,B+,0.00589243011093701,0
2026-09-09,283795,Autus Blood Centre,Pune,B+,0.2842630855638673,0
2026-09-07,283795,Autus Blood Centre,Pune,B-,0.030170888001377773,0
2026-09-08,283795,Autus Blood Centre,Pune,B-,0.030170888001377773,0
2026-09-09,283795,Autus Blood Centre,Pune,B-,0.35436282402880315,0
2026-09-07,283795,Autus Blood Centre,Pune,O+,0.0018083016729429655,0
2026-09-08,283795,Autus Blood Centre,Pune,O+,0.0018083016729429655,0
2026-09-09,283795,Autus Blood Centre,Pune,O+,0.25014893703693375,0
2026-09-07,283795,Autus Blood Centre,Pune,O-,0.030170888001377773,0
2026-09-08,283795,Autus Blood Centre,Pune,O-,0.030170888001377773,0
2026-09-09,283795,Autus Blood Centre,Pune,O-,0.35436282402880315,0
2026-09-07,283840,"Radhai Blood Centre, Components Laboratory And Apheresis Centre, Udgir, Dist.  Latur",Latur,A+,0.0012025850391115356,0
2026-09-08,283840,"Radhai Blood Centre, Components Laboratory And Apheresis Centre, Udgir, Dist.  Latur",Latur,A+,0.0012025850391115356,0
2026-09-09,283840,"Radhai Blood Centre, Components Laboratory And Apheresis Centre, Udgir, Dist.  Latur",Latur,A+,0.0012025850391115356,0
2026-09-07,283840,"Radhai Blood Centre, Components Laboratory And Apheresis Centre, Udgir, Dist.  Latur",Latur,A-,0.030094292022563154,0
2026-09-08,283840,"Radhai Blood Centre, Components Laboratory And Apheresis Centre, Udgir, Dist.  Latur",Latur,A-,0.030094292022563154,0
2026-09-09,283840,"Radhai Blood Centre, Components Laboratory And Apheresis Centre, Udgir, Dist.  Latur",Latur,A-,0.03051302901860962,0
2026-09-07,283840,"Radhai Blood Centre, Components Laboratory And Apheresis Centre, Udgir, Dist.  Latur",Latur,AB+,0.0011957829087145444,0
2026-09-08,283840,"Radhai Blood Centre, Components Laboratory And Apheresis Centre, Udgir, Dist.  Latur",Latur,AB+,0.0011957829087145444,0
2026-09-09,283840,"Radhai Blood Centre, Components Laboratory And Apheresis Centre, Udgir, Dist.  Latur",Latur,AB+,0.0011949710128818349,0
2026-09-07,283840,"Radhai Blood Centre, Components Laboratory And Apheresis Centre, Udgir, Dist.  Latur",Latur,AB-,0.00326628472654261,0
2026-09-08,283840,"Radhai Blood Centre, Components Laboratory And Apheresis Centre, Udgir, Dist.  Latur",Latur,AB-,0.00326628472654261,0
2026-09-09,283840,"Radhai Blood Centre, Components Laboratory And Apheresis Centre, Udgir, Dist.  Latur",Latur,AB-,0.00326628472654261,0
2026-09-07,283840,"Radhai Blood Centre, Components Laboratory And Apheresis Centre, Udgir, Dist.  Latur",Latur,B+,0.0012025850391115356,0
2026-09-08,283840,"Radhai Blood Centre, Components Laboratory And Apheresis Centre, Udgir, Dist.  Latur",Latur,B+,0.0012025850391115356,0
2026-09-09,283840,"Radhai Blood Centre, Components Laboratory And Apheresis Centre, Udgir, Dist.  Latur",Latur,B+,0.0012025850391115356,0
2026-09-07,283840,"Radhai Blood Centre, Components Laboratory And Apheresis Centre, Udgir, Dist.  Latur",Latur,B-,0.0014471106705208254,0
2026-09-08,283840,"Radhai Blood Centre, Components Laboratory And Apheresis Centre, Udgir, Dist.  Latur",Latur,B-,0.0014471106705208254,0
2026-09-09,283840,"Radhai Blood Centre, Components Laboratory And Apheresis Centre, Udgir, Dist.  Latur",Latur,B-,0.0014471106705208254,0
2026-09-07,283840,"Radhai Blood Centre, Components Laboratory And Apheresis Centre, Udgir, Dist.  Latur",Latur,O+,0.0012025850391115356,0
2026-09-08,283840,"Radhai Blood Centre, Components Laboratory And Apheresis Centre, Udgir, Dist.  Latur",Latur,O+,0.0012025850391115356,0
2026-09-09,283840,"Radhai Blood Centre, Components Laboratory And Apheresis Centre, Udgir, Dist.  Latur",Latur,O+,0.0012025850391115356,0
2026-09-07,283840,"Radhai Blood Centre, Components Laboratory And Apheresis Centre, Udgir, Dist.  Latur",Latur,O-,0.00326628472654261,0
2026-09-08,283840,"Radhai Blood Centre, Components Laboratory And Apheresis Centre, Udgir, Dist.  Latur",Latur,O-,0.002311605534010575,0
2026-09-09,283840,"Radhai Blood Centre, Components Laboratory And Apheresis Centre, Udgir, Dist.  Latur",Latur,O-,0.002311605534010575,0
2026-09-07,284014,"Shri Kamala Bhavani Blood Centre, Karmala",Solapur,A+,0.002349754007938605,0
2026-09-08,284014,"Shri Kamala Bhavani Blood Centre, Karmala",Solapur,A+,0.0021448794670033905,0
2026-09-09,284014,"Shri Kamala Bhavani Blood Centre, Karmala",Solapur,A+,0.0012081753373930854,0
2026-09-07,284014,"Shri Kamala Bhavani Blood Centre, Karmala",Solapur,A-,0.020964822879085184,0
2026-09-08,284014,"Shri Kamala Bhavani Blood Centre, Karmala",Solapur,A-,0.015816975002225914,0
2026-09-09,284014,"Shri Kamala Bhavani Blood Centre, Karmala",Solapur,A-,0.015816975002225914,0
2026-09-07,284014,"Shri Kamala Bhavani Blood Centre, Karmala",Solapur,AB+,0.0016488822873041206,0
2026-09-08,284014,"Shri Kamala Bhavani Blood Centre, Karmala",Solapur,AB+,0.0015737692971105907,0
2026-09-09,284014,"Shri Kamala Bhavani Blood Centre, Karmala",Solapur,AB+,0.001479420270781203,0
2026-09-07,284014,"Shri Kamala Bhavani Blood Centre, Karmala",Solapur,AB-,0.08399244096547208,0
2026-09-08,284014,"Shri Kamala Bhavani Blood Centre, Karmala",Solapur,AB-,0.10570652957947822,0
2026-09-09,284014,"Shri Kamala Bhavani Blood Centre, Karmala",Solapur,AB-,0.03286503439273383,0
2026-09-07,284014,"Shri Kamala Bhavani Blood Centre, Karmala",Solapur,B+,0.0023477024961107147,0
2026-09-08,284014,"Shri Kamala Bhavani Blood Centre, Karmala",Solapur,B+,0.0024214412739079895,0
2026-09-09,284014,"Shri Kamala Bhavani Blood Centre, Karmala",Solapur,B+,0.0014489215994458093,0
2026-09-07,284014,"Shri Kamala Bhavani Blood Centre, Karmala",Solapur,B-,0.025965664226108902,0
2026-09-08,284014,"Shri Kamala Bhavani Blood Centre, Karmala",Solapur,B-,0.02693490311827044,0
2026-09-09,284014,"Shri Kamala Bhavani Blood Centre, Karmala",Solapur,B-,0.03170067070020004,0
2026-09-07,284014,"Shri Kamala Bhavani Blood Centre, Karmala",Solapur,O+,0.0028119955072216946,0
2026-09-08,284014,"Shri Kamala Bhavani Blood Centre, Karmala",Solapur,O+,0.001479420270781203,0
2026-09-09,284014,"Shri Kamala Bhavani Blood Centre, Karmala",Solapur,O+,0.0012081753373930854,0
2026-09-07,284014,"Shri Kamala Bhavani Blood Centre, Karmala",Solapur,O-,0.017326246650539934,0
2026-09-08,284014,"Shri Kamala Bhavani Blood Centre, Karmala",Solapur,O-,0.020562505324546617,0
2026-09-09,284014,"Shri Kamala Bhavani Blood Centre, Karmala",Solapur,O-,0.022652282591765858,0
2026-09-07,284015,Aai Bahuuddeshiya Sevabhavi Sanstha Shourya Blood Centre Yavatmal,Yavatmal,A+,0.003969174353224108,0
2026-09-08,284015,Aai Bahuuddeshiya Sevabhavi Sanstha Shourya Blood Centre Yavatmal,Yavatmal,A+,0.0016710067755597783,0
2026-09-09,284015,Aai Bahuuddeshiya Sevabhavi Sanstha Shourya Blood Centre Yavatmal,Yavatmal,A+,0.0015737692971105907,0
2026-09-07,284015,Aai Bahuuddeshiya Sevabhavi Sanstha Shourya Blood Centre Yavatmal,Yavatmal,A-,0.16311692635487893,0
2026-09-08,284015,Aai Bahuuddeshiya Sevabhavi Sanstha Shourya Blood Centre Yavatmal,Yavatmal,A-,0.09588567459878689,0
2026-09-09,284015,Aai Bahuuddeshiya Sevabhavi Sanstha Shourya Blood Centre Yavatmal,Yavatmal,A-,0.09588567459878689,0
2026-09-07,284015,Aai Bahuuddeshiya Sevabhavi Sanstha Shourya Blood Centre Yavatmal,Yavatmal,AB+,0.01299553640045768,0
2026-09-08,284015,Aai Bahuuddeshiya Sevabhavi Sanstha Shourya Blood Centre Yavatmal,Yavatmal,AB+,0.002349877188887473,0
2026-09-09,284015,Aai Bahuuddeshiya Sevabhavi Sanstha Shourya Blood Centre Yavatmal,Yavatmal,AB+,0.002283048520572994,0
2026-09-07,284015,Aai Bahuuddeshiya Sevabhavi Sanstha Shourya Blood Centre Yavatmal,Yavatmal,AB-,0.7542144173100465,1
2026-09-08,284015,Aai Bahuuddeshiya Sevabhavi Sanstha Shourya Blood Centre Yavatmal,Yavatmal,AB-,0.8017482753365046,1
2026-09-09,284015,Aai Bahuuddeshiya Sevabhavi Sanstha Shourya Blood Centre Yavatmal,Yavatmal,AB-,0.9569767387238788,1
2026-09-07,284015,Aai Bahuuddeshiya Sevabhavi Sanstha Shourya Blood Centre Yavatmal,Yavatmal,B+,0.00189020356093118,0
2026-09-08,284015,Aai Bahuuddeshiya Sevabhavi Sanstha Shourya Blood Centre Yavatmal,Yavatmal,B+,0.0016710067755597783,0
2026-09-09,284015,Aai Bahuuddeshiya Sevabhavi Sanstha Shourya Blood Centre Yavatmal,Yavatmal,B+,0.0015713377579986332,0
2026-09-07,284015,Aai Bahuuddeshiya Sevabhavi Sanstha Shourya Blood Centre Yavatmal,Yavatmal,B-,0.022229048452583756,0
2026-09-08,284015,Aai Bahuuddeshiya Sevabhavi Sanstha Shourya Blood Centre Yavatmal,Yavatmal,B-,0.022229048452583756,0
2026-09-09,284015,Aai Bahuuddeshiya Sevabhavi Sanstha Shourya Blood Centre Yavatmal,Yavatmal,B-,0.022229048452583756,0
2026-09-07,284015,Aai Bahuuddeshiya Sevabhavi Sanstha Shourya Blood Centre Yavatmal,Yavatmal,O+,0.0016710067755597783,0
2026-09-08,284015,Aai Bahuuddeshiya Sevabhavi Sanstha Shourya Blood Centre Yavatmal,Yavatmal,O+,0.0016710067755597783,0
2026-09-09,284015,Aai Bahuuddeshiya Sevabhavi Sanstha Shourya Blood Centre Yavatmal,Yavatmal,O+,0.0064656154854415785,0
2026-09-07,284015,Aai Bahuuddeshiya Sevabhavi Sanstha Shourya Blood Centre Yavatmal,Yavatmal,O-,0.020562505324546617,0
2026-09-08,284015,Aai Bahuuddeshiya Sevabhavi Sanstha Shourya Blood Centre Yavatmal,Yavatmal,O-,0.022771100580525894,0
2026-09-09,284015,Aai Bahuuddeshiya Sevabhavi Sanstha Shourya Blood Centre Yavatmal,Yavatmal,O-,0.022229048452583756,0
2026-09-07,284016,"Dr. R.N.Cooper Hospital Blood Centre Vile Parle (W) Mumbai,",Mumbai,A+,0.001670688725475448,0
2026-09-08,284016,"Dr. R.N.Cooper Hospital Blood Centre Vile Parle (W) Mumbai,",Mumbai,A+,0.0018898937427603148,0
2026-09-09,284016,"Dr. R.N.Cooper Hospital Blood Centre Vile Parle (W) Mumbai,",Mumbai,A+,0.001821646173620415,0
2026-09-07,284016,"Dr. R.N.Cooper Hospital Blood Centre Vile Parle (W) Mumbai,",Mumbai,A-,0.02326229355367797,0
2026-09-08,284016,"Dr. R.N.Cooper Hospital Blood Centre Vile Parle (W) Mumbai,",Mumbai,A-,0.011911110153229664,0
2026-09-09,284016,"Dr. R.N.Cooper Hospital Blood Centre Vile Parle (W) Mumbai,",Mumbai,A-,0.011210092366273582,0
2026-09-07,284016,"Dr. R.N.Cooper Hospital Blood Centre Vile Parle (W) Mumbai,",Mumbai,AB+,0.003840887969189521,0
2026-09-08,284016,"Dr. R.N.Cooper Hospital Blood Centre Vile Parle (W) Mumbai,",Mumbai,AB+,0.00214741283524015,0
2026-09-09,284016,"Dr. R.N.Cooper Hospital Blood Centre Vile Parle (W) Mumbai,",Mumbai,AB+,0.0035282127263083786,0
2026-09-07,284016,"Dr. R.N.Cooper Hospital Blood Centre Vile Parle (W) Mumbai,",Mumbai,AB-,0.025965664226108902,0
2026-09-08,284016,"Dr. R.N.Cooper Hospital Blood Centre Vile Parle (W) Mumbai,",Mumbai,AB-,0.02693490311827044,0
2026-09-09,284016,"Dr. R.N.Cooper Hospital Blood Centre Vile Parle (W) Mumbai,",Mumbai,AB-,0.02693490311827044,0
2026-09-07,284016,"Dr. R.N.Cooper Hospital Blood Centre Vile Parle (W) Mumbai,",Mumbai,B+,0.0016710067755597783,0
2026-09-08,284016,"Dr. R.N.Cooper Hospital Blood Centre Vile Parle (W) Mumbai,",Mumbai,B+,0.0015810887771964472,0
2026-09-09,284016,"Dr. R.N.Cooper Hospital Blood Centre Vile Parle (W) Mumbai,",Mumbai,B+,0.011095952828432279,0
2026-09-07,284016,"Dr. R.N.Cooper Hospital Blood Centre Vile Parle (W) Mumbai,",Mumbai,B-,0.06334854699762706,0
2026-09-08,284016,"Dr. R.N.Cooper Hospital Blood Centre Vile Parle (W) Mumbai,",Mumbai,B-,0.015186839396326183,0
2026-09-09,284016,"Dr. R.N.Cooper Hospital Blood Centre Vile Parle (W) Mumbai,",Mumbai,B-,0.017580725555592678,0
2026-09-07,284016,"Dr. R.N.Cooper Hospital Blood Centre Vile Parle (W) Mumbai,",Mumbai,O+,0.001670688725475448,0
2026-09-08,284016,"Dr. R.N.Cooper Hospital Blood Centre Vile Parle (W) Mumbai,",Mumbai,O+,0.0012081753373930854,0
2026-09-09,284016,"Dr. R.N.Cooper Hospital Blood Centre Vile Parle (W) Mumbai,",Mumbai,O+,0.0012081753373930854,0
2026-09-07,284016,"Dr. R.N.Cooper Hospital Blood Centre Vile Parle (W) Mumbai,",Mumbai,O-,0.011649061818406194,0
2026-09-08,284016,"Dr. R.N.Cooper Hospital Blood Centre Vile Parle (W) Mumbai,",Mumbai,O-,0.005247522308481812,0
2026-09-09,284016,"Dr. R.N.Cooper Hospital Blood Centre Vile Parle (W) Mumbai,",Mumbai,O-,0.006321330115933921,0
2026-09-07,284084,"Washim Blood Centre (Trust), Washim Managed By Ocean Bahuuddeshiya Sanstha,  Pusad, Dist. Yavtmal",Washim,A+,0.0034619659921872234,0
2026-09-08,284084,"Washim Blood Centre (Trust), Washim Managed By Ocean Bahuuddeshiya Sanstha,  Pusad, Dist. Yavtmal",Washim,A+,0.0038049773866278337,0
2026-09-09,284084,"Washim Blood Centre (Trust), Washim Managed By Ocean Bahuuddeshiya Sanstha,  Pusad, Dist. Yavtmal",Washim,A+,0.0038113217674846296,0
2026-09-07,284084,"Washim Blood Centre (Trust), Washim Managed By Ocean Bahuuddeshiya Sanstha,  Pusad, Dist. Yavtmal",Washim,A-,0.030170888001377773,0
2026-09-08,284084,"Washim Blood Centre (Trust), Washim Managed By Ocean Bahuuddeshiya Sanstha,  Pusad, Dist. Yavtmal",Washim,A-,0.030170888001377773,0
2026-09-09,284084,"Washim Blood Centre (Trust), Washim Managed By Ocean Bahuuddeshiya Sanstha,  Pusad, Dist. Yavtmal",Washim,A-,0.030170888001377773,0
2026-09-07,284084,"Washim Blood Centre (Trust), Washim Managed By Ocean Bahuuddeshiya Sanstha,  Pusad, Dist. Yavtmal",Washim,AB+,0.0021325560116823897,0
2026-09-08,284084,"Washim Blood Centre (Trust), Washim Managed By Ocean Bahuuddeshiya Sanstha,  Pusad, Dist. Yavtmal",Washim,AB+,0.0021325560116823897,0
2026-09-09,284084,"Washim Blood Centre (Trust), Washim Managed By Ocean Bahuuddeshiya Sanstha,  Pusad, Dist. Yavtmal",Washim,AB+,0.0021325560116823897,0
2026-09-07,284084,"Washim Blood Centre (Trust), Washim Managed By Ocean Bahuuddeshiya Sanstha,  Pusad, Dist. Yavtmal",Washim,AB-,0.030146238907467458,0
2026-09-08,284084,"Washim Blood Centre (Trust), Washim Managed By Ocean Bahuuddeshiya Sanstha,  Pusad, Dist. Yavtmal",Washim,AB-,0.025965664226108902,0
2026-09-09,284084,"Washim Blood Centre (Trust), Washim Managed By Ocean Bahuuddeshiya Sanstha,  Pusad, Dist. Yavtmal",Washim,AB-,0.25630335146839917,0
2026-09-07,284084,"Washim Blood Centre (Trust), Washim Managed By Ocean Bahuuddeshiya Sanstha,  Pusad, Dist. Yavtmal",Washim,B+,0.0023477024961107147,0
2026-09-08,284084,"Washim Blood Centre (Trust), Washim Managed By Ocean Bahuuddeshiya Sanstha,  Pusad, Dist. Yavtmal",Washim,B+,0.0024174371375470325,0
2026-09-09,284084,"Washim Blood Centre (Trust), Washim Managed By Ocean Bahuuddeshiya Sanstha,  Pusad, Dist. Yavtmal",Washim,B+,0.0015945014285933166,0
2026-09-07,284084,"Washim Blood Centre (Trust), Washim Managed By Ocean Bahuuddeshiya Sanstha,  Pusad, Dist. Yavtmal",Washim,B-,0.09588567459878689,0
2026-09-08,284084,"Washim Blood Centre (Trust), Washim Managed By Ocean Bahuuddeshiya Sanstha,  Pusad, Dist. Yavtmal",Washim,B-,0.09588567459878689,0
2026-09-09,284084,"Washim Blood Centre (Trust), Washim Managed By Ocean Bahuuddeshiya Sanstha,  Pusad, Dist. Yavtmal",Washim,B-,0.09588567459878689,0
2026-09-07,284084,"Washim Blood Centre (Trust), Washim Managed By Ocean Bahuuddeshiya Sanstha,  Pusad, Dist. Yavtmal",Washim,O+,0.006027926090040222,0
2026-09-08,284084,"Washim Blood Centre (Trust), Washim Managed By Ocean Bahuuddeshiya Sanstha,  Pusad, Dist. Yavtmal",Washim,O+,0.0022440051455927144,0
2026-09-09,284084,"Washim Blood Centre (Trust), Washim Managed By Ocean Bahuuddeshiya Sanstha,  Pusad, Dist. Yavtmal",Washim,O+,0.0021325293501712125,0
2026-09-07,284084,"Washim Blood Centre (Trust), Washim Managed By Ocean Bahuuddeshiya Sanstha,  Pusad, Dist. Yavtmal",Washim,O-,0.02693490311827044,0
2026-09-08,284084,"Washim Blood Centre (Trust), Washim Managed By Ocean Bahuuddeshiya Sanstha,  Pusad, Dist. Yavtmal",Washim,O-,0.02693490311827044,0
2026-09-09,284084,"Washim Blood Centre (Trust), Washim Managed By Ocean Bahuuddeshiya Sanstha,  Pusad, Dist. Yavtmal",Washim,O-,0.027568089055482303,0
2026-09-07,284095,"Chhatrapati Shahu Maharaj Pratishthan, Swastik Blood Centre, Kamothe, Navi  Mumbai",Raigarh,A+,0.00589243011093701,0
2026-09-08,284095,"Chhatrapati Shahu Maharaj Pratishthan, Swastik Blood Centre, Kamothe, Navi  Mumbai",Raigarh,A+,0.00589243011093701,0
2026-09-09,284095,"Chhatrapati Shahu Maharaj Pratishthan, Swastik Blood Centre, Kamothe, Navi  Mumbai",Raigarh,A+,0.00589243011093701,0
2026-09-07,284095,"Chhatrapati Shahu Maharaj Pratishthan, Swastik Blood Centre, Kamothe, Navi  Mumbai",Raigarh,A-,0.9569767387238788,1
2026-09-08,284095,"Chhatrapati Shahu Maharaj Pratishthan, Swastik Blood Centre, Kamothe, Navi  Mumbai",Raigarh,A-,0.9569767387238788,1
2026-09-09,284095,"Chhatrapati Shahu Maharaj Pratishthan, Swastik Blood Centre, Kamothe, Navi  Mumbai",Raigarh,A-,0.9569767387238788,1
2026-09-07,284095,"Chhatrapati Shahu Maharaj Pratishthan, Swastik Blood Centre, Kamothe, Navi  Mumbai",Raigarh,AB+,0.014087102374573161,0
2026-09-08,284095,"Chhatrapati Shahu Maharaj Pratishthan, Swastik Blood Centre, Kamothe, Navi  Mumbai",Raigarh,AB+,0.014087102374573161,0
2026-09-09,284095,"Chhatrapati Shahu Maharaj Pratishthan, Swastik Blood Centre, Kamothe, Navi  Mumbai",Raigarh,AB+,0.014087102374573161,0
2026-09-07,284095,"Chhatrapati Shahu Maharaj Pratishthan, Swastik Blood Centre, Kamothe, Navi  Mumbai",Raigarh,AB-,0.09588567459878689,0
2026-09-08,284095,"Chhatrapati Shahu Maharaj Pratishthan, Swastik Blood Centre, Kamothe, Navi  Mumbai",Raigarh,AB-,0.09588567459878689,0
2026-09-09,284095,"Chhatrapati Shahu Maharaj Pratishthan, Swastik Blood Centre, Kamothe, Navi  Mumbai",Raigarh,AB-,0.09588567459878689,0
2026-09-07,284095,"Chhatrapati Shahu Maharaj Pratishthan, Swastik Blood Centre, Kamothe, Navi  Mumbai",Raigarh,B+,0.0018083016729429655,0
2026-09-08,284095,"Chhatrapati Shahu Maharaj Pratishthan, Swastik Blood Centre, Kamothe, Navi  Mumbai",Raigarh,B+,0.0018083016729429655,0
2026-09-09,284095,"Chhatrapati Shahu Maharaj Pratishthan, Swastik Blood Centre, Kamothe, Navi  Mumbai",Raigarh,B+,0.0018083016729429655,0
2026-09-07,284095,"Chhatrapati Shahu Maharaj Pratishthan, Swastik Blood Centre, Kamothe, Navi  Mumbai",Raigarh,B-,0.04708016808483685,0
2026-09-08,284095,"Chhatrapati Shahu Maharaj Pratishthan, Swastik Blood Centre, Kamothe, Navi  Mumbai",Raigarh,B-,0.04708016808483685,0
2026-09-09,284095,"Chhatrapati Shahu Maharaj Pratishthan, Swastik Blood Centre, Kamothe, Navi  Mumbai",Raigarh,B-,0.04708016808483685,0
2026-09-07,284095,"Chhatrapati Shahu Maharaj Pratishthan, Swastik Blood Centre, Kamothe, Navi  Mumbai",Raigarh,O+,0.0023011712854675353,0
2026-09-08,284095,"Chhatrapati Shahu Maharaj Pratishthan, Swastik Blood Centre, Kamothe, Navi  Mumbai",Raigarh,O+,0.0023011712854675353,0
2026-09-09,284095,"Chhatrapati Shahu Maharaj Pratishthan, Swastik Blood Centre, Kamothe, Navi  Mumbai",Raigarh,O+,0.0023011712854675353,0
2026-09-07,284095,"Chhatrapati Shahu Maharaj Pratishthan, Swastik Blood Centre, Kamothe, Navi  Mumbai",Raigarh,O-,0.030170888001377773,0
2026-09-08,284095,"Chhatrapati Shahu Maharaj Pratishthan, Swastik Blood Centre, Kamothe, Navi  Mumbai",Raigarh,O-,0.030170888001377773,0
2026-09-09,284095,"Chhatrapati Shahu Maharaj Pratishthan, Swastik Blood Centre, Kamothe, Navi  Mumbai",Raigarh,O-,0.030170888001377773,0
2026-09-07,284112,Mahalaxmi Blood Centre,Kolhapur,A+,0.0016784241870738557,0
2026-09-08,284112,Mahalaxmi Blood Centre,Kolhapur,A+,0.0016656454620446208,0
2026-09-09,284112,Mahalaxmi Blood Centre,Kolhapur,A+,0.0015713377579986332,0
2026-09-07,284112,Mahalaxmi Blood Centre,Kolhapur,A-,0.02053657563219467,0
2026-09-08,284112,Mahalaxmi Blood Centre,Kolhapur,A-,0.035266462933072375,0
2026-09-09,284112,Mahalaxmi Blood Centre,Kolhapur,A-,0.08648942808912738,0
2026-09-07,284112,Mahalaxmi Blood Centre,Kolhapur,AB+,0.0029800043569366795,0
2026-09-08,284112,Mahalaxmi Blood Centre,Kolhapur,AB+,0.03784852711426194,0
2026-09-09,284112,Mahalaxmi Blood Centre,Kolhapur,AB+,0.008326425981084825,0
2026-09-07,284112,Mahalaxmi Blood Centre,Kolhapur,AB-,0.02693490311827044,0
2026-09-08,284112,Mahalaxmi Blood Centre,Kolhapur,AB-,0.08680707578515685,0
2026-09-09,284112,Mahalaxmi Blood Centre,Kolhapur,AB-,0.0726101230638756,0
2026-09-07,284112,Mahalaxmi Blood Centre,Kolhapur,B+,0.0014706445574163482,0
2026-09-08,284112,Mahalaxmi Blood Centre,Kolhapur,B+,0.014953100176834563,0
2026-09-09,284112,Mahalaxmi Blood Centre,Kolhapur,B+,0.008364839670976516,0
2026-09-07,284112,Mahalaxmi Blood Centre,Kolhapur,B-,0.015481505418600373,0
2026-09-08,284112,Mahalaxmi Blood Centre,Kolhapur,B-,0.019724414018038188,0
2026-09-09,284112,Mahalaxmi Blood Centre,Kolhapur,B-,0.020516560244763435,0
2026-09-07,284112,Mahalaxmi Blood Centre,Kolhapur,O+,0.001608004692214027,0
2026-09-08,284112,Mahalaxmi Blood Centre,Kolhapur,O+,0.0016710067755597783,0
2026-09-09,284112,Mahalaxmi Blood Centre,Kolhapur,O+,0.001648900535990075,0
2026-09-07,284112,Mahalaxmi Blood Centre,Kolhapur,O-,0.012760506423855105,0
2026-09-08,284112,Mahalaxmi Blood Centre,Kolhapur,O-,0.02501533837767574,0
2026-09-09,284112,Mahalaxmi Blood Centre,Kolhapur,O-,0.017532942671537054,0
2026-09-07,284117,"Vedanta Hospital And Research Center Blood Centre, Saswand, Post Dhundalwadi",Palghar,A+,0.007720816399242031,0
2026-09-08,284117,"Vedanta Hospital And Research Center Blood Centre, Saswand, Post Dhundalwadi",Palghar,A+,0.007718515670001816,0
2026-09-09,284117,"Vedanta Hospital And Research Center Blood Centre, Saswand, Post Dhundalwadi",Palghar,A+,0.006564342091054691,0
2026-09-07,284117,"Vedanta Hospital And Research Center Blood Centre, Saswand, Post Dhundalwadi",Palghar,A-,0.04708016808483685,0
2026-09-08,284117,"Vedanta Hospital And Research Center Blood Centre, Saswand, Post Dhundalwadi",Palghar,A-,0.04708016808483685,0
2026-09-09,284117,"Vedanta Hospital And Research Center Blood Centre, Saswand, Post Dhundalwadi",Palghar,A-,0.04708016808483685,0
2026-09-07,284117,"Vedanta Hospital And Research Center Blood Centre, Saswand, Post Dhundalwadi",Palghar,AB+,0.013136580667810543,0
2026-09-08,284117,"Vedanta Hospital And Research Center Blood Centre, Saswand, Post Dhundalwadi",Palghar,AB+,0.014406164284245617,0
2026-09-09,284117,"Vedanta Hospital And Research Center Blood Centre, Saswand, Post Dhundalwadi",Palghar,AB+,0.011696373804155577,0
2026-09-07,284117,"Vedanta Hospital And Research Center Blood Centre, Saswand, Post Dhundalwadi",Palghar,AB-,0.9569767387238788,1
2026-09-08,284117,"Vedanta Hospital And Research Center Blood Centre, Saswand, Post Dhundalwadi",Palghar,AB-,0.9569767387238788,1
2026-09-09,284117,"Vedanta Hospital And Research Center Blood Centre, Saswand, Post Dhundalwadi",Palghar,AB-,0.9569767387238788,1
2026-09-07,284117,"Vedanta Hospital And Research Center Blood Centre, Saswand, Post Dhundalwadi",Palghar,B+,0.003480636711997752,0
2026-09-08,284117,"Vedanta Hospital And Research Center Blood Centre, Saswand, Post Dhundalwadi",Palghar,B+,0.003631614225424149,0
2026-09-09,284117,"Vedanta Hospital And Research Center Blood Centre, Saswand, Post Dhundalwadi",Palghar,B+,0.005981787567192329,0
2026-09-07,284117,"Vedanta Hospital And Research Center Blood Centre, Saswand, Post Dhundalwadi",Palghar,B-,0.9569767387238788,1
2026-09-08,284117,"Vedanta Hospital And Research Center Blood Centre, Saswand, Post Dhundalwadi",Palghar,B-,0.9569767387238788,1
2026-09-09,284117,"Vedanta Hospital And Research Center Blood Centre, Saswand, Post Dhundalwadi",Palghar,B-,0.9569767387238788,1
2026-09-07,284117,"Vedanta Hospital And Research Center Blood Centre, Saswand, Post Dhundalwadi",Palghar,O+,0.0015790482111991506,0
2026-09-08,284117,"Vedanta Hospital And Research Center Blood Centre, Saswand, Post Dhundalwadi",Palghar,O+,0.001207484503005813,0
2026-09-09,284117,"Vedanta Hospital And Research Center Blood Centre, Saswand, Post Dhundalwadi",Palghar,O+,0.002164352835763005,0
2026-09-07,284117,"Vedanta Hospital And Research Center Blood Centre, Saswand, Post Dhundalwadi",Palghar,O-,0.030170888001377773,0
2026-09-08,284117,"Vedanta Hospital And Research Center Blood Centre, Saswand, Post Dhundalwadi",Palghar,O-,0.030170888001377773,0
2026-09-09,284117,"Vedanta Hospital And Research Center Blood Centre, Saswand, Post Dhundalwadi",Palghar,O-,0.045072468254795155,0
2026-09-07,284140,Arpan Blood Centre Nanded,Nanded,A+,0.0023723226588842398,0
2026-09-08,284140,Arpan Blood Centre Nanded,Nanded,A+,0.0023723226588842398,0
2026-09-09,284140,Arpan Blood Centre Nanded,Nanded,A+,0.0023723226588842398,0
2026-09-07,284140,Arpan Blood Centre Nanded,Nanded,A-,0.9569767387238788,1
2026-09-08,284140,Arpan Blood Centre Nanded,Nanded,A-,0.9569767387238788,1
2026-09-09,284140,Arpan Blood Centre Nanded,Nanded,A-,0.9569767387238788,1
2026-09-07,284140,Arpan Blood Centre Nanded,Nanded,AB+,0.014087102374573161,0
2026-09-08,284140,Arpan Blood Centre Nanded,Nanded,AB+,0.004407828863724718,0
2026-09-09,284140,Arpan Blood Centre Nanded,Nanded,AB+,0.010248171641904842,0
2026-09-07,284140,Arpan Blood Centre Nanded,Nanded,AB-,0.9569767387238788,1
2026-09-08,284140,Arpan Blood Centre Nanded,Nanded,AB-,0.9569767387238788,1
2026-09-09,284140,Arpan Blood Centre Nanded,Nanded,AB-,0.9569767387238788,1
2026-09-07,284140,Arpan Blood Centre Nanded,Nanded,B+,0.022771100580525894,0
2026-09-08,284140,Arpan Blood Centre Nanded,Nanded,B+,0.022813407864306006,0
2026-09-09,284140,Arpan Blood Centre Nanded,Nanded,B+,0.025965664226108902,0
2026-09-07,284140,Arpan Blood Centre Nanded,Nanded,B-,0.9569767387238788,1
2026-09-08,284140,Arpan Blood Centre Nanded,Nanded,B-,0.9569767387238788,1
2026-09-09,284140,Arpan Blood Centre Nanded,Nanded,B-,0.9569767387238788,1
2026-09-07,284140,Arpan Blood Centre Nanded,Nanded,O+,0.0023723226588842398,0
2026-09-08,284140,Arpan Blood Centre Nanded,Nanded,O+,0.0023723226588842398,0
2026-09-09,284140,Arpan Blood Centre Nanded,Nanded,O+,0.0023723226588842398,0
2026-09-07,284140,Arpan Blood Centre Nanded,Nanded,O-,0.9569767387238788,1
2026-09-08,284140,Arpan Blood Centre Nanded,Nanded,O-,0.9569767387238788,1
2026-09-09,284140,Arpan Blood Centre Nanded,Nanded,O-,0.9569767387238788,1
2026-09-07,284150,"Shri Dhaneshwari Manav Vikas Mandals, Shantai Blood Centre, Pedgaon, Dist.  Parbhani",Parbhani,A+,0.002665365538399618,0
2026-09-08,284150,"Shri Dhaneshwari Manav Vikas Mandals, Shantai Blood Centre, Pedgaon, Dist.  Parbhani",Parbhani,A+,0.002471303600153932,0
2026-09-09,284150,"Shri Dhaneshwari Manav Vikas Mandals, Shantai Blood Centre, Pedgaon, Dist.  Parbhani",Parbhani,A+,0.002081411434515316,0
2026-09-07,284150,"Shri Dhaneshwari Manav Vikas Mandals, Shantai Blood Centre, Pedgaon, Dist.  Parbhani",Parbhani,A-,0.04708016808483685,0
2026-09-08,284150,"Shri Dhaneshwari Manav Vikas Mandals, Shantai Blood Centre, Pedgaon, Dist.  Parbhani",Parbhani,A-,0.04708016808483685,0
2026-09-09,284150,"Shri Dhaneshwari Manav Vikas Mandals, Shantai Blood Centre, Pedgaon, Dist.  Parbhani",Parbhani,A-,0.04708016808483685,0
2026-09-07,284150,"Shri Dhaneshwari Manav Vikas Mandals, Shantai Blood Centre, Pedgaon, Dist.  Parbhani",Parbhani,AB+,0.005312884228245267,0
2026-09-08,284150,"Shri Dhaneshwari Manav Vikas Mandals, Shantai Blood Centre, Pedgaon, Dist.  Parbhani",Parbhani,AB+,0.007800721337917326,0
2026-09-09,284150,"Shri Dhaneshwari Manav Vikas Mandals, Shantai Blood Centre, Pedgaon, Dist.  Parbhani",Parbhani,AB+,0.00531931985247357,0
2026-09-07,284150,"Shri Dhaneshwari Manav Vikas Mandals, Shantai Blood Centre, Pedgaon, Dist.  Parbhani",Parbhani,AB-,0.09588567459878689,0
2026-09-08,284150,"Shri Dhaneshwari Manav Vikas Mandals, Shantai Blood Centre, Pedgaon, Dist.  Parbhani",Parbhani,AB-,0.09588567459878689,0
2026-09-09,284150,"Shri Dhaneshwari Manav Vikas Mandals, Shantai Blood Centre, Pedgaon, Dist.  Parbhani",Parbhani,AB-,0.09588567459878689,0
2026-09-07,284150,"Shri Dhaneshwari Manav Vikas Mandals, Shantai Blood Centre, Pedgaon, Dist.  Parbhani",Parbhani,B+,0.00189020356093118,0
2026-09-08,284150,"Shri Dhaneshwari Manav Vikas Mandals, Shantai Blood Centre, Pedgaon, Dist.  Parbhani",Parbhani,B+,0.0023477024961107147,0
2026-09-09,284150,"Shri Dhaneshwari Manav Vikas Mandals, Shantai Blood Centre, Pedgaon, Dist.  Parbhani",Parbhani,B+,0.002081411434515316,0
2026-09-07,284150,"Shri Dhaneshwari Manav Vikas Mandals, Shantai Blood Centre, Pedgaon, Dist.  Parbhani",Parbhani,B-,0.012760506423855105,0
2026-09-08,284150,"Shri Dhaneshwari Manav Vikas Mandals, Shantai Blood Centre, Pedgaon, Dist.  Parbhani",Parbhani,B-,0.012760506423855105,0
2026-09-09,284150,"Shri Dhaneshwari Manav Vikas Mandals, Shantai Blood Centre, Pedgaon, Dist.  Parbhani",Parbhani,B-,0.012760506423855105,0
2026-09-07,284150,"Shri Dhaneshwari Manav Vikas Mandals, Shantai Blood Centre, Pedgaon, Dist.  Parbhani",Parbhani,O+,0.0022991391054977797,0
2026-09-08,284150,"Shri Dhaneshwari Manav Vikas Mandals, Shantai Blood Centre, Pedgaon, Dist.  Parbhani",Parbhani,O+,0.0022991391054977797,0
2026-09-09,284150,"Shri Dhaneshwari Manav Vikas Mandals, Shantai Blood Centre, Pedgaon, Dist.  Parbhani",Parbhani,O+,0.002665365538399618,0
2026-09-07,284150,"Shri Dhaneshwari Manav Vikas Mandals, Shantai Blood Centre, Pedgaon, Dist.  Parbhani",Parbhani,O-,0.030170888001377773,0
2026-09-08,284150,"Shri Dhaneshwari Manav Vikas Mandals, Shantai Blood Centre, Pedgaon, Dist.  Parbhani",Parbhani,O-,0.030170888001377773,0
2026-09-09,284150,"Shri Dhaneshwari Manav Vikas Mandals, Shantai Blood Centre, Pedgaon, Dist.  Parbhani",Parbhani,O-,0.030170888001377773,0
2026-09-07,284246,Ms.Rambhabai Bahuuddeshiya Seva Sanstha Seva Blood Centre,Nandurbar,A+,0.00589243011093701,0
2026-09-08,284246,Ms.Rambhabai Bahuuddeshiya Seva Sanstha Seva Blood Centre,Nandurbar,A+,0.00589243011093701,0
2026-09-09,284246,Ms.Rambhabai Bahuuddeshiya Seva Sanstha Seva Blood Centre,Nandurbar,A+,0.00589243011093701,0
2026-09-07,284246,Ms.Rambhabai Bahuuddeshiya Seva Sanstha Seva Blood Centre,Nandurbar,A-,0.04708016808483685,0
2026-09-08,284246,Ms.Rambhabai Bahuuddeshiya Seva Sanstha Seva Blood Centre,Nandurbar,A-,0.04708016808483685,0
2026-09-09,284246,Ms.Rambhabai Bahuuddeshiya Seva Sanstha Seva Blood Centre,Nandurbar,A-,0.04708016808483685,0
2026-09-07,284246,Ms.Rambhabai Bahuuddeshiya Seva Sanstha Seva Blood Centre,Nandurbar,AB+,0.015816975002225914,0
2026-09-08,284246,Ms.Rambhabai Bahuuddeshiya Seva Sanstha Seva Blood Centre,Nandurbar,AB+,0.015816975002225914,0
2026-09-09,284246,Ms.Rambhabai Bahuuddeshiya Seva Sanstha Seva Blood Centre,Nandurbar,AB+,0.015816975002225914,0
2026-09-07,284246,Ms.Rambhabai Bahuuddeshiya Seva Sanstha Seva Blood Centre,Nandurbar,AB-,0.04708016808483685,0
2026-09-08,284246,Ms.Rambhabai Bahuuddeshiya Seva Sanstha Seva Blood Centre,Nandurbar,AB-,0.04708016808483685,0
2026-09-09,284246,Ms.Rambhabai Bahuuddeshiya Seva Sanstha Seva Blood Centre,Nandurbar,AB-,0.04708016808483685,0
2026-09-07,284246,Ms.Rambhabai Bahuuddeshiya Seva Sanstha Seva Blood Centre,Nandurbar,B+,0.0021325293501712125,0
2026-09-08,284246,Ms.Rambhabai Bahuuddeshiya Seva Sanstha Seva Blood Centre,Nandurbar,B+,0.0021325293501712125,0
2026-09-09,284246,Ms.Rambhabai Bahuuddeshiya Seva Sanstha Seva Blood Centre,Nandurbar,B+,0.0021325293501712125,0
2026-09-07,284246,Ms.Rambhabai Bahuuddeshiya Seva Sanstha Seva Blood Centre,Nandurbar,B-,0.022652282591765858,0
2026-09-08,284246,Ms.Rambhabai Bahuuddeshiya Seva Sanstha Seva Blood Centre,Nandurbar,B-,0.022652282591765858,0
2026-09-09,284246,Ms.Rambhabai Bahuuddeshiya Seva Sanstha Seva Blood Centre,Nandurbar,B-,0.022652282591765858,0
2026-09-07,284246,Ms.Rambhabai Bahuuddeshiya Seva Sanstha Seva Blood Centre,Nandurbar,O+,0.0022991391054977797,0
2026-09-08,284246,Ms.Rambhabai Bahuuddeshiya Seva Sanstha Seva Blood Centre,Nandurbar,O+,0.0022991391054977797,0
2026-09-09,284246,Ms.Rambhabai Bahuuddeshiya Seva Sanstha Seva Blood Centre,Nandurbar,O+,0.0022991391054977797,0
2026-09-07,284246,Ms.Rambhabai Bahuuddeshiya Seva Sanstha Seva Blood Centre,Nandurbar,O-,0.022298314276277785,0
2026-09-08,284246,Ms.Rambhabai Bahuuddeshiya Seva Sanstha Seva Blood Centre,Nandurbar,O-,0.022298314276277785,0
2026-09-09,284246,Ms.Rambhabai Bahuuddeshiya Seva Sanstha Seva Blood Centre,Nandurbar,O-,0.022298314276277785,0
2026-09-07,284254,Blood Center District Hospital Aurangabad,Aurangabad,A+,0.007800721337917326,0
2026-09-08,284254,Blood Center District Hospital Aurangabad,Aurangabad,A+,0.005853896746593243,0
2026-09-09,284254,Blood Center District Hospital Aurangabad,Aurangabad,A+,0.010433960200280019,0
2026-09-07,284254,Blood Center District Hospital Aurangabad,Aurangabad,A-,0.16210439842287436,0
2026-09-08,284254,Blood Center District Hospital Aurangabad,Aurangabad,A-,0.16311692635487893,0
2026-09-09,284254,Blood Center District Hospital Aurangabad,Aurangabad,A-,0.09588567459878689,0
2026-09-07,284254,Blood Center District Hospital Aurangabad,Aurangabad,AB+,0.002885565664141321,0
2026-09-08,284254,Blood Center District Hospital Aurangabad,Aurangabad,AB+,0.002885565664141321,0
2026-09-09,284254,Blood Center District Hospital Aurangabad,Aurangabad,AB+,0.002885565664141321,0
2026-09-07,284254,Blood Center District Hospital Aurangabad,Aurangabad,AB-,0.030170888001377773,0
2026-09-08,284254,Blood Center District Hospital Aurangabad,Aurangabad,AB-,0.030170888001377773,0
2026-09-09,284254,Blood Center District Hospital Aurangabad,Aurangabad,AB-,0.030170888001377773,0
2026-09-07,284254,Blood Center District Hospital Aurangabad,Aurangabad,B+,0.029419813395940842,0
2026-09-08,284254,Blood Center District Hospital Aurangabad,Aurangabad,B+,0.005312884228245267,0
2026-09-09,284254,Blood Center District Hospital Aurangabad,Aurangabad,B+,0.004950703064177182,0
2026-09-07,284254,Blood Center District Hospital Aurangabad,Aurangabad,B-,0.02693490311827044,0
2026-09-08,284254,Blood Center District Hospital Aurangabad,Aurangabad,B-,0.02693490311827044,0
2026-09-09,284254,Blood Center District Hospital Aurangabad,Aurangabad,B-,0.03170067070020004,0
2026-09-07,284254,Blood Center District Hospital Aurangabad,Aurangabad,O+,0.00531931985247357,0
2026-09-08,284254,Blood Center District Hospital Aurangabad,Aurangabad,O+,0.015877012616624823,0
2026-09-09,284254,Blood Center District Hospital Aurangabad,Aurangabad,O+,0.019207067181860025,0
2026-09-07,284254,Blood Center District Hospital Aurangabad,Aurangabad,O-,0.04708016808483685,0
2026-09-08,284254,Blood Center District Hospital Aurangabad,Aurangabad,O-,0.04708016808483685,0
2026-09-09,284254,Blood Center District Hospital Aurangabad,Aurangabad,O-,0.04708016808483685,0
2026-09-07,284350,Manipal Hospitals Pvt Ltd Blood Centre,Pune,A+,0.019724414018038188,0
2026-09-08,284350,Manipal Hospitals Pvt Ltd Blood Centre,Pune,A+,0.017977875701142745,0
2026-09-09,284350,Manipal Hospitals Pvt Ltd Blood Centre,Pune,A+,0.017456327037186515,0
2026-09-07,284350,Manipal Hospitals Pvt Ltd Blood Centre,Pune,A-,0.09588567459878689,0
2026-09-08,284350,Manipal Hospitals Pvt Ltd Blood Centre,Pune,A-,0.09588567459878689,0
2026-09-09,284350,Manipal Hospitals Pvt Ltd Blood Centre,Pune,A-,0.09588567459878689,0
2026-09-07,284350,Manipal Hospitals Pvt Ltd Blood Centre,Pune,AB+,0.02693490311827044,0
2026-09-08,284350,Manipal Hospitals Pvt Ltd Blood Centre,Pune,AB+,0.027568089055482303,0
2026-09-09,284350,Manipal Hospitals Pvt Ltd Blood Centre,Pune,AB+,0.04932080339988581,0
2026-09-07,284350,Manipal Hospitals Pvt Ltd Blood Centre,Pune,AB-,0.9569767387238788,1
2026-09-08,284350,Manipal Hospitals Pvt Ltd Blood Centre,Pune,AB-,0.9569767387238788,1
2026-09-09,284350,Manipal Hospitals Pvt Ltd Blood Centre,Pune,AB-,0.9569767387238788,1
2026-09-07,284350,Manipal Hospitals Pvt Ltd Blood Centre,Pune,B+,0.03359302516282464,0
2026-09-08,284350,Manipal Hospitals Pvt Ltd Blood Centre,Pune,B+,0.06968415454184117,0
2026-09-09,284350,Manipal Hospitals Pvt Ltd Blood Centre,Pune,B+,0.030285571410475852,0
2026-09-07,284350,Manipal Hospitals Pvt Ltd Blood Centre,Pune,B-,0.07105022241162556,0
2026-09-08,284350,Manipal Hospitals Pvt Ltd Blood Centre,Pune,B-,0.04708016808483685,0
2026-09-09,284350,Manipal Hospitals Pvt Ltd Blood Centre,Pune,B-,0.03286503439273383,0
2026-09-07,284350,Manipal Hospitals Pvt Ltd Blood Centre,Pune,O+,0.0206264393579776,0
2026-09-08,284350,Manipal Hospitals Pvt Ltd Blood Centre,Pune,O+,0.020859853349895506,0
2026-09-09,284350,Manipal Hospitals Pvt Ltd Blood Centre,Pune,O+,0.03315821258157256,0
2026-09-07,284350,Manipal Hospitals Pvt Ltd Blood Centre,Pune,O-,0.030170888001377773,0
2026-09-08,284350,Manipal Hospitals Pvt Ltd Blood Centre,Pune,O-,0.030170888001377773,0
2026-09-09,284350,Manipal Hospitals Pvt Ltd Blood Centre,Pune,O-,0.03197768588312568,0
2026-09-07,284358,"Poona Medical Relief And Research Foundation, Kai Madhukar Sakharam Bidkar  Blood Centre, Pune",Pune,A+,0.002081411434515316,0
2026-09-08,284358,"Poona Medical Relief And Research Foundation, Kai Madhukar Sakharam Bidkar  Blood Centre, Pune",Pune,A+,0.00189020356093118,0
2026-09-09,284358,"Poona Medical Relief And Research Foundation, Kai Madhukar Sakharam Bidkar  Blood Centre, Pune",Pune,A+,0.003806270921095235,0
2026-09-07,284358,"Poona Medical Relief And Research Foundation, Kai Madhukar Sakharam Bidkar  Blood Centre, Pune",Pune,A-,0.09588567459878689,0
2026-09-08,284358,"Poona Medical Relief And Research Foundation, Kai Madhukar Sakharam Bidkar  Blood Centre, Pune",Pune,A-,0.7542144173100465,1
2026-09-09,284358,"Poona Medical Relief And Research Foundation, Kai Madhukar Sakharam Bidkar  Blood Centre, Pune",Pune,A-,0.8017482753365046,1
2026-09-07,284358,"Poona Medical Relief And Research Foundation, Kai Madhukar Sakharam Bidkar  Blood Centre, Pune",Pune,AB+,0.02149281323294006,0
2026-09-08,284358,"Poona Medical Relief And Research Foundation, Kai Madhukar Sakharam Bidkar  Blood Centre, Pune",Pune,AB+,0.254306582095822,0
2026-09-09,284358,"Poona Medical Relief And Research Foundation, Kai Madhukar Sakharam Bidkar  Blood Centre, Pune",Pune,AB+,0.011556858271703033,0
2026-09-07,284358,"Poona Medical Relief And Research Foundation, Kai Madhukar Sakharam Bidkar  Blood Centre, Pune",Pune,AB-,0.9569767387238788,1
2026-09-08,284358,"Poona Medical Relief And Research Foundation, Kai Madhukar Sakharam Bidkar  Blood Centre, Pune",Pune,AB-,0.9569767387238788,1
2026-09-09,284358,"Poona Medical Relief And Research Foundation, Kai Madhukar Sakharam Bidkar  Blood Centre, Pune",Pune,AB-,0.9569767387238788,1
2026-09-07,284358,"Poona Medical Relief And Research Foundation, Kai Madhukar Sakharam Bidkar  Blood Centre, Pune",Pune,B+,0.009641414903689832,0
2026-09-08,284358,"Poona Medical Relief And Research Foundation, Kai Madhukar Sakharam Bidkar  Blood Centre, Pune",Pune,B+,0.012208333080213981,0
2026-09-09,284358,"Poona Medical Relief And Research Foundation, Kai Madhukar Sakharam Bidkar  Blood Centre, Pune",Pune,B+,0.04757150737354959,0
2026-09-07,284358,"Poona Medical Relief And Research Foundation, Kai Madhukar Sakharam Bidkar  Blood Centre, Pune",Pune,B-,0.04708016808483685,0
2026-09-08,284358,"Poona Medical Relief And Research Foundation, Kai Madhukar Sakharam Bidkar  Blood Centre, Pune",Pune,B-,0.04708016808483685,0
2026-09-09,284358,"Poona Medical Relief And Research Foundation, Kai Madhukar Sakharam Bidkar  Blood Centre, Pune",Pune,B-,0.5857594138375063,1
2026-09-07,284358,"Poona Medical Relief And Research Foundation, Kai Madhukar Sakharam Bidkar  Blood Centre, Pune",Pune,O+,0.008393553659726256,0
2026-09-08,284358,"Poona Medical Relief And Research Foundation, Kai Madhukar Sakharam Bidkar  Blood Centre, Pune",Pune,O+,0.013742597958639049,0
2026-09-09,284358,"Poona Medical Relief And Research Foundation, Kai Madhukar Sakharam Bidkar  Blood Centre, Pune",Pune,O+,0.009311132023028716,0
2026-09-07,284358,"Poona Medical Relief And Research Foundation, Kai Madhukar Sakharam Bidkar  Blood Centre, Pune",Pune,O-,0.022229048452583756,0
2026-09-08,284358,"Poona Medical Relief And Research Foundation, Kai Madhukar Sakharam Bidkar  Blood Centre, Pune",Pune,O-,0.022229048452583756,0
2026-09-09,284358,"Poona Medical Relief And Research Foundation, Kai Madhukar Sakharam Bidkar  Blood Centre, Pune",Pune,O-,0.022229048452583756,0
2026-09-07,284359,"Maha Victory Charitable Trust, Lifeline Blood Centre, Bapgaon, Tal. Bhiwandi,  Dist. Thane",Thane,A+,0.0049567021558786836,0
2026-09-08,284359,"Maha Victory Charitable Trust, Lifeline Blood Centre, Bapgaon, Tal. Bhiwandi,  Dist. Thane",Thane,A+,0.004379405824755255,0
2026-09-09,284359,"Maha Victory Charitable Trust, Lifeline Blood Centre, Bapgaon, Tal. Bhiwandi,  Dist. Thane",Thane,A+,0.011924691176342803,0
2026-09-07,284359,"Maha Victory Charitable Trust, Lifeline Blood Centre, Bapgaon, Tal. Bhiwandi,  Dist. Thane",Thane,A-,0.9569767387238788,1
2026-09-08,284359,"Maha Victory Charitable Trust, Lifeline Blood Centre, Bapgaon, Tal. Bhiwandi,  Dist. Thane",Thane,A-,0.9569767387238788,1
2026-09-09,284359,"Maha Victory Charitable Trust, Lifeline Blood Centre, Bapgaon, Tal. Bhiwandi,  Dist. Thane",Thane,A-,0.9569767387238788,1
2026-09-07,284359,"Maha Victory Charitable Trust, Lifeline Blood Centre, Bapgaon, Tal. Bhiwandi,  Dist. Thane",Thane,AB+,0.011709864981857434,0
2026-09-08,284359,"Maha Victory Charitable Trust, Lifeline Blood Centre, Bapgaon, Tal. Bhiwandi,  Dist. Thane",Thane,AB+,0.012922122456356865,0
2026-09-09,284359,"Maha Victory Charitable Trust, Lifeline Blood Centre, Bapgaon, Tal. Bhiwandi,  Dist. Thane",Thane,AB+,0.014893758478657084,0
2026-09-07,284359,"Maha Victory Charitable Trust, Lifeline Blood Centre, Bapgaon, Tal. Bhiwandi,  Dist. Thane",Thane,AB-,0.9569767387238788,1
2026-09-08,284359,"Maha Victory Charitable Trust, Lifeline Blood Centre, Bapgaon, Tal. Bhiwandi,  Dist. Thane",Thane,AB-,0.9569767387238788,1
2026-09-09,284359,"Maha Victory Charitable Trust, Lifeline Blood Centre, Bapgaon, Tal. Bhiwandi,  Dist. Thane",Thane,AB-,0.9569767387238788,1
2026-09-07,284359,"Maha Victory Charitable Trust, Lifeline Blood Centre, Bapgaon, Tal. Bhiwandi,  Dist. Thane",Thane,B+,0.001917118468168659,0
2026-09-08,284359,"Maha Victory Charitable Trust, Lifeline Blood Centre, Bapgaon, Tal. Bhiwandi,  Dist. Thane",Thane,B+,0.0022801206477151845,0
2026-09-09,284359,"Maha Victory Charitable Trust, Lifeline Blood Centre, Bapgaon, Tal. Bhiwandi,  Dist. Thane",Thane,B+,0.015426265137906538,0
2026-09-07,284359,"Maha Victory Charitable Trust, Lifeline Blood Centre, Bapgaon, Tal. Bhiwandi,  Dist. Thane",Thane,B-,0.08406048125395335,0
2026-09-08,284359,"Maha Victory Charitable Trust, Lifeline Blood Centre, Bapgaon, Tal. Bhiwandi,  Dist. Thane",Thane,B-,0.05202420222433954,0
2026-09-09,284359,"Maha Victory Charitable Trust, Lifeline Blood Centre, Bapgaon, Tal. Bhiwandi,  Dist. Thane",Thane,B-,0.04708016808483685,0
2026-09-07,284359,"Maha Victory Charitable Trust, Lifeline Blood Centre, Bapgaon, Tal. Bhiwandi,  Dist. Thane",Thane,O+,0.009642782380356037,0
2026-09-08,284359,"Maha Victory Charitable Trust, Lifeline Blood Centre, Bapgaon, Tal. Bhiwandi,  Dist. Thane",Thane,O+,0.03511127851238878,0
2026-09-09,284359,"Maha Victory Charitable Trust, Lifeline Blood Centre, Bapgaon, Tal. Bhiwandi,  Dist. Thane",Thane,O+,0.011210092366273582,0
2026-09-07,284359,"Maha Victory Charitable Trust, Lifeline Blood Centre, Bapgaon, Tal. Bhiwandi,  Dist. Thane",Thane,O-,0.9569767387238788,1
2026-09-08,284359,"Maha Victory Charitable Trust, Lifeline Blood Centre, Bapgaon, Tal. Bhiwandi,  Dist. Thane",Thane,O-,0.9569767387238788,1
2026-09-09,284359,"Maha Victory Charitable Trust, Lifeline Blood Centre, Bapgaon, Tal. Bhiwandi,  Dist. Thane",Thane,O-,0.9569767387238788,1
2026-09-07,284360,"Criticare Asia Hospital Blood Centre, Pvt. Ltd., Kurla (W), Mumbai",Mumbai,A+,0.04915414733773612,0
2026-09-08,284360,"Criticare Asia Hospital Blood Centre, Pvt. Ltd., Kurla (W), Mumbai",Mumbai,A+,0.030146238907467458,0
2026-09-09,284360,"Criticare Asia Hospital Blood Centre, Pvt. Ltd., Kurla (W), Mumbai",Mumbai,A+,0.025965664226108902,0
2026-09-07,284360,"Criticare Asia Hospital Blood Centre, Pvt. Ltd., Kurla (W), Mumbai",Mumbai,A-,0.9569767387238788,1
2026-09-08,284360,"Criticare Asia Hospital Blood Centre, Pvt. Ltd., Kurla (W), Mumbai",Mumbai,A-,0.9569767387238788,1
2026-09-09,284360,"Criticare Asia Hospital Blood Centre, Pvt. Ltd., Kurla (W), Mumbai",Mumbai,A-,0.9569767387238788,1
2026-09-07,284360,"Criticare Asia Hospital Blood Centre, Pvt. Ltd., Kurla (W), Mumbai",Mumbai,AB+,0.04267073846196896,0
2026-09-08,284360,"Criticare Asia Hospital Blood Centre, Pvt. Ltd., Kurla (W), Mumbai",Mumbai,AB+,0.045072468254795155,0
2026-09-09,284360,"Criticare Asia Hospital Blood Centre, Pvt. Ltd., Kurla (W), Mumbai",Mumbai,AB+,0.05202420222433954,0
2026-09-07,284360,"Criticare Asia Hospital Blood Centre, Pvt. Ltd., Kurla (W), Mumbai",Mumbai,AB-,0.9569767387238788,1
2026-09-08,284360,"Criticare Asia Hospital Blood Centre, Pvt. Ltd., Kurla (W), Mumbai",Mumbai,AB-,0.9569767387238788,1
2026-09-09,284360,"Criticare Asia Hospital Blood Centre, Pvt. Ltd., Kurla (W), Mumbai",Mumbai,AB-,0.9569767387238788,1
2026-09-07,284360,"Criticare Asia Hospital Blood Centre, Pvt. Ltd., Kurla (W), Mumbai",Mumbai,B+,0.04094198813094258,0
2026-09-08,284360,"Criticare Asia Hospital Blood Centre, Pvt. Ltd., Kurla (W), Mumbai",Mumbai,B+,0.014725701668990794,0
2026-09-09,284360,"Criticare Asia Hospital Blood Centre, Pvt. Ltd., Kurla (W), Mumbai",Mumbai,B+,0.0208573311152233,0
2026-09-07,284360,"Criticare Asia Hospital Blood Centre, Pvt. Ltd., Kurla (W), Mumbai",Mumbai,B-,0.7789323790913819,1
2026-09-08,284360,"Criticare Asia Hospital Blood Centre, Pvt. Ltd., Kurla (W), Mumbai",Mumbai,B-,0.8017482753365046,1
2026-09-09,284360,"Criticare Asia Hospital Blood Centre, Pvt. Ltd., Kurla (W), Mumbai",Mumbai,B-,0.9569767387238788,1
2026-09-07,284360,"Criticare Asia Hospital Blood Centre, Pvt. Ltd., Kurla (W), Mumbai",Mumbai,O+,0.02795046286091692,0
2026-09-08,284360,"Criticare Asia Hospital Blood Centre, Pvt. Ltd., Kurla (W), Mumbai",Mumbai,O+,0.017326246650539934,0
2026-09-09,284360,"Criticare Asia Hospital Blood Centre, Pvt. Ltd., Kurla (W), Mumbai",Mumbai,O+,0.020562505324546617,0
2026-09-07,284360,"Criticare Asia Hospital Blood Centre, Pvt. Ltd., Kurla (W), Mumbai",Mumbai,O-,0.9569767387238788,1
2026-09-08,284360,"Criticare Asia Hospital Blood Centre, Pvt. Ltd., Kurla (W), Mumbai",Mumbai,O-,0.9569767387238788,1
2026-09-09,284360,"Criticare Asia Hospital Blood Centre, Pvt. Ltd., Kurla (W), Mumbai",Mumbai,O-,0.9569767387238788,1
2026-09-07,284361,"Laksh Foundation, Lifeline Blood Centre, Nashik",Nashik,A+,0.0015737692971105907,0
2026-09-08,284361,"Laksh Foundation, Lifeline Blood Centre, Nashik",Nashik,A+,0.0023011712854675353,0
2026-09-09,284361,"Laksh Foundation, Lifeline Blood Centre, Nashik",Nashik,A+,0.002081411434515316,0
2026-09-07,284361,"Laksh Foundation, Lifeline Blood Centre, Nashik",Nashik,A-,0.028831849716799477,0
2026-09-08,284361,"Laksh Foundation, Lifeline Blood Centre, Nashik",Nashik,A-,0.030170888001377773,0
2026-09-09,284361,"Laksh Foundation, Lifeline Blood Centre, Nashik",Nashik,A-,0.030170888001377773,0
2026-09-07,284361,"Laksh Foundation, Lifeline Blood Centre, Nashik",Nashik,AB+,0.0023723226588842398,0
2026-09-08,284361,"Laksh Foundation, Lifeline Blood Centre, Nashik",Nashik,AB+,0.002349754007938605,0
2026-09-09,284361,"Laksh Foundation, Lifeline Blood Centre, Nashik",Nashik,AB+,0.002081411434515316,0
2026-09-07,284361,"Laksh Foundation, Lifeline Blood Centre, Nashik",Nashik,AB-,0.9569767387238788,1
2026-09-08,284361,"Laksh Foundation, Lifeline Blood Centre, Nashik",Nashik,AB-,0.9569767387238788,1
2026-09-09,284361,"Laksh Foundation, Lifeline Blood Centre, Nashik",Nashik,AB-,0.9569767387238788,1
2026-09-07,284361,"Laksh Foundation, Lifeline Blood Centre, Nashik",Nashik,B+,0.0023477024961107147,0
2026-09-08,284361,"Laksh Foundation, Lifeline Blood Centre, Nashik",Nashik,B+,0.007610867920401567,0
2026-09-09,284361,"Laksh Foundation, Lifeline Blood Centre, Nashik",Nashik,B+,0.0021789692231545,0
2026-09-07,284361,"Laksh Foundation, Lifeline Blood Centre, Nashik",Nashik,B-,0.9569767387238788,1
2026-09-08,284361,"Laksh Foundation, Lifeline Blood Centre, Nashik",Nashik,B-,0.9569767387238788,1
2026-09-09,284361,"Laksh Foundation, Lifeline Blood Centre, Nashik",Nashik,B-,0.9569767387238788,1
2026-09-07,284361,"Laksh Foundation, Lifeline Blood Centre, Nashik",Nashik,O+,0.0021789692231545,0
2026-09-08,284361,"Laksh Foundation, Lifeline Blood Centre, Nashik",Nashik,O+,0.0023477024961107147,0
2026-09-09,284361,"Laksh Foundation, Lifeline Blood Centre, Nashik",Nashik,O+,0.002081411434515316,0
2026-09-07,284361,"Laksh Foundation, Lifeline Blood Centre, Nashik",Nashik,O-,0.010271237261192608,0
2026-09-08,284361,"Laksh Foundation, Lifeline Blood Centre, Nashik",Nashik,O-,0.011556858271703033,0
2026-09-09,284361,"Laksh Foundation, Lifeline Blood Centre, Nashik",Nashik,O-,0.011958586608576722,0
2026-09-07,284432,"City Blood Centre, Component And Apheresis Centre, Beed",Jalna,A+,0.00965649875606365,0
2026-09-08,284432,"City Blood Centre, Component And Apheresis Centre, Beed",Jalna,A+,0.0036298015892598733,0
2026-09-09,284432,"City Blood Centre, Component And Apheresis Centre, Beed",Jalna,A+,0.3446518384951225,0
2026-09-07,284432,"City Blood Centre, Component And Apheresis Centre, Beed",Jalna,A-,0.11589627774995824,0
2026-09-08,284432,"City Blood Centre, Component And Apheresis Centre, Beed",Jalna,A-,0.16210439842287436,0
2026-09-09,284432,"City Blood Centre, Component And Apheresis Centre, Beed",Jalna,A-,0.05840963795906487,0
2026-09-07,284432,"City Blood Centre, Component And Apheresis Centre, Beed",Jalna,AB+,0.03810826435335276,0
2026-09-08,284432,"City Blood Centre, Component And Apheresis Centre, Beed",Jalna,AB+,0.06677048280485468,0
2026-09-09,284432,"City Blood Centre, Component And Apheresis Centre, Beed",Jalna,AB+,0.16665926304351683,0
2026-09-07,284432,"City Blood Centre, Component And Apheresis Centre, Beed",Jalna,AB-,0.6466837376190555,1
2026-09-08,284432,"City Blood Centre, Component And Apheresis Centre, Beed",Jalna,AB-,0.14671374439048993,0
2026-09-09,284432,"City Blood Centre, Component And Apheresis Centre, Beed",Jalna,AB-,0.6079895771448278,1
2026-09-07,284432,"City Blood Centre, Component And Apheresis Centre, Beed",Jalna,B+,0.013619738059136884,0
2026-09-08,284432,"City Blood Centre, Component And Apheresis Centre, Beed",Jalna,B+,0.0012081753373930854,0
2026-09-09,284432,"City Blood Centre, Component And Apheresis Centre, Beed",Jalna,B+,0.0016659625536418062,0
2026-09-07,284432,"City Blood Centre, Component And Apheresis Centre, Beed",Jalna,B-,0.0875381143353213,0
2026-09-08,284432,"City Blood Centre, Component And Apheresis Centre, Beed",Jalna,B-,0.03129416750197441,0
2026-09-09,284432,"City Blood Centre, Component And Apheresis Centre, Beed",Jalna,B-,0.2042601534116306,0
2026-09-07,284432,"City Blood Centre, Component And Apheresis Centre, Beed",Jalna,O+,0.009099422987884893,0
2026-09-08,284432,"City Blood Centre, Component And Apheresis Centre, Beed",Jalna,O+,0.001192181253429029,0
2026-09-09,284432,"City Blood Centre, Component And Apheresis Centre, Beed",Jalna,O+,0.0016710067755597783,0
2026-09-07,284432,"City Blood Centre, Component And Apheresis Centre, Beed",Jalna,O-,0.10871310323766324,0
2026-09-08,284432,"City Blood Centre, Component And Apheresis Centre, Beed",Jalna,O-,0.1498097922182252,0
2026-09-09,284432,"City Blood Centre, Component And Apheresis Centre, Beed",Jalna,O-,0.05421883653906218,0
2026-09-07,284433,"Ayush Blood Centre, Vaduj, Tal. Khatav, Dist. Satara",Satara,A+,0.006027926090040222,0
2026-09-08,284433,"Ayush Blood Centre, Vaduj, Tal. Khatav, Dist. Satara",Satara,A+,0.0012081753373930854,0
2026-09-09,284433,"Ayush Blood Centre, Vaduj, Tal. Khatav, Dist. Satara",Satara,A+,0.0012081753373930854,0
2026-09-07,284433,"Ayush Blood Centre, Vaduj, Tal. Khatav, Dist. Satara",Satara,A-,0.027568089055482303,0
2026-09-08,284433,"Ayush Blood Centre, Vaduj, Tal. Khatav, Dist. Satara",Satara,A-,0.05411499805453901,0
2026-09-09,284433,"Ayush Blood Centre, Vaduj, Tal. Khatav, Dist. Satara",Satara,A-,0.03871534472121606,0
2026-09-07,284433,"Ayush Blood Centre, Vaduj, Tal. Khatav, Dist. Satara",Satara,AB+,0.003250131281638304,0
2026-09-08,284433,"Ayush Blood Centre, Vaduj, Tal. Khatav, Dist. Satara",Satara,AB+,0.001479438779035927,0
2026-09-09,284433,"Ayush Blood Centre, Vaduj, Tal. Khatav, Dist. Satara",Satara,AB+,0.007586212089071982,0
2026-09-07,284433,"Ayush Blood Centre, Vaduj, Tal. Khatav, Dist. Satara",Satara,AB-,0.9569767387238788,1
2026-09-08,284433,"Ayush Blood Centre, Vaduj, Tal. Khatav, Dist. Satara",Satara,AB-,0.9569767387238788,1
2026-09-09,284433,"Ayush Blood Centre, Vaduj, Tal. Khatav, Dist. Satara",Satara,AB-,0.9569767387238788,1
2026-09-07,284433,"Ayush Blood Centre, Vaduj, Tal. Khatav, Dist. Satara",Satara,B+,0.0028119955072216946,0
2026-09-08,284433,"Ayush Blood Centre, Vaduj, Tal. Khatav, Dist. Satara",Satara,B+,0.0012081753373930854,0
2026-09-09,284433,"Ayush Blood Centre, Vaduj, Tal. Khatav, Dist. Satara",Satara,B+,0.0012081753373930854,0
2026-09-07,284433,"Ayush Blood Centre, Vaduj, Tal. Khatav, Dist. Satara",Satara,B-,0.04708016808483685,0
2026-09-08,284433,"Ayush Blood Centre, Vaduj, Tal. Khatav, Dist. Satara",Satara,B-,0.03286503439273383,0
2026-09-09,284433,"Ayush Blood Centre, Vaduj, Tal. Khatav, Dist. Satara",Satara,B-,0.030596913276096392,0
2026-09-07,284433,"Ayush Blood Centre, Vaduj, Tal. Khatav, Dist. Satara",Satara,O+,0.002349754007938605,0
2026-09-08,284433,"Ayush Blood Centre, Vaduj, Tal. Khatav, Dist. Satara",Satara,O+,0.0012081753373930854,0
2026-09-09,284433,"Ayush Blood Centre, Vaduj, Tal. Khatav, Dist. Satara",Satara,O+,0.0012081753373930854,0
2026-09-07,284433,"Ayush Blood Centre, Vaduj, Tal. Khatav, Dist. Satara",Satara,O-,0.02693490311827044,0
2026-09-08,284433,"Ayush Blood Centre, Vaduj, Tal. Khatav, Dist. Satara",Satara,O-,0.048870038995175336,0
2026-09-09,284433,"Ayush Blood Centre, Vaduj, Tal. Khatav, Dist. Satara",Satara,O-,0.021422031523030773,0
2026-09-07,284443,"Maharashtra Blood Centre, Waluj Midc, Dist. Chh. Sambhaji Nagar (Aurangabad)",Aurangabad,A+,0.014087102374573161,0
2026-09-08,284443,"Maharashtra Blood Centre, Waluj Midc, Dist. Chh. Sambhaji Nagar (Aurangabad)",Aurangabad,A+,0.038867962610820095,0
2026-09-09,284443,"Maharashtra Blood Centre, Waluj Midc, Dist. Chh. Sambhaji Nagar (Aurangabad)",Aurangabad,A+,0.014697315362186292,0
2026-09-07,284443,"Maharashtra Blood Centre, Waluj Midc, Dist. Chh. Sambhaji Nagar (Aurangabad)",Aurangabad,A-,0.9569767387238788,1
2026-09-08,284443,"Maharashtra Blood Centre, Waluj Midc, Dist. Chh. Sambhaji Nagar (Aurangabad)",Aurangabad,A-,0.9569767387238788,1
2026-09-09,284443,"Maharashtra Blood Centre, Waluj Midc, Dist. Chh. Sambhaji Nagar (Aurangabad)",Aurangabad,A-,0.9569767387238788,1
2026-09-07,284443,"Maharashtra Blood Centre, Waluj Midc, Dist. Chh. Sambhaji Nagar (Aurangabad)",Aurangabad,AB+,0.006157621293683294,0
2026-09-08,284443,"Maharashtra Blood Centre, Waluj Midc, Dist. Chh. Sambhaji Nagar (Aurangabad)",Aurangabad,AB+,0.011218267922138765,0
2026-09-09,284443,"Maharashtra Blood Centre, Waluj Midc, Dist. Chh. Sambhaji Nagar (Aurangabad)",Aurangabad,AB+,0.06771598508081593,0
2026-09-07,284443,"Maharashtra Blood Centre, Waluj Midc, Dist. Chh. Sambhaji Nagar (Aurangabad)",Aurangabad,AB-,0.9569767387238788,1
2026-09-08,284443,"Maharashtra Blood Centre, Waluj Midc, Dist. Chh. Sambhaji Nagar (Aurangabad)",Aurangabad,AB-,0.9569767387238788,1
2026-09-09,284443,"Maharashtra Blood Centre, Waluj Midc, Dist. Chh. Sambhaji Nagar (Aurangabad)",Aurangabad,AB-,0.9569767387238788,1
2026-09-07,284443,"Maharashtra Blood Centre, Waluj Midc, Dist. Chh. Sambhaji Nagar (Aurangabad)",Aurangabad,B+,0.0023723226588842398,0
2026-09-08,284443,"Maharashtra Blood Centre, Waluj Midc, Dist. Chh. Sambhaji Nagar (Aurangabad)",Aurangabad,B+,0.0030943689803797983,0
2026-09-09,284443,"Maharashtra Blood Centre, Waluj Midc, Dist. Chh. Sambhaji Nagar (Aurangabad)",Aurangabad,B+,0.002081411434515316,0
2026-09-07,284443,"Maharashtra Blood Centre, Waluj Midc, Dist. Chh. Sambhaji Nagar (Aurangabad)",Aurangabad,B-,0.02693490311827044,0
2026-09-08,284443,"Maharashtra Blood Centre, Waluj Midc, Dist. Chh. Sambhaji Nagar (Aurangabad)",Aurangabad,B-,0.02693490311827044,0
2026-09-09,284443,"Maharashtra Blood Centre, Waluj Midc, Dist. Chh. Sambhaji Nagar (Aurangabad)",Aurangabad,B-,0.02693490311827044,0
2026-09-07,284443,"Maharashtra Blood Centre, Waluj Midc, Dist. Chh. Sambhaji Nagar (Aurangabad)",Aurangabad,O+,0.0021325293501712125,0
2026-09-08,284443,"Maharashtra Blood Centre, Waluj Midc, Dist. Chh. Sambhaji Nagar (Aurangabad)",Aurangabad,O+,0.001479420270781203,0
2026-09-09,284443,"Maharashtra Blood Centre, Waluj Midc, Dist. Chh. Sambhaji Nagar (Aurangabad)",Aurangabad,O+,0.0023502869046517125,0
2026-09-07,284443,"Maharashtra Blood Centre, Waluj Midc, Dist. Chh. Sambhaji Nagar (Aurangabad)",Aurangabad,O-,0.030170888001377773,0
2026-09-08,284443,"Maharashtra Blood Centre, Waluj Midc, Dist. Chh. Sambhaji Nagar (Aurangabad)",Aurangabad,O-,0.030170888001377773,0
2026-09-09,284443,"Maharashtra Blood Centre, Waluj Midc, Dist. Chh. Sambhaji Nagar (Aurangabad)",Aurangabad,O-,0.030170888001377773,0
2026-09-07,284448,"Shwas Foundation Poona Blood Centre, Narayangaon, Tal- Junnar, Dist. Pune",Pune,A+,0.0015576327665718008,0
2026-09-08,284448,"Shwas Foundation Poona Blood Centre, Narayangaon, Tal- Junnar, Dist. Pune",Pune,A+,0.0014491229050379412,0
2026-09-09,284448,"Shwas Foundation Poona Blood Centre, Narayangaon, Tal- Junnar, Dist. Pune",Pune,A+,0.003868912846272358,0
2026-09-07,284448,"Shwas Foundation Poona Blood Centre, Narayangaon, Tal- Junnar, Dist. Pune",Pune,A-,0.05202420222433954,0
2026-09-08,284448,"Shwas Foundation Poona Blood Centre, Narayangaon, Tal- Junnar, Dist. Pune",Pune,A-,0.04708016808483685,0
2026-09-09,284448,"Shwas Foundation Poona Blood Centre, Narayangaon, Tal- Junnar, Dist. Pune",Pune,A-,0.04708016808483685,0
2026-09-07,284448,"Shwas Foundation Poona Blood Centre, Narayangaon, Tal- Junnar, Dist. Pune",Pune,AB+,0.006448991395191843,0
2026-09-08,284448,"Shwas Foundation Poona Blood Centre, Narayangaon, Tal- Junnar, Dist. Pune",Pune,AB+,0.010738350295316043,0
2026-09-09,284448,"Shwas Foundation Poona Blood Centre, Narayangaon, Tal- Junnar, Dist. Pune",Pune,AB+,0.023916825840052888,0
2026-09-07,284448,"Shwas Foundation Poona Blood Centre, Narayangaon, Tal- Junnar, Dist. Pune",Pune,AB-,0.04708016808483685,0
2026-09-08,284448,"Shwas Foundation Poona Blood Centre, Narayangaon, Tal- Junnar, Dist. Pune",Pune,AB-,0.04708016808483685,0
2026-09-09,284448,"Shwas Foundation Poona Blood Centre, Narayangaon, Tal- Junnar, Dist. Pune",Pune,AB-,0.16210439842287436,0
2026-09-07,284448,"Shwas Foundation Poona Blood Centre, Narayangaon, Tal- Junnar, Dist. Pune",Pune,B+,0.001631994911879064,0
2026-09-08,284448,"Shwas Foundation Poona Blood Centre, Narayangaon, Tal- Junnar, Dist. Pune",Pune,B+,0.003450458406800249,0
2026-09-09,284448,"Shwas Foundation Poona Blood Centre, Narayangaon, Tal- Junnar, Dist. Pune",Pune,B+,0.0016656454620446208,0
2026-09-07,284448,"Shwas Foundation Poona Blood Centre, Narayangaon, Tal- Junnar, Dist. Pune",Pune,B-,0.8017482753365046,1
2026-09-08,284448,"Shwas Foundation Poona Blood Centre, Narayangaon, Tal- Junnar, Dist. Pune",Pune,B-,0.9569767387238788,1
2026-09-09,284448,"Shwas Foundation Poona Blood Centre, Narayangaon, Tal- Junnar, Dist. Pune",Pune,B-,0.9569767387238788,1
2026-09-07,284448,"Shwas Foundation Poona Blood Centre, Narayangaon, Tal- Junnar, Dist. Pune",Pune,O+,0.001631994911879064,0
2026-09-08,284448,"Shwas Foundation Poona Blood Centre, Narayangaon, Tal- Junnar, Dist. Pune",Pune,O+,0.002080413896364197,0
2026-09-09,284448,"Shwas Foundation Poona Blood Centre, Narayangaon, Tal- Junnar, Dist. Pune",Pune,O+,0.009996476556282198,0
2026-09-07,284448,"Shwas Foundation Poona Blood Centre, Narayangaon, Tal- Junnar, Dist. Pune",Pune,O-,0.012712982698188378,0
2026-09-08,284448,"Shwas Foundation Poona Blood Centre, Narayangaon, Tal- Junnar, Dist. Pune",Pune,O-,0.017718354444483823,0
2026-09-09,284448,"Shwas Foundation Poona Blood Centre, Narayangaon, Tal- Junnar, Dist. Pune",Pune,O-,0.033510956252759044,0
2026-09-07,284454,"Bhavar Blood Centre,  Badlapur (E), Taluka Ambernath, Dist. Thane",Thane,A+,0.0023477024961107147,0
2026-09-08,284454,"Bhavar Blood Centre,  Badlapur (E), Taluka Ambernath, Dist. Thane",Thane,A+,0.0016656454620446208,0
2026-09-09,284454,"Bhavar Blood Centre,  Badlapur (E), Taluka Ambernath, Dist. Thane",Thane,A+,0.0016488822873041206,0
2026-09-07,284454,"Bhavar Blood Centre,  Badlapur (E), Taluka Ambernath, Dist. Thane",Thane,A-,0.4483383250734861,0
2026-09-08,284454,"Bhavar Blood Centre,  Badlapur (E), Taluka Ambernath, Dist. Thane",Thane,A-,0.2191456872996478,0
2026-09-09,284454,"Bhavar Blood Centre,  Badlapur (E), Taluka Ambernath, Dist. Thane",Thane,A-,0.07097093226410016,0
2026-09-07,284454,"Bhavar Blood Centre,  Badlapur (E), Taluka Ambernath, Dist. Thane",Thane,AB+,0.00189020356093118,0
2026-09-08,284454,"Bhavar Blood Centre,  Badlapur (E), Taluka Ambernath, Dist. Thane",Thane,AB+,0.03395787029266871,0
2026-09-09,284454,"Bhavar Blood Centre,  Badlapur (E), Taluka Ambernath, Dist. Thane",Thane,AB+,0.001539058499830292,0
2026-09-07,284454,"Bhavar Blood Centre,  Badlapur (E), Taluka Ambernath, Dist. Thane",Thane,AB-,0.19140258545014943,0
2026-09-08,284454,"Bhavar Blood Centre,  Badlapur (E), Taluka Ambernath, Dist. Thane",Thane,AB-,0.07307873484699798,0
2026-09-09,284454,"Bhavar Blood Centre,  Badlapur (E), Taluka Ambernath, Dist. Thane",Thane,AB-,0.04708016808483685,0
2026-09-07,284454,"Bhavar Blood Centre,  Badlapur (E), Taluka Ambernath, Dist. Thane",Thane,B+,0.0018898937427603148,0
2026-09-08,284454,"Bhavar Blood Centre,  Badlapur (E), Taluka Ambernath, Dist. Thane",Thane,B+,0.03256295007975283,0
2026-09-09,284454,"Bhavar Blood Centre,  Badlapur (E), Taluka Ambernath, Dist. Thane",Thane,B+,0.0016488822873041206,0
2026-09-07,284454,"Bhavar Blood Centre,  Badlapur (E), Taluka Ambernath, Dist. Thane",Thane,B-,0.026227637219619314,0
2026-09-08,284454,"Bhavar Blood Centre,  Badlapur (E), Taluka Ambernath, Dist. Thane",Thane,B-,0.027568089055482303,0
2026-09-09,284454,"Bhavar Blood Centre,  Badlapur (E), Taluka Ambernath, Dist. Thane",Thane,B-,0.038420806101384763,0
2026-09-07,284454,"Bhavar Blood Centre,  Badlapur (E), Taluka Ambernath, Dist. Thane",Thane,O+,0.05939814173258268,0
2026-09-08,284454,"Bhavar Blood Centre,  Badlapur (E), Taluka Ambernath, Dist. Thane",Thane,O+,0.0016710067755597783,0
2026-09-09,284454,"Bhavar Blood Centre,  Badlapur (E), Taluka Ambernath, Dist. Thane",Thane,O+,0.0016488822873041206,0
2026-09-07,284454,"Bhavar Blood Centre,  Badlapur (E), Taluka Ambernath, Dist. Thane",Thane,O-,0.026729397030373397,0
2026-09-08,284454,"Bhavar Blood Centre,  Badlapur (E), Taluka Ambernath, Dist. Thane",Thane,O-,0.08592653681603607,0
2026-09-09,284454,"Bhavar Blood Centre,  Badlapur (E), Taluka Ambernath, Dist. Thane",Thane,O-,0.04747922356938682,0
2026-09-07,284467,"Mahalaxmi Blood Centre, Kagal,Kolhapur",Kolhapur,A+,0.0023108775049933,0
2026-09-08,284467,"Mahalaxmi Blood Centre, Kagal,Kolhapur",Kolhapur,A+,0.0049129734727776575,0
2026-09-09,284467,"Mahalaxmi Blood Centre, Kagal,Kolhapur",Kolhapur,A+,0.002081411434515316,0
2026-09-07,284467,"Mahalaxmi Blood Centre, Kagal,Kolhapur",Kolhapur,A-,0.09588567459878689,0
2026-09-08,284467,"Mahalaxmi Blood Centre, Kagal,Kolhapur",Kolhapur,A-,0.09588567459878689,0
2026-09-09,284467,"Mahalaxmi Blood Centre, Kagal,Kolhapur",Kolhapur,A-,0.09588567459878689,0
2026-09-07,284467,"Mahalaxmi Blood Centre, Kagal,Kolhapur",Kolhapur,AB+,0.001964233974065344,0
2026-09-08,284467,"Mahalaxmi Blood Centre, Kagal,Kolhapur",Kolhapur,AB+,0.0022832729539047102,0
2026-09-09,284467,"Mahalaxmi Blood Centre, Kagal,Kolhapur",Kolhapur,AB+,0.006291880181831053,0
2026-09-07,284467,"Mahalaxmi Blood Centre, Kagal,Kolhapur",Kolhapur,AB-,0.09588567459878689,0
2026-09-08,284467,"Mahalaxmi Blood Centre, Kagal,Kolhapur",Kolhapur,AB-,0.09588567459878689,0
2026-09-09,284467,"Mahalaxmi Blood Centre, Kagal,Kolhapur",Kolhapur,AB-,0.09588567459878689,0
2026-09-07,284467,"Mahalaxmi Blood Centre, Kagal,Kolhapur",Kolhapur,B+,0.0021205543004745573,0
2026-09-08,284467,"Mahalaxmi Blood Centre, Kagal,Kolhapur",Kolhapur,B+,0.0023477024961107147,0
2026-09-09,284467,"Mahalaxmi Blood Centre, Kagal,Kolhapur",Kolhapur,B+,0.002081411434515316,0
2026-09-07,284467,"Mahalaxmi Blood Centre, Kagal,Kolhapur",Kolhapur,B-,0.045072468254795155,0
2026-09-08,284467,"Mahalaxmi Blood Centre, Kagal,Kolhapur",Kolhapur,B-,0.05202420222433954,0
2026-09-09,284467,"Mahalaxmi Blood Centre, Kagal,Kolhapur",Kolhapur,B-,0.04708016808483685,0
2026-09-07,284467,"Mahalaxmi Blood Centre, Kagal,Kolhapur",Kolhapur,O+,0.002081411434515316,0
2026-09-08,284467,"Mahalaxmi Blood Centre, Kagal,Kolhapur",Kolhapur,O+,0.0028119955072216946,0
2026-09-09,284467,"Mahalaxmi Blood Centre, Kagal,Kolhapur",Kolhapur,O+,0.00189020356093118,0
2026-09-07,284467,"Mahalaxmi Blood Centre, Kagal,Kolhapur",Kolhapur,O-,0.022229048452583756,0
2026-09-08,284467,"Mahalaxmi Blood Centre, Kagal,Kolhapur",Kolhapur,O-,0.022229048452583756,0
2026-09-09,284467,"Mahalaxmi Blood Centre, Kagal,Kolhapur",Kolhapur,O-,0.030146238907467458,0
2026-09-07,284498,Shri Gajanan Blood Centre,Washim,A+,0.9569767387238788,1
2026-09-08,284498,Shri Gajanan Blood Centre,Washim,A+,0.9569767387238788,1
2026-09-09,284498,Shri Gajanan Blood Centre,Washim,A+,0.9569767387238788,1
2026-09-07,284498,Shri Gajanan Blood Centre,Washim,A-,0.9569767387238788,1
2026-09-08,284498,Shri Gajanan Blood Centre,Washim,A-,0.9569767387238788,1
2026-09-09,284498,Shri Gajanan Blood Centre,Washim,A-,0.9569767387238788,1
2026-09-07,284498,Shri Gajanan Blood Centre,Washim,AB+,0.9569767387238788,1
2026-09-08,284498,Shri Gajanan Blood Centre,Washim,AB+,0.9569767387238788,1
2026-09-09,284498,Shri Gajanan Blood Centre,Washim,AB+,0.9569767387238788,1
2026-09-07,284498,Shri Gajanan Blood Centre,Washim,AB-,0.9569767387238788,1
2026-09-08,284498,Shri Gajanan Blood Centre,Washim,AB-,0.9569767387238788,1
2026-09-09,284498,Shri Gajanan Blood Centre,Washim,AB-,0.9569767387238788,1
2026-09-07,284498,Shri Gajanan Blood Centre,Washim,B+,0.9569767387238788,1
2026-09-08,284498,Shri Gajanan Blood Centre,Washim,B+,0.9569767387238788,1
2026-09-09,284498,Shri Gajanan Blood Centre,Washim,B+,0.9569767387238788,1
2026-09-07,284498,Shri Gajanan Blood Centre,Washim,B-,0.9569767387238788,1
2026-09-08,284498,Shri Gajanan Blood Centre,Washim,B-,0.9569767387238788,1
2026-09-09,284498,Shri Gajanan Blood Centre,Washim,B-,0.9569767387238788,1
2026-09-07,284498,Shri Gajanan Blood Centre,Washim,O+,0.9569767387238788,1
2026-09-08,284498,Shri Gajanan Blood Centre,Washim,O+,0.9569767387238788,1
2026-09-09,284498,Shri Gajanan Blood Centre,Washim,O+,0.9569767387238788,1
2026-09-07,284498,Shri Gajanan Blood Centre,Washim,O-,0.9569767387238788,1
2026-09-08,284498,Shri Gajanan Blood Centre,Washim,O-,0.9569767387238788,1
2026-09-09,284498,Shri Gajanan Blood Centre,Washim,O-,0.9569767387238788,1
2026-09-07,284499,"M/S.Uaims Advanced Blood Centre, Ushahkal Abhinav Institute Of Medical  Sciences(Uaims), Sangli. (A U",Sangli,A+,0.004349401156118568,0
2026-09-08,284499,"M/S.Uaims Advanced Blood Centre, Ushahkal Abhinav Institute Of Medical  Sciences(Uaims), Sangli. (A U",Sangli,A+,0.001640537615631788,0
2026-09-09,284499,"M/S.Uaims Advanced Blood Centre, Ushahkal Abhinav Institute Of Medical  Sciences(Uaims), Sangli. (A U",Sangli,A+,0.09329695251773684,0
2026-09-07,284499,"M/S.Uaims Advanced Blood Centre, Ushahkal Abhinav Institute Of Medical  Sciences(Uaims), Sangli. (A U",Sangli,A-,0.9569767387238788,1
2026-09-08,284499,"M/S.Uaims Advanced Blood Centre, Ushahkal Abhinav Institute Of Medical  Sciences(Uaims), Sangli. (A U",Sangli,A-,0.9569767387238788,1
2026-09-09,284499,"M/S.Uaims Advanced Blood Centre, Ushahkal Abhinav Institute Of Medical  Sciences(Uaims), Sangli. (A U",Sangli,A-,0.9569767387238788,1
2026-09-07,284499,"M/S.Uaims Advanced Blood Centre, Ushahkal Abhinav Institute Of Medical  Sciences(Uaims), Sangli. (A U",Sangli,AB+,0.014741662300207273,0
2026-09-08,284499,"M/S.Uaims Advanced Blood Centre, Ushahkal Abhinav Institute Of Medical  Sciences(Uaims), Sangli. (A U",Sangli,AB+,0.007208527672888023,0
2026-09-09,284499,"M/S.Uaims Advanced Blood Centre, Ushahkal Abhinav Institute Of Medical  Sciences(Uaims), Sangli. (A U",Sangli,AB+,0.003388565266765589,0
2026-09-07,284499,"M/S.Uaims Advanced Blood Centre, Ushahkal Abhinav Institute Of Medical  Sciences(Uaims), Sangli. (A U",Sangli,AB-,0.9569767387238788,1
2026-09-08,284499,"M/S.Uaims Advanced Blood Centre, Ushahkal Abhinav Institute Of Medical  Sciences(Uaims), Sangli. (A U",Sangli,AB-,0.9569767387238788,1
2026-09-09,284499,"M/S.Uaims Advanced Blood Centre, Ushahkal Abhinav Institute Of Medical  Sciences(Uaims), Sangli. (A U",Sangli,AB-,0.9569767387238788,1
2026-09-07,284499,"M/S.Uaims Advanced Blood Centre, Ushahkal Abhinav Institute Of Medical  Sciences(Uaims), Sangli. (A U",Sangli,B+,0.020946216283387796,0
2026-09-08,284499,"M/S.Uaims Advanced Blood Centre, Ushahkal Abhinav Institute Of Medical  Sciences(Uaims), Sangli. (A U",Sangli,B+,0.0073331976963104,0
2026-09-09,284499,"M/S.Uaims Advanced Blood Centre, Ushahkal Abhinav Institute Of Medical  Sciences(Uaims), Sangli. (A U",Sangli,B+,0.2253715829637975,0
2026-09-07,284499,"M/S.Uaims Advanced Blood Centre, Ushahkal Abhinav Institute Of Medical  Sciences(Uaims), Sangli. (A U",Sangli,B-,0.4483383250734861,0
2026-09-08,284499,"M/S.Uaims Advanced Blood Centre, Ushahkal Abhinav Institute Of Medical  Sciences(Uaims), Sangli. (A U",Sangli,B-,0.647713153772467,1
2026-09-09,284499,"M/S.Uaims Advanced Blood Centre, Ushahkal Abhinav Institute Of Medical  Sciences(Uaims), Sangli. (A U",Sangli,B-,0.7230546871564677,1
2026-09-07,284499,"M/S.Uaims Advanced Blood Centre, Ushahkal Abhinav Institute Of Medical  Sciences(Uaims), Sangli. (A U",Sangli,O+,0.0011891434105777774,0
2026-09-08,284499,"M/S.Uaims Advanced Blood Centre, Ushahkal Abhinav Institute Of Medical  Sciences(Uaims), Sangli. (A U",Sangli,O+,0.001539058499830292,0
2026-09-09,284499,"M/S.Uaims Advanced Blood Centre, Ushahkal Abhinav Institute Of Medical  Sciences(Uaims), Sangli. (A U",Sangli,O+,0.005930338586716441,0
2026-09-07,284499,"M/S.Uaims Advanced Blood Centre, Ushahkal Abhinav Institute Of Medical  Sciences(Uaims), Sangli. (A U",Sangli,O-,0.9569767387238788,1
2026-09-08,284499,"M/S.Uaims Advanced Blood Centre, Ushahkal Abhinav Institute Of Medical  Sciences(Uaims), Sangli. (A U",Sangli,O-,0.9569767387238788,1
2026-09-09,284499,"M/S.Uaims Advanced Blood Centre, Ushahkal Abhinav Institute Of Medical  Sciences(Uaims), Sangli. (A U",Sangli,O-,0.9569767387238788,1
2026-09-07,284508,Dr.Rajendra Gode Blood Centre And Component Lab,Amravati,A+,0.1758213395855602,0
2026-09-08,284508,Dr.Rajendra Gode Blood Centre And Component Lab,Amravati,A+,0.0022832729539047102,0
2026-09-09,284508,Dr.Rajendra Gode Blood Centre And Component Lab,Amravati,A+,0.0017649198552247415,0
2026-09-07,284508,Dr.Rajendra Gode Blood Centre And Component Lab,Amravati,A-,0.9569767387238788,1
2026-09-08,284508,Dr.Rajendra Gode Blood Centre And Component Lab,Amravati,A-,0.9569767387238788,1
2026-09-09,284508,Dr.Rajendra Gode Blood Centre And Component Lab,Amravati,A-,0.9569767387238788,1
2026-09-07,284508,Dr.Rajendra Gode Blood Centre And Component Lab,Amravati,AB+,0.012663366211571617,0
2026-09-08,284508,Dr.Rajendra Gode Blood Centre And Component Lab,Amravati,AB+,0.06334854699762706,0
2026-09-09,284508,Dr.Rajendra Gode Blood Centre And Component Lab,Amravati,AB+,0.06334854699762706,0
2026-09-07,284508,Dr.Rajendra Gode Blood Centre And Component Lab,Amravati,AB-,0.9569767387238788,1
2026-09-08,284508,Dr.Rajendra Gode Blood Centre And Component Lab,Amravati,AB-,0.9569767387238788,1
2026-09-09,284508,Dr.Rajendra Gode Blood Centre And Component Lab,Amravati,AB-,0.9569767387238788,1
2026-09-07,284508,Dr.Rajendra Gode Blood Centre And Component Lab,Amravati,B+,0.0021224077438302767,0
2026-09-08,284508,Dr.Rajendra Gode Blood Centre And Component Lab,Amravati,B+,0.002349754007938605,0
2026-09-09,284508,Dr.Rajendra Gode Blood Centre And Component Lab,Amravati,B+,0.002349877188887473,0
2026-09-07,284508,Dr.Rajendra Gode Blood Centre And Component Lab,Amravati,B-,0.09588567459878689,0
2026-09-08,284508,Dr.Rajendra Gode Blood Centre And Component Lab,Amravati,B-,0.09588567459878689,0
2026-09-09,284508,Dr.Rajendra Gode Blood Centre And Component Lab,Amravati,B-,0.09588567459878689,0
2026-09-07,284508,Dr.Rajendra Gode Blood Centre And Component Lab,Amravati,O+,0.002349754007938605,0
2026-09-08,284508,Dr.Rajendra Gode Blood Centre And Component Lab,Amravati,O+,0.0023655745439671453,0
2026-09-09,284508,Dr.Rajendra Gode Blood Centre And Component Lab,Amravati,O+,0.0021325293501712125,0
2026-09-07,284508,Dr.Rajendra Gode Blood Centre And Component Lab,Amravati,O-,0.02693490311827044,0
2026-09-08,284508,Dr.Rajendra Gode Blood Centre And Component Lab,Amravati,O-,0.02693490311827044,0
2026-09-09,284508,Dr.Rajendra Gode Blood Centre And Component Lab,Amravati,O-,0.02693490311827044,0
2026-09-07,284509,Sankalp Blood Centre,Satara,A+,0.9569767387238788,1
2026-09-08,284509,Sankalp Blood Centre,Satara,A+,0.26713671323933885,0
2026-09-09,284509,Sankalp Blood Centre,Satara,A+,0.4312182558421531,0
2026-09-07,284509,Sankalp Blood Centre,Satara,A-,0.9569767387238788,1
2026-09-08,284509,Sankalp Blood Centre,Satara,A-,0.3118962354914167,0
2026-09-09,284509,Sankalp Blood Centre,Satara,A-,0.6275360473415984,1
2026-09-07,284509,Sankalp Blood Centre,Satara,AB+,0.9569767387238788,1
2026-09-08,284509,Sankalp Blood Centre,Satara,AB+,0.007765854753019118,0
2026-09-09,284509,Sankalp Blood Centre,Satara,AB+,0.36868833892632563,0
2026-09-07,284509,Sankalp Blood Centre,Satara,AB-,0.9569767387238788,1
2026-09-08,284509,Sankalp Blood Centre,Satara,AB-,0.9569767387238788,1
2026-09-09,284509,Sankalp Blood Centre,Satara,AB-,0.9569767387238788,1
2026-09-07,284509,Sankalp Blood Centre,Satara,B+,0.9569767387238788,1
2026-09-08,284509,Sankalp Blood Centre,Satara,B+,0.33578027398238713,0
2026-09-09,284509,Sankalp Blood Centre,Satara,B+,0.576434747425043,1
2026-09-07,284509,Sankalp Blood Centre,Satara,B-,0.9569767387238788,1
2026-09-08,284509,Sankalp Blood Centre,Satara,B-,0.31682855738935406,0
2026-09-09,284509,Sankalp Blood Centre,Satara,B-,0.6079895771448278,1
2026-09-07,284509,Sankalp Blood Centre,Satara,O+,0.9569767387238788,1
2026-09-08,284509,Sankalp Blood Centre,Satara,O+,0.37436977544985073,0
2026-09-09,284509,Sankalp Blood Centre,Satara,O+,0.6278731833111665,1
2026-09-07,284509,Sankalp Blood Centre,Satara,O-,0.9569767387238788,1
2026-09-08,284509,Sankalp Blood Centre,Satara,O-,0.9569767387238788,1
2026-09-09,284509,Sankalp Blood Centre,Satara,O-,0.9569767387238788,1
2026-09-07,284510,"Saiseva Blood Cantre, Blood Components And Apheresis Centre",Ahmadnagar,A+,0.013268239052090094,0
2026-09-08,284510,"Saiseva Blood Cantre, Blood Components And Apheresis Centre",Ahmadnagar,A+,0.010433960200280019,0
2026-09-09,284510,"Saiseva Blood Cantre, Blood Components And Apheresis Centre",Ahmadnagar,A+,0.01146742442491361,0
2026-09-07,284510,"Saiseva Blood Cantre, Blood Components And Apheresis Centre",Ahmadnagar,A-,0.09588567459878689,0
2026-09-08,284510,"Saiseva Blood Cantre, Blood Components And Apheresis Centre",Ahmadnagar,A-,0.09588567459878689,0
2026-09-09,284510,"Saiseva Blood Cantre, Blood Components And Apheresis Centre",Ahmadnagar,A-,0.09588567459878689,0
2026-09-07,284510,"Saiseva Blood Cantre, Blood Components And Apheresis Centre",Ahmadnagar,AB+,0.0012081753373930854,0
2026-09-08,284510,"Saiseva Blood Cantre, Blood Components And Apheresis Centre",Ahmadnagar,AB+,0.00189020356093118,0
2026-09-09,284510,"Saiseva Blood Cantre, Blood Components And Apheresis Centre",Ahmadnagar,AB+,0.001342652951779423,0
2026-09-07,284510,"Saiseva Blood Cantre, Blood Components And Apheresis Centre",Ahmadnagar,AB-,0.9569767387238788,1
2026-09-08,284510,"Saiseva Blood Cantre, Blood Components And Apheresis Centre",Ahmadnagar,AB-,0.9569767387238788,1
2026-09-09,284510,"Saiseva Blood Cantre, Blood Components And Apheresis Centre",Ahmadnagar,AB-,0.9569767387238788,1
2026-09-07,284510,"Saiseva Blood Cantre, Blood Components And Apheresis Centre",Ahmadnagar,B+,0.004067153975449445,0
2026-09-08,284510,"Saiseva Blood Cantre, Blood Components And Apheresis Centre",Ahmadnagar,B+,0.0022847990245526404,0
2026-09-09,284510,"Saiseva Blood Cantre, Blood Components And Apheresis Centre",Ahmadnagar,B+,0.0058476750699890225,0
2026-09-07,284510,"Saiseva Blood Cantre, Blood Components And Apheresis Centre",Ahmadnagar,B-,0.16311692635487893,0
2026-09-08,284510,"Saiseva Blood Cantre, Blood Components And Apheresis Centre",Ahmadnagar,B-,0.09588567459878689,0
2026-09-09,284510,"Saiseva Blood Cantre, Blood Components And Apheresis Centre",Ahmadnagar,B-,0.09588567459878689,0
2026-09-07,284510,"Saiseva Blood Cantre, Blood Components And Apheresis Centre",Ahmadnagar,O+,0.0012081753373930854,0
2026-09-08,284510,"Saiseva Blood Cantre, Blood Components And Apheresis Centre",Ahmadnagar,O+,0.00323772870719059,0
2026-09-09,284510,"Saiseva Blood Cantre, Blood Components And Apheresis Centre",Ahmadnagar,O+,0.00189020356093118,0
2026-09-07,284510,"Saiseva Blood Cantre, Blood Components And Apheresis Centre",Ahmadnagar,O-,0.05202420222433954,0
2026-09-08,284510,"Saiseva Blood Cantre, Blood Components And Apheresis Centre",Ahmadnagar,O-,0.05202420222433954,0
2026-09-09,284510,"Saiseva Blood Cantre, Blood Components And Apheresis Centre",Ahmadnagar,O-,0.04708016808483685,0
2026-09-07,284514,M/S . Ideal Foundations Ideal Blood Centre,Palghar,A+,0.014893758478657084,0
2026-09-08,284514,M/S . Ideal Foundations Ideal Blood Centre,Palghar,A+,0.015549220216517364,0
2026-09-09,284514,M/S . Ideal Foundations Ideal Blood Centre,Palghar,A+,0.022802306006585386,0
2026-09-07,284514,M/S . Ideal Foundations Ideal Blood Centre,Palghar,A-,0.04708016808483685,0
2026-09-08,284514,M/S . Ideal Foundations Ideal Blood Centre,Palghar,A-,0.04374623320128272,0
2026-09-09,284514,M/S . Ideal Foundations Ideal Blood Centre,Palghar,A-,0.049344382964182504,0
2026-09-07,284514,M/S . Ideal Foundations Ideal Blood Centre,Palghar,AB+,0.9569767387238788,1
2026-09-08,284514,M/S . Ideal Foundations Ideal Blood Centre,Palghar,AB+,0.32268418572950647,0
2026-09-09,284514,M/S . Ideal Foundations Ideal Blood Centre,Palghar,AB+,0.7789323790913819,1
2026-09-07,284514,M/S . Ideal Foundations Ideal Blood Centre,Palghar,AB-,0.9569767387238788,1
2026-09-08,284514,M/S . Ideal Foundations Ideal Blood Centre,Palghar,AB-,0.9569767387238788,1
2026-09-09,284514,M/S . Ideal Foundations Ideal Blood Centre,Palghar,AB-,0.9569767387238788,1
2026-09-07,284514,M/S . Ideal Foundations Ideal Blood Centre,Palghar,B+,0.02501533837767574,0
2026-09-08,284514,M/S . Ideal Foundations Ideal Blood Centre,Palghar,B+,0.043631615830258395,0
2026-09-09,284514,M/S . Ideal Foundations Ideal Blood Centre,Palghar,B+,0.1302550967868219,0
2026-09-07,284514,M/S . Ideal Foundations Ideal Blood Centre,Palghar,B-,0.04708016808483685,0
2026-09-08,284514,M/S . Ideal Foundations Ideal Blood Centre,Palghar,B-,0.04708016808483685,0
2026-09-09,284514,M/S . Ideal Foundations Ideal Blood Centre,Palghar,B-,0.04708016808483685,0
2026-09-07,284514,M/S . Ideal Foundations Ideal Blood Centre,Palghar,O+,0.014371047478912742,0
2026-09-08,284514,M/S . Ideal Foundations Ideal Blood Centre,Palghar,O+,0.00997999823568397,0
2026-09-09,284514,M/S . Ideal Foundations Ideal Blood Centre,Palghar,O+,0.011755266014781995,0
2026-09-07,284514,M/S . Ideal Foundations Ideal Blood Centre,Palghar,O-,0.04708016808483685,0
2026-09-08,284514,M/S . Ideal Foundations Ideal Blood Centre,Palghar,O-,0.04708016808483685,0
2026-09-09,284514,M/S . Ideal Foundations Ideal Blood Centre,Palghar,O-,0.04708016808483685,0
2026-09-07,284529,Spandan Blood Centre,Pune,A+,0.018069289437621084,0
2026-09-08,284529,Spandan Blood Centre,Pune,A+,0.04322951202094485,0
2026-09-09,284529,Spandan Blood Centre,Pune,A+,0.004470746558604746,0
2026-09-07,284529,Spandan Blood Centre,Pune,A-,0.022229048452583756,0
2026-09-08,284529,Spandan Blood Centre,Pune,A-,0.022229048452583756,0
2026-09-09,284529,Spandan Blood Centre,Pune,A-,0.028538558157038173,0
2026-09-07,284529,Spandan Blood Centre,Pune,AB+,0.017718354444483823,0
2026-09-08,284529,Spandan Blood Centre,Pune,AB+,0.017718354444483823,0
2026-09-09,284529,Spandan Blood Centre,Pune,AB+,0.011119883423728544,0
2026-09-07,284529,Spandan Blood Centre,Pune,AB-,0.04708016808483685,0
2026-09-08,284529,Spandan Blood Centre,Pune,AB-,0.04708016808483685,0
2026-09-09,284529,Spandan Blood Centre,Pune,AB-,0.04374623320128272,0
2026-09-07,284529,Spandan Blood Centre,Pune,B+,0.002283048520572994,0
2026-09-08,284529,Spandan Blood Centre,Pune,B+,0.0019925656544987004,0
2026-09-09,284529,Spandan Blood Centre,Pune,B+,0.0012081753373930854,0
2026-09-07,284529,Spandan Blood Centre,Pune,B-,0.02693490311827044,0
2026-09-08,284529,Spandan Blood Centre,Pune,B-,0.02693490311827044,0
2026-09-09,284529,Spandan Blood Centre,Pune,B-,0.02693490311827044,0
2026-09-07,284529,Spandan Blood Centre,Pune,O+,0.020562505324546617,0
2026-09-08,284529,Spandan Blood Centre,Pune,O+,0.022771100580525894,0
2026-09-09,284529,Spandan Blood Centre,Pune,O+,0.004212759904429847,0
2026-09-07,284529,Spandan Blood Centre,Pune,O-,0.030170888001377773,0
2026-09-08,284529,Spandan Blood Centre,Pune,O-,0.030170888001377773,0
2026-09-09,284529,Spandan Blood Centre,Pune,O-,0.043268062053674804,0
2026-09-07,284555,M/S. Freedom Foundation Sanchlit Lifeline Blood Centre,Pune,A+,0.0012081753373930854,0
2026-09-08,284555,M/S. Freedom Foundation Sanchlit Lifeline Blood Centre,Pune,A+,0.0016710067755597783,0
2026-09-09,284555,M/S. Freedom Foundation Sanchlit Lifeline Blood Centre,Pune,A+,0.001670688725475448,0
2026-09-07,284555,M/S. Freedom Foundation Sanchlit Lifeline Blood Centre,Pune,A-,0.03170067070020004,0
2026-09-08,284555,M/S. Freedom Foundation Sanchlit Lifeline Blood Centre,Pune,A-,0.025599083673906342,0
2026-09-09,284555,M/S. Freedom Foundation Sanchlit Lifeline Blood Centre,Pune,A-,0.030146238907467458,0
2026-09-07,284555,M/S. Freedom Foundation Sanchlit Lifeline Blood Centre,Pune,AB+,0.001479420270781203,0
2026-09-08,284555,M/S. Freedom Foundation Sanchlit Lifeline Blood Centre,Pune,AB+,0.0028128063873058967,0
2026-09-09,284555,M/S. Freedom Foundation Sanchlit Lifeline Blood Centre,Pune,AB+,0.002081411434515316,0
2026-09-07,284555,M/S. Freedom Foundation Sanchlit Lifeline Blood Centre,Pune,AB-,0.08680707578515685,0
2026-09-08,284555,M/S. Freedom Foundation Sanchlit Lifeline Blood Centre,Pune,AB-,0.1436924967281039,0
2026-09-09,284555,M/S. Freedom Foundation Sanchlit Lifeline Blood Centre,Pune,AB-,0.16311692635487893,0
2026-09-07,284555,M/S. Freedom Foundation Sanchlit Lifeline Blood Centre,Pune,B+,0.001958139311879014,0
2026-09-08,284555,M/S. Freedom Foundation Sanchlit Lifeline Blood Centre,Pune,B+,0.0028666811130925347,0
2026-09-09,284555,M/S. Freedom Foundation Sanchlit Lifeline Blood Centre,Pune,B+,0.0016710067755597783,0
2026-09-07,284555,M/S. Freedom Foundation Sanchlit Lifeline Blood Centre,Pune,B-,0.018069289437621084,0
2026-09-08,284555,M/S. Freedom Foundation Sanchlit Lifeline Blood Centre,Pune,B-,0.018069289437621084,0
2026-09-09,284555,M/S. Freedom Foundation Sanchlit Lifeline Blood Centre,Pune,B-,0.04322951202094485,0
2026-09-07,284555,M/S. Freedom Foundation Sanchlit Lifeline Blood Centre,Pune,O+,0.0012081753373930854,0
2026-09-08,284555,M/S. Freedom Foundation Sanchlit Lifeline Blood Centre,Pune,O+,0.0012081753373930854,0
2026-09-09,284555,M/S. Freedom Foundation Sanchlit Lifeline Blood Centre,Pune,O+,0.0016656454620446208,0
2026-09-07,284555,M/S. Freedom Foundation Sanchlit Lifeline Blood Centre,Pune,O-,0.043268062053674804,0
2026-09-08,284555,M/S. Freedom Foundation Sanchlit Lifeline Blood Centre,Pune,O-,0.02736043162432607,0
2026-09-09,284555,M/S. Freedom Foundation Sanchlit Lifeline Blood Centre,Pune,O-,0.030146238907467458,0
2026-09-07,284589,M/S. Jai Mata Di Bahuddeshiya SansthaS Melghat Blood Centre,Amravati,A+,0.0032595823659506626,0
2026-09-08,284589,M/S. Jai Mata Di Bahuddeshiya SansthaS Melghat Blood Centre,Amravati,A+,0.00796712201336577,0
2026-09-09,284589,M/S. Jai Mata Di Bahuddeshiya SansthaS Melghat Blood Centre,Amravati,A+,0.00189020356093118,0
2026-09-07,284589,M/S. Jai Mata Di Bahuddeshiya SansthaS Melghat Blood Centre,Amravati,A-,0.02693490311827044,0
2026-09-08,284589,M/S. Jai Mata Di Bahuddeshiya SansthaS Melghat Blood Centre,Amravati,A-,0.02693490311827044,0
2026-09-09,284589,M/S. Jai Mata Di Bahuddeshiya SansthaS Melghat Blood Centre,Amravati,A-,0.02693490311827044,0
2026-09-07,284589,M/S. Jai Mata Di Bahuddeshiya SansthaS Melghat Blood Centre,Amravati,AB+,0.0015063363726798703,0
2026-09-08,284589,M/S. Jai Mata Di Bahuddeshiya SansthaS Melghat Blood Centre,Amravati,AB+,0.0019779452095100773,0
2026-09-09,284589,M/S. Jai Mata Di Bahuddeshiya SansthaS Melghat Blood Centre,Amravati,AB+,0.002283048520572994,0
2026-09-07,284589,M/S. Jai Mata Di Bahuddeshiya SansthaS Melghat Blood Centre,Amravati,AB-,0.7684382335810872,1
2026-09-08,284589,M/S. Jai Mata Di Bahuddeshiya SansthaS Melghat Blood Centre,Amravati,AB-,0.756606744965914,1
2026-09-09,284589,M/S. Jai Mata Di Bahuddeshiya SansthaS Melghat Blood Centre,Amravati,AB-,0.9569767387238788,1
2026-09-07,284589,M/S. Jai Mata Di Bahuddeshiya SansthaS Melghat Blood Centre,Amravati,B+,0.0012081753373930854,0
2026-09-08,284589,M/S. Jai Mata Di Bahuddeshiya SansthaS Melghat Blood Centre,Amravati,B+,0.0021205543004745573,0
2026-09-09,284589,M/S. Jai Mata Di Bahuddeshiya SansthaS Melghat Blood Centre,Amravati,B+,0.0016710067755597783,0
2026-09-07,284589,M/S. Jai Mata Di Bahuddeshiya SansthaS Melghat Blood Centre,Amravati,B-,0.0234272307170759,0
2026-09-08,284589,M/S. Jai Mata Di Bahuddeshiya SansthaS Melghat Blood Centre,Amravati,B-,0.012712982698188378,0
2026-09-09,284589,M/S. Jai Mata Di Bahuddeshiya SansthaS Melghat Blood Centre,Amravati,B-,0.017718354444483823,0
2026-09-07,284589,M/S. Jai Mata Di Bahuddeshiya SansthaS Melghat Blood Centre,Amravati,O+,0.00189020356093118,0
2026-09-08,284589,M/S. Jai Mata Di Bahuddeshiya SansthaS Melghat Blood Centre,Amravati,O+,0.00189020356093118,0
2026-09-09,284589,M/S. Jai Mata Di Bahuddeshiya SansthaS Melghat Blood Centre,Amravati,O+,0.0016710067755597783,0
2026-09-07,284589,M/S. Jai Mata Di Bahuddeshiya SansthaS Melghat Blood Centre,Amravati,O-,0.029302692540175843,0
2026-09-08,284589,M/S. Jai Mata Di Bahuddeshiya SansthaS Melghat Blood Centre,Amravati,O-,0.4705998843296342,0
2026-09-09,284589,M/S. Jai Mata Di Bahuddeshiya SansthaS Melghat Blood Centre,Amravati,O-,0.03580337662986036,0
2026-09-07,284720,"Dr. D.Y. Patil Medical College Hospital And Research Centre Blood Centre,  Pimpri, Pune.",Pune,A+,0.0014965339873995508,0
2026-09-08,284720,"Dr. D.Y. Patil Medical College Hospital And Research Centre Blood Centre,  Pimpri, Pune.",Pune,A+,0.0012081753373930854,0
2026-09-09,284720,"Dr. D.Y. Patil Medical College Hospital And Research Centre Blood Centre,  Pimpri, Pune.",Pune,A+,0.0016710067755597783,0
2026-09-07,284720,"Dr. D.Y. Patil Medical College Hospital And Research Centre Blood Centre,  Pimpri, Pune.",Pune,A-,0.21709229561493532,0
2026-09-08,284720,"Dr. D.Y. Patil Medical College Hospital And Research Centre Blood Centre,  Pimpri, Pune.",Pune,A-,0.019330266248131632,0
2026-09-09,284720,"Dr. D.Y. Patil Medical College Hospital And Research Centre Blood Centre,  Pimpri, Pune.",Pune,A-,0.4885607634548848,0
2026-09-07,284720,"Dr. D.Y. Patil Medical College Hospital And Research Centre Blood Centre,  Pimpri, Pune.",Pune,AB+,0.001190847257569241,0
2026-09-08,284720,"Dr. D.Y. Patil Medical College Hospital And Research Centre Blood Centre,  Pimpri, Pune.",Pune,AB+,0.0012081753373930854,0
2026-09-09,284720,"Dr. D.Y. Patil Medical College Hospital And Research Centre Blood Centre,  Pimpri, Pune.",Pune,AB+,0.0036620011624712606,0
2026-09-07,284720,"Dr. D.Y. Patil Medical College Hospital And Research Centre Blood Centre,  Pimpri, Pune.",Pune,AB-,0.030170888001377773,0
2026-09-08,284720,"Dr. D.Y. Patil Medical College Hospital And Research Centre Blood Centre,  Pimpri, Pune.",Pune,AB-,0.35436282402880315,0
2026-09-09,284720,"Dr. D.Y. Patil Medical College Hospital And Research Centre Blood Centre,  Pimpri, Pune.",Pune,AB-,0.26637804198487136,0
2026-09-07,284720,"Dr. D.Y. Patil Medical College Hospital And Research Centre Blood Centre,  Pimpri, Pune.",Pune,B+,0.0011957829087145444,0
2026-09-08,284720,"Dr. D.Y. Patil Medical College Hospital And Research Centre Blood Centre,  Pimpri, Pune.",Pune,B+,0.0011957829087145444,0
2026-09-09,284720,"Dr. D.Y. Patil Medical College Hospital And Research Centre Blood Centre,  Pimpri, Pune.",Pune,B+,0.0016710067755597783,0
2026-09-07,284720,"Dr. D.Y. Patil Medical College Hospital And Research Centre Blood Centre,  Pimpri, Pune.",Pune,B-,0.07000733556595519,0
2026-09-08,284720,"Dr. D.Y. Patil Medical College Hospital And Research Centre Blood Centre,  Pimpri, Pune.",Pune,B-,0.02285933410188832,0
2026-09-09,284720,"Dr. D.Y. Patil Medical College Hospital And Research Centre Blood Centre,  Pimpri, Pune.",Pune,B-,0.022652282591765858,0
2026-09-07,284720,"Dr. D.Y. Patil Medical College Hospital And Research Centre Blood Centre,  Pimpri, Pune.",Pune,O+,0.0011957829087145444,0
2026-09-08,284720,"Dr. D.Y. Patil Medical College Hospital And Research Centre Blood Centre,  Pimpri, Pune.",Pune,O+,0.0011957829087145444,0
2026-09-09,284720,"Dr. D.Y. Patil Medical College Hospital And Research Centre Blood Centre,  Pimpri, Pune.",Pune,O+,0.003806270921095235,0
2026-09-07,284720,"Dr. D.Y. Patil Medical College Hospital And Research Centre Blood Centre,  Pimpri, Pune.",Pune,O-,0.022304891951675045,0
2026-09-08,284720,"Dr. D.Y. Patil Medical College Hospital And Research Centre Blood Centre,  Pimpri, Pune.",Pune,O-,0.018989011703298378,0
2026-09-09,284720,"Dr. D.Y. Patil Medical College Hospital And Research Centre Blood Centre,  Pimpri, Pune.",Pune,O-,0.04322951202094485,0
2026-09-07,284721,"Kranti Mitra Mandal Public Charitable Trusts, Om Blood Centre, Shirur.",Pune,A+,0.0022971773746879084,0
2026-09-08,284721,"Kranti Mitra Mandal Public Charitable Trusts, Om Blood Centre, Shirur.",Pune,A+,0.0022971773746879084,0
2026-09-09,284721,"Kranti Mitra Mandal Public Charitable Trusts, Om Blood Centre, Shirur.",Pune,A+,0.0022971773746879084,0
2026-09-07,284721,"Kranti Mitra Mandal Public Charitable Trusts, Om Blood Centre, Shirur.",Pune,A-,0.09588567459878689,0
2026-09-08,284721,"Kranti Mitra Mandal Public Charitable Trusts, Om Blood Centre, Shirur.",Pune,A-,0.09588567459878689,0
2026-09-09,284721,"Kranti Mitra Mandal Public Charitable Trusts, Om Blood Centre, Shirur.",Pune,A-,0.09588567459878689,0
2026-09-07,284721,"Kranti Mitra Mandal Public Charitable Trusts, Om Blood Centre, Shirur.",Pune,AB+,0.012511089184108457,0
2026-09-08,284721,"Kranti Mitra Mandal Public Charitable Trusts, Om Blood Centre, Shirur.",Pune,AB+,0.02626651767943478,0
2026-09-09,284721,"Kranti Mitra Mandal Public Charitable Trusts, Om Blood Centre, Shirur.",Pune,AB+,0.02626651767943478,0
2026-09-07,284721,"Kranti Mitra Mandal Public Charitable Trusts, Om Blood Centre, Shirur.",Pune,AB-,0.04708016808483685,0
2026-09-08,284721,"Kranti Mitra Mandal Public Charitable Trusts, Om Blood Centre, Shirur.",Pune,AB-,0.04708016808483685,0
2026-09-09,284721,"Kranti Mitra Mandal Public Charitable Trusts, Om Blood Centre, Shirur.",Pune,AB-,0.04708016808483685,0
2026-09-07,284721,"Kranti Mitra Mandal Public Charitable Trusts, Om Blood Centre, Shirur.",Pune,B+,0.0023011712854675353,0
2026-09-08,284721,"Kranti Mitra Mandal Public Charitable Trusts, Om Blood Centre, Shirur.",Pune,B+,0.0023011712854675353,0
2026-09-09,284721,"Kranti Mitra Mandal Public Charitable Trusts, Om Blood Centre, Shirur.",Pune,B+,0.0023011712854675353,0
2026-09-07,284721,"Kranti Mitra Mandal Public Charitable Trusts, Om Blood Centre, Shirur.",Pune,B-,0.04708016808483685,0
2026-09-08,284721,"Kranti Mitra Mandal Public Charitable Trusts, Om Blood Centre, Shirur.",Pune,B-,0.04708016808483685,0
2026-09-09,284721,"Kranti Mitra Mandal Public Charitable Trusts, Om Blood Centre, Shirur.",Pune,B-,0.04708016808483685,0
2026-09-07,284721,"Kranti Mitra Mandal Public Charitable Trusts, Om Blood Centre, Shirur.",Pune,O+,0.003953230761797235,0
2026-09-08,284721,"Kranti Mitra Mandal Public Charitable Trusts, Om Blood Centre, Shirur.",Pune,O+,0.003953230761797235,0
2026-09-09,284721,"Kranti Mitra Mandal Public Charitable Trusts, Om Blood Centre, Shirur.",Pune,O+,0.003953230761797235,0
2026-09-07,284721,"Kranti Mitra Mandal Public Charitable Trusts, Om Blood Centre, Shirur.",Pune,O-,0.022802306006585386,0
2026-09-08,284721,"Kranti Mitra Mandal Public Charitable Trusts, Om Blood Centre, Shirur.",Pune,O-,0.022229048452583756,0
2026-09-09,284721,"Kranti Mitra Mandal Public Charitable Trusts, Om Blood Centre, Shirur.",Pune,O-,0.022229048452583756,0
2026-09-07,284762,"Maya Blood Centre, Badlapur (W), Tal. Ambernath, Dist.Thane",Thane,A+,0.02693490311827044,0
2026-09-08,284762,"Maya Blood Centre, Badlapur (W), Tal. Ambernath, Dist.Thane",Thane,A+,0.02693490311827044,0
2026-09-09,284762,"Maya Blood Centre, Badlapur (W), Tal. Ambernath, Dist.Thane",Thane,A+,0.02693490311827044,0
2026-09-07,284762,"Maya Blood Centre, Badlapur (W), Tal. Ambernath, Dist.Thane",Thane,A-,0.9569767387238788,1
2026-09-08,284762,"Maya Blood Centre, Badlapur (W), Tal. Ambernath, Dist.Thane",Thane,A-,0.9569767387238788,1
2026-09-09,284762,"Maya Blood Centre, Badlapur (W), Tal. Ambernath, Dist.Thane",Thane,A-,0.9569767387238788,1
2026-09-07,284762,"Maya Blood Centre, Badlapur (W), Tal. Ambernath, Dist.Thane",Thane,AB+,0.9569767387238788,1
2026-09-08,284762,"Maya Blood Centre, Badlapur (W), Tal. Ambernath, Dist.Thane",Thane,AB+,0.9569767387238788,1
2026-09-09,284762,"Maya Blood Centre, Badlapur (W), Tal. Ambernath, Dist.Thane",Thane,AB+,0.9569767387238788,1
2026-09-07,284762,"Maya Blood Centre, Badlapur (W), Tal. Ambernath, Dist.Thane",Thane,AB-,0.9569767387238788,1
2026-09-08,284762,"Maya Blood Centre, Badlapur (W), Tal. Ambernath, Dist.Thane",Thane,AB-,0.9569767387238788,1
2026-09-09,284762,"Maya Blood Centre, Badlapur (W), Tal. Ambernath, Dist.Thane",Thane,AB-,0.9569767387238788,1
2026-09-07,284762,"Maya Blood Centre, Badlapur (W), Tal. Ambernath, Dist.Thane",Thane,B+,0.09588567459878689,0
2026-09-08,284762,"Maya Blood Centre, Badlapur (W), Tal. Ambernath, Dist.Thane",Thane,B+,0.09588567459878689,0
2026-09-09,284762,"Maya Blood Centre, Badlapur (W), Tal. Ambernath, Dist.Thane",Thane,B+,0.09588567459878689,0
2026-09-07,284762,"Maya Blood Centre, Badlapur (W), Tal. Ambernath, Dist.Thane",Thane,B-,0.9569767387238788,1
2026-09-08,284762,"Maya Blood Centre, Badlapur (W), Tal. Ambernath, Dist.Thane",Thane,B-,0.9569767387238788,1
2026-09-09,284762,"Maya Blood Centre, Badlapur (W), Tal. Ambernath, Dist.Thane",Thane,B-,0.9569767387238788,1
2026-09-07,284762,"Maya Blood Centre, Badlapur (W), Tal. Ambernath, Dist.Thane",Thane,O+,0.012760506423855105,0
2026-09-08,284762,"Maya Blood Centre, Badlapur (W), Tal. Ambernath, Dist.Thane",Thane,O+,0.012760506423855105,0
2026-09-09,284762,"Maya Blood Centre, Badlapur (W), Tal. Ambernath, Dist.Thane",Thane,O+,0.012760506423855105,0
2026-09-07,284762,"Maya Blood Centre, Badlapur (W), Tal. Ambernath, Dist.Thane",Thane,O-,0.9569767387238788,1
2026-09-08,284762,"Maya Blood Centre, Badlapur (W), Tal. Ambernath, Dist.Thane",Thane,O-,0.9569767387238788,1
2026-09-09,284762,"Maya Blood Centre, Badlapur (W), Tal. Ambernath, Dist.Thane",Thane,O-,0.9569767387238788,1
2026-09-07,284763,"Balaji Blood Centre, Lonand, Khandala Taluk, Dist. Satara",Satara,A+,0.01048351218897596,0
2026-09-08,284763,"Balaji Blood Centre, Lonand, Khandala Taluk, Dist. Satara",Satara,A+,0.020804346693004044,0
2026-09-09,284763,"Balaji Blood Centre, Lonand, Khandala Taluk, Dist. Satara",Satara,A+,0.005575769160840046,0
2026-09-07,284763,"Balaji Blood Centre, Lonand, Khandala Taluk, Dist. Satara",Satara,A-,0.8017482753365046,1
2026-09-08,284763,"Balaji Blood Centre, Lonand, Khandala Taluk, Dist. Satara",Satara,A-,0.9569767387238788,1
2026-09-09,284763,"Balaji Blood Centre, Lonand, Khandala Taluk, Dist. Satara",Satara,A-,0.9569767387238788,1
2026-09-07,284763,"Balaji Blood Centre, Lonand, Khandala Taluk, Dist. Satara",Satara,AB+,0.3798038576626602,0
2026-09-08,284763,"Balaji Blood Centre, Lonand, Khandala Taluk, Dist. Satara",Satara,AB+,0.32268418572950647,0
2026-09-09,284763,"Balaji Blood Centre, Lonand, Khandala Taluk, Dist. Satara",Satara,AB+,0.037751955199744155,0
2026-09-07,284763,"Balaji Blood Centre, Lonand, Khandala Taluk, Dist. Satara",Satara,AB-,0.8017482753365046,1
2026-09-08,284763,"Balaji Blood Centre, Lonand, Khandala Taluk, Dist. Satara",Satara,AB-,0.9569767387238788,1
2026-09-09,284763,"Balaji Blood Centre, Lonand, Khandala Taluk, Dist. Satara",Satara,AB-,0.9569767387238788,1
2026-09-07,284763,"Balaji Blood Centre, Lonand, Khandala Taluk, Dist. Satara",Satara,B+,0.0015737692971105907,0
2026-09-08,284763,"Balaji Blood Centre, Lonand, Khandala Taluk, Dist. Satara",Satara,B+,0.0021448794670033905,0
2026-09-09,284763,"Balaji Blood Centre, Lonand, Khandala Taluk, Dist. Satara",Satara,B+,0.0012081753373930854,0
2026-09-07,284763,"Balaji Blood Centre, Lonand, Khandala Taluk, Dist. Satara",Satara,B-,0.9569767387238788,1
2026-09-08,284763,"Balaji Blood Centre, Lonand, Khandala Taluk, Dist. Satara",Satara,B-,0.9569767387238788,1
2026-09-09,284763,"Balaji Blood Centre, Lonand, Khandala Taluk, Dist. Satara",Satara,B-,0.31682855738935406,0
2026-09-07,284763,"Balaji Blood Centre, Lonand, Khandala Taluk, Dist. Satara",Satara,O+,0.043484272604456434,0
2026-09-08,284763,"Balaji Blood Centre, Lonand, Khandala Taluk, Dist. Satara",Satara,O+,0.027129450787843346,0
2026-09-09,284763,"Balaji Blood Centre, Lonand, Khandala Taluk, Dist. Satara",Satara,O+,0.007670696264184706,0
2026-09-07,284763,"Balaji Blood Centre, Lonand, Khandala Taluk, Dist. Satara",Satara,O-,0.7230546871564677,1
2026-09-08,284763,"Balaji Blood Centre, Lonand, Khandala Taluk, Dist. Satara",Satara,O-,0.9569767387238788,1
2026-09-09,284763,"Balaji Blood Centre, Lonand, Khandala Taluk, Dist. Satara",Satara,O-,0.32268418572950647,0
2026-09-07,284764,"Blood Centre And Component Separation Unit, Sub-District Hospital, Dharni,  District Amravati",Amravati,A+,0.05398541813603042,0
2026-09-08,284764,"Blood Centre And Component Separation Unit, Sub-District Hospital, Dharni,  District Amravati",Amravati,A+,0.006066702750695888,0
2026-09-09,284764,"Blood Centre And Component Separation Unit, Sub-District Hospital, Dharni,  District Amravati",Amravati,A+,0.011567468519372999,0
2026-09-07,284764,"Blood Centre And Component Separation Unit, Sub-District Hospital, Dharni,  District Amravati",Amravati,A-,0.03170067070020004,0
2026-09-08,284764,"Blood Centre And Component Separation Unit, Sub-District Hospital, Dharni,  District Amravati",Amravati,A-,0.025599083673906342,0
2026-09-09,284764,"Blood Centre And Component Separation Unit, Sub-District Hospital, Dharni,  District Amravati",Amravati,A-,0.022229048452583756,0
2026-09-07,284764,"Blood Centre And Component Separation Unit, Sub-District Hospital, Dharni,  District Amravati",Amravati,AB+,0.026148907481581312,0
2026-09-08,284764,"Blood Centre And Component Separation Unit, Sub-District Hospital, Dharni,  District Amravati",Amravati,AB+,0.04745043176639573,0
2026-09-09,284764,"Blood Centre And Component Separation Unit, Sub-District Hospital, Dharni,  District Amravati",Amravati,AB+,0.022229048452583756,0
2026-09-07,284764,"Blood Centre And Component Separation Unit, Sub-District Hospital, Dharni,  District Amravati",Amravati,AB-,0.16210439842287436,0
2026-09-08,284764,"Blood Centre And Component Separation Unit, Sub-District Hospital, Dharni,  District Amravati",Amravati,AB-,0.16311692635487893,0
2026-09-09,284764,"Blood Centre And Component Separation Unit, Sub-District Hospital, Dharni,  District Amravati",Amravati,AB-,0.7542144173100465,1
2026-09-07,284764,"Blood Centre And Component Separation Unit, Sub-District Hospital, Dharni,  District Amravati",Amravati,B+,0.004063617022490152,0
2026-09-08,284764,"Blood Centre And Component Separation Unit, Sub-District Hospital, Dharni,  District Amravati",Amravati,B+,0.00877879469380281,0
2026-09-09,284764,"Blood Centre And Component Separation Unit, Sub-District Hospital, Dharni,  District Amravati",Amravati,B+,0.006030091626578206,0
2026-09-07,284764,"Blood Centre And Component Separation Unit, Sub-District Hospital, Dharni,  District Amravati",Amravati,B-,0.03170067070020004,0
2026-09-08,284764,"Blood Centre And Component Separation Unit, Sub-District Hospital, Dharni,  District Amravati",Amravati,B-,0.025599083673906342,0
2026-09-09,284764,"Blood Centre And Component Separation Unit, Sub-District Hospital, Dharni,  District Amravati",Amravati,B-,0.022229048452583756,0
2026-09-07,284764,"Blood Centre And Component Separation Unit, Sub-District Hospital, Dharni,  District Amravati",Amravati,O+,0.004063617022490152,0
2026-09-08,284764,"Blood Centre And Component Separation Unit, Sub-District Hospital, Dharni,  District Amravati",Amravati,O+,0.0016710067755597783,0
2026-09-09,284764,"Blood Centre And Component Separation Unit, Sub-District Hospital, Dharni,  District Amravati",Amravati,O+,0.0036623168297334895,0
2026-09-07,284764,"Blood Centre And Component Separation Unit, Sub-District Hospital, Dharni,  District Amravati",Amravati,O-,0.09588567459878689,0
2026-09-08,284764,"Blood Centre And Component Separation Unit, Sub-District Hospital, Dharni,  District Amravati",Amravati,O-,0.09588567459878689,0
2026-09-09,284764,"Blood Centre And Component Separation Unit, Sub-District Hospital, Dharni,  District Amravati",Amravati,O-,0.09588567459878689,0
2026-09-07,284765,"Shree Sainath Blood Centre, Sinnar, Tal. Sinnar, Dist. Nashik",Nashik,A+,0.017477364220469246,0
2026-09-08,284765,"Shree Sainath Blood Centre, Sinnar, Tal. Sinnar, Dist. Nashik",Nashik,A+,0.025089364914163876,0
2026-09-09,284765,"Shree Sainath Blood Centre, Sinnar, Tal. Sinnar, Dist. Nashik",Nashik,A+,0.010973388271991041,0
2026-09-07,284765,"Shree Sainath Blood Centre, Sinnar, Tal. Sinnar, Dist. Nashik",Nashik,A-,0.030170888001377773,0
2026-09-08,284765,"Shree Sainath Blood Centre, Sinnar, Tal. Sinnar, Dist. Nashik",Nashik,A-,0.1791511862761025,0
2026-09-09,284765,"Shree Sainath Blood Centre, Sinnar, Tal. Sinnar, Dist. Nashik",Nashik,A-,0.1498097922182252,0
2026-09-07,284765,"Shree Sainath Blood Centre, Sinnar, Tal. Sinnar, Dist. Nashik",Nashik,AB+,0.32268418572950647,0
2026-09-08,284765,"Shree Sainath Blood Centre, Sinnar, Tal. Sinnar, Dist. Nashik",Nashik,AB+,0.14681513403309893,0
2026-09-09,284765,"Shree Sainath Blood Centre, Sinnar, Tal. Sinnar, Dist. Nashik",Nashik,AB+,0.05421883653906218,0
2026-09-07,284765,"Shree Sainath Blood Centre, Sinnar, Tal. Sinnar, Dist. Nashik",Nashik,AB-,0.9569767387238788,1
2026-09-08,284765,"Shree Sainath Blood Centre, Sinnar, Tal. Sinnar, Dist. Nashik",Nashik,AB-,0.9569767387238788,1
2026-09-09,284765,"Shree Sainath Blood Centre, Sinnar, Tal. Sinnar, Dist. Nashik",Nashik,AB-,0.32268418572950647,0
2026-09-07,284765,"Shree Sainath Blood Centre, Sinnar, Tal. Sinnar, Dist. Nashik",Nashik,B+,0.012826000047267415,0
2026-09-08,284765,"Shree Sainath Blood Centre, Sinnar, Tal. Sinnar, Dist. Nashik",Nashik,B+,0.17285947846842403,0
2026-09-09,284765,"Shree Sainath Blood Centre, Sinnar, Tal. Sinnar, Dist. Nashik",Nashik,B+,0.043842654759303816,0
2026-09-07,284765,"Shree Sainath Blood Centre, Sinnar, Tal. Sinnar, Dist. Nashik",Nashik,B-,0.02693490311827044,0
2026-09-08,284765,"Shree Sainath Blood Centre, Sinnar, Tal. Sinnar, Dist. Nashik",Nashik,B-,0.02693490311827044,0
2026-09-09,284765,"Shree Sainath Blood Centre, Sinnar, Tal. Sinnar, Dist. Nashik",Nashik,B-,0.08680707578515685,0
2026-09-07,284765,"Shree Sainath Blood Centre, Sinnar, Tal. Sinnar, Dist. Nashik",Nashik,O+,0.017477364220469246,0
2026-09-08,284765,"Shree Sainath Blood Centre, Sinnar, Tal. Sinnar, Dist. Nashik",Nashik,O+,0.02490193571428545,0
2026-09-09,284765,"Shree Sainath Blood Centre, Sinnar, Tal. Sinnar, Dist. Nashik",Nashik,O+,0.015204036952608182,0
2026-09-07,284765,"Shree Sainath Blood Centre, Sinnar, Tal. Sinnar, Dist. Nashik",Nashik,O-,0.04708016808483685,0
2026-09-08,284765,"Shree Sainath Blood Centre, Sinnar, Tal. Sinnar, Dist. Nashik",Nashik,O-,0.5857594138375063,1
2026-09-09,284765,"Shree Sainath Blood Centre, Sinnar, Tal. Sinnar, Dist. Nashik",Nashik,O-,0.26373230248423335,0
2026-09-07,284803,"Hinjewadi Blood Centre, Hinjewadi, Tal. Mulshi, Dist. Pune",Pune,A+,0.0021789692231545,0
2026-09-08,284803,"Hinjewadi Blood Centre, Hinjewadi, Tal. Mulshi, Dist. Pune",Pune,A+,0.0021789692231545,0
2026-09-09,284803,"Hinjewadi Blood Centre, Hinjewadi, Tal. Mulshi, Dist. Pune",Pune,A+,0.0021789692231545,0
2026-09-07,284803,"Hinjewadi Blood Centre, Hinjewadi, Tal. Mulshi, Dist. Pune",Pune,A-,0.015816975002225914,0
2026-09-08,284803,"Hinjewadi Blood Centre, Hinjewadi, Tal. Mulshi, Dist. Pune",Pune,A-,0.015816975002225914,0
2026-09-09,284803,"Hinjewadi Blood Centre, Hinjewadi, Tal. Mulshi, Dist. Pune",Pune,A-,0.015816975002225914,0
2026-09-07,284803,"Hinjewadi Blood Centre, Hinjewadi, Tal. Mulshi, Dist. Pune",Pune,AB+,0.0021325293501712125,0
2026-09-08,284803,"Hinjewadi Blood Centre, Hinjewadi, Tal. Mulshi, Dist. Pune",Pune,AB+,0.0021325293501712125,0
2026-09-09,284803,"Hinjewadi Blood Centre, Hinjewadi, Tal. Mulshi, Dist. Pune",Pune,AB+,0.0021325293501712125,0
2026-09-07,284803,"Hinjewadi Blood Centre, Hinjewadi, Tal. Mulshi, Dist. Pune",Pune,AB-,0.04708016808483685,0
2026-09-08,284803,"Hinjewadi Blood Centre, Hinjewadi, Tal. Mulshi, Dist. Pune",Pune,AB-,0.04708016808483685,0
2026-09-09,284803,"Hinjewadi Blood Centre, Hinjewadi, Tal. Mulshi, Dist. Pune",Pune,AB-,0.04708016808483685,0
2026-09-07,284803,"Hinjewadi Blood Centre, Hinjewadi, Tal. Mulshi, Dist. Pune",Pune,B+,0.0021789692231545,0
2026-09-08,284803,"Hinjewadi Blood Centre, Hinjewadi, Tal. Mulshi, Dist. Pune",Pune,B+,0.0021789692231545,0
2026-09-09,284803,"Hinjewadi Blood Centre, Hinjewadi, Tal. Mulshi, Dist. Pune",Pune,B+,0.0021789692231545,0
2026-09-07,284803,"Hinjewadi Blood Centre, Hinjewadi, Tal. Mulshi, Dist. Pune",Pune,B-,0.06334854699762706,0
2026-09-08,284803,"Hinjewadi Blood Centre, Hinjewadi, Tal. Mulshi, Dist. Pune",Pune,B-,0.06334854699762706,0
2026-09-09,284803,"Hinjewadi Blood Centre, Hinjewadi, Tal. Mulshi, Dist. Pune",Pune,B-,0.06334854699762706,0
2026-09-07,284803,"Hinjewadi Blood Centre, Hinjewadi, Tal. Mulshi, Dist. Pune",Pune,O+,0.0024969291568260575,0
2026-09-08,284803,"Hinjewadi Blood Centre, Hinjewadi, Tal. Mulshi, Dist. Pune",Pune,O+,0.0024969291568260575,0
2026-09-09,284803,"Hinjewadi Blood Centre, Hinjewadi, Tal. Mulshi, Dist. Pune",Pune,O+,0.0024969291568260575,0
2026-09-07,284803,"Hinjewadi Blood Centre, Hinjewadi, Tal. Mulshi, Dist. Pune",Pune,O-,0.015816975002225914,0
2026-09-08,284803,"Hinjewadi Blood Centre, Hinjewadi, Tal. Mulshi, Dist. Pune",Pune,O-,0.015816975002225914,0
2026-09-09,284803,"Hinjewadi Blood Centre, Hinjewadi, Tal. Mulshi, Dist. Pune",Pune,O-,0.015816975002225914,0
2026-09-07,284835,"Shaurya Blood Centre, Blood Component And Apheresis Centre, Ahmedpur, Dist.  Latur",Latur,A+,0.002081411434515316,0
2026-09-08,284835,"Shaurya Blood Centre, Blood Component And Apheresis Centre, Ahmedpur, Dist.  Latur",Latur,A+,0.00323772870719059,0
2026-09-09,284835,"Shaurya Blood Centre, Blood Component And Apheresis Centre, Ahmedpur, Dist.  Latur",Latur,A+,0.002081411434515316,0
2026-09-07,284835,"Shaurya Blood Centre, Blood Component And Apheresis Centre, Ahmedpur, Dist.  Latur",Latur,A-,0.017718354444483823,0
2026-09-08,284835,"Shaurya Blood Centre, Blood Component And Apheresis Centre, Ahmedpur, Dist.  Latur",Latur,A-,0.017718354444483823,0
2026-09-09,284835,"Shaurya Blood Centre, Blood Component And Apheresis Centre, Ahmedpur, Dist.  Latur",Latur,A-,0.017718354444483823,0
2026-09-07,284835,"Shaurya Blood Centre, Blood Component And Apheresis Centre, Ahmedpur, Dist.  Latur",Latur,AB+,0.002665365538399618,0
2026-09-08,284835,"Shaurya Blood Centre, Blood Component And Apheresis Centre, Ahmedpur, Dist.  Latur",Latur,AB+,0.002081411434515316,0
2026-09-09,284835,"Shaurya Blood Centre, Blood Component And Apheresis Centre, Ahmedpur, Dist.  Latur",Latur,AB+,0.0031347451950678898,0
2026-09-07,284835,"Shaurya Blood Centre, Blood Component And Apheresis Centre, Ahmedpur, Dist.  Latur",Latur,AB-,0.25630335146839917,0
2026-09-08,284835,"Shaurya Blood Centre, Blood Component And Apheresis Centre, Ahmedpur, Dist.  Latur",Latur,AB-,0.06359269300419938,0
2026-09-09,284835,"Shaurya Blood Centre, Blood Component And Apheresis Centre, Ahmedpur, Dist.  Latur",Latur,AB-,0.03948497181287609,0
2026-09-07,284835,"Shaurya Blood Centre, Blood Component And Apheresis Centre, Ahmedpur, Dist.  Latur",Latur,B+,0.0016710067755597783,0
2026-09-08,284835,"Shaurya Blood Centre, Blood Component And Apheresis Centre, Ahmedpur, Dist.  Latur",Latur,B+,0.002383154406311712,0
2026-09-09,284835,"Shaurya Blood Centre, Blood Component And Apheresis Centre, Ahmedpur, Dist.  Latur",Latur,B+,0.013168107090995817,0
2026-09-07,284835,"Shaurya Blood Centre, Blood Component And Apheresis Centre, Ahmedpur, Dist.  Latur",Latur,B-,0.012760506423855105,0
2026-09-08,284835,"Shaurya Blood Centre, Blood Component And Apheresis Centre, Ahmedpur, Dist.  Latur",Latur,B-,0.012760506423855105,0
2026-09-09,284835,"Shaurya Blood Centre, Blood Component And Apheresis Centre, Ahmedpur, Dist.  Latur",Latur,B-,0.012760506423855105,0
2026-09-07,284835,"Shaurya Blood Centre, Blood Component And Apheresis Centre, Ahmedpur, Dist.  Latur",Latur,O+,0.006032265075398925,0
2026-09-08,284835,"Shaurya Blood Centre, Blood Component And Apheresis Centre, Ahmedpur, Dist.  Latur",Latur,O+,0.009968978722352289,0
2026-09-09,284835,"Shaurya Blood Centre, Blood Component And Apheresis Centre, Ahmedpur, Dist.  Latur",Latur,O+,0.0086625848185704,0
2026-09-07,284835,"Shaurya Blood Centre, Blood Component And Apheresis Centre, Ahmedpur, Dist.  Latur",Latur,O-,0.01146742442491361,0
2026-09-08,284835,"Shaurya Blood Centre, Blood Component And Apheresis Centre, Ahmedpur, Dist.  Latur",Latur,O-,0.012663366211571617,0
2026-09-09,284835,"Shaurya Blood Centre, Blood Component And Apheresis Centre, Ahmedpur, Dist.  Latur",Latur,O-,0.015186839396326183,0
2026-09-07,284843,"Government Medical College And General Hospital Blood Centre, Baramati,  District  Pune",Pune,A+,0.01146742442491361,0
2026-09-08,284843,"Government Medical College And General Hospital Blood Centre, Baramati,  District  Pune",Pune,A+,0.010273222922623936,0
2026-09-09,284843,"Government Medical College And General Hospital Blood Centre, Baramati,  District  Pune",Pune,A+,0.015572606775258237,0
2026-09-07,284843,"Government Medical College And General Hospital Blood Centre, Baramati,  District  Pune",Pune,A-,0.9569767387238788,1
2026-09-08,284843,"Government Medical College And General Hospital Blood Centre, Baramati,  District  Pune",Pune,A-,0.9569767387238788,1
2026-09-09,284843,"Government Medical College And General Hospital Blood Centre, Baramati,  District  Pune",Pune,A-,0.9569767387238788,1
2026-09-07,284843,"Government Medical College And General Hospital Blood Centre, Baramati,  District  Pune",Pune,AB+,0.16210439842287436,0
2026-09-08,284843,"Government Medical College And General Hospital Blood Centre, Baramati,  District  Pune",Pune,AB+,0.6732578724904705,1
2026-09-09,284843,"Government Medical College And General Hospital Blood Centre, Baramati,  District  Pune",Pune,AB+,0.8017482753365046,1
2026-09-07,284843,"Government Medical College And General Hospital Blood Centre, Baramati,  District  Pune",Pune,AB-,0.9569767387238788,1
2026-09-08,284843,"Government Medical College And General Hospital Blood Centre, Baramati,  District  Pune",Pune,AB-,0.9569767387238788,1
2026-09-09,284843,"Government Medical College And General Hospital Blood Centre, Baramati,  District  Pune",Pune,AB-,0.9569767387238788,1
2026-09-07,284843,"Government Medical College And General Hospital Blood Centre, Baramati,  District  Pune",Pune,B+,0.05202420222433954,0
2026-09-08,284843,"Government Medical College And General Hospital Blood Centre, Baramati,  District  Pune",Pune,B+,0.04708016808483685,0
2026-09-09,284843,"Government Medical College And General Hospital Blood Centre, Baramati,  District  Pune",Pune,B+,0.02301562755739159,0
2026-09-07,284843,"Government Medical College And General Hospital Blood Centre, Baramati,  District  Pune",Pune,B-,0.9569767387238788,1
2026-09-08,284843,"Government Medical College And General Hospital Blood Centre, Baramati,  District  Pune",Pune,B-,0.9569767387238788,1
2026-09-09,284843,"Government Medical College And General Hospital Blood Centre, Baramati,  District  Pune",Pune,B-,0.9569767387238788,1
2026-09-07,284843,"Government Medical College And General Hospital Blood Centre, Baramati,  District  Pune",Pune,O+,0.04708016808483685,0
2026-09-08,284843,"Government Medical College And General Hospital Blood Centre, Baramati,  District  Pune",Pune,O+,0.16210439842287436,0
2026-09-09,284843,"Government Medical College And General Hospital Blood Centre, Baramati,  District  Pune",Pune,O+,0.04517090010282452,0
2026-09-07,284843,"Government Medical College And General Hospital Blood Centre, Baramati,  District  Pune",Pune,O-,0.09588567459878689,0
2026-09-08,284843,"Government Medical College And General Hospital Blood Centre, Baramati,  District  Pune",Pune,O-,0.09588567459878689,0
2026-09-09,284843,"Government Medical College And General Hospital Blood Centre, Baramati,  District  Pune",Pune,O-,0.09588567459878689,0
2026-09-07,284844,"Civil Hospital Palghar Blood Centre, Palghar",Palghar,A+,0.013136580667810543,0
2026-09-08,284844,"Civil Hospital Palghar Blood Centre, Palghar",Palghar,A+,0.014406164284245617,0
2026-09-09,284844,"Civil Hospital Palghar Blood Centre, Palghar",Palghar,A+,0.014087102374573161,0
2026-09-07,284844,"Civil Hospital Palghar Blood Centre, Palghar",Palghar,A-,0.030170888001377773,0
2026-09-08,284844,"Civil Hospital Palghar Blood Centre, Palghar",Palghar,A-,0.030170888001377773,0
2026-09-09,284844,"Civil Hospital Palghar Blood Centre, Palghar",Palghar,A-,0.030170888001377773,0
2026-09-07,284844,"Civil Hospital Palghar Blood Centre, Palghar",Palghar,AB+,0.02693490311827044,0
2026-09-08,284844,"Civil Hospital Palghar Blood Centre, Palghar",Palghar,AB+,0.027568089055482303,0
2026-09-09,284844,"Civil Hospital Palghar Blood Centre, Palghar",Palghar,AB+,0.028831849716799477,0
2026-09-07,284844,"Civil Hospital Palghar Blood Centre, Palghar",Palghar,AB-,0.09588567459878689,0
2026-09-08,284844,"Civil Hospital Palghar Blood Centre, Palghar",Palghar,AB-,0.09588567459878689,0
2026-09-09,284844,"Civil Hospital Palghar Blood Centre, Palghar",Palghar,AB-,0.09588567459878689,0
2026-09-07,284844,"Civil Hospital Palghar Blood Centre, Palghar",Palghar,B+,0.00602938938853866,0
2026-09-08,284844,"Civil Hospital Palghar Blood Centre, Palghar",Palghar,B+,0.005853896746593243,0
2026-09-09,284844,"Civil Hospital Palghar Blood Centre, Palghar",Palghar,B+,0.01469994325095396,0
2026-09-07,284844,"Civil Hospital Palghar Blood Centre, Palghar",Palghar,B-,0.09588567459878689,0
2026-09-08,284844,"Civil Hospital Palghar Blood Centre, Palghar",Palghar,B-,0.09588567459878689,0
2026-09-09,284844,"Civil Hospital Palghar Blood Centre, Palghar",Palghar,B-,0.09588567459878689,0
2026-09-07,284844,"Civil Hospital Palghar Blood Centre, Palghar",Palghar,O+,0.0018083016729429655,0
2026-09-08,284844,"Civil Hospital Palghar Blood Centre, Palghar",Palghar,O+,0.002102066829764391,0
2026-09-09,284844,"Civil Hospital Palghar Blood Centre, Palghar",Palghar,O+,0.002621488626421924,0
2026-09-07,284844,"Civil Hospital Palghar Blood Centre, Palghar",Palghar,O-,0.04708016808483685,0
2026-09-08,284844,"Civil Hospital Palghar Blood Centre, Palghar",Palghar,O-,0.04708016808483685,0
2026-09-09,284844,"Civil Hospital Palghar Blood Centre, Palghar",Palghar,O-,0.04708016808483685,0
2026-09-07,284861,"Indian Red Cross Society Bel Air Blood Centre, Wai, Dist. Satara",Satara,A+,0.11641460249601522,0
2026-09-08,284861,"Indian Red Cross Society Bel Air Blood Centre, Wai, Dist. Satara",Satara,A+,0.02710329607277478,0
2026-09-09,284861,"Indian Red Cross Society Bel Air Blood Centre, Wai, Dist. Satara",Satara,A+,0.029023058603733984,0
2026-09-07,284861,"Indian Red Cross Society Bel Air Blood Centre, Wai, Dist. Satara",Satara,A-,0.02693490311827044,0
2026-09-08,284861,"Indian Red Cross Society Bel Air Blood Centre, Wai, Dist. Satara",Satara,A-,0.03466932460927841,0
2026-09-09,284861,"Indian Red Cross Society Bel Air Blood Centre, Wai, Dist. Satara",Satara,A-,0.02053657563219467,0
2026-09-07,284861,"Indian Red Cross Society Bel Air Blood Centre, Wai, Dist. Satara",Satara,AB+,0.022652282591765858,0
2026-09-08,284861,"Indian Red Cross Society Bel Air Blood Centre, Wai, Dist. Satara",Satara,AB+,0.06258588845286361,0
2026-09-09,284861,"Indian Red Cross Society Bel Air Blood Centre, Wai, Dist. Satara",Satara,AB+,0.021212475862087476,0
2026-09-07,284861,"Indian Red Cross Society Bel Air Blood Centre, Wai, Dist. Satara",Satara,AB-,0.09588567459878689,0
2026-09-08,284861,"Indian Red Cross Society Bel Air Blood Centre, Wai, Dist. Satara",Satara,AB-,0.09588567459878689,0
2026-09-09,284861,"Indian Red Cross Society Bel Air Blood Centre, Wai, Dist. Satara",Satara,AB-,0.09588567459878689,0
2026-09-07,284861,"Indian Red Cross Society Bel Air Blood Centre, Wai, Dist. Satara",Satara,B+,0.02626651767943478,0
2026-09-08,284861,"Indian Red Cross Society Bel Air Blood Centre, Wai, Dist. Satara",Satara,B+,0.008615082653462685,0
2026-09-09,284861,"Indian Red Cross Society Bel Air Blood Centre, Wai, Dist. Satara",Satara,B+,0.011782353384250254,0
2026-09-07,284861,"Indian Red Cross Society Bel Air Blood Centre, Wai, Dist. Satara",Satara,B-,0.09588567459878689,0
2026-09-08,284861,"Indian Red Cross Society Bel Air Blood Centre, Wai, Dist. Satara",Satara,B-,0.09588567459878689,0
2026-09-09,284861,"Indian Red Cross Society Bel Air Blood Centre, Wai, Dist. Satara",Satara,B-,0.09588567459878689,0
2026-09-07,284861,"Indian Red Cross Society Bel Air Blood Centre, Wai, Dist. Satara",Satara,O+,0.006798657658382421,0
2026-09-08,284861,"Indian Red Cross Society Bel Air Blood Centre, Wai, Dist. Satara",Satara,O+,0.0013385835926315302,0
2026-09-09,284861,"Indian Red Cross Society Bel Air Blood Centre, Wai, Dist. Satara",Satara,O+,0.0014684864296740836,0
2026-09-07,284861,"Indian Red Cross Society Bel Air Blood Centre, Wai, Dist. Satara",Satara,O-,0.04708016808483685,0
2026-09-08,284861,"Indian Red Cross Society Bel Air Blood Centre, Wai, Dist. Satara",Satara,O-,0.04708016808483685,0
2026-09-09,284861,"Indian Red Cross Society Bel Air Blood Centre, Wai, Dist. Satara",Satara,O-,0.04708016808483685,0
2026-09-07,284864,"Sahyaadrie Blood Centre,  Midc Waluj Industrial Area, Vadgaon Kolhati, Chh.  Sambhajinagar.",Aurangabad,A+,0.00243660711851806,0
2026-09-08,284864,"Sahyaadrie Blood Centre,  Midc Waluj Industrial Area, Vadgaon Kolhati, Chh.  Sambhajinagar.",Aurangabad,A+,0.001991471903952442,0
2026-09-09,284864,"Sahyaadrie Blood Centre,  Midc Waluj Industrial Area, Vadgaon Kolhati, Chh.  Sambhajinagar.",Aurangabad,A+,0.010585034107055882,0
2026-09-07,284864,"Sahyaadrie Blood Centre,  Midc Waluj Industrial Area, Vadgaon Kolhati, Chh.  Sambhajinagar.",Aurangabad,A-,0.09588567459878689,0
2026-09-08,284864,"Sahyaadrie Blood Centre,  Midc Waluj Industrial Area, Vadgaon Kolhati, Chh.  Sambhajinagar.",Aurangabad,A-,0.09588567459878689,0
2026-09-09,284864,"Sahyaadrie Blood Centre,  Midc Waluj Industrial Area, Vadgaon Kolhati, Chh.  Sambhajinagar.",Aurangabad,A-,0.09588567459878689,0
2026-09-07,284864,"Sahyaadrie Blood Centre,  Midc Waluj Industrial Area, Vadgaon Kolhati, Chh.  Sambhajinagar.",Aurangabad,AB+,0.008770682325168472,0
2026-09-08,284864,"Sahyaadrie Blood Centre,  Midc Waluj Industrial Area, Vadgaon Kolhati, Chh.  Sambhajinagar.",Aurangabad,AB+,0.005981787567192329,0
2026-09-09,284864,"Sahyaadrie Blood Centre,  Midc Waluj Industrial Area, Vadgaon Kolhati, Chh.  Sambhajinagar.",Aurangabad,AB+,0.004950703064177182,0
2026-09-07,284864,"Sahyaadrie Blood Centre,  Midc Waluj Industrial Area, Vadgaon Kolhati, Chh.  Sambhajinagar.",Aurangabad,AB-,0.9569767387238788,1
2026-09-08,284864,"Sahyaadrie Blood Centre,  Midc Waluj Industrial Area, Vadgaon Kolhati, Chh.  Sambhajinagar.",Aurangabad,AB-,0.9569767387238788,1
2026-09-09,284864,"Sahyaadrie Blood Centre,  Midc Waluj Industrial Area, Vadgaon Kolhati, Chh.  Sambhajinagar.",Aurangabad,AB-,0.9569767387238788,1
2026-09-07,284864,"Sahyaadrie Blood Centre,  Midc Waluj Industrial Area, Vadgaon Kolhati, Chh.  Sambhajinagar.",Aurangabad,B+,0.0016710067755597783,0
2026-09-08,284864,"Sahyaadrie Blood Centre,  Midc Waluj Industrial Area, Vadgaon Kolhati, Chh.  Sambhajinagar.",Aurangabad,B+,0.0042666735589751495,0
2026-09-09,284864,"Sahyaadrie Blood Centre,  Midc Waluj Industrial Area, Vadgaon Kolhati, Chh.  Sambhajinagar.",Aurangabad,B+,0.002081411434515316,0
2026-09-07,284864,"Sahyaadrie Blood Centre,  Midc Waluj Industrial Area, Vadgaon Kolhati, Chh.  Sambhajinagar.",Aurangabad,B-,0.12343103402261249,0
2026-09-08,284864,"Sahyaadrie Blood Centre,  Midc Waluj Industrial Area, Vadgaon Kolhati, Chh.  Sambhajinagar.",Aurangabad,B-,0.09588567459878689,0
2026-09-09,284864,"Sahyaadrie Blood Centre,  Midc Waluj Industrial Area, Vadgaon Kolhati, Chh.  Sambhajinagar.",Aurangabad,B-,0.09588567459878689,0
2026-09-07,284864,"Sahyaadrie Blood Centre,  Midc Waluj Industrial Area, Vadgaon Kolhati, Chh.  Sambhajinagar.",Aurangabad,O+,0.0024214412739079895,0
2026-09-08,284864,"Sahyaadrie Blood Centre,  Midc Waluj Industrial Area, Vadgaon Kolhati, Chh.  Sambhajinagar.",Aurangabad,O+,0.012983637903559792,0
2026-09-09,284864,"Sahyaadrie Blood Centre,  Midc Waluj Industrial Area, Vadgaon Kolhati, Chh.  Sambhajinagar.",Aurangabad,O+,0.0023477024961107147,0
2026-09-07,284864,"Sahyaadrie Blood Centre,  Midc Waluj Industrial Area, Vadgaon Kolhati, Chh.  Sambhajinagar.",Aurangabad,O-,0.16311692635487893,0
2026-09-08,284864,"Sahyaadrie Blood Centre,  Midc Waluj Industrial Area, Vadgaon Kolhati, Chh.  Sambhajinagar.",Aurangabad,O-,0.09588567459878689,0
2026-09-09,284864,"Sahyaadrie Blood Centre,  Midc Waluj Industrial Area, Vadgaon Kolhati, Chh.  Sambhajinagar.",Aurangabad,O-,0.09588567459878689,0
2026-09-07,284915,Yogeshwari Blood Centre,Bid,A+,0.0018083016729429655,0
2026-09-08,284915,Yogeshwari Blood Centre,Bid,A+,0.0018083016729429655,0
2026-09-09,284915,Yogeshwari Blood Centre,Bid,A+,0.0018083016729429655,0
2026-09-07,284915,Yogeshwari Blood Centre,Bid,A-,0.7542144173100465,1
2026-09-08,284915,Yogeshwari Blood Centre,Bid,A-,0.8017482753365046,1
2026-09-09,284915,Yogeshwari Blood Centre,Bid,A-,0.32268418572950647,0
2026-09-07,284915,Yogeshwari Blood Centre,Bid,AB+,0.018069289437621084,0
2026-09-08,284915,Yogeshwari Blood Centre,Bid,AB+,0.018069289437621084,0
2026-09-09,284915,Yogeshwari Blood Centre,Bid,AB+,0.04322951202094485,0
2026-09-07,284915,Yogeshwari Blood Centre,Bid,AB-,0.9569767387238788,1
2026-09-08,284915,Yogeshwari Blood Centre,Bid,AB-,0.9569767387238788,1
2026-09-09,284915,Yogeshwari Blood Centre,Bid,AB-,0.9569767387238788,1
2026-09-07,284915,Yogeshwari Blood Centre,Bid,B+,0.0021325293501712125,0
2026-09-08,284915,Yogeshwari Blood Centre,Bid,B+,0.0021325293501712125,0
2026-09-09,284915,Yogeshwari Blood Centre,Bid,B+,0.0021325293501712125,0
2026-09-07,284915,Yogeshwari Blood Centre,Bid,B-,0.7542144173100465,1
2026-09-08,284915,Yogeshwari Blood Centre,Bid,B-,0.8017482753365046,1
2026-09-09,284915,Yogeshwari Blood Centre,Bid,B-,0.9569767387238788,1
2026-09-07,284915,Yogeshwari Blood Centre,Bid,O+,0.0021326411679135986,0
2026-09-08,284915,Yogeshwari Blood Centre,Bid,O+,0.0021326411679135986,0
2026-09-09,284915,Yogeshwari Blood Centre,Bid,O+,0.0021326411679135986,0
2026-09-07,284915,Yogeshwari Blood Centre,Bid,O-,0.09588567459878689,0
2026-09-08,284915,Yogeshwari Blood Centre,Bid,O-,0.09588567459878689,0
2026-09-09,284915,Yogeshwari Blood Centre,Bid,O-,0.09588567459878689,0
2026-09-07,284921,M/S. AsplS Csmss Medical College And Hospital Blood Centre,Aurangabad,A+,0.8017482753365046,1
2026-09-08,284921,M/S. AsplS Csmss Medical College And Hospital Blood Centre,Aurangabad,A+,0.9569767387238788,1
2026-09-09,284921,M/S. AsplS Csmss Medical College And Hospital Blood Centre,Aurangabad,A+,0.9569767387238788,1
2026-09-07,284921,M/S. AsplS Csmss Medical College And Hospital Blood Centre,Aurangabad,A-,0.9569767387238788,1
2026-09-08,284921,M/S. AsplS Csmss Medical College And Hospital Blood Centre,Aurangabad,A-,0.9569767387238788,1
2026-09-09,284921,M/S. AsplS Csmss Medical College And Hospital Blood Centre,Aurangabad,A-,0.9569767387238788,1
2026-09-07,284921,M/S. AsplS Csmss Medical College And Hospital Blood Centre,Aurangabad,AB+,0.9569767387238788,1
2026-09-08,284921,M/S. AsplS Csmss Medical College And Hospital Blood Centre,Aurangabad,AB+,0.32268418572950647,0
2026-09-09,284921,M/S. AsplS Csmss Medical College And Hospital Blood Centre,Aurangabad,AB+,0.14681513403309893,0
2026-09-07,284921,M/S. AsplS Csmss Medical College And Hospital Blood Centre,Aurangabad,AB-,0.9569767387238788,1
2026-09-08,284921,M/S. AsplS Csmss Medical College And Hospital Blood Centre,Aurangabad,AB-,0.9569767387238788,1
2026-09-09,284921,M/S. AsplS Csmss Medical College And Hospital Blood Centre,Aurangabad,AB-,0.9569767387238788,1
2026-09-07,284921,M/S. AsplS Csmss Medical College And Hospital Blood Centre,Aurangabad,B+,0.10364569345882475,0
2026-09-08,284921,M/S. AsplS Csmss Medical College And Hospital Blood Centre,Aurangabad,B+,0.09588567459878689,0
2026-09-09,284921,M/S. AsplS Csmss Medical College And Hospital Blood Centre,Aurangabad,B+,0.09588567459878689,0
2026-09-07,284921,M/S. AsplS Csmss Medical College And Hospital Blood Centre,Aurangabad,B-,0.9569767387238788,1
2026-09-08,284921,M/S. AsplS Csmss Medical College And Hospital Blood Centre,Aurangabad,B-,0.9569767387238788,1
2026-09-09,284921,M/S. AsplS Csmss Medical College And Hospital Blood Centre,Aurangabad,B-,0.9569767387238788,1
2026-09-07,284921,M/S. AsplS Csmss Medical College And Hospital Blood Centre,Aurangabad,O+,0.13619277636544122,0
2026-09-08,284921,M/S. AsplS Csmss Medical College And Hospital Blood Centre,Aurangabad,O+,0.057347578586959165,0
2026-09-09,284921,M/S. AsplS Csmss Medical College And Hospital Blood Centre,Aurangabad,O+,0.04267073846196896,0
2026-09-07,284921,M/S. AsplS Csmss Medical College And Hospital Blood Centre,Aurangabad,O-,0.786299925543641,1
2026-09-08,284921,M/S. AsplS Csmss Medical College And Hospital Blood Centre,Aurangabad,O-,0.31682855738935406,0
2026-09-09,284921,M/S. AsplS Csmss Medical College And Hospital Blood Centre,Aurangabad,O-,0.11137846256372314,0
2026-09-07,284946,Keshari Blood Centre,Thane,A+,0.002081411434515316,0
2026-09-08,284946,Keshari Blood Centre,Thane,A+,0.00189020356093118,0
2026-09-09,284946,Keshari Blood Centre,Thane,A+,0.006640638982957858,0
2026-09-07,284946,Keshari Blood Centre,Thane,A-,0.16210439842287436,0
2026-09-08,284946,Keshari Blood Centre,Thane,A-,0.05840963795906487,0
2026-09-09,284946,Keshari Blood Centre,Thane,A-,0.07105022241162556,0
2026-09-07,284946,Keshari Blood Centre,Thane,AB+,0.012208333080213981,0
2026-09-08,284946,Keshari Blood Centre,Thane,AB+,0.014087102374573161,0
2026-09-09,284946,Keshari Blood Centre,Thane,AB+,0.013018713377242303,0
2026-09-07,284946,Keshari Blood Centre,Thane,AB-,0.09588567459878689,0
2026-09-08,284946,Keshari Blood Centre,Thane,AB-,0.09588567459878689,0
2026-09-09,284946,Keshari Blood Centre,Thane,AB-,0.7542144173100465,1
2026-09-07,284946,Keshari Blood Centre,Thane,B+,0.004950703064177182,0
2026-09-08,284946,Keshari Blood Centre,Thane,B+,0.10381696850967856,0
2026-09-09,284946,Keshari Blood Centre,Thane,B+,0.04421550638791304,0
2026-09-07,284946,Keshari Blood Centre,Thane,B-,0.09588567459878689,0
2026-09-08,284946,Keshari Blood Centre,Thane,B-,0.09588567459878689,0
2026-09-09,284946,Keshari Blood Centre,Thane,B-,0.05421883653906218,0
2026-09-07,284946,Keshari Blood Centre,Thane,O+,0.0019925656544987004,0
2026-09-08,284946,Keshari Blood Centre,Thane,O+,0.004397747198896642,0
2026-09-09,284946,Keshari Blood Centre,Thane,O+,0.0013385835926315302,0
2026-09-07,284946,Keshari Blood Centre,Thane,O-,0.32559708094662476,0
2026-09-08,284946,Keshari Blood Centre,Thane,O-,0.14681513403309893,0
2026-09-09,284946,Keshari Blood Centre,Thane,O-,0.7542144173100465,1
2026-09-07,284961,"Wagholi Blood Centre, Wagholi,Pune",Pune,A+,0.005312884228245267,0
2026-09-08,284961,"Wagholi Blood Centre, Wagholi,Pune",Pune,A+,0.004129896513566333,0
2026-09-09,284961,"Wagholi Blood Centre, Wagholi,Pune",Pune,A+,0.07031506016118436,0
2026-09-07,284961,"Wagholi Blood Centre, Wagholi,Pune",Pune,A-,0.9569767387238788,1
2026-09-08,284961,"Wagholi Blood Centre, Wagholi,Pune",Pune,A-,0.32268418572950647,0
2026-09-09,284961,"Wagholi Blood Centre, Wagholi,Pune",Pune,A-,0.7789323790913819,1
2026-09-07,284961,"Wagholi Blood Centre, Wagholi,Pune",Pune,AB+,0.02693490311827044,0
2026-09-08,284961,"Wagholi Blood Centre, Wagholi,Pune",Pune,AB+,0.03466932460927841,0
2026-09-09,284961,"Wagholi Blood Centre, Wagholi,Pune",Pune,AB+,0.17142593896278202,0
2026-09-07,284961,"Wagholi Blood Centre, Wagholi,Pune",Pune,AB-,0.9569767387238788,1
2026-09-08,284961,"Wagholi Blood Centre, Wagholi,Pune",Pune,AB-,0.9569767387238788,1
2026-09-09,284961,"Wagholi Blood Centre, Wagholi,Pune",Pune,AB-,0.9569767387238788,1
2026-09-07,284961,"Wagholi Blood Centre, Wagholi,Pune",Pune,B+,0.0021325293501712125,0
2026-09-08,284961,"Wagholi Blood Centre, Wagholi,Pune",Pune,B+,0.0012081753373930854,0
2026-09-09,284961,"Wagholi Blood Centre, Wagholi,Pune",Pune,B+,0.4291275137651565,0
2026-09-07,284961,"Wagholi Blood Centre, Wagholi,Pune",Pune,B-,0.32268418572950647,0
2026-09-08,284961,"Wagholi Blood Centre, Wagholi,Pune",Pune,B-,0.14681513403309893,0
2026-09-09,284961,"Wagholi Blood Centre, Wagholi,Pune",Pune,B-,0.7542144173100465,1
2026-09-07,284961,"Wagholi Blood Centre, Wagholi,Pune",Pune,O+,0.002081411434515316,0
2026-09-08,284961,"Wagholi Blood Centre, Wagholi,Pune",Pune,O+,0.0015964965089086413,0
2026-09-09,284961,"Wagholi Blood Centre, Wagholi,Pune",Pune,O+,0.002081411434515316,0
2026-09-07,284961,"Wagholi Blood Centre, Wagholi,Pune",Pune,O-,0.9569767387238788,1
2026-09-08,284961,"Wagholi Blood Centre, Wagholi,Pune",Pune,O-,0.32268418572950647,0
2026-09-09,284961,"Wagholi Blood Centre, Wagholi,Pune",Pune,O-,0.14681513403309893,0
2026-09-07,285061,Pachpande Multispeciality Hospital Blood Storage Center,Jalgaon,A+,0.9569767387238788,1
2026-09-08,285061,Pachpande Multispeciality Hospital Blood Storage Center,Jalgaon,A+,0.9569767387238788,1
2026-09-09,285061,Pachpande Multispeciality Hospital Blood Storage Center,Jalgaon,A+,0.9569767387238788,1
2026-09-07,285061,Pachpande Multispeciality Hospital Blood Storage Center,Jalgaon,A-,0.9569767387238788,1
2026-09-08,285061,Pachpande Multispeciality Hospital Blood Storage Center,Jalgaon,A-,0.9569767387238788,1
2026-09-09,285061,Pachpande Multispeciality Hospital Blood Storage Center,Jalgaon,A-,0.9569767387238788,1
2026-09-07,285061,Pachpande Multispeciality Hospital Blood Storage Center,Jalgaon,AB+,0.09588567459878689,0
2026-09-08,285061,Pachpande Multispeciality Hospital Blood Storage Center,Jalgaon,AB+,0.09588567459878689,0
2026-09-09,285061,Pachpande Multispeciality Hospital Blood Storage Center,Jalgaon,AB+,0.7542144173100465,1
2026-09-07,285061,Pachpande Multispeciality Hospital Blood Storage Center,Jalgaon,AB-,0.9569767387238788,1
2026-09-08,285061,Pachpande Multispeciality Hospital Blood Storage Center,Jalgaon,AB-,0.9569767387238788,1
2026-09-09,285061,Pachpande Multispeciality Hospital Blood Storage Center,Jalgaon,AB-,0.9569767387238788,1
2026-09-07,285061,Pachpande Multispeciality Hospital Blood Storage Center,Jalgaon,B+,0.16210439842287436,0
2026-09-08,285061,Pachpande Multispeciality Hospital Blood Storage Center,Jalgaon,B+,0.16311692635487893,0
2026-09-09,285061,Pachpande Multispeciality Hospital Blood Storage Center,Jalgaon,B+,0.09588567459878689,0
2026-09-07,285061,Pachpande Multispeciality Hospital Blood Storage Center,Jalgaon,B-,0.9569767387238788,1
2026-09-08,285061,Pachpande Multispeciality Hospital Blood Storage Center,Jalgaon,B-,0.9569767387238788,1
2026-09-09,285061,Pachpande Multispeciality Hospital Blood Storage Center,Jalgaon,B-,0.9569767387238788,1
2026-09-07,285061,Pachpande Multispeciality Hospital Blood Storage Center,Jalgaon,O+,0.022229048452583756,0
2026-09-08,285061,Pachpande Multispeciality Hospital Blood Storage Center,Jalgaon,O+,0.022229048452583756,0
2026-09-09,285061,Pachpande Multispeciality Hospital Blood Storage Center,Jalgaon,O+,0.022229048452583756,0
2026-09-07,285061,Pachpande Multispeciality Hospital Blood Storage Center,Jalgaon,O-,0.9569767387238788,1
2026-09-08,285061,Pachpande Multispeciality Hospital Blood Storage Center,Jalgaon,O-,0.9569767387238788,1
2026-09-09,285061,Pachpande Multispeciality Hospital Blood Storage Center,Jalgaon,O-,0.9569767387238788,1
2026-09-07,285062,Gadchiroli Blood Centre,Gadchiroli,A+,0.012760506423855105,0
2026-09-08,285062,Gadchiroli Blood Centre,Gadchiroli,A+,0.012760506423855105,0
2026-09-09,285062,Gadchiroli Blood Centre,Gadchiroli,A+,0.04518454165119726,0
2026-09-07,285062,Gadchiroli Blood Centre,Gadchiroli,A-,0.9569767387238788,1
2026-09-08,285062,Gadchiroli Blood Centre,Gadchiroli,A-,0.9569767387238788,1
2026-09-09,285062,Gadchiroli Blood Centre,Gadchiroli,A-,0.32268418572950647,0
2026-09-07,285062,Gadchiroli Blood Centre,Gadchiroli,AB+,0.9569767387238788,1
2026-09-08,285062,Gadchiroli Blood Centre,Gadchiroli,AB+,0.9569767387238788,1
2026-09-09,285062,Gadchiroli Blood Centre,Gadchiroli,AB+,0.32268418572950647,0
2026-09-07,285062,Gadchiroli Blood Centre,Gadchiroli,AB-,0.9569767387238788,1
2026-09-08,285062,Gadchiroli Blood Centre,Gadchiroli,AB-,0.9569767387238788,1
2026-09-09,285062,Gadchiroli Blood Centre,Gadchiroli,AB-,0.9569767387238788,1
2026-09-07,285062,Gadchiroli Blood Centre,Gadchiroli,B+,0.049226561748177765,0
2026-09-08,285062,Gadchiroli Blood Centre,Gadchiroli,B+,0.009695851915994503,0
2026-09-09,285062,Gadchiroli Blood Centre,Gadchiroli,B+,0.015186839396326183,0
2026-09-07,285062,Gadchiroli Blood Centre,Gadchiroli,B-,0.9569767387238788,1
2026-09-08,285062,Gadchiroli Blood Centre,Gadchiroli,B-,0.9569767387238788,1
2026-09-09,285062,Gadchiroli Blood Centre,Gadchiroli,B-,0.9569767387238788,1
2026-09-07,285062,Gadchiroli Blood Centre,Gadchiroli,O+,0.012663366211571617,0
2026-09-08,285062,Gadchiroli Blood Centre,Gadchiroli,O+,0.06334854699762706,0
2026-09-09,285062,Gadchiroli Blood Centre,Gadchiroli,O+,0.21902955970604768,0
2026-09-07,285062,Gadchiroli Blood Centre,Gadchiroli,O-,0.04708016808483685,0
2026-09-08,285062,Gadchiroli Blood Centre,Gadchiroli,O-,0.04708016808483685,0
2026-09-09,285062,Gadchiroli Blood Centre,Gadchiroli,O-,0.04708016808483685,0
2026-09-07,285065,"Majalgaon Blood Centre, Blood Component And Apheresis Centre, Majalgaon",Bid,A+,0.9569767387238788,1
2026-09-08,285065,"Majalgaon Blood Centre, Blood Component And Apheresis Centre, Majalgaon",Bid,A+,0.9569767387238788,1
2026-09-09,285065,"Majalgaon Blood Centre, Blood Component And Apheresis Centre, Majalgaon",Bid,A+,0.9569767387238788,1
2026-09-07,285065,"Majalgaon Blood Centre, Blood Component And Apheresis Centre, Majalgaon",Bid,A-,0.09588567459878689,0
2026-09-08,285065,"Majalgaon Blood Centre, Blood Component And Apheresis Centre, Majalgaon",Bid,A-,0.09588567459878689,0
2026-09-09,285065,"Majalgaon Blood Centre, Blood Component And Apheresis Centre, Majalgaon",Bid,A-,0.09588567459878689,0
2026-09-07,285065,"Majalgaon Blood Centre, Blood Component And Apheresis Centre, Majalgaon",Bid,AB+,0.017718354444483823,0
2026-09-08,285065,"Majalgaon Blood Centre, Blood Component And Apheresis Centre, Majalgaon",Bid,AB+,0.017718354444483823,0
2026-09-09,285065,"Majalgaon Blood Centre, Blood Component And Apheresis Centre, Majalgaon",Bid,AB+,0.017718354444483823,0
2026-09-07,285065,"Majalgaon Blood Centre, Blood Component And Apheresis Centre, Majalgaon",Bid,AB-,0.9569767387238788,1
2026-09-08,285065,"Majalgaon Blood Centre, Blood Component And Apheresis Centre, Majalgaon",Bid,AB-,0.9569767387238788,1
2026-09-09,285065,"Majalgaon Blood Centre, Blood Component And Apheresis Centre, Majalgaon",Bid,AB-,0.9569767387238788,1
2026-09-07,285065,"Majalgaon Blood Centre, Blood Component And Apheresis Centre, Majalgaon",Bid,B+,0.00997999823568397,0
2026-09-08,285065,"Majalgaon Blood Centre, Blood Component And Apheresis Centre, Majalgaon",Bid,B+,0.025013248003888336,0
2026-09-09,285065,"Majalgaon Blood Centre, Blood Component And Apheresis Centre, Majalgaon",Bid,B+,0.011755266014781995,0
2026-09-07,285065,"Majalgaon Blood Centre, Blood Component And Apheresis Centre, Majalgaon",Bid,B-,0.09588567459878689,0
2026-09-08,285065,"Majalgaon Blood Centre, Blood Component And Apheresis Centre, Majalgaon",Bid,B-,0.09588567459878689,0
2026-09-09,285065,"Majalgaon Blood Centre, Blood Component And Apheresis Centre, Majalgaon",Bid,B-,0.09588567459878689,0
2026-09-07,285065,"Majalgaon Blood Centre, Blood Component And Apheresis Centre, Majalgaon",Bid,O+,0.012319836836517047,0
2026-09-08,285065,"Majalgaon Blood Centre, Blood Component And Apheresis Centre, Majalgaon",Bid,O+,0.06334854699762706,0
2026-09-09,285065,"Majalgaon Blood Centre, Blood Component And Apheresis Centre, Majalgaon",Bid,O+,0.011561851855924182,0
2026-09-07,285065,"Majalgaon Blood Centre, Blood Component And Apheresis Centre, Majalgaon",Bid,O-,0.02693490311827044,0
2026-09-08,285065,"Majalgaon Blood Centre, Blood Component And Apheresis Centre, Majalgaon",Bid,O-,0.02693490311827044,0
2026-09-09,285065,"Majalgaon Blood Centre, Blood Component And Apheresis Centre, Majalgaon",Bid,O-,0.02693490311827044,0
2026-09-07,285067,"Jijau Blood Centre, Blood Component And Apheresis Centre, Parbhani",Parbhani,A+,0.002081411434515316,0
2026-09-08,285067,"Jijau Blood Centre, Blood Component And Apheresis Centre, Parbhani",Parbhani,A+,0.004263862409811315,0
2026-09-09,285067,"Jijau Blood Centre, Blood Component And Apheresis Centre, Parbhani",Parbhani,A+,0.00597997742725099,0
2026-09-07,285067,"Jijau Blood Centre, Blood Component And Apheresis Centre, Parbhani",Parbhani,A-,0.015816975002225914,0
2026-09-08,285067,"Jijau Blood Centre, Blood Component And Apheresis Centre, Parbhani",Parbhani,A-,0.015816975002225914,0
2026-09-09,285067,"Jijau Blood Centre, Blood Component And Apheresis Centre, Parbhani",Parbhani,A-,0.015816975002225914,0
2026-09-07,285067,"Jijau Blood Centre, Blood Component And Apheresis Centre, Parbhani",Parbhani,AB+,0.002809541560350107,0
2026-09-08,285067,"Jijau Blood Centre, Blood Component And Apheresis Centre, Parbhani",Parbhani,AB+,0.00208225315137505,0
2026-09-09,285067,"Jijau Blood Centre, Blood Component And Apheresis Centre, Parbhani",Parbhani,AB+,0.004232998166571328,0
2026-09-07,285067,"Jijau Blood Centre, Blood Component And Apheresis Centre, Parbhani",Parbhani,AB-,0.786299925543641,1
2026-09-08,285067,"Jijau Blood Centre, Blood Component And Apheresis Centre, Parbhani",Parbhani,AB-,0.31682855738935406,0
2026-09-09,285067,"Jijau Blood Centre, Blood Component And Apheresis Centre, Parbhani",Parbhani,AB-,0.07307873484699798,0
2026-09-07,285067,"Jijau Blood Centre, Blood Component And Apheresis Centre, Parbhani",Parbhani,B+,0.0016710067755597783,0
2026-09-08,285067,"Jijau Blood Centre, Blood Component And Apheresis Centre, Parbhani",Parbhani,B+,0.0024646107940767543,0
2026-09-09,285067,"Jijau Blood Centre, Blood Component And Apheresis Centre, Parbhani",Parbhani,B+,0.00189020356093118,0
2026-09-07,285067,"Jijau Blood Centre, Blood Component And Apheresis Centre, Parbhani",Parbhani,B-,0.030170888001377773,0
2026-09-08,285067,"Jijau Blood Centre, Blood Component And Apheresis Centre, Parbhani",Parbhani,B-,0.030170888001377773,0
2026-09-09,285067,"Jijau Blood Centre, Blood Component And Apheresis Centre, Parbhani",Parbhani,B-,0.030170888001377773,0
2026-09-07,285067,"Jijau Blood Centre, Blood Component And Apheresis Centre, Parbhani",Parbhani,O+,0.03178460714493597,0
2026-09-08,285067,"Jijau Blood Centre, Blood Component And Apheresis Centre, Parbhani",Parbhani,O+,0.005124878680569437,0
2026-09-09,285067,"Jijau Blood Centre, Blood Component And Apheresis Centre, Parbhani",Parbhani,O+,0.00597997742725099,0
2026-09-07,285067,"Jijau Blood Centre, Blood Component And Apheresis Centre, Parbhani",Parbhani,O-,0.02693490311827044,0
2026-09-08,285067,"Jijau Blood Centre, Blood Component And Apheresis Centre, Parbhani",Parbhani,O-,0.03466932460927841,0
2026-09-09,285067,"Jijau Blood Centre, Blood Component And Apheresis Centre, Parbhani",Parbhani,O-,0.02053657563219467,0
2026-09-07,285230,"Redlife Blood Centre, Ghansoli, Navi Mumbai, Thane",Thane,A+,0.0015779651425224034,0
2026-09-08,285230,"Redlife Blood Centre, Ghansoli, Navi Mumbai, Thane",Thane,A+,0.00189020356093118,0
2026-09-09,285230,"Redlife Blood Centre, Ghansoli, Navi Mumbai, Thane",Thane,A+,0.0016710067755597783,0
2026-09-07,285230,"Redlife Blood Centre, Ghansoli, Navi Mumbai, Thane",Thane,A-,0.022229048452583756,0
2026-09-08,285230,"Redlife Blood Centre, Ghansoli, Navi Mumbai, Thane",Thane,A-,0.022229048452583756,0
2026-09-09,285230,"Redlife Blood Centre, Ghansoli, Navi Mumbai, Thane",Thane,A-,0.030146238907467458,0
2026-09-07,285230,"Redlife Blood Centre, Ghansoli, Navi Mumbai, Thane",Thane,AB+,0.0431456400621913,0
2026-09-08,285230,"Redlife Blood Centre, Ghansoli, Navi Mumbai, Thane",Thane,AB+,0.017120201180701025,0
2026-09-09,285230,"Redlife Blood Centre, Ghansoli, Navi Mumbai, Thane",Thane,AB+,0.019617394614859986,0
2026-09-07,285230,"Redlife Blood Centre, Ghansoli, Navi Mumbai, Thane",Thane,AB-,0.32268418572950647,0
2026-09-08,285230,"Redlife Blood Centre, Ghansoli, Navi Mumbai, Thane",Thane,AB-,0.14681513403309893,0
2026-09-09,285230,"Redlife Blood Centre, Ghansoli, Navi Mumbai, Thane",Thane,AB-,0.09588567459878689,0
2026-09-07,285230,"Redlife Blood Centre, Ghansoli, Navi Mumbai, Thane",Thane,B+,0.001192181253429029,0
2026-09-08,285230,"Redlife Blood Centre, Ghansoli, Navi Mumbai, Thane",Thane,B+,0.0018963568636397043,0
2026-09-09,285230,"Redlife Blood Centre, Ghansoli, Navi Mumbai, Thane",Thane,B+,0.011102257391064385,0
2026-09-07,285230,"Redlife Blood Centre, Ghansoli, Navi Mumbai, Thane",Thane,B-,0.03286503439273383,0
2026-09-08,285230,"Redlife Blood Centre, Ghansoli, Navi Mumbai, Thane",Thane,B-,0.030596913276096392,0
2026-09-09,285230,"Redlife Blood Centre, Ghansoli, Navi Mumbai, Thane",Thane,B-,0.030170888001377773,0
2026-09-07,285230,"Redlife Blood Centre, Ghansoli, Navi Mumbai, Thane",Thane,O+,0.0012081753373930854,0
2026-09-08,285230,"Redlife Blood Centre, Ghansoli, Navi Mumbai, Thane",Thane,O+,0.0016710067755597783,0
2026-09-09,285230,"Redlife Blood Centre, Ghansoli, Navi Mumbai, Thane",Thane,O+,0.0016710067755597783,0
2026-09-07,285230,"Redlife Blood Centre, Ghansoli, Navi Mumbai, Thane",Thane,O-,0.06258588845286361,0
2026-09-08,285230,"Redlife Blood Centre, Ghansoli, Navi Mumbai, Thane",Thane,O-,0.021212475862087476,0
2026-09-09,285230,"Redlife Blood Centre, Ghansoli, Navi Mumbai, Thane",Thane,O-,0.010592496217996626,0
2026-09-07,285231,"Shaurya Blood Centre,Blood Components and Apheresis, Chandrapur",Chandrapur,A+,0.0023477024961107147,0
2026-09-08,285231,"Shaurya Blood Centre,Blood Components and Apheresis, Chandrapur",Chandrapur,A+,0.00189020356093118,0
2026-09-09,285231,"Shaurya Blood Centre,Blood Components and Apheresis, Chandrapur",Chandrapur,A+,0.00189020356093118,0
2026-09-07,285231,"Shaurya Blood Centre,Blood Components and Apheresis, Chandrapur",Chandrapur,A-,0.04708016808483685,0
2026-09-08,285231,"Shaurya Blood Centre,Blood Components and Apheresis, Chandrapur",Chandrapur,A-,0.04708016808483685,0
2026-09-09,285231,"Shaurya Blood Centre,Blood Components and Apheresis, Chandrapur",Chandrapur,A-,0.04708016808483685,0
2026-09-07,285231,"Shaurya Blood Centre,Blood Components and Apheresis, Chandrapur",Chandrapur,AB+,0.012712982698188378,0
2026-09-08,285231,"Shaurya Blood Centre,Blood Components and Apheresis, Chandrapur",Chandrapur,AB+,0.017718354444483823,0
2026-09-09,285231,"Shaurya Blood Centre,Blood Components and Apheresis, Chandrapur",Chandrapur,AB+,0.017326246650539934,0
2026-09-07,285231,"Shaurya Blood Centre,Blood Components and Apheresis, Chandrapur",Chandrapur,AB-,0.9569767387238788,1
2026-09-08,285231,"Shaurya Blood Centre,Blood Components and Apheresis, Chandrapur",Chandrapur,AB-,0.9569767387238788,1
2026-09-09,285231,"Shaurya Blood Centre,Blood Components and Apheresis, Chandrapur",Chandrapur,AB-,0.9569767387238788,1
2026-09-07,285231,"Shaurya Blood Centre,Blood Components and Apheresis, Chandrapur",Chandrapur,B+,0.0025525987153268187,0
2026-09-08,285231,"Shaurya Blood Centre,Blood Components and Apheresis, Chandrapur",Chandrapur,B+,0.00189020356093118,0
2026-09-09,285231,"Shaurya Blood Centre,Blood Components and Apheresis, Chandrapur",Chandrapur,B+,0.006415009297606925,0
2026-09-07,285231,"Shaurya Blood Centre,Blood Components and Apheresis, Chandrapur",Chandrapur,B-,0.02693490311827044,0
2026-09-08,285231,"Shaurya Blood Centre,Blood Components and Apheresis, Chandrapur",Chandrapur,B-,0.02693490311827044,0
2026-09-09,285231,"Shaurya Blood Centre,Blood Components and Apheresis, Chandrapur",Chandrapur,B-,0.027568089055482303,0
2026-09-07,285231,"Shaurya Blood Centre,Blood Components and Apheresis, Chandrapur",Chandrapur,O+,0.03178460714493597,0
2026-09-08,285231,"Shaurya Blood Centre,Blood Components and Apheresis, Chandrapur",Chandrapur,O+,0.00189020356093118,0
2026-09-09,285231,"Shaurya Blood Centre,Blood Components and Apheresis, Chandrapur",Chandrapur,O+,0.015351737455107583,0
2026-09-07,285231,"Shaurya Blood Centre,Blood Components and Apheresis, Chandrapur",Chandrapur,O-,0.04708016808483685,0
2026-09-08,285231,"Shaurya Blood Centre,Blood Components and Apheresis, Chandrapur",Chandrapur,O-,0.04708016808483685,0
2026-09-09,285231,"Shaurya Blood Centre,Blood Components and Apheresis, Chandrapur",Chandrapur,O-,0.04708016808483685,0
2026-09-07,285244,Raigad Blood Centre Pen Tal Pen Dis Raigarh,Raigarh,A+,0.009711128801981236,0
2026-09-08,285244,Raigad Blood Centre Pen Tal Pen Dis Raigarh,Raigarh,A+,0.007800721337917326,0
2026-09-09,285244,Raigad Blood Centre Pen Tal Pen Dis Raigarh,Raigarh,A+,0.007800721337917326,0
2026-09-07,285244,Raigad Blood Centre Pen Tal Pen Dis Raigarh,Raigarh,A-,0.05202420222433954,0
2026-09-08,285244,Raigad Blood Centre Pen Tal Pen Dis Raigarh,Raigarh,A-,0.04708016808483685,0
2026-09-09,285244,Raigad Blood Centre Pen Tal Pen Dis Raigarh,Raigarh,A-,0.04708016808483685,0
2026-09-07,285244,Raigad Blood Centre Pen Tal Pen Dis Raigarh,Raigarh,AB+,0.008405666518709118,0
2026-09-08,285244,Raigad Blood Centre Pen Tal Pen Dis Raigarh,Raigarh,AB+,0.014087102374573161,0
2026-09-09,285244,Raigad Blood Centre Pen Tal Pen Dis Raigarh,Raigarh,AB+,0.014087102374573161,0
2026-09-07,285244,Raigad Blood Centre Pen Tal Pen Dis Raigarh,Raigarh,AB-,0.9569767387238788,1
2026-09-08,285244,Raigad Blood Centre Pen Tal Pen Dis Raigarh,Raigarh,AB-,0.9569767387238788,1
2026-09-09,285244,Raigad Blood Centre Pen Tal Pen Dis Raigarh,Raigarh,AB-,0.9569767387238788,1
2026-09-07,285244,Raigad Blood Centre Pen Tal Pen Dis Raigarh,Raigarh,B+,0.0015186951873211298,0
2026-09-08,285244,Raigad Blood Centre Pen Tal Pen Dis Raigarh,Raigarh,B+,0.009469772009240889,0
2026-09-09,285244,Raigad Blood Centre Pen Tal Pen Dis Raigarh,Raigarh,B+,0.00555973276405332,0
2026-09-07,285244,Raigad Blood Centre Pen Tal Pen Dis Raigarh,Raigarh,B-,0.9569767387238788,1
2026-09-08,285244,Raigad Blood Centre Pen Tal Pen Dis Raigarh,Raigarh,B-,0.9569767387238788,1
2026-09-09,285244,Raigad Blood Centre Pen Tal Pen Dis Raigarh,Raigarh,B-,0.9569767387238788,1
2026-09-07,285244,Raigad Blood Centre Pen Tal Pen Dis Raigarh,Raigarh,O+,0.001648900535990075,0
2026-09-08,285244,Raigad Blood Centre Pen Tal Pen Dis Raigarh,Raigarh,O+,0.002081411434515316,0
2026-09-09,285244,Raigad Blood Centre Pen Tal Pen Dis Raigarh,Raigarh,O+,0.002983542523097308,0
2026-09-07,285244,Raigad Blood Centre Pen Tal Pen Dis Raigarh,Raigarh,O-,0.9569767387238788,1
2026-09-08,285244,Raigad Blood Centre Pen Tal Pen Dis Raigarh,Raigarh,O-,0.9569767387238788,1
2026-09-09,285244,Raigad Blood Centre Pen Tal Pen Dis Raigarh,Raigarh,O-,0.9569767387238788,1
2026-09-07,285265,Shrinivasa Blood Centre,Nanded,A+,0.007800721337917326,0
2026-09-08,285265,Shrinivasa Blood Centre,Nanded,A+,0.005853896746593243,0
2026-09-09,285265,Shrinivasa Blood Centre,Nanded,A+,0.006640859060677679,0
2026-09-07,285265,Shrinivasa Blood Centre,Nanded,A-,0.32559708094662476,0
2026-09-08,285265,Shrinivasa Blood Centre,Nanded,A-,0.14681513403309893,0
2026-09-09,285265,Shrinivasa Blood Centre,Nanded,A-,0.7542144173100465,1
2026-09-07,285265,Shrinivasa Blood Centre,Nanded,AB+,0.030170888001377773,0
2026-09-08,285265,Shrinivasa Blood Centre,Nanded,AB+,0.030170888001377773,0
2026-09-09,285265,Shrinivasa Blood Centre,Nanded,AB+,0.030170888001377773,0
2026-09-07,285265,Shrinivasa Blood Centre,Nanded,AB-,0.09588567459878689,0
2026-09-08,285265,Shrinivasa Blood Centre,Nanded,AB-,0.09588567459878689,0
2026-09-09,285265,Shrinivasa Blood Centre,Nanded,AB-,0.09588567459878689,0
2026-09-07,285265,Shrinivasa Blood Centre,Nanded,B+,0.00189020356093118,0
2026-09-08,285265,Shrinivasa Blood Centre,Nanded,B+,0.002312896912343908,0
2026-09-09,285265,Shrinivasa Blood Centre,Nanded,B+,0.002349754007938605,0
2026-09-07,285265,Shrinivasa Blood Centre,Nanded,B-,0.9569767387238788,1
2026-09-08,285265,Shrinivasa Blood Centre,Nanded,B-,0.9569767387238788,1
2026-09-09,285265,Shrinivasa Blood Centre,Nanded,B-,0.9569767387238788,1
2026-09-07,285265,Shrinivasa Blood Centre,Nanded,O+,0.011649061818406194,0
2026-09-08,285265,Shrinivasa Blood Centre,Nanded,O+,0.022298314276277785,0
2026-09-09,285265,Shrinivasa Blood Centre,Nanded,O+,0.022298314276277785,0
2026-09-07,285265,Shrinivasa Blood Centre,Nanded,O-,0.9569767387238788,1
2026-09-08,285265,Shrinivasa Blood Centre,Nanded,O-,0.9569767387238788,1
2026-09-09,285265,Shrinivasa Blood Centre,Nanded,O-,0.9569767387238788,1
2026-09-07,285274,"Bhartiya Sanskruti Shikshan Prasarak Mandal, Sangola sanchlit,Sangola Blood  Centre,Sangola,Solapur",Solapur,A+,0.0012081753373930854,0
2026-09-08,285274,"Bhartiya Sanskruti Shikshan Prasarak Mandal, Sangola sanchlit,Sangola Blood  Centre,Sangola,Solapur",Solapur,A+,0.0012081753373930854,0
2026-09-09,285274,"Bhartiya Sanskruti Shikshan Prasarak Mandal, Sangola sanchlit,Sangola Blood  Centre,Sangola,Solapur",Solapur,A+,0.00189020356093118,0
2026-09-07,285274,"Bhartiya Sanskruti Shikshan Prasarak Mandal, Sangola sanchlit,Sangola Blood  Centre,Sangola,Solapur",Solapur,A-,0.04374623320128272,0
2026-09-08,285274,"Bhartiya Sanskruti Shikshan Prasarak Mandal, Sangola sanchlit,Sangola Blood  Centre,Sangola,Solapur",Solapur,A-,0.03588405120561639,0
2026-09-09,285274,"Bhartiya Sanskruti Shikshan Prasarak Mandal, Sangola sanchlit,Sangola Blood  Centre,Sangola,Solapur",Solapur,A-,0.027568089055482303,0
2026-09-07,285274,"Bhartiya Sanskruti Shikshan Prasarak Mandal, Sangola sanchlit,Sangola Blood  Centre,Sangola,Solapur",Solapur,AB+,0.006116554182834305,0
2026-09-08,285274,"Bhartiya Sanskruti Shikshan Prasarak Mandal, Sangola sanchlit,Sangola Blood  Centre,Sangola,Solapur",Solapur,AB+,0.00571417056474836,0
2026-09-09,285274,"Bhartiya Sanskruti Shikshan Prasarak Mandal, Sangola sanchlit,Sangola Blood  Centre,Sangola,Solapur",Solapur,AB+,0.0063543142591126886,0
2026-09-07,285274,"Bhartiya Sanskruti Shikshan Prasarak Mandal, Sangola sanchlit,Sangola Blood  Centre,Sangola,Solapur",Solapur,AB-,0.09588567459878689,0
2026-09-08,285274,"Bhartiya Sanskruti Shikshan Prasarak Mandal, Sangola sanchlit,Sangola Blood  Centre,Sangola,Solapur",Solapur,AB-,0.09588567459878689,0
2026-09-09,285274,"Bhartiya Sanskruti Shikshan Prasarak Mandal, Sangola sanchlit,Sangola Blood  Centre,Sangola,Solapur",Solapur,AB-,0.09588567459878689,0
2026-09-07,285274,"Bhartiya Sanskruti Shikshan Prasarak Mandal, Sangola sanchlit,Sangola Blood  Centre,Sangola,Solapur",Solapur,B+,0.0012081753373930854,0
2026-09-08,285274,"Bhartiya Sanskruti Shikshan Prasarak Mandal, Sangola sanchlit,Sangola Blood  Centre,Sangola,Solapur",Solapur,B+,0.0012081753373930854,0
2026-09-09,285274,"Bhartiya Sanskruti Shikshan Prasarak Mandal, Sangola sanchlit,Sangola Blood  Centre,Sangola,Solapur",Solapur,B+,0.0023477024961107147,0
2026-09-07,285274,"Bhartiya Sanskruti Shikshan Prasarak Mandal, Sangola sanchlit,Sangola Blood  Centre,Sangola,Solapur",Solapur,B-,0.32268418572950647,0
2026-09-08,285274,"Bhartiya Sanskruti Shikshan Prasarak Mandal, Sangola sanchlit,Sangola Blood  Centre,Sangola,Solapur",Solapur,B-,0.14681513403309893,0
2026-09-09,285274,"Bhartiya Sanskruti Shikshan Prasarak Mandal, Sangola sanchlit,Sangola Blood  Centre,Sangola,Solapur",Solapur,B-,0.09588567459878689,0
2026-09-07,285274,"Bhartiya Sanskruti Shikshan Prasarak Mandal, Sangola sanchlit,Sangola Blood  Centre,Sangola,Solapur",Solapur,O+,0.0012081753373930854,0
2026-09-08,285274,"Bhartiya Sanskruti Shikshan Prasarak Mandal, Sangola sanchlit,Sangola Blood  Centre,Sangola,Solapur",Solapur,O+,0.0012081753373930854,0
2026-09-09,285274,"Bhartiya Sanskruti Shikshan Prasarak Mandal, Sangola sanchlit,Sangola Blood  Centre,Sangola,Solapur",Solapur,O+,0.0023108775049933,0
2026-09-07,285274,"Bhartiya Sanskruti Shikshan Prasarak Mandal, Sangola sanchlit,Sangola Blood  Centre,Sangola,Solapur",Solapur,O-,0.04144839057008222,0
2026-09-08,285274,"Bhartiya Sanskruti Shikshan Prasarak Mandal, Sangola sanchlit,Sangola Blood  Centre,Sangola,Solapur",Solapur,O-,0.047143034011169226,0
2026-09-09,285274,"Bhartiya Sanskruti Shikshan Prasarak Mandal, Sangola sanchlit,Sangola Blood  Centre,Sangola,Solapur",Solapur,O-,0.022229048452583756,0
2026-09-07,285275,"Pushplata D.Y.Patil Hospital & Research Centre Blood Centre, Maval, Pune",Pune,A+,0.5857594138375063,1
2026-09-08,285275,"Pushplata D.Y.Patil Hospital & Research Centre Blood Centre, Maval, Pune",Pune,A+,0.786299925543641,1
2026-09-09,285275,"Pushplata D.Y.Patil Hospital & Research Centre Blood Centre, Maval, Pune",Pune,A+,0.9569767387238788,1
2026-09-07,285275,"Pushplata D.Y.Patil Hospital & Research Centre Blood Centre, Maval, Pune",Pune,A-,0.09588567459878689,0
2026-09-08,285275,"Pushplata D.Y.Patil Hospital & Research Centre Blood Centre, Maval, Pune",Pune,A-,0.09588567459878689,0
2026-09-09,285275,"Pushplata D.Y.Patil Hospital & Research Centre Blood Centre, Maval, Pune",Pune,A-,0.09588567459878689,0
2026-09-07,285275,"Pushplata D.Y.Patil Hospital & Research Centre Blood Centre, Maval, Pune",Pune,AB+,0.9569767387238788,1
2026-09-08,285275,"Pushplata D.Y.Patil Hospital & Research Centre Blood Centre, Maval, Pune",Pune,AB+,0.9569767387238788,1
2026-09-09,285275,"Pushplata D.Y.Patil Hospital & Research Centre Blood Centre, Maval, Pune",Pune,AB+,0.9569767387238788,1
2026-09-07,285275,"Pushplata D.Y.Patil Hospital & Research Centre Blood Centre, Maval, Pune",Pune,AB-,0.9569767387238788,1
2026-09-08,285275,"Pushplata D.Y.Patil Hospital & Research Centre Blood Centre, Maval, Pune",Pune,AB-,0.9569767387238788,1
2026-09-09,285275,"Pushplata D.Y.Patil Hospital & Research Centre Blood Centre, Maval, Pune",Pune,AB-,0.9569767387238788,1
2026-09-07,285275,"Pushplata D.Y.Patil Hospital & Research Centre Blood Centre, Maval, Pune",Pune,B+,0.05202420222433954,0
2026-09-08,285275,"Pushplata D.Y.Patil Hospital & Research Centre Blood Centre, Maval, Pune",Pune,B+,0.04708016808483685,0
2026-09-09,285275,"Pushplata D.Y.Patil Hospital & Research Centre Blood Centre, Maval, Pune",Pune,B+,0.04708016808483685,0
2026-09-07,285275,"Pushplata D.Y.Patil Hospital & Research Centre Blood Centre, Maval, Pune",Pune,B-,0.09588567459878689,0
2026-09-08,285275,"Pushplata D.Y.Patil Hospital & Research Centre Blood Centre, Maval, Pune",Pune,B-,0.09588567459878689,0
2026-09-09,285275,"Pushplata D.Y.Patil Hospital & Research Centre Blood Centre, Maval, Pune",Pune,B-,0.09588567459878689,0
2026-09-07,285275,"Pushplata D.Y.Patil Hospital & Research Centre Blood Centre, Maval, Pune",Pune,O+,0.8017482753365046,1
2026-09-08,285275,"Pushplata D.Y.Patil Hospital & Research Centre Blood Centre, Maval, Pune",Pune,O+,0.9569767387238788,1
2026-09-09,285275,"Pushplata D.Y.Patil Hospital & Research Centre Blood Centre, Maval, Pune",Pune,O+,0.9569767387238788,1
2026-09-07,285275,"Pushplata D.Y.Patil Hospital & Research Centre Blood Centre, Maval, Pune",Pune,O-,0.9569767387238788,1
2026-09-08,285275,"Pushplata D.Y.Patil Hospital & Research Centre Blood Centre, Maval, Pune",Pune,O-,0.32268418572950647,0
2026-09-09,285275,"Pushplata D.Y.Patil Hospital & Research Centre Blood Centre, Maval, Pune",Pune,O-,0.14681513403309893,0
2026-09-07,285276,"Shri.Swami Samarth Blood Centre, Pandharpur, Solapur",Solapur,A+,0.07952176880157198,0
2026-09-08,285276,"Shri.Swami Samarth Blood Centre, Pandharpur, Solapur",Solapur,A+,0.004212759904429847,0
2026-09-09,285276,"Shri.Swami Samarth Blood Centre, Pandharpur, Solapur",Solapur,A+,0.004538100721245484,0
2026-09-07,285276,"Shri.Swami Samarth Blood Centre, Pandharpur, Solapur",Solapur,A-,0.017088907589379684,0
2026-09-08,285276,"Shri.Swami Samarth Blood Centre, Pandharpur, Solapur",Solapur,A-,0.027930180867050635,0
2026-09-09,285276,"Shri.Swami Samarth Blood Centre, Pandharpur, Solapur",Solapur,A-,0.017456327037186515,0
2026-09-07,285276,"Shri.Swami Samarth Blood Centre, Pandharpur, Solapur",Solapur,AB+,0.004307149927412749,0
2026-09-08,285276,"Shri.Swami Samarth Blood Centre, Pandharpur, Solapur",Solapur,AB+,0.01087364725877938,0
2026-09-09,285276,"Shri.Swami Samarth Blood Centre, Pandharpur, Solapur",Solapur,AB+,0.0025440617970692763,0
2026-09-07,285276,"Shri.Swami Samarth Blood Centre, Pandharpur, Solapur",Solapur,AB-,0.030170888001377773,0
2026-09-08,285276,"Shri.Swami Samarth Blood Centre, Pandharpur, Solapur",Solapur,AB-,0.030170888001377773,0
2026-09-09,285276,"Shri.Swami Samarth Blood Centre, Pandharpur, Solapur",Solapur,AB-,0.045072468254795155,0
2026-09-07,285276,"Shri.Swami Samarth Blood Centre, Pandharpur, Solapur",Solapur,B+,0.009153225517867257,0
2026-09-08,285276,"Shri.Swami Samarth Blood Centre, Pandharpur, Solapur",Solapur,B+,0.0035218560463152445,0
2026-09-09,285276,"Shri.Swami Samarth Blood Centre, Pandharpur, Solapur",Solapur,B+,0.001207484503005813,0
2026-09-07,285276,"Shri.Swami Samarth Blood Centre, Pandharpur, Solapur",Solapur,B-,0.024215324238568026,0
2026-09-08,285276,"Shri.Swami Samarth Blood Centre, Pandharpur, Solapur",Solapur,B-,0.01644319441578695,0
2026-09-09,285276,"Shri.Swami Samarth Blood Centre, Pandharpur, Solapur",Solapur,B-,0.023145668923141318,0
2026-09-07,285276,"Shri.Swami Samarth Blood Centre, Pandharpur, Solapur",Solapur,O+,0.001917118468168659,0
2026-09-08,285276,"Shri.Swami Samarth Blood Centre, Pandharpur, Solapur",Solapur,O+,0.0012081753373930854,0
2026-09-09,285276,"Shri.Swami Samarth Blood Centre, Pandharpur, Solapur",Solapur,O+,0.0012081753373930854,0
2026-09-07,285276,"Shri.Swami Samarth Blood Centre, Pandharpur, Solapur",Solapur,O-,0.020562505324546617,0
2026-09-08,285276,"Shri.Swami Samarth Blood Centre, Pandharpur, Solapur",Solapur,O-,0.01794624477644004,0
2026-09-09,285276,"Shri.Swami Samarth Blood Centre, Pandharpur, Solapur",Solapur,O-,0.05144195131333941,0
2026-09-07,285312,"Navjeevan Blood Centre, Kankawali, Sindhudurga",Sindhudurg,A+,0.0023011712854675353,0
2026-09-08,285312,"Navjeevan Blood Centre, Kankawali, Sindhudurga",Sindhudurg,A+,0.0023011712854675353,0
2026-09-09,285312,"Navjeevan Blood Centre, Kankawali, Sindhudurga",Sindhudurg,A+,0.0012081753373930854,0
2026-09-07,285312,"Navjeevan Blood Centre, Kankawali, Sindhudurga",Sindhudurg,A-,0.9569767387238788,1
2026-09-08,285312,"Navjeevan Blood Centre, Kankawali, Sindhudurga",Sindhudurg,A-,0.9569767387238788,1
2026-09-09,285312,"Navjeevan Blood Centre, Kankawali, Sindhudurga",Sindhudurg,A-,0.9569767387238788,1
2026-09-07,285312,"Navjeevan Blood Centre, Kankawali, Sindhudurga",Sindhudurg,AB+,0.02693490311827044,0
2026-09-08,285312,"Navjeevan Blood Centre, Kankawali, Sindhudurga",Sindhudurg,AB+,0.03170067070020004,0
2026-09-09,285312,"Navjeevan Blood Centre, Kankawali, Sindhudurga",Sindhudurg,AB+,0.03234592114962361,0
2026-09-07,285312,"Navjeevan Blood Centre, Kankawali, Sindhudurga",Sindhudurg,AB-,0.9569767387238788,1
2026-09-08,285312,"Navjeevan Blood Centre, Kankawali, Sindhudurga",Sindhudurg,AB-,0.9569767387238788,1
2026-09-09,285312,"Navjeevan Blood Centre, Kankawali, Sindhudurga",Sindhudurg,AB-,0.9569767387238788,1
2026-09-07,285312,"Navjeevan Blood Centre, Kankawali, Sindhudurga",Sindhudurg,B+,0.0049567021558786836,0
2026-09-08,285312,"Navjeevan Blood Centre, Kankawali, Sindhudurga",Sindhudurg,B+,0.004307149927412749,0
2026-09-09,285312,"Navjeevan Blood Centre, Kankawali, Sindhudurga",Sindhudurg,B+,0.004308025452574265,0
2026-09-07,285312,"Navjeevan Blood Centre, Kankawali, Sindhudurga",Sindhudurg,B-,0.14681513403309893,0
2026-09-08,285312,"Navjeevan Blood Centre, Kankawali, Sindhudurga",Sindhudurg,B-,0.09588567459878689,0
2026-09-09,285312,"Navjeevan Blood Centre, Kankawali, Sindhudurga",Sindhudurg,B-,0.7542144173100465,1
2026-09-07,285312,"Navjeevan Blood Centre, Kankawali, Sindhudurga",Sindhudurg,O+,0.0038113217674846296,0
2026-09-08,285312,"Navjeevan Blood Centre, Kankawali, Sindhudurga",Sindhudurg,O+,0.0015964965089086413,0
2026-09-09,285312,"Navjeevan Blood Centre, Kankawali, Sindhudurga",Sindhudurg,O+,0.0012081753373930854,0
2026-09-07,285312,"Navjeevan Blood Centre, Kankawali, Sindhudurga",Sindhudurg,O-,0.9569767387238788,1
2026-09-08,285312,"Navjeevan Blood Centre, Kankawali, Sindhudurga",Sindhudurg,O-,0.9569767387238788,1
2026-09-09,285312,"Navjeevan Blood Centre, Kankawali, Sindhudurga",Sindhudurg,O-,0.9569767387238788,1
