blood_group,donor_code,donor_name,donor_district,recipient_code,recipient_name,recipient_district,distance_km,optimized_units,transport_km_units
A+,18168,Arpan Blood Centre And Blood Component Laboratory And Research Centre Nashik,Nashik,18149,Laksh Foundation New Arpan Voluntary Blood Centre Ahmednagar,Ahmadnagar,0.000686,1,0.000686
A+,282598,Dnyandeep Blood Center Of Modern Institute Of Technology,Solapur,18115,"Athar Blood Centre, Solapur ",Solapur,0.002463,2,0.004927
A+,282598,Dnyandeep Blood Center Of Modern Institute Of Technology,Solapur,27119,"Blood Bank Civil Hospital, Solapur",Solapur,0.002463,4,0.009854
A+,18183,"Mahatma Gandhi Blood Centre,  Operated By Task",Thane,18185,Navjeevan Blood Centre Mangaed By Spvf,Thane,0.074397,5,0.371985
A+,280146,Blood Centre Shri Vasantrao Naik  Govt. Medical College And Hospital,Yavatmal,18275,Shri Gajanan Blood Centre And Components,Yavatmal,0.107325,5,0.536627
A+,18283,Dr. Hegdewar Blood Centre,Nagpur,18266,"Adarsh Sanskaar Mandal  Sanchalit, Dr. Hedgewar Rakta Pedhi, Blood Centre",Akola,0.107959,4,0.431836
A+,280130,"Indian Red Cross Society, Dr. Shirgaonkar Blood Centre",Sangli,280131,"Padma Bhushan Vasantdada Patil (Civil Surgeon), Govt. General Hospital Blood  Centre, Sangli",Sangli,0.141968,5,0.709841
A+,27120,Sasoon Blood Centre Pune,Pune,282733,Rotary Blood Centre,Pune,0.265347,4,1.061387
A+,27120,Sasoon Blood Centre Pune,Pune,283795,Autus Blood Centre,Pune,0.265347,5,1.326733
A+,18176,"Late. Dr. G.M. Bhavsar Charitable TrustS,Malegaon Blood Centre",Nashik,281039,General Hospital Malegaon Blood Centre,Nashik,0.276044,5,1.38022
A+,18136,M/S. Global Hospital-Super Speciality Andtransplant Centre,Mumbai,18016,K.E.M. Hospital Blood Centre,Mumbai,0.28163,1,0.28163
A+,282565,"Sathiya Educational SocietyS Sathiya Trust Blood Centre, Nalasopara, Palghar",Palghar,284844,"Civil Hospital Palghar Blood Centre, Palghar",Palghar,0.29465,2,0.5893
A+,27131,Dr.Shankarrao Chavan Government Medical College And Hospital Blood Centre  Nanded,Nanded,18243,"Indian Red Cross Society Blood Centre, Nanded",Nanded,0.34465,1,0.34465
A+,18123,Rajarshi Shahu Indian Red Cross Blood Centre,Kolhapur,18132,Jeevandhara Blood Centre,Kolhapur,0.46961,5,2.34805
A+,18168,Arpan Blood Centre And Blood Component Laboratory And Research Centre Nashik,Nashik,18178,"Medical Superintendent, Regional Referal Hospital Blood Bank,(Superspeciality  Hospital) Nashik",Nashik,0.482127,5,2.410637
A+,18102,"Krishna Hospital And Medical Research Centre, Blood Centre",Satara,280133,"S. S.Venutai Y. Chavan Sub-District Hospital, Blood Centre Karad",Satara,0.486251,5,2.431255
A+,282612,Red Plus Blood Center Jalgaon,Jalgaon,18160,Jeevan Surabhi Blood Centre,Jalgaon,0.509454,5,2.547268
A+,282565,"Sathiya Educational SocietyS Sathiya Trust Blood Centre, Nalasopara, Palghar",Palghar,280142,"Maharashtra Bloodbank, Component And Apheresis Center",Palghar,0.512638,3,1.537913
A+,18131,"Azad Panchi Groups, M/S Siddheshwar Blood Centre, Solapur",Solapur,18109,"Indian Red Cross Society Blood Centre, Bai Gopabai Damani Blood Centre,  Solapur",Solapur,0.536595,1,0.536595
A+,18230,Jeevandhara Buldana Urban Blood Centre Run And Managed By Shree Charitable  Trust,Buldana,18117,Leelavati Blood Centre,Buldana,0.537485,3,1.612454
A+,18138,Jankalyan Blood Centre,Ahmadnagar,18141,Ahmednagar Municipal Council Blood Centre,Ahmadnagar,0.553938,2,1.107876
A+,18005,Breach Candy Hospital Trust Blood Centre,Mumbai,18001,"Jaslok Hospital And Research Centre, Blood Centre",Mumbai,0.583569,3,1.750708
A+,18227,Jankalyan Blood Centre,Jalna,18228,"Civil Surgeon, General Hospital, Blood Centre",Jalna,0.650105,3,1.950314
A+,18136,M/S. Global Hospital-Super Speciality Andtransplant Centre,Mumbai,27107,TATA MEMORIAL CENTRE- TATA MEMORIAL HOSPITAL,Mumbai,0.664621,5,3.323104
A+,18044,Bandra Holly Family Hospital Society Blood Centre,Mumbai,18038,"K.B.Bhabha Muncipal General Hospital, Blood Centre",Mumbai,0.718449,5,3.592243
A+,18022,Sir H N Hospital And Research Centre Blood Centre,Mumbai,18007,Saifee Hospital Trust Blood Centre,Mumbai,0.736401,5,3.682003
A+,27146,"Govt. Medical College Blood Centre, Nagpur",Nagpur,18290,Dean Government Medical College And Super Speciality Hospital Blood Centre,Nagpur,0.765102,5,3.825508
A+,280146,Blood Centre Shri Vasantrao Naik  Govt. Medical College And Hospital,Yavatmal,280147,"Ocean Bahuuddeshiy Sanstha, M/S Ekneel Blood Centre",Yavatmal,0.813323,1,0.813323
A+,282577,"Welfare And Educational Trust Of Nmrcw, Chemist Blood Centre",Thane,18184,"Vitthal  Sayanna General  Hospital (Civil Hospital) Blood Centre, Thane",Thane,0.94442,5,4.722098
A+,18261,Akola Diagnostic Centre Blood Centre And Component Lab,Akola,27129,"Dean, Govt. Medical College Hospital Blood Centre Akola",Akola,1.039565,2,2.079129
A+,282612,Red Plus Blood Center Jalgaon,Jalgaon,18158,Indian Red Cross Society Sanchalit Askaran Tarachand Jain Blood Centre,Jalgaon,1.316251,5,6.581256
A+,27154,"Sir, J.J. Group Hospital Blood Centre, Byculla Mumbai",Mumbai,18017,Masina Hospital Blood Centre,Mumbai,1.326398,5,6.631988
A+,18147,Anandrushiji Blood Centre,Ahmadnagar,18141,Ahmednagar Municipal Council Blood Centre,Ahmadnagar,1.397409,3,4.192228
A+,18089,"Civil Surgeon, General Hospital Blood Centre, Gadchiroli",Gadchiroli,27130,"Medical Supritentent Sub-District (Rural) Hospital Blood Centre, Gadchiroli  Aheri",Gadchiroli,1.436646,5,7.183231
A+,18190,Kai Wamanrao Oka Rakta Kendra,Thane,18187,Chhatrapati Shivaji Maharaj Hospital Blood Centre Csm,Thane,1.623684,5,8.118422
A+,280719,Swami Vivekanand Blood Centre,Nanded,280770,Jeevan Adhar Blood Centre Nanded,Nanded,1.673663,5,8.368313
A+,18040,Sant Nirankari Blood Centre,Mumbai Suburban,18024,Smt. Kapoorben Vasanji Lathiya Blood Centre,Mumbai,1.702337,1,1.702337
A+,284763,"Balaji Blood Centre, Lonand, Khandala Taluk, Dist. Satara",Satara,27109,District General Hospital Blood Bank Satara,Satara,1.805437,5,9.027184
A+,18052,Holy Spirit Hospital Blood Centre,Mumbai,18188,M/S Balasaheb Thackerey Blood Centre,Mumbai,1.925111,2,3.850222
A+,18022,Sir H N Hospital And Research Centre Blood Centre,Mumbai,280738,Superitendent Gokuldas Tejpal Hospital,Mumbai,1.983975,5,9.919873
A+,18022,Sir H N Hospital And Research Centre Blood Centre,Mumbai,18014,Bombay Hospital Trust Blood Centre,Mumbai,2.134794,5,10.673969
A+,18022,Sir H N Hospital And Research Centre Blood Centre,Mumbai,18008,"Cama And Albles Hosp., Abdul Fazalbhoy Blood Centre",Mumbai,2.267377,5,11.336886
A+,18034,"Seth V.C.Gandhi And M.A.Vora Municipal General Hospital, Rajawadi ,Ghatkopar",Mumbai,284360,"Criticare Asia Hospital Blood Centre, Pvt. Ltd., Kurla (W), Mumbai",Mumbai,2.472443,3,7.417328
A+,27154,"Sir, J.J. Group Hospital Blood Centre, Byculla Mumbai",Mumbai,18006,St. GeorgeS Hospital And Regional  Blood Centre,Mumbai,2.518136,4,10.072546
A+,280768,Sanjeevani Blood Centre Bhosari,Pune,280125,Red Plus Blood Centre Pune,Pune,2.633153,2,5.266307
A+,18049,Rotary D.G Goenka Blood Centre( Municipal Gen. Hospital),Mumbai,18024,Smt. Kapoorben Vasanji Lathiya Blood Centre,Mumbai,2.67613,2,5.352261
A+,18057,Suburban Hi-Tech Blood Centre,Mumbai,18059,Bharatratna Dr Babasaheb Ambedkar Mun. Gen. Hospital Blood Centre,Mumbai,2.700371,2,5.400743
A+,18247,Navjivan Blood Centre Mged By Saraswati Vidyaprasarak Foundation,Mumbai,18059,Bharatratna Dr Babasaheb Ambedkar Mun. Gen. Hospital Blood Centre,Mumbai,2.795146,3,8.385437
A+,18044,Bandra Holly Family Hospital Society Blood Centre,Mumbai,18051,V.N. Desai Municipal General Hospital Blood Centre,Mumbai,3.220279,5,16.101393
A+,18154,Shree Navjeevan Blood Centre Dhule,Dhule,18150,Shri Bhausaheb Hire Govt. Medical College And Hospital Blood Centre Dhule,Dhule,3.40039,5,17.00195
A+,18064,M/S Bharati Vidyapeeth Medical Foundations Bharati Hospital Blood Centre,Pune,18083,Smt Kashibai Navale General Hospital Blood Centre,Pune,3.723675,4,14.894702
A+,18022,Sir H N Hospital And Research Centre Blood Centre,Mumbai,18009,Bombay Red Cross Blood Centre,Mumbai,4.185262,5,20.926312
A+,18030,K.J.Somaiya Medical College And Hospital Blood Centre,Mumbai,18033,Bhabha Atomic Research Centre Hospital Blood Centre,Mumbai,4.21363,5,21.06815
A+,284084,"Washim Blood Centre (Trust), Washim Managed By Ocean Bahuuddeshiya Sanstha,  Pusad, Dist. Yavtmal",Washim,27123,Civil Hospital Washim,Washim,4.709684,5,23.548419
A+,18225,Adarsh Blood Centre,Aurangabad,284254,Blood Center District Hospital Aurangabad,Aurangabad,5.521888,4,22.087551
A+,18291,"District - Civil Surgeon,  General Hospital Blood Centre Wardha",Wardha,18292,"Kasturba Health SocietyS, Blood Centre, Sevagram(Mgims)",Wardha,6.005494,1,6.005494
A+,280128,M/S Navi Mumbai Blood Centre,Raigarh,18215,"Shree Sai Medical TrustS,  Shree Sai Blood Centre, Old Panvel",Raigarh,7.00764,4,28.030558
A+,18114,Akshay Blood Centre,Solapur,280140,"M.M.Patel Public Charitable Trust,  Ashwini Rural Medical College And Hospital  Blood Centre",Solapur,7.622971,3,22.868914
A+,280149,Advanced Centre For Treatment Reasearch And Education In Cancer,Raigarh,18216,Rotary Club New Panvel Charitable  Trust S Late Dr. B.V. Limaye Blood Centre,Raigarh,7.714019,4,30.856077
A+,27114,"Blood Bank Civil Hospital, Amravati",Amravati,284508,Dr.Rajendra Gode Blood Centre And Component Lab,Amravati,8.598442,2,17.196885
A+,18205,Mira Bhayandar Muncipal Corporation Rajeev Gandhi Blood Centre,Thane,18209,Vijayee Blood Centre Vasai (W),Palghar,12.664735,5,63.323675
A+,18146,Sanjeevani Blood Centre,Ahmadnagar,18140,Shri Sainath Blood Centre,Ahmadnagar,14.04991,5,70.249549
A+,284140,Arpan Blood Centre Nanded,Nanded,18088,Cristanand Education Society Blood Centre,Chandrapur,16.631902,5,83.159509
A+,18232,Vaidyanath Blood Centre,Bid,18231,"Dean, Swami Ramanand Tirtha Rural Medical College. And Hospital, Blood Centre",Bid,21.160738,5,105.803692
A+,18104,Phaltan Medical FoundationS Blood Centre,Satara,18085,"Indian Red Cross Society, (Late Manikbai Chandulal Saraf ) Blood Centre, Pune",Pune,23.778405,5,118.892024
A+,18104,Phaltan Medical FoundationS Blood Centre,Satara,284843,"Government Medical College And General Hospital Blood Centre, Baramati,  District  Pune",Pune,24.378458,2,48.756915
A+,27126,Civil Hospital Sindhudurg,Sindhudurg,27150,"Sub -Dist Cottage Hospital, Blood Centre , Sawantwadi, Sindhudurg",Sindhudurg,27.739509,5,138.697543
A+,284014,"Shri Kamala Bhavani Blood Centre, Karmala",Solapur,283286,Raigad Hospital Blood Centre Of Saraswati Education Society,Raigarh,28.249753,2,56.499507
A+,18221,Shri Sai Seva Medical Foundation Sanchalit Nirnay Janseva Blood Centre,Dhule,18159,Jeevanshri Raktapedi,Jalgaon,33.343636,5,166.718182
A+,280146,Blood Centre Shri Vasantrao Naik  Govt. Medical College And Hospital,Yavatmal,284432,"City Blood Centre, Component And Apheresis Centre, Beed",Jalna,37.185566,5,185.927832
A+,18155,Dhanwantri Blood Centre,Jalgaon,18278,Dr. Murlidhar Kharche Memorial Jeevan Jyoti Blood Centre,Buldana,47.202542,5,236.012712
A+,27117,"Blood Bank Civil Hospital, Bhandara",Bhandara,27152,Bai Gangabai Ladies Hospital Blood Centre Gondiya,Gondiya,64.41657,3,193.249711
A+,18155,Dhanwantri Blood Centre,Jalgaon,18117,Leelavati Blood Centre,Buldana,70.076413,2,140.152825
A+,18155,Dhanwantri Blood Centre,Jalgaon,18277,"Civil Surgeon, District General Hospital Blood Centre",Buldana,70.865284,4,283.461136
A-,282670,Pimpri Chinchwad  Municipal CorporationS Y.C.M. Hospital Blood Centre,Pune,280124,M/S Pimpri Chinchwad Blood Centre,Pune,0.000335,4,0.00134
A-,282670,Pimpri Chinchwad  Municipal CorporationS Y.C.M. Hospital Blood Centre,Pune,284720,"Dr. D.Y. Patil Medical College Hospital And Research Centre Blood Centre,  Pimpri, Pune.",Pune,0.118033,2,0.236066
A-,18130,"Shri Basaveshwar Manav  Vikas, Grameen Sevabhavi Sanstha, Adarsh Blood Centre",Sangli,18096,Bharati Vidyapeeth University Medical College And Hospital Blood Centre,Sangli,0.222838,1,0.222838
A-,280696,Shaswat Blood Centre Sangli,Sangli,18098,"Akshay Blood Centre, Miraj",Sangli,0.226628,1,0.226628
A-,283260,Samarpit Bahuddeshiya Sevabhavi Sanshta Tarpan Blood Centre,Pune,27120,Sasoon Blood Centre Pune,Pune,0.265347,3,0.79604
A-,280723,Mahalakshmi Blood Centre,Satara,18105,Yashwantrao Chavan Blood Centre,Satara,0.31787,1,0.31787
A-,18142,"Civil Surgeon, General Hospital, Blood Centre",Ahmadnagar,284510,"Saiseva Blood Cantre, Blood Components And Apheresis Centre",Ahmadnagar,0.434414,1,0.434414
A-,18102,"Krishna Hospital And Medical Research Centre, Blood Centre",Satara,280133,"S. S.Venutai Y. Chavan Sub-District Hospital, Blood Centre Karad",Satara,0.486251,5,2.431255
A-,283840,"Radhai Blood Centre, Components Laboratory And Apheresis Centre, Udgir, Dist.  Latur",Latur,18220,"Mauli Blood Centre, Latur",Latur,0.528339,3,1.585017
A-,18102,"Krishna Hospital And Medical Research Centre, Blood Centre",Satara,18105,Yashwantrao Chavan Blood Centre,Satara,0.728611,4,2.914442
A-,18169,Civil Hospital Blood Centre Nashik,Nashik,18179,"Nashik Blood Bank And Transfusion Research Institute Blood Bank(Jijau Mahila  Sewabhavi Sanstha, Nash",Nashik,0.757982,1,0.757982
A-,27127,"Blood Centre, Govt.Medical College, General Hospital Latur",Latur,18236,"Indian Red Cross Society, Dr. Bhalchandra Blood Centre",Latur,0.77397,4,3.095879
A-,18031,"L.T.M.G., Municipal Hospital Blood Centre",Mumbai,18058,Sion Blood Centre,Mumbai,0.893693,5,4.468463
A-,27129,"Dean, Govt. Medical College Hospital Blood Centre Akola",Akola,18261,Akola Diagnostic Centre Blood Centre And Component Lab,Akola,1.039565,1,1.039565
A-,282670,Pimpri Chinchwad  Municipal CorporationS Y.C.M. Hospital Blood Centre,Pune,18079,Pimpari Serological Institute Blood Centre,Pune,1.131702,3,3.395105
A-,18026,"Shri Balyogi Shikshan Prasarak Mandal Charitable Trust, Sai Jeewan Blood  Centre",Akola,18261,Akola Diagnostic Centre Blood Centre And Component Lab,Akola,1.204646,2,2.409293
A-,18084,Chakan Blood Centre,Pune,18071,Kem Hospital Blood Centre,Pune,1.335975,4,5.3439
A-,283260,Samarpit Bahuddeshiya Sevabhavi Sanshta Tarpan Blood Centre,Pune,18071,Kem Hospital Blood Centre,Pune,1.335975,1,1.335975
A-,18031,"L.T.M.G., Municipal Hospital Blood Centre",Mumbai,18035,"Sushilaben R. Mehta And Sir. Kikabai Cardiac Institute, Blood Centre",Mumbai,1.337612,1,1.337612
A-,280123,M/S Vidyashree Charitable Trusts Om Blood Centre,Pune,283207,Muktai Blood Centre Of Shivpooja Bahuudeshiya Shikhan Prasarak Mandal Solapur,Pune,1.348704,1,1.348704
A-,283260,Samarpit Bahuddeshiya Sevabhavi Sanshta Tarpan Blood Centre,Pune,18043,Poona Serological Institute Blood Centre,Pune,1.378572,5,6.892862
A-,283260,Samarpit Bahuddeshiya Sevabhavi Sanshta Tarpan Blood Centre,Pune,18082,Rakesh Jain Memorial Blood Centre,Pune,1.714177,2,3.428354
A-,18171,"Jankalyan Blood Centre, Nashik",Nashik,18168,Arpan Blood Centre And Blood Component Laboratory And Research Centre Nashik,Nashik,1.826217,4,7.304868
A-,18171,"Jankalyan Blood Centre, Nashik",Nashik,18149,Laksh Foundation New Arpan Voluntary Blood Centre Ahmednagar,Ahmadnagar,1.826616,3,5.479849
A-,18097,"Miraj Serological Institute Blood Centre, Miraj",Sangli,18098,"Akshay Blood Centre, Miraj",Sangli,1.897959,3,5.693878
A-,27108,Jankalyan Blood Center,Nandurbar,18164,"Civil Surgeon, District General Hospital Blood Centre,  Nandurbar",Nandurbar,1.955589,2,3.911179
A-,27126,Civil Hospital Sindhudurg,Sindhudurg,280765,Sspm Medical College  Lifetime Hospital Blood Centre,Sindhudurg,2.06233,1,2.06233
A-,18122,Dr. D.Y Patil Hospital Blood Centre,Kolhapur,18125,"Arpan Blood Centre, Blood Component And Apheresis Centre Kolhapur",Kolhapur,2.080604,3,6.241812
A-,18122,Dr. D.Y Patil Hospital Blood Centre,Kolhapur,18076,"Abhinav Sikshan MandalS,  Sanjeevan Blood Centre",Kolhapur,2.179701,1,2.179701
A-,18084,Chakan Blood Centre,Pune,18069,Jankalyan Raktapedhi Pune,Pune,2.303339,2,4.606677
A-,18097,"Miraj Serological Institute Blood Centre, Miraj",Sangli,18091,Smt. Anila Kantilal Kothari Blood Centre And Dept. Of Hemato Oncology,Sangli,2.423444,2,4.846888
A-,282601,Symbiosis University Hospital And Research Center Blood Centre Of Symbiosis  Trust,Pune,18080,Konkan Mitra Mandal Medical TrustS Sahyadri Speaciality Hospital Blood Centre,Pune,2.425224,3,7.275671
A-,18072,"Metro Blood Centre,Civil Hospital Aundh Pune",Pune,280535,Jupiter Lifeline Hospital Blood Centre,Pune,2.537709,1,2.537709
A-,284529,Spandan Blood Centre,Pune,283207,Muktai Blood Centre Of Shivpooja Bahuudeshiya Shikhan Prasarak Mandal Solapur,Pune,2.681929,4,10.727715
A-,18073,"Grant Medical Foundation,  A.H. Wadia Trust Blood Centre",Pune,284350,Manipal Hospitals Pvt Ltd Blood Centre,Pune,2.759869,2,5.519738
A-,18026,"Shri Balyogi Shikshan Prasarak Mandal Charitable Trust, Sai Jeewan Blood  Centre",Akola,18258,"Dr Mankar Memorial Trust, Late. Dr. B.P. Thakre Memorial Component Blood  Centre",Akola,3.03149,2,6.06298
A-,282601,Symbiosis University Hospital And Research Center Blood Centre Of Symbiosis  Trust,Pune,18065,"Deenanath Mangeshkar Hospital, Blood Centre",Pune,3.178901,3,9.536703
A-,18084,Chakan Blood Centre,Pune,18068,"Sadhu Vaswani Mission Medical Complex, Inlaks And Budharani Hospital Blood  Centre, Pune",Pune,3.759294,3,11.277882
A-,18062,Akshay Blood Centre,Pune,18078,Noble Charitable Trust S Noble Blood Centre,Pune,5.05101,1,5.05101
A-,282601,Symbiosis University Hospital And Research Center Blood Centre Of Symbiosis  Trust,Pune,18129,Chattrapati Shahu Maharaj Aadhar Blood Centre,Pune,6.145122,1,6.145122
A-,18062,Akshay Blood Centre,Pune,18129,Chattrapati Shahu Maharaj Aadhar Blood Centre,Pune,10.769363,4,43.077453
A-,18062,Akshay Blood Centre,Pune,18064,M/S Bharati Vidyapeeth Medical Foundations Bharati Hospital Blood Centre,Pune,10.875681,3,32.627042
A-,18157,Civil Hospital Blood Centre,Jalgaon,18155,Dhanwantri Blood Centre,Jalgaon,22.275812,3,66.827436
A-,18112,"Smbt Institute Of Medical Science And Research Centre, Blood Centre And  Component",Nashik,284765,"Shree Sainath Blood Centre, Sinnar, Tal. Sinnar, Dist. Nashik",Nashik,23.140745,4,92.562979
A-,18104,Phaltan Medical FoundationS Blood Centre,Satara,284843,"Government Medical College And General Hospital Blood Centre, Baramati,  District  Pune",Pune,24.378458,1,24.378458
A-,280723,Mahalakshmi Blood Centre,Satara,18090,"Islampur Medical Foundations, Rajaram Bapu Blood Centre , Islampur",Sangli,29.692423,1,29.692423
A-,282586,"Varad Charitable And Medical Trust, Balaji Blood Centre, Satara",Satara,18103,Mauli Blood Centre satara,Satara,30.076246,4,120.304984
A-,284433,"Ayush Blood Centre, Vaduj, Tal. Khatav, Dist. Satara",Satara,27117,"Blood Bank Civil Hospital, Bhandara",Bhandara,34.580653,4,138.322613
A-,284433,"Ayush Blood Centre, Vaduj, Tal. Khatav, Dist. Satara",Satara,18290,Dean Government Medical College And Super Speciality Hospital Blood Centre,Nagpur,35.256236,4,141.024945
A-,18237,"Dean, Maeer,S Smt.Saraswati Karad Blood Centre",Latur,18231,"Dean, Swami Ramanand Tirtha Rural Medical College. And Hospital, Blood Centre",Bid,40.685054,5,203.425272
A-,18237,"Dean, Maeer,S Smt.Saraswati Karad Blood Centre",Latur,18232,Vaidyanath Blood Centre,Bid,47.351555,3,142.054665
A-,18237,"Dean, Maeer,S Smt.Saraswati Karad Blood Centre",Latur,284835,"Shaurya Blood Centre, Blood Component And Apheresis Centre, Ahmedpur, Dist.  Latur",Latur,50.278926,2,100.557851
A-,282568,Vbss Sanchalit Latur Blood Centre And Components Latur,Latur,18238,"Ircs Nagappa Ambarkhane Blood Centre, Udgir",Latur,55.562965,2,111.12593
A-,283840,"Radhai Blood Centre, Components Laboratory And Apheresis Centre, Udgir, Dist.  Latur",Latur,18251,"Blood Center Government Medical College And Hospital, Osmanabad ",Osmanabad,60.56726,5,302.8363
A-,283840,"Radhai Blood Centre, Components Laboratory And Apheresis Centre, Udgir, Dist.  Latur",Latur,283310,Renuka Blood Centre Component And Apheresis Centre,Osmanabad,60.804555,3,182.413666
A-,18107,Dr. Hegdewar Rakta Pedhi,Solapur,280674,Pandharpur Blood Centre,Solapur,61.910212,1,61.910212
A-,282598,Dnyandeep Blood Center Of Modern Institute Of Technology,Solapur,280674,Pandharpur Blood Centre,Solapur,62.527896,1,62.527896
A-,18262,"Civil Surgeon, District General Hospital Blood Centre",Parbhani,27145,"Civil Surgeon, District General Hospital Blood Centre & Blood Component Unit  Hingoli",Hingoli,63.865792,3,191.597375
A-,18026,"Shri Balyogi Shikshan Prasarak Mandal Charitable Trust, Sai Jeewan Blood  Centre",Akola,18267,Sau. Kantadevi Dale Blood Centre,Washim,64.270258,3,192.810775
A-,27108,Jankalyan Blood Center,Nandurbar,18181,"Shree Swami  Samartha Vaidyakiya  Shaikshanik And Sanshodhan Sanstha, Late   Shri Mukeshbai Patel Blo",Dhule,65.388905,3,196.166716
A-,18208,M/S. Shri Hazur Saheb Blood Centre,Nanded,27145,"Civil Surgeon, District General Hospital Blood Centre & Blood Component Unit  Hingoli",Hingoli,65.484411,2,130.968822
A-,27108,Jankalyan Blood Center,Nandurbar,18152,Jawahar Medical Foundation Blood Centre,Dhule,71.833485,5,359.167426
A-,18241,Shrikrishna Blood Center ,Osmanabad,280140,"M.M.Patel Public Charitable Trust,  Ashwini Rural Medical College And Hospital  Blood Centre",Solapur,72.529841,4,290.119364
A-,27108,Jankalyan Blood Center,Nandurbar,18221,Shri Sai Seva Medical Foundation Sanchalit Nirnay Janseva Blood Centre,Dhule,74.297061,3,222.891183
A-,27108,Jankalyan Blood Center,Nandurbar,18153,Jeevan Jyoti Blood Centre,Dhule,74.81407,5,374.070351
A-,18176,"Late. Dr. G.M. Bhavsar Charitable TrustS,Malegaon Blood Centre",Nashik,18146,Sanjeevani Blood Centre,Ahmadnagar,74.953535,1,74.953535
A-,27108,Jankalyan Blood Center,Nandurbar,18150,Shri Bhausaheb Hire Govt. Medical College And Hospital Blood Centre Dhule,Dhule,76.514525,5,382.572624
A-,282571,"Shri Manoharpant Sapate Bahuuddeshiya Samajseva Sansthan TrustS, M/S. Medicare  Blood Centre",Solapur,18085,"Indian Red Cross Society, (Late Manikbai Chandulal Saraf ) Blood Centre, Pune",Pune,81.444944,3,244.334832
A-,280516,"Sadguru Gajanan Maharaj Education Society,  Paramedical Inst., Revneel Blood  Centre",Solapur,27121,"Government Medical College And Hospital ,Blood Centre, Miraj",Sangli,86.942487,4,347.769948
A-,18208,M/S. Shri Hazur Saheb Blood Centre,Nanded,280694,Medicare Blood Centre,Yavatmal,89.08524,1,89.08524
A-,27108,Jankalyan Blood Center,Nandurbar,18159,Jeevanshri Raktapedi,Jalgaon,91.023807,5,455.119036
A-,27108,Jankalyan Blood Center,Nandurbar,18167,Seva Blood Centre,Nashik,92.72202,4,370.888081
A-,27108,Jankalyan Blood Center,Nandurbar,281039,General Hospital Malegaon Blood Centre,Nashik,93.900344,5,469.501722
A-,18237,"Dean, Maeer,S Smt.Saraswati Karad Blood Centre",Latur,284150,"Shri Dhaneshwari Manav Vikas Mandals, Shantai Blood Centre, Pedgaon, Dist.  Parbhani",Parbhani,96.242353,3,288.72706
A-,18107,Dr. Hegdewar Rakta Pedhi,Solapur,18108,"Ima, Sahakar Maharshi Shankarrao Mohite Patil Blood Centre",Solapur,97.169567,1,97.169567
A-,18131,"Azad Panchi Groups, M/S Siddheshwar Blood Centre, Solapur",Solapur,18108,"Ima, Sahakar Maharshi Shankarrao Mohite Patil Blood Centre",Solapur,97.986436,3,293.959308
A-,18154,Shree Navjeevan Blood Centre Dhule,Dhule,18162,Godavari FoundationS Dr.Ulhas Patil Medical College And Hospital Blood Centre,Jalgaon,98.829245,1,98.829245
A-,283840,"Radhai Blood Centre, Components Laboratory And Apheresis Centre, Udgir, Dist.  Latur",Latur,280138,Irrapanna N Bolli Blood Centre,Solapur,105.544649,5,527.723246
A-,283840,"Radhai Blood Centre, Components Laboratory And Apheresis Centre, Udgir, Dist.  Latur",Latur,280140,"M.M.Patel Public Charitable Trust,  Ashwini Rural Medical College And Hospital  Blood Centre",Solapur,106.148462,1,106.148462
A-,283840,"Radhai Blood Centre, Components Laboratory And Apheresis Centre, Udgir, Dist.  Latur",Latur,18109,"Indian Red Cross Society Blood Centre, Bai Gopabai Damani Blood Centre,  Solapur",Solapur,106.325696,5,531.628478
A-,18237,"Dean, Maeer,S Smt.Saraswati Karad Blood Centre",Latur,18027,M/S Beed Blood Centre,Beed,106.384055,3,319.152164
A-,283840,"Radhai Blood Centre, Components Laboratory And Apheresis Centre, Udgir, Dist.  Latur",Latur,18115,"Athar Blood Centre, Solapur ",Solapur,107.488456,5,537.442281
A-,283840,"Radhai Blood Centre, Components Laboratory And Apheresis Centre, Udgir, Dist.  Latur",Latur,27119,"Blood Bank Civil Hospital, Solapur",Solapur,107.488456,4,429.953825
A-,283840,"Radhai Blood Centre, Components Laboratory And Apheresis Centre, Udgir, Dist.  Latur",Latur,280141,Mallikarjun Blood Centre,Solapur,107.509794,1,107.509794
A-,283840,"Radhai Blood Centre, Components Laboratory And Apheresis Centre, Udgir, Dist.  Latur",Latur,18113,M/S Jeevan Jyot Charitable TrustS Solapur Blood Centre,Solapur,107.962054,5,539.810272
A-,18237,"Dean, Maeer,S Smt.Saraswati Karad Blood Centre",Latur,18244,Golwalkari Guruji Blood Centre,Nanded,112.479961,2,224.959922
A-,18237,"Dean, Maeer,S Smt.Saraswati Karad Blood Centre",Latur,18243,"Indian Red Cross Society Blood Centre, Nanded",Nanded,113.02895,4,452.115802
A-,18237,"Dean, Maeer,S Smt.Saraswati Karad Blood Centre",Latur,27131,Dr.Shankarrao Chavan Government Medical College And Hospital Blood Centre  Nanded,Nanded,113.363424,2,226.726848
A-,18237,"Dean, Maeer,S Smt.Saraswati Karad Blood Centre",Latur,280719,Swami Vivekanand Blood Centre,Nanded,114.775709,4,459.102838
A-,18237,"Dean, Maeer,S Smt.Saraswati Karad Blood Centre",Latur,280770,Jeevan Adhar Blood Centre Nanded,Nanded,116.435933,5,582.179665
A-,18111,"Indian Red Cross Society Blood Centre, Shriman Rambhai Shah Blood Centre",Solapur,18085,"Indian Red Cross Society, (Late Manikbai Chandulal Saraf ) Blood Centre, Pune",Pune,118.118499,2,236.236997
A-,18111,"Indian Red Cross Society Blood Centre, Shriman Rambhai Shah Blood Centre",Solapur,284843,"Government Medical College And General Hospital Blood Centre, Baramati,  District  Pune",Pune,118.934927,2,237.869854
A-,18114,Akshay Blood Centre,Solapur,27111,Shwas foundation kavathemahankal trust sanchalit maha blood centre and  comprehensive thalassemia day,Pune,132.118878,2,264.237756
A-,27108,Jankalyan Blood Center,Nandurbar,285061,Pachpande Multispeciality Hospital Blood Storage Center,Jalgaon,132.807686,5,664.038431
A-,18241,Shrikrishna Blood Center ,Osmanabad,280674,Pandharpur Blood Centre,Solapur,139.489255,2,278.978509
A-,18131,"Azad Panchi Groups, M/S Siddheshwar Blood Centre, Solapur",Solapur,283286,Raigad Hospital Blood Centre Of Saraswati Education Society,Raigarh,139.543049,4,558.172195
A-,27108,Jankalyan Blood Center,Nandurbar,18158,Indian Red Cross Society Sanchalit Askaran Tarachand Jain Blood Centre,Jalgaon,139.850143,5,699.250715
A-,27108,Jankalyan Blood Center,Nandurbar,18160,Jeevan Surabhi Blood Centre,Jalgaon,141.080891,5,705.404456
A-,27108,Jankalyan Blood Center,Nandurbar,282612,Red Plus Blood Center Jalgaon,Jalgaon,141.159473,3,423.47842
A-,27108,Jankalyan Blood Center,Nandurbar,18156,Keshavsmruti Pratishthan Sanchalit Madhavrao Golwalkar Swayamsevi Raktpedhi,Jalgaon,141.400622,3,424.201867
A-,27108,Jankalyan Blood Center,Nandurbar,18161,Indian Red Cross Society Blood Centre Jalgaon,Jalgaon,141.965991,2,283.931982
A-,18268,Arpan Blood Centre Blood Component And Apheresis Centre,Latur,284014,"Shri Kamala Bhavani Blood Centre, Karmala",Solapur,143.085238,2,286.170476
AB+,18168,Arpan Blood Centre And Blood Component Laboratory And Research Centre Nashik,Nashik,18149,Laksh Foundation New Arpan Voluntary Blood Centre Ahmednagar,Ahmadnagar,0.000686,5,0.003431
AB+,282598,Dnyandeep Blood Center Of Modern Institute Of Technology,Solapur,18115,"Athar Blood Centre, Solapur ",Solapur,0.002463,3,0.00739
AB+,282598,Dnyandeep Blood Center Of Modern Institute Of Technology,Solapur,27119,"Blood Bank Civil Hospital, Solapur",Solapur,0.002463,5,0.012317
AB+,18183,"Mahatma Gandhi Blood Centre,  Operated By Task",Thane,18185,Navjeevan Blood Centre Mangaed By Spvf,Thane,0.074397,5,0.371985
AB+,280146,Blood Centre Shri Vasantrao Naik  Govt. Medical College And Hospital,Yavatmal,18275,Shri Gajanan Blood Centre And Components,Yavatmal,0.107325,5,0.536627
AB+,280130,"Indian Red Cross Society, Dr. Shirgaonkar Blood Centre",Sangli,280131,"Padma Bhushan Vasantdada Patil (Civil Surgeon), Govt. General Hospital Blood  Centre, Sangli",Sangli,0.141968,5,0.709841
AB+,18086,Central India Institute Of Haematology And OncologyS Blood And Blood Component  Bank And Apheresis U,Nagpur,18166,Ashirwad Medical Foundations Gsk Blood Centre And Components,Nagpur,0.234313,5,1.171563
AB+,27120,Sasoon Blood Centre Pune,Pune,18084,Chakan Blood Centre,Pune,0.265347,1,0.265347
AB+,27120,Sasoon Blood Centre Pune,Pune,284350,Manipal Hospitals Pvt Ltd Blood Centre,Pune,0.265347,2,0.530693
AB+,18176,"Late. Dr. G.M. Bhavsar Charitable TrustS,Malegaon Blood Centre",Nashik,281039,General Hospital Malegaon Blood Centre,Nashik,0.276044,5,1.38022
AB+,18234,Sanjivan   Blood Centre,Chandrapur,18011,General Hospital Blood Centre,Chandrapur,0.301399,1,0.301399
AB+,27131,Dr.Shankarrao Chavan Government Medical College And Hospital Blood Centre  Nanded,Nanded,18243,"Indian Red Cross Society Blood Centre, Nanded",Nanded,0.34465,2,0.6893
AB+,18043,Poona Serological Institute Blood Centre,Pune,18071,Kem Hospital Blood Centre,Pune,0.374317,5,1.871584
AB+,18189,Jupiter Hospital Blood Centre,Thane,282570,Sankalp Blood Centre,Thane,0.461655,1,0.461655
AB+,18189,Jupiter Hospital Blood Centre,Thane,284359,"Maha Victory Charitable Trust, Lifeline Blood Centre, Bapgaon, Tal. Bhiwandi,  Dist. Thane",Thane,0.461655,4,1.84662
AB+,18123,Rajarshi Shahu Indian Red Cross Blood Centre,Kolhapur,18132,Jeevandhara Blood Centre,Kolhapur,0.46961,5,2.34805
AB+,18168,Arpan Blood Centre And Blood Component Laboratory And Research Centre Nashik,Nashik,18178,"Medical Superintendent, Regional Referal Hospital Blood Bank,(Superspeciality  Hospital) Nashik",Nashik,0.482127,5,2.410637
AB+,18102,"Krishna Hospital And Medical Research Centre, Blood Centre",Satara,280133,"S. S.Venutai Y. Chavan Sub-District Hospital, Blood Centre Karad",Satara,0.486251,5,2.431255
AB+,18107,Dr. Hegdewar Rakta Pedhi,Solapur,18113,M/S Jeevan Jyot Charitable TrustS Solapur Blood Centre,Solapur,0.498054,5,2.490272
AB+,282612,Red Plus Blood Center Jalgaon,Jalgaon,18160,Jeevan Surabhi Blood Centre,Jalgaon,0.509454,5,2.547268
AB+,18131,"Azad Panchi Groups, M/S Siddheshwar Blood Centre, Solapur",Solapur,18109,"Indian Red Cross Society Blood Centre, Bai Gopabai Damani Blood Centre,  Solapur",Solapur,0.536595,2,1.073191
AB+,18138,Jankalyan Blood Centre,Ahmadnagar,18141,Ahmednagar Municipal Council Blood Centre,Ahmadnagar,0.553938,5,2.769691
AB+,18005,Breach Candy Hospital Trust Blood Centre,Mumbai,18001,"Jaslok Hospital And Research Centre, Blood Centre",Mumbai,0.583569,3,1.750708
AB+,18227,Jankalyan Blood Centre,Jalna,18228,"Civil Surgeon, General Hospital, Blood Centre",Jalna,0.650105,3,1.950314
AB+,18044,Bandra Holly Family Hospital Society Blood Centre,Mumbai,18038,"K.B.Bhabha Muncipal General Hospital, Blood Centre",Mumbai,0.718449,5,3.592243
AB+,18253,"Shri Balaji Blood Centre , Blood Component Lab And Blood Transfusion Center",Amravati,27114,"Blood Bank Civil Hospital, Amravati",Amravati,0.725136,2,1.450272
AB+,18022,Sir H N Hospital And Research Centre Blood Centre,Mumbai,18007,Saifee Hospital Trust Blood Centre,Mumbai,0.736401,5,3.682003
AB+,18179,"Nashik Blood Bank And Transfusion Research Institute Blood Bank(Jijau Mahila  Sewabhavi Sanstha, Nash",Nashik,18169,Civil Hospital Blood Centre Nashik,Nashik,0.757982,2,1.515964
AB+,282568,Vbss Sanchalit Latur Blood Centre And Components Latur,Latur,27127,"Blood Centre, Govt.Medical College, General Hospital Latur",Latur,0.77397,4,3.095879
AB+,284454,"Bhavar Blood Centre,  Badlapur (E), Taluka Ambernath, Dist. Thane",Thane,18184,"Vitthal  Sayanna General  Hospital (Civil Hospital) Blood Centre, Thane",Thane,0.94442,5,4.722098
AB+,18086,Central India Institute Of Haematology And OncologyS Blood And Blood Component  Bank And Apheresis U,Nagpur,18288,Lifeline Blood Centre Nagpur,Nagpur,1.005828,2,2.011656
AB+,18261,Akola Diagnostic Centre Blood Centre And Component Lab,Akola,27129,"Dean, Govt. Medical College Hospital Blood Centre Akola",Akola,1.039565,2,2.079129
AB+,18265,"Nandkishor Education Society Trust, Arpan Voluntary Blood Centre",Nagpur,18286,Jeevan Jyoti Blood Centre And Component,Nagpur,1.100253,3,3.300759
AB+,282612,Red Plus Blood Center Jalgaon,Jalgaon,18158,Indian Red Cross Society Sanchalit Askaran Tarachand Jain Blood Centre,Jalgaon,1.316251,5,6.581256
AB+,280123,M/S Vidyashree Charitable Trusts Om Blood Centre,Pune,283795,Autus Blood Centre,Pune,1.348704,5,6.743519
AB+,280123,M/S Vidyashree Charitable Trusts Om Blood Centre,Pune,284350,Manipal Hospitals Pvt Ltd Blood Centre,Pune,1.348704,1,1.348704
AB+,18089,"Civil Surgeon, General Hospital Blood Centre, Gadchiroli",Gadchiroli,27130,"Medical Supritentent Sub-District (Rural) Hospital Blood Centre, Gadchiroli  Aheri",Gadchiroli,1.436646,5,7.183231
AB+,18025,"S. L. Raheja Hospital. Blood Centre, Mahim",Mumbai,18015,"P.D. Hinduja Hospital And Medical Research, Blood Centre",Mumbai,1.475516,5,7.377582
AB+,18003,"Byl Nair Hospital, Blood Centre",Mumbai,18017,Masina Hospital Blood Centre,Mumbai,1.49129,5,7.456451
AB+,18190,Kai Wamanrao Oka Rakta Kendra,Thane,18187,Chhatrapati Shivaji Maharaj Hospital Blood Centre Csm,Thane,1.623684,5,8.118422
AB+,18050,Sevenhills Healthcare Private Limited Hospital Blood Centre,Mumbai,18052,Holy Spirit Hospital Blood Centre,Mumbai,1.687132,4,6.748529
AB+,18040,Sant Nirankari Blood Centre,Mumbai Suburban,18024,Smt. Kapoorben Vasanji Lathiya Blood Centre,Mumbai,1.702337,3,5.107012
AB+,284763,"Balaji Blood Centre, Lonand, Khandala Taluk, Dist. Satara",Satara,27109,District General Hospital Blood Bank Satara,Satara,1.805437,1,1.805437
AB+,280696,Shaswat Blood Centre Sangli,Sangli,18097,"Miraj Serological Institute Blood Centre, Miraj",Sangli,1.824734,5,9.123669
AB+,27108,Jankalyan Blood Center,Nandurbar,18164,"Civil Surgeon, District General Hospital Blood Centre,  Nandurbar",Nandurbar,1.955589,5,9.777947
AB+,27154,"Sir, J.J. Group Hospital Blood Centre, Byculla Mumbai",Mumbai,280738,Superitendent Gokuldas Tejpal Hospital,Mumbai,2.005139,5,10.025695
AB+,18125,"Arpan Blood Centre, Blood Component And Apheresis Centre Kolhapur",Kolhapur,18122,Dr. D.Y Patil Hospital Blood Centre,Kolhapur,2.080604,2,4.161208
AB+,18234,Sanjivan   Blood Centre,Chandrapur,18240,"Ankur Hospital Blood Centre, Chandrapur",Chandrapur,2.101451,1,2.101451
AB+,18154,Shree Navjeevan Blood Centre Dhule,Dhule,18152,Jawahar Medical Foundation Blood Centre,Dhule,2.167521,1,2.167521
AB+,18086,Central India Institute Of Haematology And OncologyS Blood And Blood Component  Bank And Apheresis U,Nagpur,27146,"Govt. Medical College Blood Centre, Nagpur",Nagpur,2.19314,5,10.965701
AB+,18042,"Matoshri Valbai Mulji Shah, Arpan Blood Centre",Mumbai,18047,Fortis  Hospital Blood Centre,Mumbai,2.262527,3,6.787581
AB+,27154,"Sir, J.J. Group Hospital Blood Centre, Byculla Mumbai",Mumbai,18008,"Cama And Albles Hosp., Abdul Fazalbhoy Blood Centre",Mumbai,2.322885,5,11.614426
AB+,18034,"Seth V.C.Gandhi And M.A.Vora Municipal General Hospital, Rajawadi ,Ghatkopar",Mumbai,284360,"Criticare Asia Hospital Blood Centre, Pvt. Ltd., Kurla (W), Mumbai",Mumbai,2.472443,2,4.944885
AB+,27154,"Sir, J.J. Group Hospital Blood Centre, Byculla Mumbai",Mumbai,18006,St. GeorgeS Hospital And Regional  Blood Centre,Mumbai,2.518136,4,10.072546
AB+,18055,"Meenatai Thackeray Blood Centre, Goregaon, Mumbai, Managed By Prabodhan  Goregaon",Mumbai,18188,M/S Balasaheb Thackerey Blood Centre,Mumbai,2.523203,3,7.569609
AB+,18025,"S. L. Raheja Hospital. Blood Centre, Mahim",Mumbai,18023,Shushrusha Citizens Co-Op Hospital Blood Centre,Mumbai,2.577819,3,7.733456
AB+,18049,Rotary D.G Goenka Blood Centre( Municipal Gen. Hospital),Mumbai,18024,Smt. Kapoorben Vasanji Lathiya Blood Centre,Mumbai,2.67613,2,5.352261
AB+,18247,Navjivan Blood Centre Mged By Saraswati Vidyaprasarak Foundation,Mumbai,18059,Bharatratna Dr Babasaheb Ambedkar Mun. Gen. Hospital Blood Centre,Mumbai,2.795146,1,2.795146
AB+,18284,"Nkp Salve Inst.Of Med.Sci. And Res.Center.Lata Mangeshkar Hosp, Blood Centre",Nagpur,282599,Dean Datta Meghe Medical Collecge M.S.Dattatraya Blood Centre,Nagpur,2.802156,1,2.802156
AB+,18037,Deepak Foundations Anviksha Blood Centre,Mumbai,284360,"Criticare Asia Hospital Blood Centre, Pvt. Ltd., Kurla (W), Mumbai",Mumbai,2.804493,3,8.413479
AB+,18055,"Meenatai Thackeray Blood Centre, Goregaon, Mumbai, Managed By Prabodhan  Goregaon",Mumbai,18057,Suburban Hi-Tech Blood Centre,Mumbai,2.845155,5,14.225776
AB+,282564,M/S Aman Blood Centre Gandhibag Nagpur,Nagpur,18290,Dean Government Medical College And Super Speciality Hospital Blood Centre,Nagpur,2.940866,5,14.704331
AB+,284720,"Dr. D.Y. Patil Medical College Hospital And Research Centre Blood Centre,  Pimpri, Pune.",Pune,280768,Sanjeevani Blood Centre Bhosari,Pune,3.217406,3,9.652218
AB+,18044,Bandra Holly Family Hospital Society Blood Centre,Mumbai,18051,V.N. Desai Municipal General Hospital Blood Centre,Mumbai,3.220279,5,16.101393
AB+,18154,Shree Navjeevan Blood Centre Dhule,Dhule,18150,Shri Bhausaheb Hire Govt. Medical College And Hospital Blood Centre Dhule,Dhule,3.40039,2,6.80078
AB+,284720,"Dr. D.Y. Patil Medical College Hospital And Research Centre Blood Centre,  Pimpri, Pune.",Pune,280125,Red Plus Blood Centre Pune,Pune,3.432911,1,3.432911
AB+,18035,"Sushilaben R. Mehta And Sir. Kikabai Cardiac Institute, Blood Centre",Mumbai,27107,TATA MEMORIAL CENTRE- TATA MEMORIAL HOSPITAL,Mumbai,3.528728,3,10.586185
AB+,18103,Mauli Blood Centre satara,Satara,27109,District General Hospital Blood Bank Satara,Satara,3.562242,4,14.248967
AB+,18003,"Byl Nair Hospital, Blood Centre",Mumbai,18016,K.E.M. Hospital Blood Centre,Mumbai,3.65134,4,14.605359
AB+,18003,"Byl Nair Hospital, Blood Centre",Mumbai,18014,Bombay Hospital Trust Blood Centre,Mumbai,3.7187,5,18.593499
AB+,18064,M/S Bharati Vidyapeeth Medical Foundations Bharati Hospital Blood Centre,Pune,18083,Smt Kashibai Navale General Hospital Blood Centre,Pune,3.723675,3,11.171026
AB+,18003,"Byl Nair Hospital, Blood Centre",Mumbai,27107,TATA MEMORIAL CENTRE- TATA MEMORIAL HOSPITAL,Mumbai,4.021107,1,4.021107
AB+,18030,K.J.Somaiya Medical College And Hospital Blood Centre,Mumbai,18033,Bhabha Atomic Research Centre Hospital Blood Centre,Mumbai,4.21363,5,21.06815
AB+,27154,"Sir, J.J. Group Hospital Blood Centre, Byculla Mumbai",Mumbai,18009,Bombay Red Cross Blood Centre,Mumbai,4.463976,5,22.319881
AB+,284084,"Washim Blood Centre (Trust), Washim Managed By Ocean Bahuuddeshiya Sanstha,  Pusad, Dist. Yavtmal",Washim,27123,Civil Hospital Washim,Washim,4.709684,5,23.548419
AB+,18193,Chidanand Charitable Trust Blood Centre,Thane,18195,Kalyan Dombivali Muncipal Corporation Sponsered Nandakishore Educaation Society  Arpan Blood Bank,Thane,5.399419,2,10.798838
AB+,18055,"Meenatai Thackeray Blood Centre, Goregaon, Mumbai, Managed By Prabodhan  Goregaon",Mumbai,18059,Bharatratna Dr Babasaheb Ambedkar Mun. Gen. Hospital Blood Centre,Mumbai,5.498324,4,21.993298
AB+,18225,Adarsh Blood Centre,Aurangabad,284254,Blood Center District Hospital Aurangabad,Aurangabad,5.521888,3,16.565664
AB+,18223,Dattaji Bhale Blood Centre,Aurangabad,284254,Blood Center District Hospital Aurangabad,Aurangabad,5.901471,1,5.901471
AB+,284084,"Washim Blood Centre (Trust), Washim Managed By Ocean Bahuuddeshiya Sanstha,  Pusad, Dist. Yavtmal",Washim,18267,Sau. Kantadevi Dale Blood Centre,Washim,6.11528,2,12.23056
AB+,18190,Kai Wamanrao Oka Rakta Kendra,Thane,282562,Kokilaben Dhirubhai Ambani Hospital Navi Mumbai Blood Centre,Thane,7.033036,3,21.099108
AB+,18114,Akshay Blood Centre,Solapur,280140,"M.M.Patel Public Charitable Trust,  Ashwini Rural Medical College And Hospital  Blood Centre",Solapur,7.622971,3,22.868914
AB+,283305,Surabhi Hospital Pvt.Ltd. Surabhi Blood Centre,Ahmadnagar,18196,Ishwar Seva Trusts Dombivali Blood Center,Thane,7.979839,3,23.939518
AB+,282612,Red Plus Blood Center Jalgaon,Jalgaon,285061,Pachpande Multispeciality Hospital Blood Storage Center,Jalgaon,8.352497,3,25.057492
AB+,18193,Chidanand Charitable Trust Blood Centre,Thane,27124,"Central Hospital Blood Centre, Ulhasnagar, Thane",Thane,8.84807,2,17.69614
AB+,283459,"Azad Panchi Groups Sanchalit, Janseva Blood Centre, Hinjewadi Phase-1, Pune",Pune,18070,Jehangir Hospital Blood Centre,Pune,8.849974,2,17.699948
AB+,18265,"Nandkishor Education Society Trust, Arpan Voluntary Blood Centre",Nagpur,282599,Dean Datta Meghe Medical Collecge M.S.Dattatraya Blood Centre,Nagpur,9.146001,1,9.146001
AB+,18144,Ashtavinayak Blood Bank,Ahmadnagar,18137,"Padmashri Dr. Vitthalrao Vikhe Patil Foundation Ahmednagar Medical College  Hospital, Blood Bank",Ahmadnagar,9.184633,3,27.553899
AB+,18162,Godavari FoundationS Dr.Ulhas Patil Medical College And Hospital Blood Centre,Jalgaon,18155,Dhanwantri Blood Centre,Jalgaon,9.24058,3,27.721739
AB+,18045,"Dr. L. H. Hiranandani Hospital, Blood Centre",Mumbai,18199,"Navi Mumbai Muncipal Corporation, Blood Centre",Thane,9.265383,1,9.265383
AB+,18204,Bhiwandi Blood Centre,Thane,18195,Kalyan Dombivali Muncipal Corporation Sponsered Nandakishore Educaation Society  Arpan Blood Bank,Thane,9.273155,2,18.546309
AB+,18253,"Shri Balaji Blood Centre , Blood Component Lab And Blood Transfusion Center",Amravati,284508,Dr.Rajendra Gode Blood Centre And Component Lab,Amravati,9.289846,3,27.869537
AB+,18257,"Sant Gadgebaba Blood Centre And Component Centre, Badnera",Amravati,284764,"Blood Centre And Component Separation Unit, Sub-District Hospital, Dharni,  District Amravati",Amravati,12.317658,5,61.588292
AB+,18190,Kai Wamanrao Oka Rakta Kendra,Thane,18196,Ishwar Seva Trusts Dombivali Blood Center,Thane,13.03824,1,13.03824
AB+,18189,Jupiter Hospital Blood Centre,Thane,18196,Ishwar Seva Trusts Dombivali Blood Center,Thane,13.069328,1,13.069328
AB+,18037,Deepak Foundations Anviksha Blood Centre,Mumbai,18201,"Dr. D.Y. Patil Hospital And Research Centre, Blood Centre",Thane,13.376635,5,66.883174
AB+,18037,Deepak Foundations Anviksha Blood Centre,Mumbai,280536,Apollo Hospital Charitable Trusts' Apollo Hospital Blood Centre,Raigarh,13.407006,1,13.407006
AB+,18146,Sanjeevani Blood Centre,Ahmadnagar,18140,Shri Sainath Blood Centre,Ahmadnagar,14.04991,4,56.199639
AB+,18124,Acharya Shree Tulsi Blood Centre,Kolhapur,18120,"Late Balasaheb Datye, Lions Blood Centre, Ichalkaranji",Kolhapur,16.551689,4,66.206756
AB+,284140,Arpan Blood Centre Nanded,Nanded,18088,Cristanand Education Society Blood Centre,Chandrapur,16.631902,1,16.631902
AB+,283307,Sant Jagnnath Maharaj Anjalekar Bahuuudeshiya Sansthas Sanjivani Blood Centre,Jalgaon,18155,Dhanwantri Blood Centre,Jalgaon,16.986042,2,33.972084
AB+,284454,"Bhavar Blood Centre,  Badlapur (E), Taluka Ambernath, Dist. Thane",Thane,18195,Kalyan Dombivali Muncipal Corporation Sponsered Nandakishore Educaation Society  Arpan Blood Bank,Thane,17.045751,1,17.045751
AB+,18124,Acharya Shree Tulsi Blood Centre,Kolhapur,280148,"M/S Adhar Blood Centre, Ichalkaranji",Kolhapur,17.124878,1,17.124878
AB+,18037,Deepak Foundations Anviksha Blood Centre,Mumbai,280128,M/S Navi Mumbai Blood Centre,Raigarh,17.544325,1,17.544325
AB+,282571,"Shri Manoharpant Sapate Bahuuddeshiya Samajseva Sansthan TrustS, M/S. Medicare  Blood Centre",Solapur,280674,Pandharpur Blood Centre,Solapur,20.396752,1,20.396752
AB+,18232,Vaidyanath Blood Centre,Bid,18231,"Dean, Swami Ramanand Tirtha Rural Medical College. And Hospital, Blood Centre",Bid,21.160738,3,63.482215
AB+,18257,"Sant Gadgebaba Blood Centre And Component Centre, Badnera",Amravati,284508,Dr.Rajendra Gode Blood Centre And Component Lab,Amravati,21.62954,2,43.25908
AB+,18145,"Rotary Blood Centre, Rahuri Charitable Trust",Ahmadnagar,18143,Dr. JondhaleS Nityaseva Blood Centre,Ahmadnagar,22.585819,4,90.343276
AB+,18037,Deepak Foundations Anviksha Blood Centre,Mumbai,18215,"Shree Sai Medical TrustS,  Shree Sai Blood Centre, Old Panvel",Raigarh,22.693204,2,45.386408
AB+,18037,Deepak Foundations Anviksha Blood Centre,Mumbai,18216,Rotary Club New Panvel Charitable  Trust S Late Dr. B.V. Limaye Blood Centre,Raigarh,22.93856,3,68.81568
AB+,18104,Phaltan Medical FoundationS Blood Centre,Satara,18085,"Indian Red Cross Society, (Late Manikbai Chandulal Saraf ) Blood Centre, Pune",Pune,23.778405,4,95.113619
AB+,18104,Phaltan Medical FoundationS Blood Centre,Satara,284843,"Government Medical College And General Hospital Blood Centre, Baramati,  District  Pune",Pune,24.378458,5,121.892289
AB+,18295,"Arpan Blood Centre,Blood Component Lab. And Aphersis Centre",Ahmadnagar,18139,Pravara Medical Trusts Blood Centre,Ahmadnagar,26.083387,3,78.250161
AB+,27126,Civil Hospital Sindhudurg,Sindhudurg,27150,"Sub -Dist Cottage Hospital, Blood Centre , Sawantwadi, Sindhudurg",Sindhudurg,27.739509,3,83.218526
AB+,284014,"Shri Kamala Bhavani Blood Centre, Karmala",Solapur,283286,Raigad Hospital Blood Centre Of Saraswati Education Society,Raigarh,28.249753,5,141.248767
AB+,18153,Jeevan Jyoti Blood Centre,Dhule,18159,Jeevanshri Raktapedi,Jalgaon,33.633347,5,168.166734
AB+,27117,"Blood Bank Civil Hospital, Bhandara",Bhandara,284509,Sankalp Blood Centre,Satara,34.580653,3,103.74196
AB+,18295,"Arpan Blood Centre,Blood Component Lab. And Aphersis Centre",Ahmadnagar,18140,Shri Sainath Blood Centre,Ahmadnagar,34.982437,1,34.982437
AB+,18111,"Indian Red Cross Society Blood Centre, Shriman Rambhai Shah Blood Centre",Solapur,283310,Renuka Blood Centre Component And Apheresis Centre,Osmanabad,36.413506,2,72.827013
AB+,18111,"Indian Red Cross Society Blood Centre, Shriman Rambhai Shah Blood Centre",Solapur,18251,"Blood Center Government Medical College And Hospital, Osmanabad ",Osmanabad,37.051082,4,148.204329
AB+,280146,Blood Centre Shri Vasantrao Naik  Govt. Medical College And Hospital,Yavatmal,284432,"City Blood Centre, Component And Apheresis Centre, Beed",Jalna,37.185566,5,185.927832
AB+,18238,"Ircs Nagappa Ambarkhane Blood Centre, Udgir",Latur,284835,"Shaurya Blood Centre, Blood Component And Apheresis Centre, Ahmedpur, Dist.  Latur",Latur,38.991231,2,77.982462
AB+,18204,Bhiwandi Blood Centre,Thane,284514,M/S . Ideal Foundations Ideal Blood Centre,Palghar,40.901181,3,122.703543
AB+,283307,Sant Jagnnath Maharaj Anjalekar Bahuuudeshiya Sansthas Sanjivani Blood Centre,Jalgaon,18278,Dr. Murlidhar Kharche Memorial Jeevan Jyoti Blood Centre,Buldana,47.42379,5,237.118948
AB+,18205,Mira Bhayandar Muncipal Corporation Rajeev Gandhi Blood Centre,Thane,282565,"Sathiya Educational SocietyS Sathiya Trust Blood Centre, Nalasopara, Palghar",Palghar,49.609962,1,49.609962
AB+,18089,"Civil Surgeon, General Hospital Blood Centre, Gadchiroli",Gadchiroli,18088,Cristanand Education Society Blood Centre,Chandrapur,49.996425,1,49.996425
AB+,18221,Shri Sai Seva Medical Foundation Sanchalit Nirnay Janseva Blood Centre,Dhule,18181,"Shree Swami  Samartha Vaidyakiya  Shaikshanik And Sanshodhan Sanstha, Late   Shri Mukeshbai Patel Blo",Dhule,50.102149,5,250.510746
AB+,283609,Aiims Nagpur Blood Center,Nagpur,18292,"Kasturba Health SocietyS, Blood Centre, Sevagram(Mgims)",Wardha,50.320579,3,150.961736
AB+,18247,Navjivan Blood Centre Mged By Saraswati Vidyaprasarak Foundation,Mumbai,280142,"Maharashtra Bloodbank, Component And Apheresis Center",Palghar,51.80874,5,259.0437
AB+,18247,Navjivan Blood Centre Mged By Saraswati Vidyaprasarak Foundation,Mumbai,284844,"Civil Hospital Palghar Blood Centre, Palghar",Palghar,51.980015,4,207.920059
AB+,18247,Navjivan Blood Centre Mged By Saraswati Vidyaprasarak Foundation,Mumbai,282565,"Sathiya Educational SocietyS Sathiya Trust Blood Centre, Nalasopara, Palghar",Palghar,52.274136,3,156.822408
AB+,283609,Aiims Nagpur Blood Center,Nagpur,18291,"District - Civil Surgeon,  General Hospital Blood Centre Wardha",Wardha,55.058277,5,275.291383
AB+,284015,Aai Bahuuddeshiya Sevabhavi Sanstha Shourya Blood Centre Yavatmal,Yavatmal,18293,Jawaharlal Nehru Medical College Blood Centre,Wardha,57.463657,2,114.927313
AB+,284433,"Ayush Blood Centre, Vaduj, Tal. Khatav, Dist. Satara",Satara,18088,Cristanand Education Society Blood Centre,Chandrapur,62.17122,3,186.51366
AB+,27117,"Blood Bank Civil Hospital, Bhandara",Bhandara,27152,Bai Gangabai Ladies Hospital Blood Centre Gondiya,Gondiya,64.41657,2,128.833141
AB+,18118,Annasaheb Galatge Lions Blood Centre  Run By Gadhinglaj Lions Welfare  Association,Kolhapur,27150,"Sub -Dist Cottage Hospital, Blood Centre , Sawantwadi, Sindhudurg",Sindhudurg,66.588444,2,133.176887
AB+,283307,Sant Jagnnath Maharaj Anjalekar Bahuuudeshiya Sansthas Sanjivani Blood Centre,Jalgaon,18117,Leelavati Blood Centre,Buldana,78.361629,2,156.723259
AB+,18161,Indian Red Cross Society Blood Centre Jalgaon,Jalgaon,18230,Jeevandhara Buldana Urban Blood Centre Run And Managed By Shree Charitable  Trust,Buldana,82.948978,2,165.897955
AB+,18157,Civil Hospital Blood Centre,Jalgaon,18117,Leelavati Blood Centre,Buldana,83.311638,3,249.934914
AB+,18227,Jankalyan Blood Centre,Jalna,18277,"Civil Surgeon, District General Hospital Blood Centre",Buldana,83.911524,3,251.734573
AB-,283840,"Radhai Blood Centre, Components Laboratory And Apheresis Centre, Udgir, Dist.  Latur",Latur,18220,"Mauli Blood Centre, Latur",Latur,0.528339,5,2.641696
AB-,283840,"Radhai Blood Centre, Components Laboratory And Apheresis Centre, Udgir, Dist.  Latur",Latur,18268,Arpan Blood Centre Blood Component And Apheresis Centre,Latur,1.629099,3,4.887297
AB-,283840,"Radhai Blood Centre, Components Laboratory And Apheresis Centre, Udgir, Dist.  Latur",Latur,27127,"Blood Centre, Govt.Medical College, General Hospital Latur",Latur,1.691876,5,8.45938
AB-,283840,"Radhai Blood Centre, Components Laboratory And Apheresis Centre, Udgir, Dist.  Latur",Latur,18236,"Indian Red Cross Society, Dr. Bhalchandra Blood Centre",Latur,1.913468,4,7.653873
AB-,283840,"Radhai Blood Centre, Components Laboratory And Apheresis Centre, Udgir, Dist.  Latur",Latur,282568,Vbss Sanchalit Latur Blood Centre And Components Latur,Latur,1.913468,5,9.567341
AB-,27108,Jankalyan Blood Center,Nandurbar,18164,"Civil Surgeon, District General Hospital Blood Centre,  Nandurbar",Nandurbar,1.955589,5,9.777947
AB-,284529,Spandan Blood Centre,Pune,18073,"Grant Medical Foundation,  A.H. Wadia Trust Blood Centre",Pune,2.237432,1,2.237432
AB-,284529,Spandan Blood Centre,Pune,284448,"Shwas Foundation Poona Blood Centre, Narayangaon, Tal- Junnar, Dist. Pune",Pune,2.681929,2,5.363857
AB-,18078,Noble Charitable Trust S Noble Blood Centre,Pune,18068,"Sadhu Vaswani Mission Medical Complex, Inlaks And Budharani Hospital Blood  Centre, Pune",Pune,5.427243,1,5.427243
AB-,18062,Akshay Blood Centre,Pune,18068,"Sadhu Vaswani Mission Medical Complex, Inlaks And Budharani Hospital Blood  Centre, Pune",Pune,10.4482,1,10.4482
AB-,18062,Akshay Blood Centre,Pune,18129,Chattrapati Shahu Maharaj Aadhar Blood Centre,Pune,10.769363,3,32.30809
AB-,283840,"Radhai Blood Centre, Components Laboratory And Apheresis Centre, Udgir, Dist.  Latur",Latur,18231,"Dean, Swami Ramanand Tirtha Rural Medical College. And Hospital, Blood Centre",Bid,42.191112,3,126.573336
AB-,283840,"Radhai Blood Centre, Components Laboratory And Apheresis Centre, Udgir, Dist.  Latur",Latur,18232,Vaidyanath Blood Centre,Bid,49.503742,5,247.518712
AB-,283840,"Radhai Blood Centre, Components Laboratory And Apheresis Centre, Udgir, Dist.  Latur",Latur,284835,"Shaurya Blood Centre, Blood Component And Apheresis Centre, Ahmedpur, Dist.  Latur",Latur,52.350776,4,209.403105
AB-,283840,"Radhai Blood Centre, Components Laboratory And Apheresis Centre, Udgir, Dist.  Latur",Latur,18238,"Ircs Nagappa Ambarkhane Blood Centre, Udgir",Latur,57.44505,4,229.7802
AB-,283840,"Radhai Blood Centre, Components Laboratory And Apheresis Centre, Udgir, Dist.  Latur",Latur,18251,"Blood Center Government Medical College And Hospital, Osmanabad ",Osmanabad,60.56726,5,302.8363
AB-,283840,"Radhai Blood Centre, Components Laboratory And Apheresis Centre, Udgir, Dist.  Latur",Latur,283310,Renuka Blood Centre Component And Apheresis Centre,Osmanabad,60.804555,3,182.413666
AB-,283840,"Radhai Blood Centre, Components Laboratory And Apheresis Centre, Udgir, Dist.  Latur",Latur,18241,Shrikrishna Blood Center ,Osmanabad,62.940257,1,62.940257
AB-,27108,Jankalyan Blood Center,Nandurbar,18181,"Shree Swami  Samartha Vaidyakiya  Shaikshanik And Sanshodhan Sanstha, Late   Shri Mukeshbai Patel Blo",Dhule,65.388905,4,261.555621
AB-,27108,Jankalyan Blood Center,Nandurbar,18152,Jawahar Medical Foundation Blood Centre,Dhule,71.833485,5,359.167426
AB-,27108,Jankalyan Blood Center,Nandurbar,18154,Shree Navjeevan Blood Centre Dhule,Dhule,73.91017,2,147.820339
AB-,27108,Jankalyan Blood Center,Nandurbar,18221,Shri Sai Seva Medical Foundation Sanchalit Nirnay Janseva Blood Centre,Dhule,74.297061,5,371.485306
AB-,27108,Jankalyan Blood Center,Nandurbar,18153,Jeevan Jyoti Blood Centre,Dhule,74.81407,3,224.442211
AB-,27108,Jankalyan Blood Center,Nandurbar,18150,Shri Bhausaheb Hire Govt. Medical College And Hospital Blood Centre Dhule,Dhule,76.514525,4,306.058099
AB-,27108,Jankalyan Blood Center,Nandurbar,18159,Jeevanshri Raktapedi,Jalgaon,91.023807,5,455.119036
AB-,283840,"Radhai Blood Centre, Components Laboratory And Apheresis Centre, Udgir, Dist.  Latur",Latur,18111,"Indian Red Cross Society Blood Centre, Shriman Rambhai Shah Blood Centre",Solapur,93.913561,1,93.913561
AB-,18237,"Dean, Maeer,S Smt.Saraswati Karad Blood Centre",Latur,284150,"Shri Dhaneshwari Manav Vikas Mandals, Shantai Blood Centre, Pedgaon, Dist.  Parbhani",Parbhani,96.242353,4,384.969413
AB-,18237,"Dean, Maeer,S Smt.Saraswati Karad Blood Centre",Latur,18262,"Civil Surgeon, District General Hospital Blood Centre",Parbhani,97.091143,2,194.182286
AB-,283840,"Radhai Blood Centre, Components Laboratory And Apheresis Centre, Udgir, Dist.  Latur",Latur,280138,Irrapanna N Bolli Blood Centre,Solapur,105.544649,5,527.723246
AB-,283840,"Radhai Blood Centre, Components Laboratory And Apheresis Centre, Udgir, Dist.  Latur",Latur,280140,"M.M.Patel Public Charitable Trust,  Ashwini Rural Medical College And Hospital  Blood Centre",Solapur,106.148462,5,530.742309
AB-,283840,"Radhai Blood Centre, Components Laboratory And Apheresis Centre, Udgir, Dist.  Latur",Latur,18109,"Indian Red Cross Society Blood Centre, Bai Gopabai Damani Blood Centre,  Solapur",Solapur,106.325696,3,318.977087
AB-,283840,"Radhai Blood Centre, Components Laboratory And Apheresis Centre, Udgir, Dist.  Latur",Latur,18027,M/S Beed Blood Centre,Beed,107.058256,3,321.174768
AB-,283840,"Radhai Blood Centre, Components Laboratory And Apheresis Centre, Udgir, Dist.  Latur",Latur,27115,"Blood Bank Civil Hospital, Beed",Bid,107.058256,4,428.233023
AB-,283840,"Radhai Blood Centre, Components Laboratory And Apheresis Centre, Udgir, Dist.  Latur",Latur,18114,Akshay Blood Centre,Solapur,107.451065,2,214.902129
AB-,283840,"Radhai Blood Centre, Components Laboratory And Apheresis Centre, Udgir, Dist.  Latur",Latur,18115,"Athar Blood Centre, Solapur ",Solapur,107.488456,5,537.442281
AB-,283840,"Radhai Blood Centre, Components Laboratory And Apheresis Centre, Udgir, Dist.  Latur",Latur,27119,"Blood Bank Civil Hospital, Solapur",Solapur,107.488456,3,322.465368
AB-,283840,"Radhai Blood Centre, Components Laboratory And Apheresis Centre, Udgir, Dist.  Latur",Latur,282598,Dnyandeep Blood Center Of Modern Institute Of Technology,Solapur,107.489475,4,429.957899
AB-,283840,"Radhai Blood Centre, Components Laboratory And Apheresis Centre, Udgir, Dist.  Latur",Latur,280141,Mallikarjun Blood Centre,Solapur,107.509794,5,537.548972
AB-,283840,"Radhai Blood Centre, Components Laboratory And Apheresis Centre, Udgir, Dist.  Latur",Latur,18107,Dr. Hegdewar Rakta Pedhi,Solapur,107.546683,4,430.186733
AB-,283840,"Radhai Blood Centre, Components Laboratory And Apheresis Centre, Udgir, Dist.  Latur",Latur,18113,M/S Jeevan Jyot Charitable TrustS Solapur Blood Centre,Solapur,107.962054,5,539.810272
AB-,283840,"Radhai Blood Centre, Components Laboratory And Apheresis Centre, Udgir, Dist.  Latur",Latur,18244,Golwalkari Guruji Blood Centre,Nanded,114.655661,5,573.278305
AB-,18237,"Dean, Maeer,S Smt.Saraswati Karad Blood Centre",Latur,280719,Swami Vivekanand Blood Centre,Nanded,114.775709,4,459.102838
AB-,283840,"Radhai Blood Centre, Components Laboratory And Apheresis Centre, Udgir, Dist.  Latur",Latur,18208,M/S. Shri Hazur Saheb Blood Centre,Nanded,115.141807,3,345.425421
AB-,283840,"Radhai Blood Centre, Components Laboratory And Apheresis Centre, Udgir, Dist.  Latur",Latur,18243,"Indian Red Cross Society Blood Centre, Nanded",Nanded,115.220043,5,576.100215
AB-,283840,"Radhai Blood Centre, Components Laboratory And Apheresis Centre, Udgir, Dist.  Latur",Latur,18203,"Jai Matadi Bahuuddeshiya Sevabhavi Sasthas Guru Gobindsinghji Blood Centre,  Blood Comp And Aphs Nand",Nanded,115.457586,4,461.830345
AB-,283840,"Radhai Blood Centre, Components Laboratory And Apheresis Centre, Udgir, Dist.  Latur",Latur,27131,Dr.Shankarrao Chavan Government Medical College And Hospital Blood Centre  Nanded,Nanded,115.555164,5,577.775819
AB-,18237,"Dean, Maeer,S Smt.Saraswati Karad Blood Centre",Latur,280770,Jeevan Adhar Blood Centre Nanded,Nanded,116.435933,5,582.179665
AB-,283840,"Radhai Blood Centre, Components Laboratory And Apheresis Centre, Udgir, Dist.  Latur",Latur,284014,"Shri Kamala Bhavani Blood Centre, Karmala",Solapur,144.252996,4,577.011985
AB-,283840,"Radhai Blood Centre, Components Laboratory And Apheresis Centre, Udgir, Dist.  Latur",Latur,282571,"Shri Manoharpant Sapate Bahuuddeshiya Samajseva Sansthan TrustS, M/S. Medicare  Blood Centre",Solapur,148.977534,2,297.955069
B+,282598,Dnyandeep Blood Center Of Modern Institute Of Technology,Solapur,18115,"Athar Blood Centre, Solapur ",Solapur,0.002463,3,0.00739
B+,18183,"Mahatma Gandhi Blood Centre,  Operated By Task",Thane,18185,Navjeevan Blood Centre Mangaed By Spvf,Thane,0.074397,3,0.223191
B+,280146,Blood Centre Shri Vasantrao Naik  Govt. Medical College And Hospital,Yavatmal,18275,Shri Gajanan Blood Centre And Components,Yavatmal,0.107325,5,0.536627
B+,280130,"Indian Red Cross Society, Dr. Shirgaonkar Blood Centre",Sangli,280131,"Padma Bhushan Vasantdada Patil (Civil Surgeon), Govt. General Hospital Blood  Centre, Sangli",Sangli,0.141968,5,0.709841
B+,27120,Sasoon Blood Centre Pune,Pune,283795,Autus Blood Centre,Pune,0.265347,2,0.530693
B+,27120,Sasoon Blood Centre Pune,Pune,284350,Manipal Hospitals Pvt Ltd Blood Centre,Pune,0.265347,1,0.265347
B+,18176,"Late. Dr. G.M. Bhavsar Charitable TrustS,Malegaon Blood Centre",Nashik,281039,General Hospital Malegaon Blood Centre,Nashik,0.276044,5,1.38022
B+,18136,M/S. Global Hospital-Super Speciality Andtransplant Centre,Mumbai,18016,K.E.M. Hospital Blood Centre,Mumbai,0.28163,4,1.126518
B+,282565,"Sathiya Educational SocietyS Sathiya Trust Blood Centre, Nalasopara, Palghar",Palghar,284844,"Civil Hospital Palghar Blood Centre, Palghar",Palghar,0.29465,1,0.29465
B+,18234,Sanjivan   Blood Centre,Chandrapur,18011,General Hospital Blood Centre,Chandrapur,0.301399,1,0.301399
B+,27131,Dr.Shankarrao Chavan Government Medical College And Hospital Blood Centre  Nanded,Nanded,18243,"Indian Red Cross Society Blood Centre, Nanded",Nanded,0.34465,2,0.6893
B+,18168,Arpan Blood Centre And Blood Component Laboratory And Research Centre Nashik,Nashik,18178,"Medical Superintendent, Regional Referal Hospital Blood Bank,(Superspeciality  Hospital) Nashik",Nashik,0.482127,5,2.410637
B+,18102,"Krishna Hospital And Medical Research Centre, Blood Centre",Satara,280133,"S. S.Venutai Y. Chavan Sub-District Hospital, Blood Centre Karad",Satara,0.486251,5,2.431255
B+,282612,Red Plus Blood Center Jalgaon,Jalgaon,18160,Jeevan Surabhi Blood Centre,Jalgaon,0.509454,5,2.547268
B+,282565,"Sathiya Educational SocietyS Sathiya Trust Blood Centre, Nalasopara, Palghar",Palghar,280142,"Maharashtra Bloodbank, Component And Apheresis Center",Palghar,0.512638,3,1.537913
B+,18131,"Azad Panchi Groups, M/S Siddheshwar Blood Centre, Solapur",Solapur,18109,"Indian Red Cross Society Blood Centre, Bai Gopabai Damani Blood Centre,  Solapur",Solapur,0.536595,2,1.073191
B+,18138,Jankalyan Blood Centre,Ahmadnagar,18141,Ahmednagar Municipal Council Blood Centre,Ahmadnagar,0.553938,5,2.769691
B+,18227,Jankalyan Blood Centre,Jalna,18228,"Civil Surgeon, General Hospital, Blood Centre",Jalna,0.650105,3,1.950314
B+,18136,M/S. Global Hospital-Super Speciality Andtransplant Centre,Mumbai,27107,TATA MEMORIAL CENTRE- TATA MEMORIAL HOSPITAL,Mumbai,0.664621,4,2.658483
B+,18044,Bandra Holly Family Hospital Society Blood Centre,Mumbai,18038,"K.B.Bhabha Muncipal General Hospital, Blood Centre",Mumbai,0.718449,5,3.592243
B+,18253,"Shri Balaji Blood Centre , Blood Component Lab And Blood Transfusion Center",Amravati,27114,"Blood Bank Civil Hospital, Amravati",Amravati,0.725136,2,1.450272
B+,18022,Sir H N Hospital And Research Centre Blood Centre,Mumbai,18007,Saifee Hospital Trust Blood Centre,Mumbai,0.736401,3,2.209202
B+,18179,"Nashik Blood Bank And Transfusion Research Institute Blood Bank(Jijau Mahila  Sewabhavi Sanstha, Nash",Nashik,18169,Civil Hospital Blood Centre Nashik,Nashik,0.757982,2,1.515964
B+,280145,Terna Blood Centre,Thane,280536,Apollo Hospital Charitable Trusts' Apollo Hospital Blood Centre,Raigarh,0.767127,1,0.767127
B+,284454,"Bhavar Blood Centre,  Badlapur (E), Taluka Ambernath, Dist. Thane",Thane,18184,"Vitthal  Sayanna General  Hospital (Civil Hospital) Blood Centre, Thane",Thane,0.94442,5,4.722098
B+,18086,Central India Institute Of Haematology And OncologyS Blood And Blood Component  Bank And Apheresis U,Nagpur,18288,Lifeline Blood Centre Nagpur,Nagpur,1.005828,2,2.011656
B+,18261,Akola Diagnostic Centre Blood Centre And Component Lab,Akola,27129,"Dean, Govt. Medical College Hospital Blood Centre Akola",Akola,1.039565,2,2.079129
B+,280145,Terna Blood Centre,Thane,18201,"Dr. D.Y. Patil Hospital And Research Centre, Blood Centre",Thane,1.067103,4,4.268412
B+,282612,Red Plus Blood Center Jalgaon,Jalgaon,18158,Indian Red Cross Society Sanchalit Askaran Tarachand Jain Blood Centre,Jalgaon,1.316251,5,6.581256
B+,18071,Kem Hospital Blood Centre,Pune,283795,Autus Blood Centre,Pune,1.335975,3,4.007925
B+,280123,M/S Vidyashree Charitable Trusts Om Blood Centre,Pune,284350,Manipal Hospitals Pvt Ltd Blood Centre,Pune,1.348704,2,2.697408
B+,18089,"Civil Surgeon, General Hospital Blood Centre, Gadchiroli",Gadchiroli,27130,"Medical Supritentent Sub-District (Rural) Hospital Blood Centre, Gadchiroli  Aheri",Gadchiroli,1.436646,5,7.183231
B+,18025,"S. L. Raheja Hospital. Blood Centre, Mahim",Mumbai,18015,"P.D. Hinduja Hospital And Medical Research, Blood Centre",Mumbai,1.475516,3,4.426549
B+,18003,"Byl Nair Hospital, Blood Centre",Mumbai,18017,Masina Hospital Blood Centre,Mumbai,1.49129,5,7.456451
B+,18190,Kai Wamanrao Oka Rakta Kendra,Thane,18187,Chhatrapati Shivaji Maharaj Hospital Blood Centre Csm,Thane,1.623684,5,8.118422
B+,18183,"Mahatma Gandhi Blood Centre,  Operated By Task",Thane,18186,Lokamanya Tssia  Blood Centre,Thane,1.688605,2,3.37721
B+,284763,"Balaji Blood Centre, Lonand, Khandala Taluk, Dist. Satara",Satara,27109,District General Hospital Blood Bank Satara,Satara,1.805437,5,9.027184
B+,18049,Rotary D.G Goenka Blood Centre( Municipal Gen. Hospital),Mumbai,18040,Sant Nirankari Blood Centre,Mumbai Suburban,1.91736,1,1.91736
B+,18052,Holy Spirit Hospital Blood Centre,Mumbai,18188,M/S Balasaheb Thackerey Blood Centre,Mumbai,1.925111,3,5.775333
B+,27154,"Sir, J.J. Group Hospital Blood Centre, Byculla Mumbai",Mumbai,280738,Superitendent Gokuldas Tejpal Hospital,Mumbai,2.005139,5,10.025695
B+,18018,N.M Wadia Hospital Blood Centre Parel Mumbai,Mumbai,18023,Shushrusha Citizens Co-Op Hospital Blood Centre,Mumbai,2.03717,3,6.111509
B+,18022,Sir H N Hospital And Research Centre Blood Centre,Mumbai,18014,Bombay Hospital Trust Blood Centre,Mumbai,2.134794,2,4.269587
B+,18086,Central India Institute Of Haematology And OncologyS Blood And Blood Component  Bank And Apheresis U,Nagpur,27146,"Govt. Medical College Blood Centre, Nagpur",Nagpur,2.19314,5,10.965701
B+,18001,"Jaslok Hospital And Research Centre, Blood Centre",Mumbai,18007,Saifee Hospital Trust Blood Centre,Mumbai,2.310528,2,4.621057
B+,27154,"Sir, J.J. Group Hospital Blood Centre, Byculla Mumbai",Mumbai,18008,"Cama And Albles Hosp., Abdul Fazalbhoy Blood Centre",Mumbai,2.322885,5,11.614426
B+,27154,"Sir, J.J. Group Hospital Blood Centre, Byculla Mumbai",Mumbai,18006,St. GeorgeS Hospital And Regional  Blood Centre,Mumbai,2.518136,4,10.072546
B+,18049,Rotary D.G Goenka Blood Centre( Municipal Gen. Hospital),Mumbai,18024,Smt. Kapoorben Vasanji Lathiya Blood Centre,Mumbai,2.67613,1,2.67613
B+,18057,Suburban Hi-Tech Blood Centre,Mumbai,18059,Bharatratna Dr Babasaheb Ambedkar Mun. Gen. Hospital Blood Centre,Mumbai,2.700371,5,13.501857
B+,18284,"Nkp Salve Inst.Of Med.Sci. And Res.Center.Lata Mangeshkar Hosp, Blood Centre",Nagpur,282599,Dean Datta Meghe Medical Collecge M.S.Dattatraya Blood Centre,Nagpur,2.802156,2,5.604313
B+,282564,M/S Aman Blood Centre Gandhibag Nagpur,Nagpur,18290,Dean Government Medical College And Super Speciality Hospital Blood Centre,Nagpur,2.940866,5,14.704331
B+,18044,Bandra Holly Family Hospital Society Blood Centre,Mumbai,18051,V.N. Desai Municipal General Hospital Blood Centre,Mumbai,3.220279,5,16.101393
B+,18003,"Byl Nair Hospital, Blood Centre",Mumbai,18014,Bombay Hospital Trust Blood Centre,Mumbai,3.7187,3,11.156099
B+,18291,"District - Civil Surgeon,  General Hospital Blood Centre Wardha",Wardha,18293,Jawaharlal Nehru Medical College Blood Centre,Wardha,3.776101,1,3.776101
B+,18030,K.J.Somaiya Medical College And Hospital Blood Centre,Mumbai,18033,Bhabha Atomic Research Centre Hospital Blood Centre,Mumbai,4.21363,5,21.06815
B+,27154,"Sir, J.J. Group Hospital Blood Centre, Byculla Mumbai",Mumbai,18009,Bombay Red Cross Blood Centre,Mumbai,4.463976,5,22.319881
B+,18195,Kalyan Dombivali Muncipal Corporation Sponsered Nandakishore Educaation Society  Arpan Blood Bank,Thane,27124,"Central Hospital Blood Centre, Ulhasnagar, Thane",Thane,4.663503,2,9.327006
B+,284084,"Washim Blood Centre (Trust), Washim Managed By Ocean Bahuuddeshiya Sanstha,  Pusad, Dist. Yavtmal",Washim,27123,Civil Hospital Washim,Washim,4.709684,5,23.548419
B+,18225,Adarsh Blood Centre,Aurangabad,284254,Blood Center District Hospital Aurangabad,Aurangabad,5.521888,4,22.087551
B+,284084,"Washim Blood Centre (Trust), Washim Managed By Ocean Bahuuddeshiya Sanstha,  Pusad, Dist. Yavtmal",Washim,18267,Sau. Kantadevi Dale Blood Centre,Washim,6.11528,2,12.23056
B+,18114,Akshay Blood Centre,Solapur,280140,"M.M.Patel Public Charitable Trust,  Ashwini Rural Medical College And Hospital  Blood Centre",Solapur,7.622971,3,22.868914
B+,282612,Red Plus Blood Center Jalgaon,Jalgaon,285061,Pachpande Multispeciality Hospital Blood Storage Center,Jalgaon,8.352497,2,16.704995
B+,282562,Kokilaben Dhirubhai Ambani Hospital Navi Mumbai Blood Centre,Thane,18199,"Navi Mumbai Muncipal Corporation, Blood Centre",Thane,8.785161,1,8.785161
B+,18292,"Kasturba Health SocietyS, Blood Centre, Sevagram(Mgims)",Wardha,18293,Jawaharlal Nehru Medical College Blood Centre,Wardha,9.253391,1,9.253391
B+,18253,"Shri Balaji Blood Centre , Blood Component Lab And Blood Transfusion Center",Amravati,284508,Dr.Rajendra Gode Blood Centre And Component Lab,Amravati,9.289846,1,9.289846
B+,280145,Terna Blood Centre,Thane,18215,"Shree Sai Medical TrustS,  Shree Sai Blood Centre, Old Panvel",Raigarh,10.044425,2,20.088849
B+,280145,Terna Blood Centre,Thane,18216,Rotary Club New Panvel Charitable  Trust S Late Dr. B.V. Limaye Blood Centre,Raigarh,10.238884,2,20.477767
B+,282562,Kokilaben Dhirubhai Ambani Hospital Navi Mumbai Blood Centre,Thane,280128,M/S Navi Mumbai Blood Centre,Raigarh,13.165039,1,13.165039
B+,18146,Sanjeevani Blood Centre,Ahmadnagar,18140,Shri Sainath Blood Centre,Ahmadnagar,14.04991,5,70.249549
B+,18124,Acharya Shree Tulsi Blood Centre,Kolhapur,18120,"Late Balasaheb Datye, Lions Blood Centre, Ichalkaranji",Kolhapur,16.551689,4,66.206756
B+,284140,Arpan Blood Centre Nanded,Nanded,18088,Cristanand Education Society Blood Centre,Chandrapur,16.631902,1,16.631902
B+,18124,Acharya Shree Tulsi Blood Centre,Kolhapur,280148,"M/S Adhar Blood Centre, Ichalkaranji",Kolhapur,17.124878,1,17.124878
B+,282562,Kokilaben Dhirubhai Ambani Hospital Navi Mumbai Blood Centre,Thane,18216,Rotary Club New Panvel Charitable  Trust S Late Dr. B.V. Limaye Blood Centre,Raigarh,18.461351,1,18.461351
B+,280537,M/S. Sri. Bhagwant Blood Centre ,Solapur,280674,Pandharpur Blood Centre,Solapur,20.396752,1,20.396752
B+,18232,Vaidyanath Blood Centre,Bid,18231,"Dean, Swami Ramanand Tirtha Rural Medical College. And Hospital, Blood Centre",Bid,21.160738,3,63.482215
B+,18139,Pravara Medical Trusts Blood Centre,Ahmadnagar,18143,Dr. JondhaleS Nityaseva Blood Centre,Ahmadnagar,21.969747,4,87.878989
B+,18177,"Shri Sai Seva Medical Foundation Sanchalit, Sanjeevani Blood Centre",Nashik,284765,"Shree Sainath Blood Centre, Sinnar, Tal. Sinnar, Dist. Nashik",Nashik,22.190982,1,22.190982
B+,18104,Phaltan Medical FoundationS Blood Centre,Satara,18085,"Indian Red Cross Society, (Late Manikbai Chandulal Saraf ) Blood Centre, Pune",Pune,23.778405,4,95.113619
B+,18104,Phaltan Medical FoundationS Blood Centre,Satara,284843,"Government Medical College And General Hospital Blood Centre, Baramati,  District  Pune",Pune,24.378458,4,97.513831
B+,27126,Civil Hospital Sindhudurg,Sindhudurg,27150,"Sub -Dist Cottage Hospital, Blood Centre , Sawantwadi, Sindhudurg",Sindhudurg,27.739509,3,83.218526
B+,280765,Sspm Medical College  Lifetime Hospital Blood Centre,Sindhudurg,27150,"Sub -Dist Cottage Hospital, Blood Centre , Sawantwadi, Sindhudurg",Sindhudurg,29.748251,2,59.496503
B+,282565,"Sathiya Educational SocietyS Sathiya Trust Blood Centre, Nalasopara, Palghar",Palghar,284514,M/S . Ideal Foundations Ideal Blood Centre,Palghar,30.826332,3,92.478995
B+,18221,Shri Sai Seva Medical Foundation Sanchalit Nirnay Janseva Blood Centre,Dhule,18159,Jeevanshri Raktapedi,Jalgaon,33.343636,5,166.718182
B+,280146,Blood Centre Shri Vasantrao Naik  Govt. Medical College And Hospital,Yavatmal,284432,"City Blood Centre, Component And Apheresis Centre, Beed",Jalna,37.185566,5,185.927832
B+,18155,Dhanwantri Blood Centre,Jalgaon,18278,Dr. Murlidhar Kharche Memorial Jeevan Jyoti Blood Centre,Buldana,47.202542,5,236.012712
B+,18089,"Civil Surgeon, General Hospital Blood Centre, Gadchiroli",Gadchiroli,18088,Cristanand Education Society Blood Centre,Chandrapur,49.996425,1,49.996425
B+,284433,"Ayush Blood Centre, Vaduj, Tal. Khatav, Dist. Satara",Satara,18088,Cristanand Education Society Blood Centre,Chandrapur,62.17122,3,186.51366
B+,27117,"Blood Bank Civil Hospital, Bhandara",Bhandara,27152,Bai Gangabai Ladies Hospital Blood Centre Gondiya,Gondiya,64.41657,2,128.833141
B+,18155,Dhanwantri Blood Centre,Jalgaon,18230,Jeevandhara Buldana Urban Blood Centre Run And Managed By Shree Charitable  Trust,Buldana,69.542904,2,139.085807
B+,18155,Dhanwantri Blood Centre,Jalgaon,18117,Leelavati Blood Centre,Buldana,70.076413,5,350.382063
B+,18155,Dhanwantri Blood Centre,Jalgaon,18277,"Civil Surgeon, District General Hospital Blood Centre",Buldana,70.865284,3,212.595852
B-,282670,Pimpri Chinchwad  Municipal CorporationS Y.C.M. Hospital Blood Centre,Pune,280124,M/S Pimpri Chinchwad Blood Centre,Pune,0.000335,2,0.00067
B-,18134,"Azad Panchi Groups, Miraj Serological Institute Blood Centre",Sangli,18095,"Hindratna Prakashbapu Patil Blood Centre, Sangli",Sangli,0.168583,1,0.168583
B-,18161,Indian Red Cross Society Blood Centre Jalgaon,Jalgaon,18157,Civil Hospital Blood Centre,Jalgaon,0.211337,2,0.422674
B-,18086,Central India Institute Of Haematology And OncologyS Blood And Blood Component  Bank And Apheresis U,Nagpur,18166,Ashirwad Medical Foundations Gsk Blood Centre And Components,Nagpur,0.234313,2,0.468625
B-,282601,Symbiosis University Hospital And Research Center Blood Centre Of Symbiosis  Trust,Pune,27120,Sasoon Blood Centre Pune,Pune,0.265347,2,0.530693
B-,18176,"Late. Dr. G.M. Bhavsar Charitable TrustS,Malegaon Blood Centre",Nashik,281039,General Hospital Malegaon Blood Centre,Nashik,0.276044,1,0.276044
B-,18102,"Krishna Hospital And Medical Research Centre, Blood Centre",Satara,280133,"S. S.Venutai Y. Chavan Sub-District Hospital, Blood Centre Karad",Satara,0.486251,4,1.945004
B-,18044,Bandra Holly Family Hospital Society Blood Centre,Mumbai,18039,Lilavati Hospital And Research Centre Blood Centre,Mumbai,0.510073,1,0.510073
B-,283840,"Radhai Blood Centre, Components Laboratory And Apheresis Centre, Udgir, Dist.  Latur",Latur,18220,"Mauli Blood Centre, Latur",Latur,0.528339,5,2.641696
B-,18223,Dattaji Bhale Blood Centre,Aurangabad,27104,Sanjeevani Blood Centre,Aurangabad,0.56723,3,1.701689
B-,18031,"L.T.M.G., Municipal Hospital Blood Centre",Mumbai,18058,Sion Blood Centre,Mumbai,0.893693,5,4.468463
B-,18201,"Dr. D.Y. Patil Hospital And Research Centre, Blood Centre",Thane,280145,Terna Blood Centre,Thane,1.067103,1,1.067103
B-,18171,"Jankalyan Blood Centre, Nashik",Nashik,18169,Civil Hospital Blood Centre Nashik,Nashik,1.568724,4,6.274898
B-,283840,"Radhai Blood Centre, Components Laboratory And Apheresis Centre, Udgir, Dist.  Latur",Latur,18268,Arpan Blood Centre Blood Component And Apheresis Centre,Latur,1.629099,3,4.887297
B-,18154,Shree Navjeevan Blood Centre Dhule,Dhule,18153,Jeevan Jyoti Blood Centre,Dhule,1.670395,1,1.670395
B-,283840,"Radhai Blood Centre, Components Laboratory And Apheresis Centre, Udgir, Dist.  Latur",Latur,27127,"Blood Centre, Govt.Medical College, General Hospital Latur",Latur,1.691876,5,8.45938
B-,18097,"Miraj Serological Institute Blood Centre, Miraj",Sangli,280696,Shaswat Blood Centre Sangli,Sangli,1.824734,1,1.824734
B-,18097,"Miraj Serological Institute Blood Centre, Miraj",Sangli,18098,"Akshay Blood Centre, Miraj",Sangli,1.897959,4,7.591838
B-,283840,"Radhai Blood Centre, Components Laboratory And Apheresis Centre, Udgir, Dist.  Latur",Latur,18236,"Indian Red Cross Society, Dr. Bhalchandra Blood Centre",Latur,1.913468,3,5.740405
B-,283840,"Radhai Blood Centre, Components Laboratory And Apheresis Centre, Udgir, Dist.  Latur",Latur,282568,Vbss Sanchalit Latur Blood Centre And Components Latur,Latur,1.913468,4,7.653873
B-,27108,Jankalyan Blood Center,Nandurbar,18164,"Civil Surgeon, District General Hospital Blood Centre,  Nandurbar",Nandurbar,1.955589,2,3.911179
B-,18154,Shree Navjeevan Blood Centre Dhule,Dhule,18152,Jawahar Medical Foundation Blood Centre,Dhule,2.167521,4,8.670083
B-,284529,Spandan Blood Centre,Pune,18073,"Grant Medical Foundation,  A.H. Wadia Trust Blood Centre",Pune,2.237432,1,2.237432
B-,18080,Konkan Mitra Mandal Medical TrustS Sahyadri Speaciality Hospital Blood Centre,Pune,283795,Autus Blood Centre,Pune,2.425224,1,2.425224
B-,18116,Rajashri Chatrapati Shahu Maharaj Govt. Medical College And Chatrapati  Pramilaraje  General  Hospita,Kolhapur,18123,Rajarshi Shahu Indian Red Cross Blood Centre,Kolhapur,2.450485,2,4.900969
B-,280535,Jupiter Lifeline Hospital Blood Centre,Pune,18072,"Metro Blood Centre,Civil Hospital Aundh Pune",Pune,2.537709,2,5.075418
B-,18116,Rajashri Chatrapati Shahu Maharaj Govt. Medical College And Chatrapati  Pramilaraje  General  Hospita,Kolhapur,18132,Jeevandhara Blood Centre,Kolhapur,2.61048,5,13.052398
B-,18065,"Deenanath Mangeshkar Hospital, Blood Centre",Pune,18069,Jankalyan Raktapedhi Pune,Pune,2.671114,3,8.013341
B-,284529,Spandan Blood Centre,Pune,283795,Autus Blood Centre,Pune,2.681929,2,5.363857
B-,18065,"Deenanath Mangeshkar Hospital, Blood Centre",Pune,283795,Autus Blood Centre,Pune,3.178901,1,3.178901
B-,18154,Shree Navjeevan Blood Centre Dhule,Dhule,18150,Shri Bhausaheb Hire Govt. Medical College And Hospital Blood Centre Dhule,Dhule,3.40039,2,6.80078
B-,18116,Rajashri Chatrapati Shahu Maharaj Govt. Medical College And Chatrapati  Pramilaraje  General  Hospita,Kolhapur,18076,"Abhinav Sikshan MandalS,  Sanjeevan Blood Centre",Kolhapur,4.248741,1,4.248741
B-,18116,Rajashri Chatrapati Shahu Maharaj Govt. Medical College And Chatrapati  Pramilaraje  General  Hospita,Kolhapur,18125,"Arpan Blood Centre, Blood Component And Apheresis Centre Kolhapur",Kolhapur,4.38646,4,17.545841
B-,18078,Noble Charitable Trust S Noble Blood Centre,Pune,18068,"Sadhu Vaswani Mission Medical Complex, Inlaks And Budharani Hospital Blood  Centre, Pune",Pune,5.427243,1,5.427243
B-,18292,"Kasturba Health SocietyS, Blood Centre, Sevagram(Mgims)",Wardha,18291,"District - Civil Surgeon,  General Hospital Blood Centre Wardha",Wardha,6.005494,2,12.010989
B-,280535,Jupiter Lifeline Hospital Blood Centre,Pune,18081,Aditya Birla Memorial Hospital Blood Centre,Pune,6.852166,3,20.556498
B-,18070,Jehangir Hospital Blood Centre,Pune,283459,"Azad Panchi Groups Sanchalit, Janseva Blood Centre, Hinjewadi Phase-1, Pune",Pune,8.849974,2,17.699948
B-,18062,Akshay Blood Centre,Pune,18068,"Sadhu Vaswani Mission Medical Complex, Inlaks And Budharani Hospital Blood  Centre, Pune",Pune,10.4482,1,10.4482
B-,18062,Akshay Blood Centre,Pune,18129,Chattrapati Shahu Maharaj Aadhar Blood Centre,Pune,10.769363,5,53.846816
B-,18062,Akshay Blood Centre,Pune,18082,Rakesh Jain Memorial Blood Centre,Pune,10.77814,4,43.112561
B-,18062,Akshay Blood Centre,Pune,18064,M/S Bharati Vidyapeeth Medical Foundations Bharati Hospital Blood Centre,Pune,10.875681,3,32.627042
B-,18161,Indian Red Cross Society Blood Centre Jalgaon,Jalgaon,18162,Godavari FoundationS Dr.Ulhas Patil Medical College And Hospital Blood Centre,Jalgaon,14.252051,2,28.504103
B-,18156,Keshavsmruti Pratishthan Sanchalit Madhavrao Golwalkar Swayamsevi Raktpedhi,Jalgaon,18162,Godavari FoundationS Dr.Ulhas Patil Medical College And Hospital Blood Centre,Jalgaon,14.334354,1,14.334354
B-,18139,Pravara Medical Trusts Blood Centre,Ahmadnagar,18140,Shri Sainath Blood Centre,Ahmadnagar,19.653787,4,78.615148
B-,18116,Rajashri Chatrapati Shahu Maharaj Govt. Medical College And Chatrapati  Pramilaraje  General  Hospita,Kolhapur,18121,"Mahatma Gandhi Hospital Blood Centre, New Pargaon",Kolhapur,21.202789,2,42.405578
B-,18161,Indian Red Cross Society Blood Centre Jalgaon,Jalgaon,18155,Dhanwantri Blood Centre,Jalgaon,22.302754,5,111.513772
B-,18112,"Smbt Institute Of Medical Science And Research Centre, Blood Centre And  Component",Nashik,284765,"Shree Sainath Blood Centre, Sinnar, Tal. Sinnar, Dist. Nashik",Nashik,23.140745,2,46.28149
B-,18116,Rajashri Chatrapati Shahu Maharaj Govt. Medical College And Chatrapati  Pramilaraje  General  Hospita,Kolhapur,280148,"M/S Adhar Blood Centre, Ichalkaranji",Kolhapur,24.285605,4,97.142422
B-,18104,Phaltan Medical FoundationS Blood Centre,Satara,284843,"Government Medical College And General Hospital Blood Centre, Baramati,  District  Pune",Pune,24.378458,1,24.378458
B-,18116,Rajashri Chatrapati Shahu Maharaj Govt. Medical College And Chatrapati  Pramilaraje  General  Hospita,Kolhapur,18120,"Late Balasaheb Datye, Lions Blood Centre, Ichalkaranji",Kolhapur,24.858926,5,124.294628
B-,18156,Keshavsmruti Pratishthan Sanchalit Madhavrao Golwalkar Swayamsevi Raktpedhi,Jalgaon,283307,Sant Jagnnath Maharaj Anjalekar Bahuuudeshiya Sansthas Sanjivani Blood Centre,Jalgaon,35.147849,1,35.147849
B-,18122,Dr. D.Y Patil Hospital Blood Centre,Kolhapur,18090,"Islampur Medical Foundations, Rajaram Bapu Blood Centre , Islampur",Sangli,35.474139,2,70.948278
B-,18116,Rajashri Chatrapati Shahu Maharaj Govt. Medical College And Chatrapati  Pramilaraje  General  Hospita,Kolhapur,18124,Acharya Shree Tulsi Blood Centre,Kolhapur,38.390893,4,153.563572
B-,18116,Rajashri Chatrapati Shahu Maharaj Govt. Medical College And Chatrapati  Pramilaraje  General  Hospita,Kolhapur,284499,"M/S.Uaims Advanced Blood Centre, Ushahkal Abhinav Institute Of Medical  Sciences(Uaims), Sangli. (A U",Sangli,40.314295,5,201.571476
B-,18116,Rajashri Chatrapati Shahu Maharaj Govt. Medical College And Chatrapati  Pramilaraje  General  Hospita,Kolhapur,18090,"Islampur Medical Foundations, Rajaram Bapu Blood Centre , Islampur",Sangli,40.575993,2,81.151985
B-,18116,Rajashri Chatrapati Shahu Maharaj Govt. Medical College And Chatrapati  Pramilaraje  General  Hospita,Kolhapur,280131,"Padma Bhushan Vasantdada Patil (Civil Surgeon), Govt. General Hospital Blood  Centre, Sangli",Sangli,41.424329,5,207.121647
B-,283840,"Radhai Blood Centre, Components Laboratory And Apheresis Centre, Udgir, Dist.  Latur",Latur,18231,"Dean, Swami Ramanand Tirtha Rural Medical College. And Hospital, Blood Centre",Bid,42.191112,3,126.573336
B-,283840,"Radhai Blood Centre, Components Laboratory And Apheresis Centre, Udgir, Dist.  Latur",Latur,18232,Vaidyanath Blood Centre,Bid,49.503742,3,148.511227
B-,283840,"Radhai Blood Centre, Components Laboratory And Apheresis Centre, Udgir, Dist.  Latur",Latur,284835,"Shaurya Blood Centre, Blood Component And Apheresis Centre, Ahmedpur, Dist.  Latur",Latur,52.350776,4,209.403105
B-,18108,"Ima, Sahakar Maharshi Shankarrao Mohite Patil Blood Centre",Solapur,18085,"Indian Red Cross Society, (Late Manikbai Chandulal Saraf ) Blood Centre, Pune",Pune,55.455999,4,221.823995
B-,283840,"Radhai Blood Centre, Components Laboratory And Apheresis Centre, Udgir, Dist.  Latur",Latur,18238,"Ircs Nagappa Ambarkhane Blood Centre, Udgir",Latur,57.44505,3,172.33515
B-,283840,"Radhai Blood Centre, Components Laboratory And Apheresis Centre, Udgir, Dist.  Latur",Latur,18251,"Blood Center Government Medical College And Hospital, Osmanabad ",Osmanabad,60.56726,5,302.8363
B-,283840,"Radhai Blood Centre, Components Laboratory And Apheresis Centre, Udgir, Dist.  Latur",Latur,283310,Renuka Blood Centre Component And Apheresis Centre,Osmanabad,60.804555,3,182.413666
B-,18131,"Azad Panchi Groups, M/S Siddheshwar Blood Centre, Solapur",Solapur,280674,Pandharpur Blood Centre,Solapur,62.886284,2,125.772567
B-,284150,"Shri Dhaneshwari Manav Vikas Mandals, Shantai Blood Centre, Pedgaon, Dist.  Parbhani",Parbhani,27145,"Civil Surgeon, District General Hospital Blood Centre & Blood Component Unit  Hingoli",Hingoli,64.226485,1,64.226485
B-,27108,Jankalyan Blood Center,Nandurbar,18181,"Shree Swami  Samartha Vaidyakiya  Shaikshanik And Sanshodhan Sanstha, Late   Shri Mukeshbai Patel Blo",Dhule,65.388905,4,261.555621
B-,18176,"Late. Dr. G.M. Bhavsar Charitable TrustS,Malegaon Blood Centre",Nashik,18146,Sanjeevani Blood Centre,Ahmadnagar,74.953535,3,224.860606
B-,18221,Shri Sai Seva Medical Foundation Sanchalit Nirnay Janseva Blood Centre,Dhule,18158,Indian Red Cross Society Sanchalit Askaran Tarachand Jain Blood Centre,Jalgaon,80.691383,1,80.691383
B-,18131,"Azad Panchi Groups, M/S Siddheshwar Blood Centre, Solapur",Solapur,280516,"Sadguru Gajanan Maharaj Education Society,  Paramedical Inst., Revneel Blood  Centre",Solapur,80.775302,2,161.550604
B-,18221,Shri Sai Seva Medical Foundation Sanchalit Nirnay Janseva Blood Centre,Dhule,282612,Red Plus Blood Center Jalgaon,Jalgaon,81.83013,1,81.83013
B-,18154,Shree Navjeevan Blood Centre Dhule,Dhule,282612,Red Plus Blood Center Jalgaon,Jalgaon,83.543678,3,250.631033
B-,18176,"Late. Dr. G.M. Bhavsar Charitable TrustS,Malegaon Blood Centre",Nashik,18140,Shri Sainath Blood Centre,Ahmadnagar,88.921158,1,88.921158
B-,18176,"Late. Dr. G.M. Bhavsar Charitable TrustS,Malegaon Blood Centre",Nashik,18175,Ndmvps Medical College And Hospital Blood Centre,Nashik,90.078734,1,90.078734
B-,27108,Jankalyan Blood Center,Nandurbar,18159,Jeevanshri Raktapedi,Jalgaon,91.023807,5,455.119036
B-,18027,M/S Beed Blood Centre,Beed,283286,Raigad Hospital Blood Centre Of Saraswati Education Society,Raigarh,91.910823,3,275.73247
B-,27108,Jankalyan Blood Center,Nandurbar,18167,Seva Blood Centre,Nashik,92.72202,4,370.888081
B-,27108,Jankalyan Blood Center,Nandurbar,281039,General Hospital Malegaon Blood Centre,Nashik,93.900344,4,375.601378
B-,18237,"Dean, Maeer,S Smt.Saraswati Karad Blood Centre",Latur,18262,"Civil Surgeon, District General Hospital Blood Centre",Parbhani,97.091143,2,194.182286
B-,283840,"Radhai Blood Centre, Components Laboratory And Apheresis Centre, Udgir, Dist.  Latur",Latur,280138,Irrapanna N Bolli Blood Centre,Solapur,105.544649,5,527.723246
B-,283840,"Radhai Blood Centre, Components Laboratory And Apheresis Centre, Udgir, Dist.  Latur",Latur,280140,"M.M.Patel Public Charitable Trust,  Ashwini Rural Medical College And Hospital  Blood Centre",Solapur,106.148462,4,424.593847
B-,283840,"Radhai Blood Centre, Components Laboratory And Apheresis Centre, Udgir, Dist.  Latur",Latur,18109,"Indian Red Cross Society Blood Centre, Bai Gopabai Damani Blood Centre,  Solapur",Solapur,106.325696,3,318.977087
B-,283840,"Radhai Blood Centre, Components Laboratory And Apheresis Centre, Udgir, Dist.  Latur",Latur,27115,"Blood Bank Civil Hospital, Beed",Bid,107.058256,4,428.233023
B-,283840,"Radhai Blood Centre, Components Laboratory And Apheresis Centre, Udgir, Dist.  Latur",Latur,18114,Akshay Blood Centre,Solapur,107.451065,2,214.902129
B-,283840,"Radhai Blood Centre, Components Laboratory And Apheresis Centre, Udgir, Dist.  Latur",Latur,18115,"Athar Blood Centre, Solapur ",Solapur,107.488456,5,537.442281
B-,283840,"Radhai Blood Centre, Components Laboratory And Apheresis Centre, Udgir, Dist.  Latur",Latur,27119,"Blood Bank Civil Hospital, Solapur",Solapur,107.488456,3,322.465368
B-,283840,"Radhai Blood Centre, Components Laboratory And Apheresis Centre, Udgir, Dist.  Latur",Latur,282598,Dnyandeep Blood Center Of Modern Institute Of Technology,Solapur,107.489475,4,429.957899
B-,283840,"Radhai Blood Centre, Components Laboratory And Apheresis Centre, Udgir, Dist.  Latur",Latur,18107,Dr. Hegdewar Rakta Pedhi,Solapur,107.546683,4,430.186733
B-,283840,"Radhai Blood Centre, Components Laboratory And Apheresis Centre, Udgir, Dist.  Latur",Latur,18113,M/S Jeevan Jyot Charitable TrustS Solapur Blood Centre,Solapur,107.962054,5,539.810272
B-,18237,"Dean, Maeer,S Smt.Saraswati Karad Blood Centre",Latur,18203,"Jai Matadi Bahuuddeshiya Sevabhavi Sasthas Guru Gobindsinghji Blood Centre,  Blood Comp And Aphs Nand",Nanded,113.260922,4,453.043688
B-,283840,"Radhai Blood Centre, Components Laboratory And Apheresis Centre, Udgir, Dist.  Latur",Latur,18244,Golwalkari Guruji Blood Centre,Nanded,114.655661,4,458.622644
B-,18237,"Dean, Maeer,S Smt.Saraswati Karad Blood Centre",Latur,280719,Swami Vivekanand Blood Centre,Nanded,114.775709,4,459.102838
B-,283840,"Radhai Blood Centre, Components Laboratory And Apheresis Centre, Udgir, Dist.  Latur",Latur,18208,M/S. Shri Hazur Saheb Blood Centre,Nanded,115.141807,3,345.425421
B-,283840,"Radhai Blood Centre, Components Laboratory And Apheresis Centre, Udgir, Dist.  Latur",Latur,18243,"Indian Red Cross Society Blood Centre, Nanded",Nanded,115.220043,5,576.100215
B-,283840,"Radhai Blood Centre, Components Laboratory And Apheresis Centre, Udgir, Dist.  Latur",Latur,27131,Dr.Shankarrao Chavan Government Medical College And Hospital Blood Centre  Nanded,Nanded,115.555164,5,577.775819
B-,18237,"Dean, Maeer,S Smt.Saraswati Karad Blood Centre",Latur,280770,Jeevan Adhar Blood Centre Nanded,Nanded,116.435933,5,582.179665
B-,18154,Shree Navjeevan Blood Centre Dhule,Dhule,284864,"Sahyaadrie Blood Centre,  Midc Waluj Industrial Area, Vadgaon Kolhati, Chh.  Sambhajinagar.",Aurangabad,126.705817,5,633.529084
B-,280141,Mallikarjun Blood Centre,Solapur,27111,Shwas foundation kavathemahankal trust sanchalit maha blood centre and  comprehensive thalassemia day,Pune,131.958292,1,131.958292
B-,27108,Jankalyan Blood Center,Nandurbar,285061,Pachpande Multispeciality Hospital Blood Storage Center,Jalgaon,132.807686,5,664.038431
B-,18241,Shrikrishna Blood Center ,Osmanabad,280674,Pandharpur Blood Centre,Solapur,139.489255,2,278.978509
B-,27108,Jankalyan Blood Center,Nandurbar,18158,Indian Red Cross Society Sanchalit Askaran Tarachand Jain Blood Centre,Jalgaon,139.850143,4,559.400572
B-,27108,Jankalyan Blood Center,Nandurbar,18160,Jeevan Surabhi Blood Centre,Jalgaon,141.080891,5,705.404456
B-,283840,"Radhai Blood Centre, Components Laboratory And Apheresis Centre, Udgir, Dist.  Latur",Latur,284014,"Shri Kamala Bhavani Blood Centre, Karmala",Solapur,144.252996,4,577.011985
B-,283840,"Radhai Blood Centre, Components Laboratory And Apheresis Centre, Udgir, Dist.  Latur",Latur,280537,M/S. Sri. Bhagwant Blood Centre ,Solapur,148.977534,3,446.932603
O+,282598,Dnyandeep Blood Center Of Modern Institute Of Technology,Solapur,18115,"Athar Blood Centre, Solapur ",Solapur,0.002463,1,0.002463
O+,280146,Blood Centre Shri Vasantrao Naik  Govt. Medical College And Hospital,Yavatmal,18275,Shri Gajanan Blood Centre And Components,Yavatmal,0.107325,5,0.536627
O+,280130,"Indian Red Cross Society, Dr. Shirgaonkar Blood Centre",Sangli,280131,"Padma Bhushan Vasantdada Patil (Civil Surgeon), Govt. General Hospital Blood  Centre, Sangli",Sangli,0.141968,5,0.709841
O+,284844,"Civil Hospital Palghar Blood Centre, Palghar",Palghar,280142,"Maharashtra Bloodbank, Component And Apheresis Center",Palghar,0.260878,2,0.521756
O+,27120,Sasoon Blood Centre Pune,Pune,283795,Autus Blood Centre,Pune,0.265347,5,1.326733
O+,18176,"Late. Dr. G.M. Bhavsar Charitable TrustS,Malegaon Blood Centre",Nashik,281039,General Hospital Malegaon Blood Centre,Nashik,0.276044,5,1.38022
O+,18136,M/S. Global Hospital-Super Speciality Andtransplant Centre,Mumbai,18016,K.E.M. Hospital Blood Centre,Mumbai,0.28163,3,0.844889
O+,18234,Sanjivan   Blood Centre,Chandrapur,18011,General Hospital Blood Centre,Chandrapur,0.301399,1,0.301399
O+,27131,Dr.Shankarrao Chavan Government Medical College And Hospital Blood Centre  Nanded,Nanded,18243,"Indian Red Cross Society Blood Centre, Nanded",Nanded,0.34465,1,0.34465
O+,18123,Rajarshi Shahu Indian Red Cross Blood Centre,Kolhapur,18132,Jeevandhara Blood Centre,Kolhapur,0.46961,5,2.34805
O+,18168,Arpan Blood Centre And Blood Component Laboratory And Research Centre Nashik,Nashik,18178,"Medical Superintendent, Regional Referal Hospital Blood Bank,(Superspeciality  Hospital) Nashik",Nashik,0.482127,5,2.410637
O+,18102,"Krishna Hospital And Medical Research Centre, Blood Centre",Satara,280133,"S. S.Venutai Y. Chavan Sub-District Hospital, Blood Centre Karad",Satara,0.486251,5,2.431255
O+,282612,Red Plus Blood Center Jalgaon,Jalgaon,18160,Jeevan Surabhi Blood Centre,Jalgaon,0.509454,5,2.547268
O+,282565,"Sathiya Educational SocietyS Sathiya Trust Blood Centre, Nalasopara, Palghar",Palghar,280142,"Maharashtra Bloodbank, Component And Apheresis Center",Palghar,0.512638,2,1.025275
O+,18230,Jeevandhara Buldana Urban Blood Centre Run And Managed By Shree Charitable  Trust,Buldana,18117,Leelavati Blood Centre,Buldana,0.537485,2,1.074969
O+,18138,Jankalyan Blood Centre,Ahmadnagar,18141,Ahmednagar Municipal Council Blood Centre,Ahmadnagar,0.553938,5,2.769691
O+,18227,Jankalyan Blood Centre,Jalna,18228,"Civil Surgeon, General Hospital, Blood Centre",Jalna,0.650105,3,1.950314
O+,18136,M/S. Global Hospital-Super Speciality Andtransplant Centre,Mumbai,27107,TATA MEMORIAL CENTRE- TATA MEMORIAL HOSPITAL,Mumbai,0.664621,4,2.658483
O+,18044,Bandra Holly Family Hospital Society Blood Centre,Mumbai,18038,"K.B.Bhabha Muncipal General Hospital, Blood Centre",Mumbai,0.718449,5,3.592243
O+,18022,Sir H N Hospital And Research Centre Blood Centre,Mumbai,18007,Saifee Hospital Trust Blood Centre,Mumbai,0.736401,5,3.682003
O+,284454,"Bhavar Blood Centre,  Badlapur (E), Taluka Ambernath, Dist. Thane",Thane,18184,"Vitthal  Sayanna General  Hospital (Civil Hospital) Blood Centre, Thane",Thane,0.94442,5,4.722098
O+,18261,Akola Diagnostic Centre Blood Centre And Component Lab,Akola,27129,"Dean, Govt. Medical College Hospital Blood Centre Akola",Akola,1.039565,2,2.079129
O+,280145,Terna Blood Centre,Thane,18201,"Dr. D.Y. Patil Hospital And Research Centre, Blood Centre",Thane,1.067103,5,5.335515
O+,282612,Red Plus Blood Center Jalgaon,Jalgaon,18158,Indian Red Cross Society Sanchalit Askaran Tarachand Jain Blood Centre,Jalgaon,1.316251,5,6.581256
O+,18089,"Civil Surgeon, General Hospital Blood Centre, Gadchiroli",Gadchiroli,27130,"Medical Supritentent Sub-District (Rural) Hospital Blood Centre, Gadchiroli  Aheri",Gadchiroli,1.436646,5,7.183231
O+,18003,"Byl Nair Hospital, Blood Centre",Mumbai,18017,Masina Hospital Blood Centre,Mumbai,1.49129,5,7.456451
O+,18022,Sir H N Hospital And Research Centre Blood Centre,Mumbai,27154,"Sir, J.J. Group Hospital Blood Centre, Byculla Mumbai",Mumbai,1.521495,5,7.607474
O+,284763,"Balaji Blood Centre, Lonand, Khandala Taluk, Dist. Satara",Satara,27109,District General Hospital Blood Bank Satara,Satara,1.805437,5,9.027184
O+,18052,Holy Spirit Hospital Blood Centre,Mumbai,18188,M/S Balasaheb Thackerey Blood Centre,Mumbai,1.925111,5,9.625556
O+,18024,Smt. Kapoorben Vasanji Lathiya Blood Centre,Mumbai,18051,V.N. Desai Municipal General Hospital Blood Centre,Mumbai,1.959985,1,1.959985
O+,18022,Sir H N Hospital And Research Centre Blood Centre,Mumbai,280738,Superitendent Gokuldas Tejpal Hospital,Mumbai,1.983975,5,9.919873
O+,18018,N.M Wadia Hospital Blood Centre Parel Mumbai,Mumbai,27107,TATA MEMORIAL CENTRE- TATA MEMORIAL HOSPITAL,Mumbai,1.985398,1,1.985398
O+,18006,St. GeorgeS Hospital And Regional  Blood Centre,Mumbai,18009,Bombay Red Cross Blood Centre,Mumbai,2.08648,2,4.17296
O+,18022,Sir H N Hospital And Research Centre Blood Centre,Mumbai,18014,Bombay Hospital Trust Blood Centre,Mumbai,2.134794,5,10.673969
O+,18288,Lifeline Blood Centre Nagpur,Nagpur,18290,Dean Government Medical College And Super Speciality Hospital Blood Centre,Nagpur,2.142377,5,10.711884
O+,18086,Central India Institute Of Haematology And OncologyS Blood And Blood Component  Bank And Apheresis U,Nagpur,27146,"Govt. Medical College Blood Centre, Nagpur",Nagpur,2.19314,5,10.965701
O+,18022,Sir H N Hospital And Research Centre Blood Centre,Mumbai,18008,"Cama And Albles Hosp., Abdul Fazalbhoy Blood Centre",Mumbai,2.267377,5,11.336886
O+,280149,Advanced Centre For Treatment Reasearch And Education In Cancer,Raigarh,280128,M/S Navi Mumbai Blood Centre,Raigarh,2.314193,1,2.314193
O+,18057,Suburban Hi-Tech Blood Centre,Mumbai,18059,Bharatratna Dr Babasaheb Ambedkar Mun. Gen. Hospital Blood Centre,Mumbai,2.700371,1,2.700371
O+,18247,Navjivan Blood Centre Mged By Saraswati Vidyaprasarak Foundation,Mumbai,18059,Bharatratna Dr Babasaheb Ambedkar Mun. Gen. Hospital Blood Centre,Mumbai,2.795146,4,11.180583
O+,18216,Rotary Club New Panvel Charitable  Trust S Late Dr. B.V. Limaye Blood Centre,Raigarh,18215,"Shree Sai Medical TrustS,  Shree Sai Blood Centre, Old Panvel",Raigarh,2.802287,2,5.604573
O+,18040,Sant Nirankari Blood Centre,Mumbai Suburban,18051,V.N. Desai Municipal General Hospital Blood Centre,Mumbai,2.972398,4,11.889594
O+,284555,M/S. Freedom Foundation Sanchlit Lifeline Blood Centre,Pune,280662,Mimer Medical College And Garware Blood Centre,Pune,3.686738,2,7.373476
O+,18022,Sir H N Hospital And Research Centre Blood Centre,Mumbai,18009,Bombay Red Cross Blood Centre,Mumbai,4.185262,3,12.555787
O+,18030,K.J.Somaiya Medical College And Hospital Blood Centre,Mumbai,18033,Bhabha Atomic Research Centre Hospital Blood Centre,Mumbai,4.21363,5,21.06815
O+,18225,Adarsh Blood Centre,Aurangabad,284254,Blood Center District Hospital Aurangabad,Aurangabad,5.521888,4,22.087551
O+,282612,Red Plus Blood Center Jalgaon,Jalgaon,285061,Pachpande Multispeciality Hospital Blood Storage Center,Jalgaon,8.352497,1,8.352497
O+,27114,"Blood Bank Civil Hospital, Amravati",Amravati,284508,Dr.Rajendra Gode Blood Centre And Component Lab,Amravati,8.598442,5,42.992212
O+,18146,Sanjeevani Blood Centre,Ahmadnagar,18140,Shri Sainath Blood Centre,Ahmadnagar,14.04991,5,70.249549
O+,284140,Arpan Blood Centre Nanded,Nanded,18088,Cristanand Education Society Blood Centre,Chandrapur,16.631902,5,83.159509
O+,18143,Dr. JondhaleS Nityaseva Blood Centre,Ahmadnagar,18139,Pravara Medical Trusts Blood Centre,Ahmadnagar,21.969747,1,21.969747
O+,18104,Phaltan Medical FoundationS Blood Centre,Satara,18085,"Indian Red Cross Society, (Late Manikbai Chandulal Saraf ) Blood Centre, Pune",Pune,23.778405,5,118.892024
O+,18104,Phaltan Medical FoundationS Blood Centre,Satara,284843,"Government Medical College And General Hospital Blood Centre, Baramati,  District  Pune",Pune,24.378458,5,121.892289
O+,27126,Civil Hospital Sindhudurg,Sindhudurg,27150,"Sub -Dist Cottage Hospital, Blood Centre , Sawantwadi, Sindhudurg",Sindhudurg,27.739509,5,138.697543
O+,282565,"Sathiya Educational SocietyS Sathiya Trust Blood Centre, Nalasopara, Palghar",Palghar,284514,M/S . Ideal Foundations Ideal Blood Centre,Palghar,30.826332,3,92.478995
O+,18221,Shri Sai Seva Medical Foundation Sanchalit Nirnay Janseva Blood Centre,Dhule,18159,Jeevanshri Raktapedi,Jalgaon,33.343636,5,166.718182
O+,280147,"Ocean Bahuuddeshiy Sanstha, M/S Ekneel Blood Centre",Yavatmal,284432,"City Blood Centre, Component And Apheresis Centre, Beed",Jalna,36.671477,5,183.357386
O+,283307,Sant Jagnnath Maharaj Anjalekar Bahuuudeshiya Sansthas Sanjivani Blood Centre,Jalgaon,18278,Dr. Murlidhar Kharche Memorial Jeevan Jyoti Blood Centre,Buldana,47.42379,5,237.118948
O+,18155,Dhanwantri Blood Centre,Jalgaon,18117,Leelavati Blood Centre,Buldana,70.076413,2,140.152825
O+,18155,Dhanwantri Blood Centre,Jalgaon,18277,"Civil Surgeon, District General Hospital Blood Centre",Buldana,70.865284,5,354.32642
O+,18162,Godavari FoundationS Dr.Ulhas Patil Medical College And Hospital Blood Centre,Jalgaon,18117,Leelavati Blood Centre,Buldana,77.644398,1,77.644398
O-,18189,Jupiter Hospital Blood Centre,Thane,18190,Kai Wamanrao Oka Rakta Kendra,Thane,0.039476,3,0.118427
O-,27118,"Blood Bank Civil Hospital, Ratnagiri",Ratnagiri,27105,Indian Red Cross Society Blood Bank Ratnagiri,Ratnagiri,0.092737,1,0.092737
O-,18283,Dr. Hegdewar Blood Centre,Nagpur,18266,"Adarsh Sanskaar Mandal  Sanchalit, Dr. Hedgewar Rakta Pedhi, Blood Centre",Akola,0.107959,2,0.215918
O-,18125,"Arpan Blood Centre, Blood Component And Apheresis Centre Kolhapur",Kolhapur,18076,"Abhinav Sikshan MandalS,  Sanjeevan Blood Centre",Kolhapur,0.149835,2,0.299669
O-,280141,Mallikarjun Blood Centre,Solapur,282598,Dnyandeep Blood Center Of Modern Institute Of Technology,Solapur,0.163704,1,0.163704
O-,18134,"Azad Panchi Groups, Miraj Serological Institute Blood Centre",Sangli,18095,"Hindratna Prakashbapu Patil Blood Centre, Sangli",Sangli,0.168583,2,0.337166
O-,283260,Samarpit Bahuddeshiya Sevabhavi Sanshta Tarpan Blood Centre,Pune,27120,Sasoon Blood Centre Pune,Pune,0.265347,1,0.265347
O-,284448,"Shwas Foundation Poona Blood Centre, Narayangaon, Tal- Junnar, Dist. Pune",Pune,27120,Sasoon Blood Centre Pune,Pune,0.265347,1,0.265347
O-,282565,"Sathiya Educational SocietyS Sathiya Trust Blood Centre, Nalasopara, Palghar",Palghar,284844,"Civil Hospital Palghar Blood Centre, Palghar",Palghar,0.29465,1,0.29465
O-,18102,"Krishna Hospital And Medical Research Centre, Blood Centre",Satara,280133,"S. S.Venutai Y. Chavan Sub-District Hospital, Blood Centre Karad",Satara,0.486251,2,0.972502
O-,18107,Dr. Hegdewar Rakta Pedhi,Solapur,18113,M/S Jeevan Jyot Charitable TrustS Solapur Blood Centre,Solapur,0.498054,5,2.490272
O-,18114,Akshay Blood Centre,Solapur,27119,"Blood Bank Civil Hospital, Solapur",Solapur,0.506453,1,0.506453
O-,18044,Bandra Holly Family Hospital Society Blood Centre,Mumbai,18039,Lilavati Hospital And Research Centre Blood Centre,Mumbai,0.510073,1,0.510073
O-,283840,"Radhai Blood Centre, Components Laboratory And Apheresis Centre, Udgir, Dist.  Latur",Latur,18220,"Mauli Blood Centre, Latur",Latur,0.528339,3,1.585017
O-,18064,M/S Bharati Vidyapeeth Medical Foundations Bharati Hospital Blood Centre,Pune,18129,Chattrapati Shahu Maharaj Aadhar Blood Centre,Pune,0.745031,4,2.980126
O-,18252,"Dean, Govt. Medical College Hospital Blood Centre Aurangabad",Aurangabad,280520,Mgm Medical College And Hospital Blood Centre,Aurangabad,0.747201,3,2.241604
O-,18107,Dr. Hegdewar Rakta Pedhi,Solapur,18115,"Athar Blood Centre, Solapur ",Solapur,0.751704,2,1.503408
O-,18107,Dr. Hegdewar Rakta Pedhi,Solapur,27119,"Blood Bank Civil Hospital, Solapur",Solapur,0.751704,3,2.255112
O-,284361,"Laksh Foundation, Lifeline Blood Centre, Nashik",Nashik,18149,Laksh Foundation New Arpan Voluntary Blood Centre Ahmednagar,Ahmadnagar,0.778007,1,0.778007
O-,280147,"Ocean Bahuuddeshiy Sanstha, M/S Ekneel Blood Centre",Yavatmal,280146,Blood Centre Shri Vasantrao Naik  Govt. Medical College And Hospital,Yavatmal,0.813323,2,1.626645
O-,280757,Nh Srcc ChildrenS Hospital Blood Centre,Mumbai,18001,"Jaslok Hospital And Research Centre, Blood Centre",Mumbai,0.910436,1,0.910436
O-,18283,Dr. Hegdewar Blood Centre,Nagpur,18265,"Nandkishor Education Society Trust, Arpan Voluntary Blood Centre",Nagpur,1.019068,3,3.057204
O-,18131,"Azad Panchi Groups, M/S Siddheshwar Blood Centre, Solapur",Solapur,18115,"Athar Blood Centre, Solapur ",Solapur,1.075965,3,3.227894
O-,282670,Pimpri Chinchwad  Municipal CorporationS Y.C.M. Hospital Blood Centre,Pune,18079,Pimpari Serological Institute Blood Centre,Pune,1.131702,3,3.395105
O-,18030,K.J.Somaiya Medical College And Hospital Blood Centre,Mumbai,18031,"L.T.M.G., Municipal Hospital Blood Centre",Mumbai,1.141618,1,1.141618
O-,280757,Nh Srcc ChildrenS Hospital Blood Centre,Mumbai,18005,Breach Candy Hospital Trust Blood Centre,Mumbai,1.160534,2,2.321067
O-,18065,"Deenanath Mangeshkar Hospital, Blood Centre",Pune,18080,Konkan Mitra Mandal Medical TrustS Sahyadri Speaciality Hospital Blood Centre,Pune,1.25526,1,1.25526
O-,18004,Goodwill Social ClubS Amruta Blood Centre,Aurangabad,18226,Lions Blood Centre,Aurangabad,1.334331,1,1.334331
O-,283260,Samarpit Bahuddeshiya Sevabhavi Sanshta Tarpan Blood Centre,Pune,18071,Kem Hospital Blood Centre,Pune,1.335975,2,2.67195
O-,18003,"Byl Nair Hospital, Blood Centre",Mumbai,18001,"Jaslok Hospital And Research Centre, Blood Centre",Mumbai,1.342903,4,5.371613
O-,280123,M/S Vidyashree Charitable Trusts Om Blood Centre,Pune,283207,Muktai Blood Centre Of Shivpooja Bahuudeshiya Shikhan Prasarak Mandal Solapur,Pune,1.348704,1,1.348704
O-,18043,Poona Serological Institute Blood Centre,Pune,283207,Muktai Blood Centre Of Shivpooja Bahuudeshiya Shikhan Prasarak Mandal Solapur,Pune,1.378572,2,2.757145
O-,18147,Anandrushiji Blood Centre,Ahmadnagar,18141,Ahmednagar Municipal Council Blood Centre,Ahmadnagar,1.397409,1,1.397409
O-,18252,"Dean, Govt. Medical College Hospital Blood Centre Aurangabad",Aurangabad,282668,Lokmanya Blood Centre,Aurangabad,1.455386,4,5.821545
O-,18025,"S. L. Raheja Hospital. Blood Centre, Mahim",Mumbai,18015,"P.D. Hinduja Hospital And Medical Research, Blood Centre",Mumbai,1.475516,2,2.951033
O-,18003,"Byl Nair Hospital, Blood Centre",Mumbai,18017,Masina Hospital Blood Centre,Mumbai,1.49129,5,7.456451
O-,283840,"Radhai Blood Centre, Components Laboratory And Apheresis Centre, Udgir, Dist.  Latur",Latur,27127,"Blood Centre, Govt.Medical College, General Hospital Latur",Latur,1.691876,5,8.45938
O-,18094,Vasantdada Patil Blood Centre And Haematology Research Centre,Sangli,280696,Shaswat Blood Centre Sangli,Sangli,1.824734,1,1.824734
O-,283840,"Radhai Blood Centre, Components Laboratory And Apheresis Centre, Udgir, Dist.  Latur",Latur,18236,"Indian Red Cross Society, Dr. Bhalchandra Blood Centre",Latur,1.913468,1,1.913468
O-,283840,"Radhai Blood Centre, Components Laboratory And Apheresis Centre, Udgir, Dist.  Latur",Latur,282568,Vbss Sanchalit Latur Blood Centre And Components Latur,Latur,1.913468,5,9.567341
O-,18094,Vasantdada Patil Blood Centre And Haematology Research Centre,Sangli,18091,Smt. Anila Kantilal Kothari Blood Centre And Dept. Of Hemato Oncology,Sangli,2.423444,2,4.846888
O-,18097,"Miraj Serological Institute Blood Centre, Miraj",Sangli,18091,Smt. Anila Kantilal Kothari Blood Centre And Dept. Of Hemato Oncology,Sangli,2.423444,1,2.423444
O-,284016,"Dr. R.N.Cooper Hospital Blood Centre Vile Parle (W) Mumbai, ",Mumbai,18034,"Seth V.C.Gandhi And M.A.Vora Municipal General Hospital, Rajawadi ,Ghatkopar",Mumbai,2.472443,2,4.944885
O-,283260,Samarpit Bahuddeshiya Sevabhavi Sanshta Tarpan Blood Centre,Pune,284529,Spandan Blood Centre,Pune,2.681929,4,10.727715
O-,18073,"Grant Medical Foundation,  A.H. Wadia Trust Blood Centre",Pune,18084,Chakan Blood Centre,Pune,2.759869,2,5.519738
O-,18073,"Grant Medical Foundation,  A.H. Wadia Trust Blood Centre",Pune,282601,Symbiosis University Hospital And Research Center Blood Centre Of Symbiosis  Trust,Pune,2.759869,1,2.759869
O-,18073,"Grant Medical Foundation,  A.H. Wadia Trust Blood Centre",Pune,283207,Muktai Blood Centre Of Shivpooja Bahuudeshiya Shikhan Prasarak Mandal Solapur,Pune,2.759869,1,2.759869
O-,18073,"Grant Medical Foundation,  A.H. Wadia Trust Blood Centre",Pune,284358,"Poona Medical Relief And Research Foundation, Kai Madhukar Sakharam Bidkar  Blood Centre, Pune",Pune,2.759869,5,13.799345
O-,280124,M/S Pimpri Chinchwad Blood Centre,Pune,280768,Sanjeevani Blood Centre Bhosari,Pune,3.225997,1,3.225997
O-,18094,Vasantdada Patil Blood Centre And Haematology Research Centre,Sangli,18096,Bharati Vidyapeeth University Medical College And Hospital Blood Centre,Sangli,3.829098,2,7.658195
O-,18062,Akshay Blood Centre,Pune,18078,Noble Charitable Trust S Noble Blood Centre,Pune,5.05101,2,10.102019
O-,283609,Aiims Nagpur Blood Center,Nagpur,18284,"Nkp Salve Inst.Of Med.Sci. And Res.Center.Lata Mangeshkar Hosp, Blood Centre",Nagpur,7.328716,5,36.64358
O-,18175,Ndmvps Medical College And Hospital Blood Centre,Nashik,18149,Laksh Foundation New Arpan Voluntary Blood Centre Ahmednagar,Ahmadnagar,7.767585,2,15.535171
O-,283609,Aiims Nagpur Blood Center,Nagpur,282599,Dean Datta Meghe Medical Collecge M.S.Dattatraya Blood Centre,Nagpur,7.903633,1,7.903633
O-,18070,Jehangir Hospital Blood Centre,Pune,283459,"Azad Panchi Groups Sanchalit, Janseva Blood Centre, Hinjewadi Phase-1, Pune",Pune,8.849974,1,8.849974
O-,18062,Akshay Blood Centre,Pune,18068,"Sadhu Vaswani Mission Medical Complex, Inlaks And Budharani Hospital Blood  Centre, Pune",Pune,10.4482,3,31.3446
O-,18062,Akshay Blood Centre,Pune,18129,Chattrapati Shahu Maharaj Aadhar Blood Centre,Pune,10.769363,1,10.769363
O-,18062,Akshay Blood Centre,Pune,18082,Rakesh Jain Memorial Blood Centre,Pune,10.77814,2,21.55628
O-,18062,Akshay Blood Centre,Pune,18069,Jankalyan Raktapedhi Pune,Pune,11.259902,4,45.039609
O-,18257,"Sant Gadgebaba Blood Centre And Component Centre, Badnera",Amravati,284764,"Blood Centre And Component Separation Unit, Sub-District Hospital, Dharni,  District Amravati",Amravati,12.317658,1,12.317658
O-,283307,Sant Jagnnath Maharaj Anjalekar Bahuuudeshiya Sansthas Sanjivani Blood Centre,Jalgaon,18155,Dhanwantri Blood Centre,Jalgaon,16.986042,1,16.986042
O-,18104,Phaltan Medical FoundationS Blood Centre,Satara,284843,"Government Medical College And General Hospital Blood Centre, Baramati,  District  Pune",Pune,24.378458,3,73.135373
O-,27111,Shwas foundation kavathemahankal trust sanchalit maha blood centre and  comprehensive thalassemia day,Pune,27121,"Government Medical College And Hospital ,Blood Centre, Miraj",Sangli,29.618237,1,29.618237
O-,282586,"Varad Charitable And Medical Trust, Balaji Blood Centre, Satara",Satara,18103,Mauli Blood Centre satara,Satara,30.076246,4,120.304984
O-,282586,"Varad Charitable And Medical Trust, Balaji Blood Centre, Satara",Satara,284763,"Balaji Blood Centre, Lonand, Khandala Taluk, Dist. Satara",Satara,31.314625,1,31.314625
O-,284433,"Ayush Blood Centre, Vaduj, Tal. Khatav, Dist. Satara",Satara,18290,Dean Government Medical College And Super Speciality Hospital Blood Centre,Nagpur,35.256236,1,35.256236
O-,18237,"Dean, Maeer,S Smt.Saraswati Karad Blood Centre",Latur,18231,"Dean, Swami Ramanand Tirtha Rural Medical College. And Hospital, Blood Centre",Bid,40.685054,2,81.370109
O-,18237,"Dean, Maeer,S Smt.Saraswati Karad Blood Centre",Latur,18232,Vaidyanath Blood Centre,Bid,47.351555,2,94.70311
O-,18118,Annasaheb Galatge Lions Blood Centre  Run By Gadhinglaj Lions Welfare  Association,Kolhapur,280148,"M/S Adhar Blood Centre, Ichalkaranji",Kolhapur,52.482509,1,52.482509
O-,18108,"Ima, Sahakar Maharshi Shankarrao Mohite Patil Blood Centre",Solapur,18085,"Indian Red Cross Society, (Late Manikbai Chandulal Saraf ) Blood Centre, Pune",Pune,55.455999,2,110.911997
O-,18108,"Ima, Sahakar Maharshi Shankarrao Mohite Patil Blood Centre",Solapur,284843,"Government Medical College And General Hospital Blood Centre, Baramati,  District  Pune",Pune,57.019909,2,114.039818
O-,283840,"Radhai Blood Centre, Components Laboratory And Apheresis Centre, Udgir, Dist.  Latur",Latur,18251,"Blood Center Government Medical College And Hospital, Osmanabad ",Osmanabad,60.56726,4,242.26904
O-,283840,"Radhai Blood Centre, Components Laboratory And Apheresis Centre, Udgir, Dist.  Latur",Latur,283310,Renuka Blood Centre Component And Apheresis Centre,Osmanabad,60.804555,3,182.413666
O-,27108,Jankalyan Blood Center,Nandurbar,18152,Jawahar Medical Foundation Blood Centre,Dhule,71.833485,2,143.66697
O-,18241,Shrikrishna Blood Center ,Osmanabad,280140,"M.M.Patel Public Charitable Trust,  Ashwini Rural Medical College And Hospital  Blood Centre",Solapur,72.529841,4,290.119364
O-,27108,Jankalyan Blood Center,Nandurbar,18153,Jeevan Jyoti Blood Centre,Dhule,74.81407,3,224.442211
O-,18176,"Late. Dr. G.M. Bhavsar Charitable TrustS,Malegaon Blood Centre",Nashik,18146,Sanjeevani Blood Centre,Ahmadnagar,74.953535,3,224.860606
O-,27108,Jankalyan Blood Center,Nandurbar,18150,Shri Bhausaheb Hire Govt. Medical College And Hospital Blood Centre Dhule,Dhule,76.514525,4,306.058099
O-,18241,Shrikrishna Blood Center ,Osmanabad,280138,Irrapanna N Bolli Blood Centre,Solapur,76.582374,1,76.582374
O-,18241,Shrikrishna Blood Center ,Osmanabad,27119,"Blood Bank Civil Hospital, Solapur",Solapur,78.262104,1,78.262104
O-,280516,"Sadguru Gajanan Maharaj Education Society,  Paramedical Inst., Revneel Blood  Centre",Solapur,27121,"Government Medical College And Hospital ,Blood Centre, Miraj",Sangli,86.942487,4,347.769948
O-,280516,"Sadguru Gajanan Maharaj Education Society,  Paramedical Inst., Revneel Blood  Centre",Solapur,18096,Bharati Vidyapeeth University Medical College And Hospital Blood Centre,Sangli,89.512825,2,179.025651
O-,18181,"Shree Swami  Samartha Vaidyakiya  Shaikshanik And Sanshodhan Sanstha, Late   Shri Mukeshbai Patel Blo",Dhule,18162,Godavari FoundationS Dr.Ulhas Patil Medical College And Hospital Blood Centre,Jalgaon,90.158104,1,90.158104
O-,27108,Jankalyan Blood Center,Nandurbar,18159,Jeevanshri Raktapedi,Jalgaon,91.023807,5,455.119036
O-,280516,"Sadguru Gajanan Maharaj Education Society,  Paramedical Inst., Revneel Blood  Centre",Solapur,280132,Prakash Blood Centre And Blood Component Seperation Unit,Sangli,91.340562,2,182.681124
O-,27108,Jankalyan Blood Center,Nandurbar,18167,Seva Blood Centre,Nashik,92.72202,3,278.166061
O-,27108,Jankalyan Blood Center,Nandurbar,281039,General Hospital Malegaon Blood Centre,Nashik,93.900344,5,469.501722
O-,283840,"Radhai Blood Centre, Components Laboratory And Apheresis Centre, Udgir, Dist.  Latur",Latur,18111,"Indian Red Cross Society Blood Centre, Shriman Rambhai Shah Blood Centre",Solapur,93.913561,2,187.827121
O-,27115,"Blood Bank Civil Hospital, Beed",Bid,18227,Jankalyan Blood Centre,Jalna,94.3133,4,377.253199
O-,280674,Pandharpur Blood Centre,Solapur,18085,"Indian Red Cross Society, (Late Manikbai Chandulal Saraf ) Blood Centre, Pune",Pune,95.007536,3,285.022609
O-,18237,"Dean, Maeer,S Smt.Saraswati Karad Blood Centre",Latur,284150,"Shri Dhaneshwari Manav Vikas Mandals, Shantai Blood Centre, Pedgaon, Dist.  Parbhani",Parbhani,96.242353,4,384.969413
O-,18221,Shri Sai Seva Medical Foundation Sanchalit Nirnay Janseva Blood Centre,Dhule,18162,Godavari FoundationS Dr.Ulhas Patil Medical College And Hospital Blood Centre,Jalgaon,97.078422,2,194.156845
O-,18237,"Dean, Maeer,S Smt.Saraswati Karad Blood Centre",Latur,18262,"Civil Surgeon, District General Hospital Blood Centre",Parbhani,97.091143,1,97.091143
O-,283840,"Radhai Blood Centre, Components Laboratory And Apheresis Centre, Udgir, Dist.  Latur",Latur,280138,Irrapanna N Bolli Blood Centre,Solapur,105.544649,2,211.089299
O-,283840,"Radhai Blood Centre, Components Laboratory And Apheresis Centre, Udgir, Dist.  Latur",Latur,18109,"Indian Red Cross Society Blood Centre, Bai Gopabai Damani Blood Centre,  Solapur",Solapur,106.325696,4,425.302782
O-,18237,"Dean, Maeer,S Smt.Saraswati Karad Blood Centre",Latur,18027,M/S Beed Blood Centre,Beed,106.384055,1,106.384055
O-,18154,Shree Navjeevan Blood Centre Dhule,Dhule,18155,Dhanwantri Blood Centre,Jalgaon,107.183128,4,428.732513
O-,18237,"Dean, Maeer,S Smt.Saraswati Karad Blood Centre",Latur,18244,Golwalkari Guruji Blood Centre,Nanded,112.479961,5,562.399804
O-,18237,"Dean, Maeer,S Smt.Saraswati Karad Blood Centre",Latur,18208,M/S. Shri Hazur Saheb Blood Centre,Nanded,112.955375,4,451.821498
O-,18237,"Dean, Maeer,S Smt.Saraswati Karad Blood Centre",Latur,18243,"Indian Red Cross Society Blood Centre, Nanded",Nanded,113.02895,5,565.144752
O-,18237,"Dean, Maeer,S Smt.Saraswati Karad Blood Centre",Latur,27131,Dr.Shankarrao Chavan Government Medical College And Hospital Blood Centre  Nanded,Nanded,113.363424,5,566.817119
O-,18237,"Dean, Maeer,S Smt.Saraswati Karad Blood Centre",Latur,280719,Swami Vivekanand Blood Centre,Nanded,114.775709,5,573.878547
O-,18237,"Dean, Maeer,S Smt.Saraswati Karad Blood Centre",Latur,280770,Jeevan Adhar Blood Centre Nanded,Nanded,116.435933,4,465.743732
O-,18154,Shree Navjeevan Blood Centre Dhule,Dhule,284864,"Sahyaadrie Blood Centre,  Midc Waluj Industrial Area, Vadgaon Kolhati, Chh.  Sambhajinagar.",Aurangabad,126.705817,3,380.117451
O-,27108,Jankalyan Blood Center,Nandurbar,285061,Pachpande Multispeciality Hospital Blood Storage Center,Jalgaon,132.807686,5,664.038431
O-,18131,"Azad Panchi Groups, M/S Siddheshwar Blood Centre, Solapur",Solapur,283286,Raigad Hospital Blood Centre Of Saraswati Education Society,Raigarh,139.543049,5,697.715243
O-,27108,Jankalyan Blood Center,Nandurbar,18158,Indian Red Cross Society Sanchalit Askaran Tarachand Jain Blood Centre,Jalgaon,139.850143,5,699.250715
O-,27108,Jankalyan Blood Center,Nandurbar,18160,Jeevan Surabhi Blood Centre,Jalgaon,141.080891,5,705.404456
O-,27108,Jankalyan Blood Center,Nandurbar,282612,Red Plus Blood Center Jalgaon,Jalgaon,141.159473,2,282.318946
O-,27108,Jankalyan Blood Center,Nandurbar,18156,Keshavsmruti Pratishthan Sanchalit Madhavrao Golwalkar Swayamsevi Raktpedhi,Jalgaon,141.400622,3,424.201867
O-,27108,Jankalyan Blood Center,Nandurbar,18161,Indian Red Cross Society Blood Centre Jalgaon,Jalgaon,141.965991,1,141.965991
O-,27108,Jankalyan Blood Center,Nandurbar,18157,Civil Hospital Blood Centre,Jalgaon,142.073757,5,710.368787
O-,18238,"Ircs Nagappa Ambarkhane Blood Centre, Udgir",Latur,27145,"Civil Surgeon, District General Hospital Blood Centre & Blood Component Unit  Hingoli",Hingoli,147.407462,1,147.407462
