hospital_code,blood_bank_name,address,contact,hospital_type,district,area,city,latitude,longitude,A+,A-,B+,B-,O+,O-,AB+,AB-,snapshot_date,updated_at,source_file
18256,M/S Late Dr. Sadanandji Burma Trust Blood Centre,"plot no- 53, sheet no-20c, gvalipura,  SADAR BAZAR, paratwad, paratwada,  Amravati, Maharashtra","Phone: 9403621600 ,Fax: 1234567890, Email: rsburma1@gmail.com",Charitable/Vol,Amravati,Amravati,Amravati,21.29932,77.51773,6.0,2.0,27.0,5.0,19.0,2.0,10.0,2.0,2026-09-16,,blood-avail-16-9-26.pdf
18135,"M/S. Shri Hazur Saheb Blood Centre, Components Laboratory And Apheresis  Centre","M/s. Shri Hazur Saheb Blood Bank, Components Laboratory & Ap, Parbhani,  Parbhani, Maharashtra","Phone: 02452-226666,7776026666 ,Fax: -, Email: sshivdatt@gmail.com",Charitable/Vol,Parbhani,Shivaji Nagar,Parbhani,9.261564,76.77135,16.0,0.0,50.0,1.0,59.0,0.0,10.0,2.0,2026-09-16,,blood-avail-16-9-26.pdf
18014,Bombay Hospital Trust Blood Centre,"MRC, Bombay Hospital 12, New Marine Lines,, Mumbai, Mumbai, Maharashtra","Phone: 9820302628 ,Fax: -, Email: bloodbankbombayhospital@gmail.com",Charitable/Vol,Mumbai,Marine Lines,Mumbai,18.94148,72.82846,0.0,0.0,0.0,0.0,0.0,0.0,0.0,0.0,2026-09-16,,blood-avail-16-9-26.pdf
18136,M/S. Global Hospital-Super Speciality Andtransplant Centre,"35. Dr. E. Borges Road, Hospital Avenue, Opp. Shirodkar High, Parel, Mumbai,  Maharashtra","Phone: 9820168514,022 - 67670341 ,Fax: 67670121, Email:  rajeev.nikte@globalhospitalsindia.com",Private,Mumbai,Parel,Mumbai,18.9993,72.8406,23.0,4.0,6.0,3.0,18.0,4.0,6.0,0.0,2026-09-16,,blood-avail-16-9-26.pdf
18015,"P.D. Hinduja Hospital And Medical Research, Blood Centre","Wing 1, Third Floor,East Block,Veer Savarkar Road, Mahim (W), Mumbai, Mumbai,  Maharashtra","Phone: 9152888133 ,Fax: -, Email: dr_adeshpande@yahoo.co.in",Charitable/Vol,Mumbai,Mahim,Mumbai,19.0335,72.83825,15.0,0.0,0.0,0.0,1.0,0.0,0.0,0.0,2026-09-16,,blood-avail-16-9-26.pdf
18257,"Sant Gadgebaba Blood Centre And Component Centre, Badnera","Opp.Shrihari hospital, Juni vasti(Old Town), Badnera,, Amravati, Amravati,  Maharashtra","Phone: 9422157239 ,Fax: 0, Email: sopanblood@gmail.com",Charitable/Vol,Amravati,Badnera,Amravati,20.794116,77.709547,23.0,0.0,10.0,3.0,50.0,6.0,10.0,1.0,2026-09-16,,blood-avail-16-9-26.pdf
18137,"Padmashri Dr. Vitthalrao Vikhe Patil Foundation Ahmednagar Medical College  Hospital, Blood Bank","Opp.Govt.Milk Dairy Vadgaon Gupta  M.I.D.C.,, Ahmednagar, Ahmadnagar,  Maharashtra","Phone: 9881573633 ,Fax: 2412779782, Email: bloodcentre.vimsmch@gmail.com",Charitable/Vol,Ahmadnagar,Vadgaon,Ahmednagar,19.19874,74.72329,18.0,0.0,12.0,0.0,41.0,0.0,9.0,0.0,2026-09-16,,blood-avail-16-9-26.pdf
18016,K.E.M. Hospital Blood Centre,"Acharya Donde Marg, Parel, Mumbai - 400012, Mumbai, Mumbai, Maharashtra","Phone: 02224107016 ,Fax: -, Email: bloodbankkem@gmail.com",Govt.,Mumbai,Parel,Mumbai,19.00153,72.84187,9.0,0.0,6.0,0.0,2.0,0.0,6.0,0.0,2026-09-16,,blood-avail-16-9-26.pdf
18258,"Dr Mankar Memorial Trust, Late. Dr. B.P. Thakre Memorial Component Blood    Centre","2ND Floor, Abhinandan Building, Near Janata Homeopathic Coll, Akola, Akola,  Maharashtra","Phone: 9823243771 ,Fax: -, Email: drbptmbbakl@gmail.com",Charitable/Vol,Akola,Akola,Akola,20.724952,77.04278,15.0,1.0,33.0,0.0,27.0,0.0,13.0,0.0,2026-09-16,,blood-avail-16-9-26.pdf
18017,Masina Hospital Blood Centre,"Sant Savta Marg, Byculla (E),, Byculla, Mumbai, Maharashtra","Phone: 9004362229 ,Fax: -, Email: bloodbank@masinahospital.coml.com",Charitable/Vol,Mumbai,Byculla,Mumbai,18.97464,72.83647,0.0,0.0,0.0,0.0,0.0,0.0,0.0,0.0,2026-09-16,,blood-avail-16-9-26.pdf
18138,Jankalyan Blood Centre,"Gadgil Patangan, Nalegaon, , Ahmednagar, Ahmadnagar, Maharashtra","Phone: 8378958696 ,Fax: 9028088589, Email:  jankalyanbloodbanknagar@rediffmail.com",Charitable/Vol,Ahmadnagar,Nalegaon,Ahmednagar,19.09462,74.73137,0.0,1.0,5.0,1.0,12.0,3.0,5.0,1.0,2026-09-16,,blood-avail-16-9-26.pdf
18252,"Dean, Govt. Medical College Hospital Blood Centre Aurangabad","Regional Blood Bank, Govt medical college, Aurangabad , Jublee park, panchakki  road, Aurangabad, Aurangabad, Maharashtra","Phone: 9850176023 ,Fax: -, Email: bbgmchabad@gmail.com",Govt.,Aurangabad,Jublee Park,Aurangabad,19.87994,75.33247,120.0,3.0,144.0,3.0,144.0,8.0,73.0,3.0,2026-09-16,,blood-avail-16-9-26.pdf
18131,"Azad Panchi Groups, M/S Siddheshwar Blood Centre, Solapur","126, Kalyani Tower, Siddheshwar Peth, Near Yashodhara Hospit,  Near Pangal High  School, Behind Civil Court, Solapur., Solapur, Solapur, Maharashtra","Phone: 9730960093 ,Fax: 0, Email: siddheshwarbloodbank@gmail.com",Charitable/Vol,Solapur,Siddheshwar Peth,Solapur,17.669,75.9099,2.0,1.0,4.0,0.0,16.0,6.0,4.0,0.0,2026-09-16,,blood-avail-16-9-26.pdf
18011,General Hospital Blood Centre,"Govt. General Hospital Blood Centre, near chota bazar, main road Chandrapur,  Chhota Bajar Chowk, Chandrapur , Chandrapur, Chandrapur, Maharashtra","Phone: 8879902477 ,Fax: 1234567890, Email: bbchandrapur@gmail.com",Govt.,Chandrapur,Chandrapur,Chandrapur,19.95428,79.29631,5.0,2.0,2.0,3.0,19.0,5.0,2.0,3.0,2026-09-16,,blood-avail-16-9-26.pdf
18253,"Shri Balaji Blood Centre , Blood Component Lab And Blood Transfusion Center","1st Floor, Alsi Complex, Ambapeth, Amravati, Amravati, Maharashtra","Phone: 9823045532 ,Fax: 0, Email: drckdara@yahoo.com",Charitable/Vol,Amravati,Ambapeth,Amravati,20.93041,77.75449,11.0,2.0,18.0,3.0,21.0,0.0,25.0,0.0,2026-09-16,,blood-avail-16-9-26.pdf
285312,"Navjeevan Blood Centre, Kankawali, Sindhudurga","At 2nd Floor, M.Naik Entreprises, Mumbai Goa Highway, Kankaw, Sindhudurg,  Maharashtra","Phone: 7350406125 ,Fax: -, Email: -",Charitable/Vol,Sindhudurg,Sindhudurg,Kankavli,,,27.0,1.0,2.0,1.0,38.0,0.0,0.0,0.0,2026-09-16,,blood-avail-16-9-26.pdf
18132,Jeevandhara Blood Centre,"1648 E- ward saidarshan hights , opp sarada Medical,chandrak, Rajarampuri 7th  Lane, KOLHAPUR, Kolhapur, Maharashtra","Phone: 9822322223 ,Fax: -, Email: sjivandhara@yahoo.com",Charitable/Vol,Kolhapur,Rajarampuri,KOLHAPUR,16.69411,74.24156,0.0,0.0,2.0,0.0,0.0,0.0,0.0,0.0,2026-09-16,,blood-avail-16-9-26.pdf
18134,"Azad Panchi Groups, Miraj Serological Institute Blood Centre","Near Civil Hospital, Ganesh Nagar, 1st lane, S.No.1682,, Sangli, Sangli,  Maharashtra","Phone: 9423337545,0233-2374333 ,Fax: -, Email: drrutujapujari@gmail.com",Charitable/Vol,Sangli,Ganesh Nagar,Sangli,16.8524,74.58148,43.0,2.0,5.0,0.0,51.0,3.0,5.0,0.0,2026-09-16,,blood-avail-16-9-26.pdf
18250,"Kanthak Sevabhavi Sanstha, New Life Blood  Centre, Parbhani","Plot. No.-22, S.No - 389 & 394, Beside Gurudwara, Station Ro, Parbhani,  Parbhani, Maharashtra","Phone: 9823093235 ,Fax: -, Email: newlifebloodbank@gmail.com",Charitable/Vol,Parbhani,Station Road,Parbhani,,,3.0,0.0,1.0,2.0,5.0,0.0,1.0,0.0,2026-09-16,,blood-avail-16-9-26.pdf
18130,"Shri Basaveshwar Manav  Vikas, Grameen Sevabhavi Sanstha, Adarsh Blood Centre","3rd floor Liladhar Plaza C.S. No. 1597/2, Ganesh Nagar, 3 la, Sangli, Sangli,  Maharashtra","Phone: 9273941878 ,Fax: -, Email: adarshbbsangli07@gmail.com",Charitable/Vol,Sangli,Ganesh Nagar,Sangli,16.842421,74.619929,38.0,1.0,2.0,0.0,58.0,4.0,2.0,0.0,2026-09-16,,blood-avail-16-9-26.pdf
18251,"Blood Center Government Medical College And Hospital, Osmanabad ","Dean Government medical college, marwadi galli osmanabad& Di, Osmanabad,  Osmanabad, Maharashtra","Phone: 7021448926 ,Fax: 02472-226924, Email: bloodbankosmanabad@gmail.com",Govt.,Osmanabad,Marwadi Galli Osmanabad,Osmanabad,18.18159,76.03624,33.0,1.0,4.0,0.0,15.0,0.0,4.0,0.0,2026-09-16,,blood-avail-16-9-26.pdf
284454,"Bhavar Blood Centre,  Badlapur (E), Taluka Ambernath, Dist. Thane","Basement of Sukhakarta Apartment, Survey No. -39, Hissa No. , Badlapur, Thane,  Maharashtra","Phone: 8208555090 ,Fax: -, Email: bhavarbloodcentre@gmail.com",Charitable/Vol,Thane,Badlapur,Badlapur,19.194329,72.970178,35.0,1.0,69.0,2.0,69.0,2.0,25.0,2.0,2026-09-16,,blood-avail-16-9-26.pdf
18139,Pravara Medical Trusts Blood Centre,"Pravara Rural Hospital & Medical Dental College Loni (BK) TQ, Rahata,  Ahmadnagar, Maharashtra","Phone: 9823206964,02422-271201 ,Fax: 02422- 273413, Email:  bloodbank@pmtpims.org",Charitable/Vol,Ahmadnagar,Loni,Rahata,19.57868,74.45594,28.0,2.0,25.0,8.0,12.0,3.0,4.0,0.0,2026-09-16,,blood-avail-16-9-26.pdf
18018,N.M Wadia Hospital Blood Centre Parel Mumbai,"Acharya Donde Marg, Opp. KEM Hospital,, Mumbai, Mumbai, Maharashtra","Phone: 9152007492 ,Fax: -, Email: wadiabloodbank@gmail.com",Charitable/Vol,Mumbai,Opp. Kem Hospital,Mumbai,19.01762,72.85613,16.0,0.0,24.0,0.0,31.0,0.0,3.0,0.0,2026-09-16,,blood-avail-16-9-26.pdf
18019,Prince Aly Khan Hospital Blood Centre,"Aga Hall, Nesbit Road, Mazgaon,, Mumbai, Mumbai, Maharashtra","Phone: 9821035341, 022-23777934  ,Fax: -, Email:  sunitasrivastavpakhbb@gmail.com",Charitable/Vol,Mumbai,Mazgaon,Mumbai,,,8.0,0.0,10.0,0.0,15.0,0.0,5.0,0.0,2026-09-16,,blood-avail-16-9-26.pdf
18267,Sau. Kantadevi Dale Blood Centre,"First Floor, Secura Hospital Campus, Washim to Malegaon Road, Washim, Washim,    Maharashtra","Phone: 9423127946 ,Fax: 07262-242024, Email: dr.narayandale@gmail.com",Charitable/Vol,Washim,Washim,Washim,20.13496,77.11777,4.0,0.0,6.0,0.0,5.0,0.0,2.0,0.0,2026-09-16,,blood-avail-16-9-26.pdf
18025,"S. L. Raheja Hospital. Blood Centre, Mahim","Raheja Rugnalaya Marg, Mahim,, Mumbai, Mumbai, Maharashtra","Phone: 2266529683 ,Fax: -, Email: bloodbank@rahejahospital.com",Charitable/Vol,Mumbai,Mahim,Mumbai,19.045967,72.843058,21.0,4.0,17.0,3.0,36.0,6.0,17.0,2.0,2026-09-16,,blood-avail-16-9-26.pdf
18146,Sanjeevani Blood Centre,"110, 2/B Nishigandh, Vivekanand Nagar, Near  S.G Vidyalay,, Kopergaon,  Ahmadnagar, Maharashtra","Phone: 7588567384, 02423-222237/224885/ 223117  ,Fax: -, Email:  neeetapatil@gmail.com",Charitable/Vol,Ahmadnagar,Vivekanand Nagar,Kopargaon,19.88039,74.47092,8.0,1.0,11.0,1.0,22.0,1.0,3.0,1.0,2026-09-16,,blood-avail-16-9-26.pdf
18147,Anandrushiji Blood Centre,"Survey no.16/1, plot no.2 behind Anadrushiji Hospital Burudg, Ahmednagar,  Ahmadnagar, Maharashtra","Phone: 9049673565,0241-2320472 /3/4 ,Fax: 0241-2359085/2353055, Email:  ar.bloodbank@gmail.com",Charitable/Vol,Ahmadnagar,Burudgaon,Ahmednagar,19.08069,74.73228,93.0,6.0,42.0,1.0,112.0,6.0,42.0,1.0,2026-09-16,,blood-avail-16-9-26.pdf
18026,"Shri Balyogi Shikshan Prasarak Mandal Charitable Trust, Sai Jeewan Blood  Centre","Civil lines on Nazul plot no. 9, Sheet No. 53, at Mankar Complex,sai jeevan  blood center,akola, Akola, Akola, Maharashtra","Phone: 9850650044 ,Fax: 1234567890, Email: nandkumargujalwar@gmail.com",Charitable/Vol,Akola,Akola,Akola,20.70593,77.0219,60.0,9.0,26.0,6.0,165.0,3.0,26.0,3.0,2026-09-16,,blood-avail-16-9-26.pdf
18268,Arpan Blood Centre Blood Component And Apheresis Centre,"H.No R-3-1030, old Sonawane Hospital Near Hotel Ashok, Opp Y, Latur, Latur,  Maharashtra","Phone: 9922222068, 02382-251476 / 252476 ,Fax: -, Email:  arpanlatur@gmail.com",Charitable/Vol,Latur,Sawe Wadi,Latur,18.408491,76.551573,117.0,9.0,39.0,2.0,125.0,7.0,39.0,3.0,2026-09-16,,blood-avail-16-9-26.pdf
18269,"Shri. Brahman Swrankar Samaj Trust, Blood Centre","Farshi, Main Road, Khamgaon,, Buldana, Buldana, Maharashtra","Phone: 9422883786,07263-255577 ,Fax: 07263-259334, Email:  sonigopal2000@gmail.com",Charitable/Vol,Buldana,Khamgaon,Buldana,,,3.0,0.0,3.0,0.0,3.0,0.0,1.0,0.0,2026-09-16,,blood-avail-16-9-26.pdf
18027,M/S Beed Blood Centre,"Beed, Beed, Bid, Maharashtra","Phone: 9422750783, 8788105218 ,Fax: -, Email: beedbloodbank@gmail.com",Charitable/Vol,Beed,Beed,Beed,18.98909,75.76008,0.0,2.0,3.0,2.0,8.0,4.0,1.0,2.0,2026-09-16,,blood-avail-16-9-26.pdf
18149,Laksh Foundation New Arpan Voluntary Blood Centre Ahmednagar,"1st Floor, Sahakar Kranti Bldg. Market Yard, Near Bus Stand,, Ahmednagar,  Ahmadnagar, Maharashtra","Phone: 9922222068 ,Fax: -, Email: s9922222068@gmail.com",Charitable/Vol,Ahmadnagar,Bus Stand,Ahmednagar,20.004874,73.787165,27.0,0.0,32.0,0.0,84.0,0.0,32.0,0.0,2026-09-16,,blood-avail-16-9-26.pdf
18021,Sir J.J.Mahanagar Rakthapedhi,"Ground Floor, F.D. Petit Building,J.J.Campus,J.J.Road, Bycul, Mumbai, Mumbai,  Maharashtra","Phone: 9892860703,022- 23735585 ,Fax: 23733338, Email:  drhitesh@mahasbtc.com",Govt.,Mumbai,Byculla,Mumbai,,,172.0,12.0,166.0,3.0,212.0,14.0,68.0,3.0,2026-09-16,,blood-avail-16-9-26.pdf
18142,"Civil Surgeon, General Hospital, Blood Centre","District General / Civil Hospital  Savedi Road,, Ahmednagar, Ahmadnagar,  Maharashtra","Phone: 8788120409 ,Fax: 2412430127, Email: bloodbankcha37@gmail.com",Govt.,Ahmadnagar,Savedi,Ahmednagar,19.10843,74.73536,46.0,7.0,69.0,4.0,68.0,1.0,37.0,4.0,2026-09-16,,blood-avail-16-9-26.pdf
18264,"Medical Supritendant District-Hospital For Women, Blood Centre(C.S)","Wing B Fist Floor Dist. Hospital for Women Near Durga chowk Akola, Akola, Akola,  Maharashtra","Phone: 9730907515 ,Fax: 1234567890, Email: dhw_akola@rediffmail.com",Govt.,Akola,Akola,Akola,,,0.0,0.0,0.0,0.0,0.0,0.0,0.0,0.0,2026-09-16,,blood-avail-16-9-26.pdf
18022,Sir H N Hospital And Research Centre Blood Centre,"Kapol nivas 3rd floor, Rajaram Mohan Roy Marg, Prarthana Sam, Mumbai, Mumbai,  Maharashtra","Phone: 2235475225 ,Fax: 0, Email: RFH.BloodCentre@rfhospital.org",Charitable/Vol,Mumbai,Girgoan,Mumbai,18.95891,72.81995,12.0,0.0,7.0,0.0,9.0,0.0,1.0,0.0,2026-09-16,,blood-avail-16-9-26.pdf
18143,Dr. JondhaleS Nityaseva Blood Centre,"Dr. JondhaleS Nityaseva Blood Centre, Shrirampur, Ahmadnagar, Maharashtra","Phone: 8888008686 ,Fax: -, Email: dr.om.jondhale@gmail.com",Charitable/Vol,Ahmadnagar,Shrirampur,Shrirampur,19.6227,74.6604,6.0,2.0,7.0,1.0,19.0,5.0,0.0,1.0,2026-09-16,,blood-avail-16-9-26.pdf
18265,"Nandkishor Education Society Trust, Arpan Voluntary Blood Centre","1st floor, Indira Gandhi Rugnalaya, LAD Square, Gandhi Nagar, Nagpur, Nagpur,  Maharashtra","Phone: 9322052904 ,Fax: -, Email: nandkishor@arpanbloodbank.org",Charitable/Vol,Nagpur,Gandhi Nagar,Nagpur,21.13251,79.05404,14.0,0.0,7.0,1.0,58.0,2.0,7.0,1.0,2026-09-16,,blood-avail-16-9-26.pdf
18144,Ashtavinayak Blood Bank,"Sai palace,akashwani kendra,near professor colony chowk,, Ahmednagar,  Ahmadnagar, Maharashtra","Phone: 021412423434 ,Fax: -, Email: ashtavinayakbllodbank@gmail.com",Charitable/Vol,Ahmadnagar,Akashwani Kendra,Ahmednagar,19.117,74.73587,57.0,0.0,101.0,0.0,21.0,0.0,17.0,0.0,2026-09-16,,blood-avail-16-9-26.pdf
18023,Shushrusha Citizens Co-Op Hospital Blood Centre,"Shushrusha  citizens  co-operative Hospital Ltd. Gr.Floor,698-B Ranade Road,  Dadar west, Dadar, Mumbai, Maharashtra","Phone: 9022240366 ,Fax: 1234567890, Email: bloodbank.shushrusha@gmail.com",Charitable/Vol,Mumbai,Dadar West,Mumbai,19.02334,72.83772,20.0,0.0,14.0,0.0,27.0,2.0,7.0,0.0,2026-09-16,,blood-avail-16-9-26.pdf
18266,"Adarsh Sanskaar Mandal  Sanchalit, Dr. Hedgewar Rakta Pedhi, Blood Centre","Balaji Plot  SBI Colony no - 1,  Near Jathat peth,  No.1, Akola, Akola,  Maharashtra","Phone: 9422862482 ,Fax: -, Email: siddhsamir@rediffmail.com",Charitable/Vol,Akola,Near Jathat Peth,Akola,21.140578,79.060506,4.0,2.0,15.0,1.0,60.0,3.0,9.0,1.0,2026-09-16,,blood-avail-16-9-26.pdf
18024,Smt. Kapoorben Vasanji Lathiya Blood Centre,"Swami Vivekanand Road, Opposite Juhu airport, Vile Parle wes, Mumbai, Mumbai,  Maharashtra","Phone: 9320070111 ,Fax: -, Email: nidhi.mehta@nanavatimaxhospital.org",Charitable/Vol,Mumbai,Vile Parle,Mumbai,19.09583,72.8401,4.0,0.0,4.0,0.0,6.0,0.0,0.0,0.0,2026-09-16,,blood-avail-16-9-26.pdf
18145,"Rotary Blood Centre, Rahuri Charitable Trust","Acharya Anand Rushiji Bhavan, Near Water Tank, Nagar Manmad , Rahuri,  Ahmadnagar, Maharashtra","Phone: 9975255654,232975 ,Fax: -, Email: rotarybloodbankrahuri@gmail.com",Charitable/Vol,Ahmadnagar,Nagar Manmad,Rahuri,19.419633,74.65553,51.0,1.0,67.0,4.0,65.0,3.0,21.0,1.0,2026-09-16,,blood-avail-16-9-26.pdf
18140,Shri Sainath Blood Centre,"opp. Bus Stand,  Shri Saibaba Sansthan, Shirdi Tal - Rahata,, Shirdi ,  Ahmadnagar, Maharashtra","Phone: 02423-258525  ,Fax: 02423-258676, Email: drpatilsr@rediffmail.com",Charitable/Vol,Ahmadnagar,Rahata,Shirdi,19.75421,74.47796,0.0,0.0,0.0,0.0,0.0,0.0,0.0,0.0,2026-09-16,,blood-avail-16-9-26.pdf
18261,Akola Diagnostic Centre Blood Centre And Component Lab,"Shivashish, Opp.Gajanan Hospital, Ramnagar, , Akola, Akola, Maharashtra","Phone: 7588760003 ,Fax: 9823048379, Email: akoladiagnostic@rediffmail.com",Charitable/Vol,Akola,Ramnagar,Akola,20.70762,77.01046,3.0,3.0,17.0,2.0,6.0,1.0,17.0,2.0,2026-09-16,,blood-avail-16-9-26.pdf
18262,"Civil Surgeon, District General Hospital Blood Centre","Blood Bank Civil Surgeon, District General Hospital Blood Ba, Parbhani,  Parbhani, Maharashtra","Phone: 9423437965 ,Fax: 2452231387, Email: bloodbankghp@gmail.com",Govt.,Parbhani,Parbhani,Parbhani,19.2717,76.76503,68.0,8.0,127.0,2.0,145.0,4.0,29.0,2.0,2026-09-16,,blood-avail-16-9-26.pdf
18141,Ahmednagar Municipal Council Blood Centre,"Late. Balasaheb Deshpande Hospital, Near Asha Theatre,, Late. Balasaheb  Deshpande Hospital, Near Asha Theatre,, Ahmednagar, Ahmadnagar, Maharashtra","Phone: 9372879393 ,Fax: 0242345646, Email: bloodbankamc@gmail.com",Govt.,Ahmadnagar,Asha Theatre,Ahmednagar,19.09269,74.73623,0.0,0.0,0.0,0.0,0.0,0.0,0.0,0.0,2026-09-16,,blood-avail-16-9-26.pdf
284448,"Shwas Foundation Poona Blood Centre, Narayangaon, Tal- Junnar, Dist. Pune","S.No. 284 & 287, Office No.413 /414 /415 /416, 4th Floor, Dh, Narayangaon, Pune,  Maharashtra","Phone: 9702156655 ,Fax: -, Email: poonabloodcenter@gmail.com",Charitable/Vol,Pune,Narayangaon,Narayangaon,18.521428,73.854454,10.0,2.0,6.0,1.0,9.0,4.0,6.0,1.0,2026-09-16,,blood-avail-16-9-26.pdf
283233,Kurduwadi Blood Centre,"C/o.H.No.61/B/24, Kurduwadi, Madha, Solapur, Solapur, Maharashtra","Phone: 9011253338 ,Fax: -, Email: Kurduwadibloodcentre@gmail.com",Charitable/Vol,Solapur,Madha,Solapur,22.351115,78.667743,4.0,0.0,3.0,0.0,4.0,0.0,1.0,0.0,2026-09-16,,blood-avail-16-9-26.pdf
284443,"Maharashtra Blood Centre, Waluj Midc, Dist. Chh. Sambhaji Nagar (Aurangabad)","Plot No. C-262, First Floor, Mahavir Circle, Waluj MIDC, Dis, Waluj MIDC Chh  Sambhaji Nagar, Aurangabad, Maharashtra","Phone: 9923652195 ,Fax: -, Email: maharashtrabloodcentre@gmail.com",Charitable/Vol,Aurangabad,Waluj,Waluj,19.84415,75.23226,9.0,0.0,29.0,0.0,33.0,1.0,13.0,0.0,2026-09-16,,blood-avail-16-9-26.pdf
18113,M/S Jeevan Jyot Charitable TrustS Solapur Blood Centre,"M/S Jeevan Jyot Charitable TrustS Solapur Blood Centre, Solapur, Solapur,  Maharashtra","Phone: 9822297215 ,Fax: -, Email: solapurbloodbank@gmail.com",Charitable/Vol,Solapur,Siddheshwar Peth,Solapur,17.66265,75.89612,18.0,0.0,16.0,0.0,39.0,0.0,1.0,0.0,2026-09-16,,blood-avail-16-9-26.pdf
18234,Sanjivan   Blood Centre,"Ninawe Hospital, Near Benglur Bakery, Kasturba Rd., Chandrapur, Chandrapur,  Maharashtra","Phone: 9421718892,7387784937,07172-254884 ,Fax: 07172-254994, Email:  wasudeo.ninawe@gmail.com",Charitable/Vol,Chandrapur,Kasturba Rd,Chandrapur,19.9519,79.29769,20.0,0.0,10.0,3.0,10.0,2.0,2.0,0.0,2026-09-16,,blood-avail-16-9-26.pdf
18114,Akshay Blood Centre,"Survey No.2212, First Floor, Laxmi Narayan Apartment, South , Lashkar, Solapur,  Solapur, Solapur, Maharashtra","Phone:  989024433 ,Fax: 0, Email: akshaybloodbank.solapur@gmail.com",Charitable/Vol,Solapur,Lashkar,Solapur,17.65726,75.91027,16.0,1.0,21.0,1.0,39.0,1.0,21.0,1.0,2026-09-16,,blood-avail-16-9-26.pdf
18236,"Indian Red Cross Society, Dr. Bhalchandra Blood Centre","IRCS, Dr Bhalchandra Blood Bank, Gandhi Market, Near Bus Sta, Latur, Latur,  Maharashtra","Phone: 9096307080 ,Fax: -, Email: ircslatur@gmail.com",Red Cross ,Latur,Ircs,Latur,18.40111,76.58047,2.0,0.0,1.0,1.0,5.0,0.0,1.0,0.0,2026-09-16,,blood-avail-16-9-26.pdf
18115,"Athar Blood Centre, Solapur ","Athar Minorities Social & Welfare Associations, Athar Blood , Solapur, Solapur,  Maharashtra","Phone: 9689999744 ,Fax: -, Email: atharbloodbank@ymail.com",Charitable/Vol,Solapur,Athar Blood,Solapur,17.65992,75.90639,13.0,0.0,5.0,1.0,16.0,3.0,5.0,1.0,2026-09-16,,blood-avail-16-9-26.pdf
18116,Rajashri Chatrapati Shahu Maharaj Govt. Medical College And Chatrapati  Pramilaraje  General  Hospita,"Dasara Chowk, Somwar Peth, C.P.R Hospital Compound,, Karveer, Kolhapur,  Maharashtra","Phone: 2312644337 ,Fax: -, Email: rcsmgmc.cprbloodbank@gmail.com",Govt.,Kolhapur,Somwar Peth,Karveer,16.6716,74.2346,45.0,0.0,6.0,1.0,55.0,1.0,10.0,1.0,2026-09-16,,blood-avail-16-9-26.pdf
18237,"Dean, Maeer,S Smt.Saraswati Karad Blood Centre","Yashwantrao Chavan Rural Hospital Campur, Vishwanath Puram Ambajogai Road,  latur, Latur, Latur, Maharashtra","Phone: 9422968442 ,Fax: 0238228939, Email: bloodbank@mimsr.edu.in",Charitable/Vol,Latur,Ambajogai,Latur,18.41815,76.57059,1545.0,61.0,1704.0,20.0,1052.0,147.0,724.0,20.0,2026-09-16,,blood-avail-16-9-26.pdf
18230,Jeevandhara Buldana Urban Blood Centre Run And Managed By Shree Charitable  Trust,"1st floor, DSD City Mall,  above bank of India, Tehsil to St, Buldana , Buldana,  Buldana, Maharashtra","Phone: 9922527555 ,Fax: -, Email: maheshbhakkad@gmail.com",Charitable/Vol,Buldana,Dsd City Mall,Buldana,20.53271,76.18061,5.0,0.0,1.0,0.0,6.0,0.0,1.0,0.0,2026-09-16,,blood-avail-16-9-26.pdf
18231,"Dean, Swami Ramanand Tirtha Rural Medical College. And Hospital, Blood Centre","SRTR., MCH Ambajogai TQ.Ambajogai, Ambajogai, Bid, Maharashtra","Phone: 9422467018,02446 244472  ,Fax: 02446 247132, Email:  srtrgmcbb@gmail.com",Govt.,Bid,Mch Ambajogai Tq.Ambajogai,Ambajogai,18.73174,76.37172,1.0,1.0,52.0,2.0,9.0,1.0,0.0,1.0,2026-09-16,,blood-avail-16-9-26.pdf
18232,Vaidyanath Blood Centre,"Mundhe Children Hospital, Near Dube Petrol Pump, Jai Nagar, , Jay nager  beed,  Parli-Vajinath, Bid, Maharashtra","Phone: 9422242419 ,Fax: 0, Email: Drsuryakantmundhe@gmail.com",Charitable/Vol,Bid,Parli,Parli-Vajinath,18.842659,76.535058,29.0,2.0,24.0,3.0,33.0,3.0,19.0,1.0,2026-09-16,,blood-avail-16-9-26.pdf
18111,"Indian Red Cross Society Blood Centre, Shriman Rambhai Shah Blood Centre","Jawaharlal Hospital Compound , Shivaji Road, Barsi ,Somwarpe, Solapur, Solapur,  Maharashtra","Phone: 9011095652 ,Fax: -, Email: srsbloodbank@gmail.com",Red Cross ,Solapur,Somwarpe,Solapur,18.23421,75.68987,23.0,6.0,7.0,3.0,50.0,7.0,7.0,3.0,2026-09-16,,blood-avail-16-9-26.pdf
18112,"Smbt Institute Of Medical Science And Research Centre, Blood Centre And  Component"," Block-101, Ground Floor,  A Wing, New SMBT Hospital Bldg., , Nashik, Nashik,  Maharashtra","Phone: 9130052949, 02553-222300 ,Fax: -, Email: cnetare@gmail.com",Charitable/Vol,Nashik,Igatpuri,Nashik,19.76062,73.76985,22.0,9.0,10.0,5.0,61.0,3.0,14.0,1.0,2026-09-16,,blood-avail-16-9-26.pdf
284555,M/S. Freedom Foundation Sanchlit Lifeline Blood Centre,"Gat No:167, Office No:101 to 105, 1st floor, N.V.Bussiness C, Pune,    Maharashtra","Phone: 7757800848 ,Fax: -, Email: lifelineblood2024@gmail.com",Charitable/Vol,Pune,Somatane,Pune,18.7032628,73.6836701,46.0,4.0,63.0,1.0,46.0,2.0,40.0,1.0,2026-09-16,,blood-avail-16-9-26.pdf
284433,"Ayush Blood Centre, Vaduj, Tal. Khatav, Dist. Satara","C/o Sachin Mali, 2nd Floor, C.S. No. 1094/B/01/04 (Part), Wa, Vaduj, Satara,  Maharashtra","Phone: 9763245312 ,Fax: -, Email: ayushbloodcentrevaduj@gmail.com",Charitable/Vol,Satara,Vaduj,Vaduj,20.9727,79.4027,23.0,2.0,24.0,1.0,35.0,5.0,26.0,1.0,2026-09-16,,blood-avail-16-9-26.pdf
284432,"City Blood Centre, Component And Apheresis Centre, Beed","Under Ground Floor, Taj Plaza, Prop. No.6-24, Jalna Road, Be, Beed, Bid,  Maharashtra","Phone: 9373878079 ,Fax: 0, Email: citybloodbankbeed@gmail.com",Charitable/Vol,Jalna,Jalna,Jalna,20.147888,77.880353,10.0,1.0,4.0,1.0,20.0,0.0,4.0,0.0,2026-09-16,,blood-avail-16-9-26.pdf
18117,Leelavati Blood Centre,"John Lay Out, Jamrnn Road, Near Bus stand,, Buldhana, Buldana, Maharashtra","Phone: 9834374310 ,Fax: -, Email: dr.ajitshirsat@rediffmail.com",Private,Buldana,John Lay Out,Buldhana,20.52921,76.18417,0.0,0.0,0.0,0.0,0.0,0.0,0.0,0.0,2026-09-16,,blood-avail-16-9-26.pdf
18238,"Ircs Nagappa Ambarkhane Blood Centre, Udgir","IRCS Nagappa Amberkhane Blood Bank, Udgir Tq. Udgir, , Udgir, Latur,  Maharashtra","Phone: 9422185125, 02385-258325 ,Fax: -, Email: bloodbankudgir@yahoo.com",Red Cross ,Latur,Udgir,Udgir,18.39231,77.10699,3.0,0.0,12.0,2.0,18.0,1.0,9.0,0.0,2026-09-16,,blood-avail-16-9-26.pdf
18118,Annasaheb Galatge Lions Blood Centre  Run By Gadhinglaj Lions Welfare  Association,"Doctors Colony, Gadhinglaj,, Gadhinglaj, Kolhapur, Maharashtra","Phone: 9423800099 ,Fax: (02327) 223100, Email: annasahebg@gmail.com",Charitable/Vol,Kolhapur,Doctors Colony,Gadhinglaj,16.21944,74.35184,70.0,2.0,53.0,4.0,75.0,3.0,21.0,0.0,2026-09-16,,blood-avail-16-9-26.pdf
18124,Acharya Shree Tulsi Blood Centre,"Gat.No.1232 Sangli - Kolhapur Road, Jaysingpur Udgaon, in front of Sai showroom  ,Udagaon, jaysingpur, Kolhapur, Maharashtra","Phone: 7057548108 ,Fax: -, Email: tulsibloodbank.555@gmail.com",Charitable/Vol,Kolhapur,Udagaon,jaysingpur,16.79148,74.57269,32.0,0.0,39.0,1.0,35.0,1.0,7.0,1.0,2026-09-16,,blood-avail-16-9-26.pdf
18003,"Byl Nair Hospital, Blood Centre","New OPD Bldg. 2nd Floor, Dr. A. L.Nair Road,, Mumbai Central, Mumbai,  Maharashtra","Phone: 2223027644 ,Fax: -, Email: nairbloodbank@yahoo.com",Govt.,Mumbai,Mumbai Central,Mumbai,18.97441,72.82229,58.0,2.0,105.0,5.0,106.0,18.0,28.0,3.0,2026-09-16,,blood-avail-16-9-26.pdf
18125,"Arpan Blood Centre, Blood Component And Apheresis Centre Kolhapur","1st floor,Saroj Apparment,, Subhash Road, Near Reliance Mall, Kolhapur,  KOLHAPUR, Kolhapur, Maharashtra","Phone: 8605757555 ,Fax: 1234567890, Email: arpanbloodbankkop@gmail.com",Charitable/Vol,Kolhapur,reliance mall,KOLHAPUR,16.71094,74.23765,53.0,0.0,160.0,2.0,87.0,2.0,11.0,0.0,2026-09-16,,blood-avail-16-9-26.pdf
18004,Goodwill Social ClubS Amruta Blood Centre,"Goodwill Social ClubS Amruta Blood Centre, Aurangabad, Aurangabad, Maharashtra","Phone: 7756067804 ,Fax: 0240-2351145, Email: amrutabloodbank@gmail.com",Charitable/Vol,Aurangabad,Cidco,Aurangabad,19.8578,75.33628,16.0,1.0,67.0,0.0,10.0,1.0,2.0,0.0,2026-09-16,,blood-avail-16-9-26.pdf
18247,Navjivan Blood Centre Mged By Saraswati Vidyaprasarak Foundation,"Shop No.1, Abhilasha II Punjabi Lane Borivali (W),, Mumbai, Mumbai,  Maharashtra","Phone: 9324071799 ,Fax: -, Email: navjivanbb@yahoo.com",Charitable/Vol,Mumbai,Borivali,Mumbai,19.2331,72.8525,22.0,0.0,25.0,0.0,53.0,2.0,0.0,0.0,2026-09-16,,blood-avail-16-9-26.pdf
18005,Breach Candy Hospital Trust Blood Centre,"60-A, Bhulabhai Desai Road, Mumbai, Mumbai, Maharashtra","Phone: 2223667820 ,Fax: 2223672666, Email:  drsunita.tulsiani@breachcandyhospital.org",Charitable/Vol,Mumbai,Breach Candy,Mumbai,18.97271,72.80439,7.0,1.0,20.0,1.0,28.0,2.0,20.0,1.0,2026-09-16,,blood-avail-16-9-26.pdf
18126,"Sai Seva Medical Foundation, Vaibhavlaxmi Blood Centre","1036/A, E- ward, 1st  floor, Deccan Engineering, opp. Parvat, Kolhapur,  Kolhapur, Maharashtra","Phone: 0231 2664949 ,Fax: -, Email: vaibhavilaxmibloodbank2012@gmail.com",Charitable/Vol,Kolhapur,Deccan,Kolhapur,19.205274,72.840465,42.0,0.0,2.0,1.0,35.0,0.0,2.0,1.0,2026-09-16,,blood-avail-16-9-26.pdf
18006,St. GeorgeS Hospital And Regional  Blood Centre,"St. GeorgeS Hospital And Regional  Blood Centre, Mumbai, Mumbai, Maharashtra","Phone: 9967494252 ,Fax: 22624464, Email: bb004@mahasbtc.com",Govt.,Mumbai,Fort,Mumbai,18.94068,72.83787,0.0,0.0,1.0,2.0,3.0,0.0,1.0,0.0,2026-09-16,,blood-avail-16-9-26.pdf
18248,Noor Hospital Blood Centre,"AURANGABAD JALNA ROAD Warudi,Tq,Badnapur,Dist,Jalna, Warudi, Jalna,  Maharashtra","Phone: 9765007406 ,Fax: 0248222251, Email: iimsr373@gmail.com",Charitable/Vol,Jalna,Jalna,Warudi,19.86859,75.65131,37.0,3.0,19.0,1.0,42.0,5.0,19.0,1.0,2026-09-16,,blood-avail-16-9-26.pdf
18120,"Late Balasaheb Datye, Lions Blood Centre, Ichalkaranji","5/468, Datye Mala, Lions Park,  Ichalkaranji, Tal-Hatkananga, Ichalkaranji,  Kolhapur, Maharashtra","Phone: 9689817995 ,Fax: 1234567890, Email: lbbank89@gmail.com",Charitable/Vol,Kolhapur,Hatkananga,Ichalkaranji,16.68168,74.46774,3.0,0.0,0.0,0.0,4.0,0.0,0.0,0.0,2026-09-16,,blood-avail-16-9-26.pdf
18241,Shrikrishna Blood Center ,"Dr. Patange Hospital Building, Ajay Nagar, Omerga, , Omerga, Osmanabad,  Maharashtra","Phone: 9766083604 ,Fax: 2475250091, Email: dr.dbpatange@gmail.com",Charitable/Vol,Osmanabad,Ajay Nagar,Omerga,17.83503,76.62215,102.0,7.0,52.0,2.0,77.0,3.0,52.0,0.0,2026-09-16,,blood-avail-16-9-26.pdf
18121,"Mahatma Gandhi Hospital Blood Centre, New Pargaon","At.Post-New Pargaon, TQ-Hatkanangale,, Dist. Kolhapur, Hatkanangale, Kolhapur,    Maharashtra","Phone: 9823427765, 0230 / 2477081 - 83/2477308 ,Fax: 0230 - 2477081-83 ,  Email: mghbbnewpargaon@gmail.com",Charitable/Vol,Kolhapur,New Pargaon,Hatkanangale,16.86221,74.240034,60.0,2.0,21.0,6.0,80.0,1.0,21.0,2.0,2026-09-16,,blood-avail-16-9-26.pdf
18243,"Indian Red Cross Society Blood Centre, Nanded","Parsi Anjuman Complex, Vazirabad, Nanded, , Nanded, Nanded, Maharashtra","Phone: 9422172696 ,Fax: 1234567890, Email: ircsnanded@gmail.com",Red Cross ,Nanded,Vazirabad,Nanded,19.15371,77.31165,6.0,0.0,3.0,0.0,9.0,0.0,3.0,0.0,2026-09-16,,blood-avail-16-9-26.pdf
18122,Dr. D.Y Patil Hospital Blood Centre,"Kadamwadi,, Kadamwadi, Kolhapur, Kolhapur, Maharashtra","Phone:  985037295 ,Fax: 1234567890, Email: tejsheelingale@gmail.com",Charitable/Vol,Kolhapur,Kadamwadi,Kolhapur,16.71509,74.2567,44.0,8.0,30.0,6.0,44.0,5.0,4.0,0.0,2026-09-16,,blood-avail-16-9-26.pdf
18244,Golwalkari Guruji Blood Centre,"Near P.n.College, Banda Chat Road,, Nanded, Nanded, Maharashtra","Phone: 02462-243300, 8208453617 ,Fax: -, Email: ggbbnanded@gmail.com",Charitable/Vol,Nanded,Banda Chat,Nanded,19.13825,77.32096,19.0,3.0,8.0,1.0,30.0,1.0,15.0,1.0,2026-09-16,,blood-avail-16-9-26.pdf
18002,The B.D. Petit Parsee General Hospital Bsu,"B D Petit Marg, Cumballa Hills, Grant Road West, Mumbai, , Mumbai, Mumbai,  Maharashtra",-,Charitable/Vol,Mumbai,Grant Road,Mumbai,,,0.0,0.0,0.0,2.0,0.0,1.0,0.0,0.0,2026-09-16,,blood-avail-16-9-26.pdf
18123,Rajarshi Shahu Indian Red Cross Blood Centre,"253/C/1, Rotary Samaj Seva Centre, K.E.Assembly Road,, Kolhapur, Kolhapur,  Maharashtra","Phone: (0231) 2651640 ,9923138264 ,Fax: (0231) 2667540  , Email:   rsbbkop@gmail.com",Red Cross ,Kolhapur,K.E.Assembly,Kolhapur,16.69132,74.24487,30.0,3.0,93.0,6.0,39.0,2.0,9.0,0.0,2026-09-16,,blood-avail-16-9-26.pdf
18240,"Ankur Hospital Blood Centre, Chandrapur","Balaji Ward, Chandrapur, Chandrapur, Chandrapur, Maharashtra","Phone: 9422135495 / 9422176697,07172-251522 ,Fax: -, Email:  ankurhospital@rediffmail.com",Charitable/Vol,Chandrapur,Balaji Nagar,Chandrapur,19.97046,79.30148,12.0,0.0,20.0,1.0,12.0,2.0,5.0,0.0,2026-09-16,,blood-avail-16-9-26.pdf
283339,Ahmednagar Blood Centre,"F.P. NO.17,2nd Floor, Ahmednagar zilha Krishi Audyogik sarve, Ahmednagar,  Ahmadnagar, Maharashtra","Phone: 9637110345 ,Fax: -, Email: ahmednagarbloodbank@gmail.com",Charitable/Vol,Ahmadnagar,Ahmednagar,Ahmednagar,,,0.0,0.0,0.0,0.0,0.0,0.0,0.0,0.0,2026-09-16,,blood-avail-16-9-26.pdf
283459,"Azad Panchi Groups Sanchalit, Janseva Blood Centre, Hinjewadi Phase-1, Pune","S.No. 271/2A/2A, Flat No. 101, 102, 103, 104, 105, 1st Floor, Hinjewadi Pune,  Pune, Maharashtra","Phone: 70578 81044 ,Fax: -, Email: janasevabloodcenter@gmail.com",Charitable/Vol,Pune,Hinjewadi,Hinjewadi,18.49831,73.69183,16.0,0.0,10.0,1.0,20.0,2.0,10.0,1.0,2026-09-16,,blood-avail-16-9-26.pdf
281039,General Hospital Malegaon Blood Centre,"First Floor Rahul Nagar Kalikuti, Malegaon , Nashik, Maharashtra","Phone: 7588788915, 9820271312 ,Fax: -, Email:  ghmalegaonbloodbank@gmail.com",Govt.,Nashik,Malegaon,Malegaon,20.55362,74.52062,0.0,0.0,0.0,0.0,0.0,0.0,0.0,0.0,2026-09-16,,blood-avail-16-9-26.pdf
18007,Saifee Hospital Trust Blood Centre,"Post box no.3771, 15/17, Maharshi Karve Marg, Opp Charni Roa, Mumbai, Mumbai,  Maharashtra","Phone: 9869784307 ,Fax: 1234567890, Email: saifeebloodbank@yahoo.co.in",Charitable/Vol,Mumbai,Charni Road,Mumbai,18.9525,72.81819,0.0,0.0,2.0,0.0,0.0,0.0,2.0,0.0,2026-09-16,,blood-avail-16-9-26.pdf
18008,"Cama And Albles Hosp., Abdul Fazalbhoy Blood Centre","Mahapalika Marg, Mumbai CST,, Mumbai, Mumbai, Maharashtra","Phone: 2222710319 ,Fax: -, Email: bb214mahasbtc@gmail.com",Govt.,Mumbai,Mumbai Cst,Mumbai,18.94215,72.83223,0.0,0.0,0.0,0.0,0.0,0.0,0.0,0.0,2026-09-16,,blood-avail-16-9-26.pdf
18129,Chattrapati Shahu Maharaj Aadhar Blood Centre,"Sr.No. 31/1/1, Plot Number 228,Building No.698, Patil Plaza,, Pune, Pune,  Maharashtra","Phone: 9096395872 ,Fax: -, Email: aadharbloodbank@gmail.com",Charitable/Vol,Pune,Patil Plaza,Pune,18.46625,73.85771,21.0,0.0,15.0,0.0,101.0,0.0,15.0,0.0,2026-09-16,,blood-avail-16-9-26.pdf
18009,Bombay Red Cross Blood Centre,"141,Shahid Bhagat Singh Road, Town Hall Compound Near R.B.I., Mumbai, Mumbai,  Maharashtra","Phone: 9819424404 ,Fax: -, Email: brcbc@gmail.com",Red Cross ,Mumbai,Fort,Mumbai,18.9229,72.83153,2.0,0.0,4.0,0.0,0.0,0.0,0.0,0.0,2026-09-16,,blood-avail-16-9-26.pdf
284140,Arpan Blood Centre Nanded,"2nd Floor, Dayama Complex, Doctors Lane Ghamodiya, Nanded, Nanded, Nanded,    Maharashtra","Phone: 9561400605 ,Fax: -, Email: abbnanded@gmail.com",Charitable/Vol,Nanded,Nanded,Nanded,20.739047,79.779246,30.0,0.0,3.0,0.0,31.0,0.0,6.0,0.0,2026-09-16,,blood-avail-16-9-26.pdf
18214,"Kakasaheb Chitle  Memorial Centre Sanchalit,  Jankalyan Blood Centre","City Survey no.1651, Near lokmanya vyayamshala , shivaji cha, Raigarh, Raigarh,  Maharashtra","Phone: 8983207241 ,Fax: -, Email: jkrp_mahad@rediffmail.com",Charitable/Vol,Raigarh,Raigrah,Raigarh,18.08202,73.42244,28.0,0.0,5.0,1.0,16.0,1.0,12.0,0.0,2026-09-16,,blood-avail-16-9-26.pdf
18215,"Shree Sai Medical TrustS,  Shree Sai Blood Centre, Old Panvel","Shree Sai Medical TrustS,  Shree Sai Blood Centre, Old Panvel, NEAR TALUKA  POLICE STATION OLD PANVEL PANVEL, Panvel, Raigarh, Maharashtra","Phone: 9223300850 ,Fax: -, Email: ssbbpanvel@gmail.com",Charitable/Vol,Raigarh,Panvel,Panvel,18.98636,73.09504,3.0,0.0,3.0,0.0,8.0,0.0,3.0,0.0,2026-09-16,,blood-avail-16-9-26.pdf
283290,Jijai Blood Centre Components Laboratory And Apheresis Centre C,"Sambhaji Umrekar Heights, Shahaji Market,Shivaji Nagar, Nand, Nanded,  Maharashtra","Phone: 09527283838 ,Fax: -, Email: jajaibloodcentre@gmail.com",Charitable/Vol,Nanded,Nand,Nanded,22.351115,78.667743,47.0,2.0,10.0,7.0,19.0,2.0,5.0,0.0,2026-09-16,,blood-avail-16-9-26.pdf
27164,HINDU HRUDAYSAMRAT BALASAHEB  THACKERAY  HOSPITAL BLOOD CENTRE,"NASHIK MUNICIPAL CORPORATION NMC BYTCO HOSPITAL , BUILDING IN SERVE NO 240 P &  241 P AT VILLAGE DEOLALI NASHIK, Nashik, Nashik, Maharashtra","Phone: 9823025292 ,Fax: 1234567890, Email: HHBTBLOODCENTRE@GMAIL.COM",Govt.,Nashik,Deolali,Nashik,,,2.0,0.0,2.0,1.0,8.0,3.0,2.0,1.0,2026-09-16,,blood-avail-16-9-26.pdf
27165,Panchavati Blood Centre Nashik,"Plot no 3  3rd floor  Sangle Hospital, Survey no  159/1/1B/2  Tarwala Nagar   Nashik, Nashik, Nashik, Maharashtra","Phone: 9823860718 ,Fax: 0, Email: panchavatibloodcentre25@gmail.com ",Charitable/Vol,Nashik,Tarwala Nagar,Nashik,,,13.0,2.0,21.0,2.0,27.0,0.0,4.0,2.0,2026-09-16,,blood-avail-16-9-26.pdf
27162,Jeevan Dhara Blood Centre,"r. No. 52, Plot No. 32, Lane No-3, , Bhairav Nagar, Dhanori, Pune 411015, Pune,  Pune, Maharashtra","Phone: 9921090906 ,Fax: 0, Email:  jeevandharabc1@gmail.com",Charitable/Vol,Pune,Dhanori,Pune,,,0.0,0.0,0.0,0.0,27.0,0.0,0.0,0.0,2026-09-16,,blood-avail-16-9-26.pdf
27163,"Matoshree Blood Centre, Blood Component and Apheresis Centre","Ward No. A-21, Plot No. 09, Quadri Mamsion Second Floor, Jintur Road, Parbhani,   Parbhani, Parbhani, Maharashtra","Phone: 8412844170 ,Fax: 0, Email: matoshreebloodcentre0606@gmail.com",Charitable/Vol,Parbhani,Jintur,Parbhani,,,4.0,1.0,13.0,1.0,5.0,3.0,1.0,0.0,2026-09-16,,blood-avail-16-9-26.pdf
27168,Siddeshwar Pratisthans Manwath Blood Centre,"Porwal Complex Pathri Road, Manwath Tal Manwath Parbhani, Manwath, Parbhani,  Maharashtra","Phone: 9623361614 ,Fax: 0, Email: manwathbloodcenter26@gmail.com  ",Charitable/Vol,Parbhani,Manwath,Manwath,,,26.0,0.0,21.0,2.0,25.0,2.0,9.0,2.0,2026-09-16,,blood-avail-16-9-26.pdf
27169,Ocean Bahuudeshiya Sansthas Lions Blood Centre Wardha,"1st floor Plot No 9 5 Nazul Sheet No 19 Shahstri Chowk, Wardha Tal & Dis Wardha,  Wardha, Wardha, Maharashtra","Phone: 7588775111 ,Fax: 0, Email: lionsbloodcentre25@gmail.com",Charitable/Vol,Wardha,Shastri Chowk,Wardha,,,5.0,2.0,12.0,1.0,49.0,1.0,0.0,0.0,2026-09-16,,blood-avail-16-9-26.pdf
27166,M/s. Jupiter Hospital Blood Centre Kalyan Thane,"3rd floor, Opposite Runwal Gardens,, Kalyan Shil Road Domivli Thane, Thane,  Thane, Maharashtra","Phone: 8108752243 ,Fax: 0, Email: bloodcentre.dombivli@jupiterhospital.com  ",Private,Thane,Kalyan,Thane,,,19.0,1.0,5.0,1.0,10.0,3.0,5.0,0.0,2026-09-16,,blood-avail-16-9-26.pdf
27167,Warje Blood Centre,"Mauli Krupa Building 1st floor House no 402 3, S no 138 2A 2 2 NDA Road Warje  Pune Tal Haveli Pune, Pune, Pune, Maharashtra","Phone: 9960200763 ,Fax: 1234567890, Email: warjebloodcenter2024@gmail.com",Charitable/Vol,Pune,Warje,Pune,,,20.0,2.0,12.0,2.0,29.0,5.0,12.0,1.0,2026-09-16,,blood-avail-16-9-26.pdf
284016,"Dr. R.N.Cooper Hospital Blood Centre Vile Parle (W) Mumbai, "," F- Wing, Room No.-13, 1st Floor, North-South Road No-1, Vil, Mumbai, Mumbai,  Maharashtra","Phone: 8208555090 ,Fax: -, Email: cooperbloodcentre@gmail.com",Charitable/Vol,Mumbai,Vile Parle,Mumbai,19.078545,72.878176,120.0,2.0,25.0,7.0,226.0,19.0,25.0,2.0,2026-09-16,,blood-avail-16-9-26.pdf
283289,Mahatma Basaveshwar Blood Centre,"S.No.355/2A/5, New S.No. 25/2A/5, Old plot no.10 Hall, 1st f, Solapur,  Maharashtra","Phone: 9850220047 ,Fax: -, Email: mahatmabasaveshwarbcsol21@gmail.com",Charitable/Vol,Solapur,Solapur,Solapur,22.351115,78.667743,11.0,1.0,8.0,4.0,13.0,0.0,0.0,1.0,2026-09-16,,blood-avail-16-9-26.pdf
284499,"M/S.Uaims Advanced Blood Centre, Ushahkal Abhinav Institute Of Medical  Sciences(Uaims), Sangli. (A U","Room No:1 to 5, 2nd Floor, Building No:B, New S.No.105(Old S, Sangli,    Maharashtra","Phone: 2333500315 ,Fax: -, Email: uaimsabc@gmail.com",Private,Sangli,Sangli,Sangli,16.83183,74.57424,30.0,0.0,20.0,0.0,23.0,0.0,20.0,0.0,2026-09-16,,blood-avail-16-9-26.pdf
284015,Aai Bahuuddeshiya Sevabhavi Sanstha Shourya Blood Centre Yavatmal,"Plot No. 26/02, Second Floor, Gourav Complex, Near Rana Prat, Yavatmal,  Maharashtra","Phone: 9552865402 ,Fax: -, Email: shouryabloodcentre@gmail.com",Charitable/Vol,Yavatmal,Yavatmal,Yavatmal,20.39661,78.14152,27.0,5.0,74.0,2.0,80.0,5.0,14.0,2.0,2026-09-16,,blood-avail-16-9-26.pdf
284498,Shri Gajanan Blood Centre,"First Floor of Nauzal Khasra No:61/62, CTS No: 345/LPN/16, N, Washim,  Maharashtra","Phone: 7743850228 ,Fax: -, Email: shrigajananbloodcentre@gmail.com",Charitable/Vol,Washim,Washim,Washim,,,0.0,0.0,0.0,0.0,0.0,0.0,0.0,0.0,2026-09-16,,blood-avail-16-9-26.pdf
284014,"Shri Kamala Bhavani Blood Centre, Karmala","CS No. 3976/2/15, 1st Floor, Amarnath Tower, Swatantra Saini, Karmala, Solapur,  Maharashtra","Phone: 9689838183, 8888800050 ,Fax: -, Email:  kamalabhavanibloodcentre@gmail.com",Charitable/Vol,Solapur,Swatantra Saini,Karmala,18.4045,75.1954,0.0,0.0,0.0,0.0,0.0,0.0,0.0,0.0,2026-09-16,,blood-avail-16-9-26.pdf
283287,Manikraj Bahuudeshiya Samajsevi Sanstha Shivneri Blood Centre,"Milkat No.4540/4247, CTS No.30, Soham Nagari, R.C.C building, Pune,  Maharashtra","Phone: 9975564130 ,Fax: -, Email: shivneribloodcentre@gmail.com",Charitable/Vol,Pune,Soham Nagari,Pune,22.351115,78.667743,20.0,7.0,34.0,16.0,25.0,12.0,26.0,3.0,2026-09-16,,blood-avail-16-9-26.pdf
18216,Rotary Club New Panvel Charitable  Trust S Late Dr. B.V. Limaye Blood Centre,"Plot No-8,sect.1, Khanda Colony,Mumbai Pune Road, New Panvel, PANVEL, Raigarh,  Maharashtra","Phone: 9867880705 ,Fax: -, Email: rotarybloodbank.newpanvel@gmail.com",Charitable/Vol,Raigarh,Panvel,PANVEL,19.00827,73.10821,7.0,4.0,3.0,5.0,22.0,0.0,4.0,2.0,2026-09-16,,blood-avail-16-9-26.pdf
284254,Blood Center District Hospital Aurangabad,"Gut no.737 Opposite Airport Jalna Road, Chikalthana Aurangab, Aurangabad,  Aurangabad, Maharashtra","Phone: 8037997750 ,Fax: 1234567890, Email: bloodcenterdhabad@gmail.com",Govt.,Aurangabad,Chikalthana,Aurangabad,19.8682,75.40466,8.0,1.0,5.0,1.0,2.0,2.0,5.0,1.0,2026-09-16,,blood-avail-16-9-26.pdf
27160,Spandan Blood Centre Yavatmal,"SATYRUKH HOSPITAL BUILDING BASEMENT GUT NO5/5 PLOT NO.17, NEAR BABASHEB AMBEDKAR  AQUARE MAHAGAON ROAD, Umerkhed, Yavatmal, Maharashtra","Phone: 7721088344 ,Fax: -, Email: spandanbloodcentre2026@gmail.com",Private,Yavatmal,Yavatmal,Umerkhed,,,40.0,2.0,10.0,1.0,46.0,2.0,10.0,0.0,2026-09-16,,blood-avail-16-9-26.pdf
283286,Raigad Hospital Blood Centre Of Saraswati Education Society,"Room no.301, 3rd floor, B-wing, C/o. Raigad hospital and res, karjat, Raigarh,  Maharashtra","Phone: 9970592341 ,Fax: -, Email: rhbc.ses@tasgaonkartech.com",Charitable/Vol,Raigarh,Karjat,karjat,18.57983,75.001532,16.0,1.0,3.0,1.0,16.0,2.0,3.0,1.0,2026-09-16,,blood-avail-16-9-26.pdf
18102,"Krishna Hospital And Medical Research Centre, Blood Centre","Poona Banglore(NH4)Highway Near Debhewadi Road, Tal- Karad, , Poona  Banglore(NH4)Highway Near Debhewadi Road, Tal- Karad, , Satara, Satara, Maharashtra","Phone: 9420463203 ,Fax: 0216242170, Email: khbloodbank123@gmail.com",Charitable/Vol,Satara,Karad,Satara,17.285065,74.185701,77.0,13.0,99.0,3.0,95.0,7.0,28.0,3.0,2026-09-16,,blood-avail-16-9-26.pdf
18223,Dattaji Bhale Blood Centre,"C/o: Dr.Hegdewar Rugnalaya Campus, Near Gajanan Mandir, Jawa, Aurangabad,  Aurangabad, Maharashtra","Phone: 0240-2335196 / 2331195 ,Fax: 0240-2341849, Email: manjusha- kulkarni@hedgewar.org",Charitable/Vol,Aurangabad,Jawa,Aurangabad,19.86931,75.34824,131.0,0.0,58.0,5.0,249.0,1.0,58.0,2.0,2026-09-16,,blood-avail-16-9-26.pdf
18103,Mauli Blood Centre satara,"529 B/1, Parasnis Colony, Behind Dr. Pendharkar Hospital, Sadarbazar,    Satara,Maharashtra., Satara, Satara, Maharashtra","Phone: 9423032454 ,Fax: 0, Email: maulibloodbank@gmail.com",Charitable/Vol,Satara,Sadarbazar,Satara,17.68046,74.01826,30.0,0.0,7.0,0.0,13.0,0.0,7.0,0.0,2026-09-16,,blood-avail-16-9-26.pdf
18104,Phaltan Medical FoundationS Blood Centre,"Phaltan Medical FoundationS Blood Centre, Phaltan, Satara, Maharashtra","Phone: 7588381633 ,Fax: -, Email: bloodbankpmf@gmail.com",Charitable/Vol,Satara,Phaltan,Phaltan,17.98445,74.43604,55.0,7.0,7.0,6.0,33.0,3.0,15.0,0.0,2026-09-16,,blood-avail-16-9-26.pdf
18225,Adarsh Blood Centre,"Office No. U.5, F3-6, CTS No.12373/26, 2nd Floor, Opp. Seven, Aurangabad,  Aurangabad, Maharashtra","Phone: 9595163163 ,040 -  6602163 / 2328362  ,Fax: -, Email:  adm.adarshbb@gmail.com",Charitable/Vol,Aurangabad,Aurangabad,Aurangabad,19.8755,75.35243,29.0,0.0,121.0,0.0,66.0,0.0,13.0,0.0,2026-09-16,,blood-avail-16-9-26.pdf
18105,Yashwantrao Chavan Blood Centre,"Phase 5, Super market, 1st flor hall no.2/1 final plot no.43, Karad, Satara,  Maharashtra","Phone: 9960690605, 9960690601,(02164)228122 ,Fax: -, Email:  sandeepyadav373@gmail.com",Charitable/Vol,Satara,Karad,Karad,17.27921,74.18262,1.0,0.0,0.0,0.0,0.0,0.0,0.0,0.0,2026-09-16,,blood-avail-16-9-26.pdf
18226,Lions Blood Centre,"1st floor, Above Lions Balsadan, near Guru Teg Bahadur Engli, Auranagabad,  Aurangabad, Maharashtra","Phone: 8275092594 ,Fax: -, Email: lionsbloodbank0708@gmail.com",Charitable/Vol,Aurangabad,Guru Teg Bahadur,Aurangabad,19.86711,75.32823,33.0,0.0,54.0,0.0,65.0,0.0,5.0,0.0,2026-09-16,,blood-avail-16-9-26.pdf
18220,"Mauli Blood Centre, Latur","Kailas Plaza, Barshi Road,, Latur, Latur, Maharashtra","Phone: 9420292039 ,Fax: 0, Email: maulibloodcentrelatur@gmail.com",Charitable/Vol,Latur,Barshi,Latur,18.40198,76.55952,32.0,0.0,8.0,0.0,17.0,0.0,8.0,0.0,2026-09-16,,blood-avail-16-9-26.pdf
18221,Shri Sai Seva Medical Foundation Sanchalit Nirnay Janseva Blood Centre,"C.S.No.4755/2 - A Nirnay Diagnostic research centre Maa Rani, Dhule, Dhule,  Maharashtra","Phone: 9372811919,02562-238555/325768 ,Fax: -, Email:  nirnayjansevabloodbank@gmail.com",Charitable/Vol,Dhule,C.S.No,Dhule,20.90422,74.7749,24.0,1.0,30.0,0.0,68.0,4.0,3.0,0.0,2026-09-16,,blood-avail-16-9-26.pdf
27174,MGM College Nerul Blood Centre,"Plot no1 Sector 1A, CBD Belapur Navi Mumbai Dis Thane, Thane, Thane,  Maharashtra","Phone: 7045331191 ,Fax: 0, Email: bloodcentrecbd@mgmmcnerul.edu.in",Charitable/Vol,Thane,Belapur,Thane,,,1.0,0.0,0.0,0.0,0.0,0.0,0.0,0.0,2026-09-16,,blood-avail-16-9-26.pdf
27179,Shree Mangalmurti Blood Centre Component and Apheresis Centre,"Sahu Towers NTC Hingoli, Hingoli, Hingoli, Maharashtra","Phone: 9561175643 ,Fax: 0, Email: mangalmurtibloodbank@gmail.com",Charitable/Vol,Hingoli,Hingoli,Hingoli,,,0.0,0.0,6.0,0.0,1.0,0.0,4.0,0.0,2026-09-16,,blood-avail-16-9-26.pdf
27177,Warud Blood Centre Tal Warud Dis Amravati,"2nd floor, Plot No.22, Survey No.133/2, Ward No.2, Renuka Nagar, Pandhurna  Square, Warud, Tal: Warud, Dis: Amravati, Warud, Amravati, Maharashtra","Phone: 7020201842 ,Fax: 0, Email: manish.chandnani88@gmail.com",Charitable/Vol,Amravati,Warud,Warud,,,10.0,0.0,6.0,1.0,11.0,0.0,6.0,0.0,2026-09-16,,blood-avail-16-9-26.pdf
27178,Shri Balaji Blood Centre component Lab Apheresis & Research centre,"Achalpur Dis Amaravti, Achalpur, Amravati, Maharashtra","Phone: 7219554537 ,Fax: 0, Email: shribalajibloodcentreachalpur@gmail.com",Charitable/Vol,Amravati,Achalpur,Achalpur,,,5.0,1.0,6.0,0.0,7.0,0.0,1.0,0.0,2026-09-16,,blood-avail-16-9-26.pdf
284246,Ms.Rambhabai Bahuuddeshiya Seva Sanstha Seva Blood Centre,"Sr.No. 233/1,Plot No.28,Near Bhagwati Hospital, Madhu mama N, Shahada Bypass  Road, Nandurbar, Nandurbar, Maharashtra","Phone: 8055013111 ,Fax: -, Email: sevabloodcentrenandurbar@gmail.com",Charitable/Vol,Nandurbar,Shahada,Nandurbar,,,20.0,2.0,38.0,6.0,59.0,14.0,10.0,2.0,2026-09-16,,blood-avail-16-9-26.pdf
18227,Jankalyan Blood Centre,"J.Ranade Smruti Bhawan, APMCS Chatrapati Shivaji Complex, W, Jalna, Jalna,  Maharashtra","Phone: 9422218521,02482-238397 / 243085 ,Fax: -, Email:  jalnajankalyan@gmail.com",Charitable/Vol,Jalna,Apmcs Chatrapati Shivaji Complex,Jalna,19.82969,75.88003,54.0,2.0,98.0,7.0,48.0,0.0,64.0,3.0,2026-09-16,,blood-avail-16-9-26.pdf
27171,Shri Chhatrapati Shivaji Bahuuddheshiya Sansthas Varad Blood Centre Dhule,"Plot no 54 55 Manmad Junction 2nd floor, Baba Appa Varade Dr House Dhule, Dhule,  Dhule, Maharashtra","Phone: 9511656296 ,Fax: 0, Email: varadbloodcentre@gmail.com",Charitable/Vol,Dhule,Manmad Junction,Dhule,,,10.0,3.0,6.0,1.0,11.0,5.0,6.0,1.0,2026-09-16,,blood-avail-16-9-26.pdf
18107,Dr. Hegdewar Rakta Pedhi,"Sahyadri Shopping Centre , RailwayLines, Solapur, Solapur, Maharashtra","Phone: 8975589933 ,Fax: -, Email: hedgewar.raktapedhi@gmail.com",Charitable/Vol,Solapur,Railwaylines,Solapur,17.66388,75.90064,82.0,5.0,42.0,0.0,102.0,12.0,42.0,0.0,2026-09-16,,blood-avail-16-9-26.pdf
18228,"Civil Surgeon, General Hospital, Blood Centre","Genral Hospital Blood center jalna near Samarth nagar , Jalna, Jalna,  Maharashtra","Phone: 9561354763 ,Fax: 02482-225508, Email: ghbbjalna@gmail.com",Govt.,Jalna,Samarth Nagar,Jalna,19.83234,75.87449,2.0,0.0,1.0,0.0,5.0,0.0,1.0,0.0,2026-09-16,,blood-avail-16-9-26.pdf
18108,"Ima, Sahakar Maharshi Shankarrao Mohite Patil Blood Centre","804, Old Pandharpur Road, Ganeshnagar Akluj,, Solapur, Solapur, Maharashtra","Phone: 02185-222101/225601 ,Fax: 02185-222665/222166, Email:  imabloodbank136@rediffmail.com",Charitable/Vol,Solapur,Ganeshnagar Akluj,Solapur,17.87385,75.00988,20.0,1.0,5.0,7.0,30.0,2.0,4.0,1.0,2026-09-16,,blood-avail-16-9-26.pdf
18229,Kalpataru Bahuuddeshiya Sansthas Lokmanya Blood Centre Gondia ,"Sheet No.50B, Plot No.839/1, Near Sai Sonography, Hanuman Ma, Gondia, Gondiya,  Maharashtra","Phone: 9552556418 ,Fax: 0, Email: lokmanyabb@gmail.com",Charitable/Vol,Gondiya,Hanuman Ma,Gondia,21.4578,80.19954,1.0,0.0,0.0,0.0,0.0,0.0,0.0,0.0,2026-09-16,,blood-avail-16-9-26.pdf
18109,"Indian Red Cross Society Blood Centre, Bai Gopabai Damani Blood Centre,  Solapur","Bai Gopabai Damani Blood Bank, 165 Railway Line ,Red Cross R, Solapur, Solapur,  Maharashtra","Phone: 8483922106 ,Fax: 1234567890, Email: gopabaidamani@yahoo.com",Red Cross ,Solapur,Red Cross R,Solapur,17.67304,75.90713,4.0,1.0,36.0,1.0,100.0,0.0,0.0,1.0,2026-09-16,,blood-avail-16-9-26.pdf
27170,B S P Medical College Blood Centre Chh Sambhaji Nagar,"B S P Medical College and Hospital Gr Floor Gut No 179, Beed Highway Road Nipani  Bhalgaon Chh.Sambhaji Nagar, Chh Sambhaji Nagar Aurangabad, Aurangabad, Maharashtra","Phone: 7447807818 ,Fax: 0, Email: bspbloodcentre1@gmail.com",Charitable/Vol,Aurangabad,Beed Highway Road Nipani Bhalgaon Chh.Sambhaji Nagar,Aurangabad,,,70.0,4.0,90.0,2.0,44.0,1.0,28.0,2.0,2026-09-16,,blood-avail-16-9-26.pdf
284361,"Laksh Foundation, Lifeline Blood Centre, Nashik","Suyojit Commercial Complex, Surve No. 804/A-123, Shop No L9B, Nashik, Nashik,  Maharashtra","Phone: 8308400083 ,Fax: -, Email: lifelinebloodbanknashik@gmail.com",Charitable/Vol,Nashik,Suyojit Commercial Complex,Nashik,20.011248,73.790236,33.0,1.0,58.0,0.0,99.0,3.0,34.0,0.0,2026-09-16,,blood-avail-16-9-26.pdf
284360,"Criticare Asia Hospital Blood Centre, Pvt. Ltd., Kurla (W), Mumbai","Room No. 29 to 44, Upper Basment, Criticare Asia Multispecia, Kurla, Mumbai,  Mumbai, Maharashtra","Phone: 022-675567 ,Fax: -, Email: bloodcenter.k@criticareasiahospital.com",Private,Mumbai,Kurla,Mumbai,19.078545,72.878176,3.0,0.0,1.0,0.0,6.0,0.0,1.0,0.0,2026-09-16,,blood-avail-16-9-26.pdf
27146,"Govt. Medical College Blood Centre, Nagpur","Model Blood Bank, 2nd Floor, Hospital Building, Govt. Medical College &  Hospital, Nagpur, Nagpur, Maharashtra","Phone: 9673521263 ,Fax: -, Email: gmchbbngp@gmail.com",Govt.,Nagpur,Hospital Building,Nagpur,21.1261,79.0971,25.0,0.0,0.0,2.0,0.0,0.0,0.0,2.0,2026-09-16,,blood-avail-16-9-26.pdf
284117,"Vedanta Hospital And Research Center Blood Centre, Saswand, Post Dhundalwadi","Building No 4 OT Complex, 1st Floor, Saswand, Post Dhundalwa, Saswand, Post  Dhundalwadi, Palghar, Maharashtra","Phone: 9960820536 ,Fax: -, Email: bloodbank@vedantaa.institute",Private,Palghar,Palghar,Saswand,28.63542,77.23298,18.0,0.0,11.0,0.0,31.0,0.0,5.0,0.0,2026-09-16,,blood-avail-16-9-26.pdf
284359,"Maha Victory Charitable Trust, Lifeline Blood Centre, Bapgaon, Tal. Bhiwandi,  Dist. Thane","Shop No. 5,6,7, Shri Shankara Complex, Opp. Kalyan Cancer Ho, Bapgaon Tal  Bhiwandi, Thane, Maharashtra","Phone: 9082578110 ,Fax: -, Email: lifeline23.bapgaon@gmail.com",Charitable/Vol,Thane,Kalyan,Bhiwandi,19.194329,72.970178,0.0,0.0,12.0,0.0,3.0,0.0,0.0,0.0,2026-09-16,,blood-avail-16-9-26.pdf
284358,"Poona Medical Relief And Research Foundation, Kai Madhukar Sakharam Bidkar  Blood Centre, Pune","2nd floor, Kamala Nehru Hospital attached to Bharat Ratna At, Pune, Pune,  Maharashtra","Phone: 9422666541 ,Fax: -, Email: bidkarbloodcentre@gmail.com",Charitable/Vol,Pune,Mangalwar Peth,Pune,18.521428,73.854454,19.0,1.0,1.0,1.0,26.0,1.0,13.0,1.0,2026-09-16,,blood-avail-16-9-26.pdf
27145,"Civil Surgeon, District General Hospital Blood Centre & Blood Component Unit  Hingoli","District General Hospital Blood Bank & Blood Component unit,  Hingoli Akola,  Road Risala Bazar, Hingoli, Hingoli, Maharashtra","Phone: 9422287396 ,Fax: 0, Email: bloodbankhingoli@gmail.com",Govt.,Hingoli,Hingoli Akola,Hingoli,19.71737,77.14937,34.0,0.0,61.0,1.0,26.0,1.0,18.0,0.0,2026-09-16,,blood-avail-16-9-26.pdf
284112,Mahalaxmi Blood Centre,"1082/K/1A, B Ward, Second floor, west side, Mahila Sankul bu, Kolhapur,  Maharashtra","Phone: 9561076070 ,Fax: -, Email: mahalaxmibloodcentrekop@gmail.com",Charitable/Vol,Kolhapur,West Side,Kolhapur,19.780323,79.111326,9.0,1.0,2.0,2.0,3.0,0.0,0.0,2.0,2026-09-16,,blood-avail-16-9-26.pdf
283264,Aurangabad Thalassemia Society Shri Satya Sai Blood Centre,"Plot No.1 Satvahana Housing Society, Opposite Sant Tukaram N, Aurangabad,  Maharashtra","Phone: 9168104104 ,Fax: -, Email: shrissbbank@gmail.com",Charitable/Vol,Aurangabad,Opposite Sant Tukaram N,Aurangabad,22.351115,78.667743,0.0,0.0,8.0,0.0,9.0,1.0,8.0,0.0,2026-09-16,,blood-avail-16-9-26.pdf
283142,Samarpan Blood Centre,"plot no179/12 Property no52.52/1 to 3 1st floor, Heda Building , , Behind Pandye  Mahal Tilak Ward Bhandara, Bhandara, Bhandara, Maharashtra","Phone: 9665759771 ,Fax: 1234567890, Email: samarpanblood@gmail.com",Charitable/Vol,Bhandara,Bhandara,Bhandara,22.351115,78.667743,29.0,0.0,3.0,1.0,20.0,3.0,3.0,1.0,2026-09-16,,blood-avail-16-9-26.pdf
284350,Manipal Hospitals Pvt Ltd Blood Centre,"Survey no. 111/11/1, Third Floor, Baner Mahalunge Road, Opp., Baner, Pune, Pune,  Maharashtra","Phone: 8087463994 ,Fax: -, Email: bloodbank.mhpb@manipalhospitals.com",Private,Pune,Baner,Pune,18.521428,73.854454,14.0,0.0,3.0,4.0,16.0,4.0,3.0,0.0,2026-09-16,,blood-avail-16-9-26.pdf
283261,The Yugantar Education Society S Nashikrao Tirpude Blood Centre,"2nd floor, Tirpude Hospital, Chalks colony, Nagpur, Nagpur, Maharashtra","Phone: 9326957512 ,Fax: -, Email: ntbcentre@gmail.com",Charitable/Vol,Nagpur,Chalks Colony,Nagpur,22.351115,78.667743,31.0,1.0,22.0,1.0,15.0,0.0,5.0,1.0,2026-09-16,,blood-avail-16-9-26.pdf
18201,"Dr. D.Y. Patil Hospital And Research Centre, Blood Centre","Sector-5, Nerul(E) Navi Mumbai, Thane, Thane, Maharashtra","Phone: 8828867080 ,Fax: 0, Email: bloodbank.dyph@gmail.com",Charitable/Vol,Thane,Nerul,Thane,19.04125,73.02415,0.0,0.0,0.0,1.0,0.0,0.0,0.0,1.0,2026-09-16,,blood-avail-16-9-26.pdf
283260,Samarpit Bahuddeshiya Sevabhavi Sanshta Tarpan Blood Centre,"2nd floor, vishwaraj Hospital, Gat no-499, Loni Kalbhor, Kad, Pune, Pune,  Maharashtra","Phone: 9545793999 ,Fax: -, Email: shashisrijagadale@gmail.com",Charitable/Vol,Pune,Loni Kalbhor,Pune,18.521428,73.854454,27.0,16.0,80.0,5.0,36.0,14.0,15.0,5.0,2026-09-16,,blood-avail-16-9-26.pdf
18203,"Jai Matadi Bahuuddeshiya Sevabhavi Sasthas Guru Gobindsinghji Blood Centre,  Blood Comp And Aphs Nand","House no. 1-1-69 / 44, Ground floor and First Floor, Naroji , Nanded, Nanded,  Maharashtra","Phone: 9145432520  02462-233332 ,Fax: -, Email: ggbloodbank@gmail.com",Charitable/Vol,Nanded,Naroji,Nanded,19.15962,77.30828,102.0,8.0,67.0,12.0,134.0,6.0,67.0,1.0,2026-09-16,,blood-avail-16-9-26.pdf
18204,Bhiwandi Blood Centre,"271,Second Floor Al-Hera Complex Teen Batti,, Bhiwandi, Thane, Maharashtra","Phone: 9823271858 ,Fax: -, Email: bhiwandi_blood_bank@yahoo.com",Charitable/Vol,Thane,Hera Complex Teen Batti,Bhiwandi,19.30109,73.0585,33.0,0.0,14.0,1.0,31.0,1.0,14.0,0.0,2026-09-16,,blood-avail-16-9-26.pdf
27154,"Sir, J.J. Group Hospital Blood Centre, Byculla Mumbai","Blood Bank Department, Main Building, Gr.floor near Apaghath Vibhagh, Sir  J.J.Hospital Byculla, Mumbai, Mumbai, Maharashtra","Phone: 9322106373 ,Fax: -, Email: jjbloodbank@gmail.com",Govt.,Mumbai,Byculla,Mumbai,18.96299,72.83376,9.0,6.0,8.0,2.0,7.0,4.0,11.0,2.0,2026-09-16,,blood-avail-16-9-26.pdf
27152,Bai Gangabai Ladies Hospital Blood Centre Gondiya,"Bai Gangabai Ladies Hospital Blood Bank,Civil Lines, Gondia, Gondiya,  Maharashtra","Phone: 8668833731 ,Fax: -, Email: gondiabloodbank@gmail.com",Govt.,Gondiya,Civil Lines,Gondia,21.45925,80.19768,5.0,0.0,2.0,0.0,8.0,0.0,2.0,0.0,2026-09-16,,blood-avail-16-9-26.pdf
283259,Sanjeevan Blood Component And Apheresis Centre,"First Floor Sharayu Bld Apt Plot No 5 Sr No 49, Behind Vaish, Badlapur, Thane,  Maharashtra","Phone: 9594642222, 9167871375 ,Fax: -, Email:  sanjeevanbloodcomponentapheres@gmail.com",Charitable/Vol,Thane,Badlapur,Badlapur,,,18.0,16.0,66.0,5.0,9.0,13.0,10.0,5.0,2026-09-16,,blood-avail-16-9-26.pdf
284589,M/S. Jai Mata Di Bahuddeshiya SansthaS Melghat Blood Centre,"M/S. Jai Mata Di Bahuddeshiya SansthaS Melghat Blood Centre, Amravati, Amravati,  Maharashtra","Phone: 8275290579 ,Fax: 1234567890, Email: manish.chandnani88@gmail.com ",Charitable/Vol,Amravati,Melghat,Amravati,21.4745734,76.8891609,77.0,2.0,74.0,5.0,86.0,2.0,20.0,0.0,2026-09-16,,blood-avail-16-9-26.pdf
18209,Vijayee Blood Centre Vasai (W),"Andrandes Bhavan 1st Floor, Plot No 2, Sr.No 277A Behind Pap, Vasai, Palghar,  Maharashtra","Phone: 9823488750 ,Fax: -, Email: vijayeebloodbank@gmail.com",Charitable/Vol,Palghar,Palghar,Vasai,19.36664,72.8161,10.0,0.0,50.0,1.0,80.0,1.0,8.0,0.0,2026-09-16,,blood-avail-16-9-26.pdf
284467,"Mahalaxmi Blood Centre, Kagal,Kolhapur","Plot no:317, CTS No:2115, Ground Floor, Jaysinghrao Park N.R, Kolhapur,  Maharashtra","Phone: 9130028585 ,Fax: -, Email: mahalaxmibloodcentrekagal2023@gmail.com",Charitable/Vol,Kolhapur,Jaysinghrao Park N.R,Kolhapur,19.780323,79.111326,22.0,0.0,17.0,1.0,34.0,1.0,17.0,0.0,2026-09-16,,blood-avail-16-9-26.pdf
18205,Mira Bhayandar Muncipal Corporation Rajeev Gandhi Blood Centre,"C.S No.30/32, Poonam Sagar Complex, Near Allahabad Bank, Mir, Mira Road, Thane,  Maharashtra","Phone: 9975564128 ,Fax: 1234567890, Email: vinayakchaudhari1@gmail.com",Charitable/Vol,Thane,Mira Road,Mira Road,19.2565,72.84684,1.0,3.0,1.0,1.0,1.0,1.0,1.0,1.0,2026-09-16,,blood-avail-16-9-26.pdf
18206,Tarapure Automic Power Station Hospital Blood Centre,"TAPS Colony ,Via- Boisar,TQ-Palghar, Boisar, Palghar, Maharashtra","Phone: 8007992223, 9413356423 ,Fax: 02525 264261, Email:  abmathur@npcil.co.in",Govt.,Palghar,Palghar,Boisar,,,0.0,0.0,0.0,0.0,0.0,0.0,0.0,0.0,2026-09-16,,blood-avail-16-9-26.pdf
27150,"Sub -Dist Cottage Hospital, Blood Centre , Sawantwadi, Sindhudurg","Sub -Dist Cottage Hospital, Blood Bank, Sawantwadi, Sindhudurg, Maharashtra","Phone: 9422436096 ,Fax: -, Email: bloodbank.sdhsawantwadi@gmail.com",Govt.,Sindhudurg,Sindhudurg,Sawantwadi,15.90526,73.82132,0.0,0.0,0.0,0.0,0.0,0.0,0.0,0.0,2026-09-16,,blood-avail-16-9-26.pdf
18207,Sarla Blood Centre,"50, Anand Nagar, Nr Platforn No.1, , Above Ravi hospital, Vasai West, Vasai    West, Palghar, Maharashtra","Phone: 9823075285 ,Fax: 0252332684, Email: sbloodbank@yahoo.com",Charitable/Vol,Palghar,Palghar,Vasai,,,20.0,1.0,4.0,0.0,30.0,1.0,4.0,0.0,2026-09-16,,blood-avail-16-9-26.pdf
18208,M/S. Shri Hazur Saheb Blood Centre,"M/s. Shri Hazur Saheb Blood Bank,  2nd Floor, Opp. Bank of I, SANTKRIPA MARKET G  G ROAD NEAR GURUDWARA, NANDED, Nanded, Maharashtra","Phone: 9423432225,02462-248888, 239999 ,Fax: -, Email:  shs.bloodbanknanded@gmail.com",Charitable/Vol,Nanded,Opp. Bank Of I,NANDED,19.14959,77.31517,11.0,5.0,10.0,1.0,58.0,0.0,10.0,1.0,2026-09-16,,blood-avail-16-9-26.pdf
285274,"Bhartiya Sanskruti Shikshan Prasarak Mandal, Sangola sanchlit,Sangola Blood  Centre,Sangola,Solapur","At 536/2/A/2 & 536/2/B/1/A/1/B,5004,Opp.Market Yard,Pandharp, Solapur,  Maharashtra","Phone: 8600864017 ,Fax: -, Email: sangolabloodcentresangola@gmail.com ",Charitable/Vol,Solapur,Opp.Market Yard,Pandharpur,,,13.0,0.0,8.0,1.0,22.0,1.0,8.0,0.0,2026-09-16,,blood-avail-16-9-26.pdf
285275,"Pushplata D.Y.Patil Hospital & Research Centre Blood Centre, Maval, Pune","Room No.19, Block A, Ground Floor, Pushplata D.Y.Patil Hospi, Pune,  Maharashtra","Phone: 9689015693 ,Fax: -, Email: bloodbank.ambi@dypatil.edu ",Charitable/Vol,Pune,Pushplata D.Y.Patil Hospi,Pune,,,0.0,1.0,1.0,1.0,0.0,1.0,0.0,0.0,2026-09-16,,blood-avail-16-9-26.pdf
285276,"Shri.Swami Samarth Blood Centre, Pandharpur, Solapur","C.S.100/2-3,Plot No.85, F.F & Hall No.2 Second floor, Gokul , Solapur,  Maharashtra","Phone: 8380832107 ,Fax: -, Email: shriswamisamrthbloodcentre2025@gmail.com",Charitable/Vol,Solapur,Gokul,Solapur,,,35.0,11.0,54.0,2.0,98.0,5.0,54.0,2.0,2026-09-16,,blood-avail-16-9-26.pdf
18099,"Akshay Medical Trust, Akshay Blood Centre","506/22, Sadar Bazar,Near State Bank  opp Nirmal Hotel, , Satara, Satara,  Maharashtra","Phone: 9422038315,02162- 230730 ,Fax: -, Email: abbSatara@gmail.com",Charitable/Vol,Satara,Sadar,Satara,,,27.0,0.0,1.0,4.0,13.0,8.0,1.0,1.0,2026-09-16,,blood-avail-16-9-26.pdf
18094,Vasantdada Patil Blood Centre And Haematology Research Centre,"AIP- Miraj, Mirasaheb Shopping Complex,  Opp. City Police St, Miraj , Sangli,  Maharashtra","Phone: 93252228780233- 2229619 / 2222319 ,Fax: -, Email:  svpbb1984@rediffmail.com",Charitable/Vol,Sangli,Mirasaheb Shopping Complex,Miraj,16.8165,74.64247,45.0,1.0,6.0,2.0,96.0,5.0,6.0,2.0,2026-09-16,,blood-avail-16-9-26.pdf
18095,"Hindratna Prakashbapu Patil Blood Centre, Sangli","2nd floor, Siddhivinayak Commercial Complex Guest House, Mir, Sangli, Sangli,  Maharashtra","Phone: 7719069398 ,Fax: -, Email: hindratnabloodbank@gmail.com",Charitable/Vol,Sangli,Siddhivinayak Commercial Complex Guest House,Sangli,16.85124,74.5825,36.0,1.0,4.0,2.0,31.0,3.0,4.0,2.0,2026-09-16,,blood-avail-16-9-26.pdf
18096,Bharati Vidyapeeth University Medical College And Hospital Blood Centre,"A/p Wanlesswadi,  Tal- Miraj ,, Sangli, Sangli, Maharashtra","Phone: 02332601594 / 02332601593 ext 266 ,Fax: -, Email:  bharatibloodbanksangli@gmail.com",Charitable/Vol,Sangli,Miraj,Sangli,16.841716,74.617969,2.0,0.0,9.0,1.0,12.0,1.0,5.0,1.0,2026-09-16,,blood-avail-16-9-26.pdf
18097,"Miraj Serological Institute Blood Centre, Miraj","S.No.795/A1, Dr. Bhalchandra Patil Hospital  Zaribag Budhgao, Sangli, Sangli,  Maharashtra","Phone: 9420041490,0233-6451819 / 2211400 ,Fax: -, Email:  msibloodbank@gmail.com",Charitable/Vol,Sangli,S.No.795/A,Sangli,16.8165,74.64247,46.0,1.0,8.0,2.0,68.0,4.0,8.0,1.0,2026-09-16,,blood-avail-16-9-26.pdf
18090,"Islampur Medical Foundations, Rajaram Bapu Blood Centre , Islampur","Islampur C.S. No. 99/1, Near Islampur Spiral CT-Scan  Peth-S, Walwa, Sangli,  Maharashtra","Phone: 9834503508 ,Fax: 2342224939, Email: rajarambapubloodbank@gmail.com",Charitable/Vol,Sangli,Scan Peth,Islampur,17.03226,74.29261,16.0,0.0,26.0,1.0,13.0,0.0,1.0,1.0,2026-09-16,,blood-avail-16-9-26.pdf
18091,Smt. Anila Kantilal Kothari Blood Centre And Dept. Of Hemato Oncology,"Dr. D. K. Gosavi Memorial, Shri Siddhivinayak Ganapati Cance, Sangli, Sangli,  Maharashtra","Phone: 9850985432 ,Fax: 0233221160, Email: cancermiraj@gmail.com",Charitable/Vol,Sangli,Shri Siddhivinayak Ganapati Cance,Sangli,16.83554,74.63139,9.0,2.0,19.0,0.0,3.0,0.0,3.0,0.0,2026-09-16,,blood-avail-16-9-26.pdf
283198,Riddhi Vinayak Hospital Services Public Charitable Trust Blood Centre,"Room no.26-36, Ground Floor, Plot No.302,Near Railway Car Sh, Palgarh, Palghar,  Maharashtra","Phone: 7709340693 ,Fax: -, Email: rvmhbb24@gmail.com",Charitable/Vol,Palghar,Palghar,Palghar,22.351115,78.667743,4.0,0.0,3.0,0.0,18.0,2.0,3.0,0.0,2026-09-16,,blood-avail-16-9-26.pdf
18076,"Abhinav Sikshan MandalS,  Sanjeevan Blood Centre","Abhinav Sikshan MandalS,  Sanjeevan Blood Centre, Kolhapur, Kolhapur,  Maharashtra","Phone: 9371782825,0231 - 2668031 /32 ,Fax: -, Email: ssfarakte@yahoo.in",Charitable/Vol,Kolhapur,Abhinav Sikshan Mandals,Kolhapur,16.70974,74.23701,54.0,1.0,5.0,2.0,6.0,1.0,13.0,2.0,2026-09-16,,blood-avail-16-9-26.pdf
18077,Padmashree Dr.D.Y Patil (Vishweshwar) Blood Centre," Padmashree, Dr. D.Y. Patil Medical College Hospital , Sant , Pune, Pune,  Maharashtra","Phone: 9561792412 ,Fax: 2027805217, Email: vishweshwar.vbb@rediffmail.com",Charitable/Vol,Pune,Sant,Pune,,,0.0,0.0,0.0,0.0,0.0,0.0,0.0,0.0,2026-09-16,,blood-avail-16-9-26.pdf
18078,Noble Charitable Trust S Noble Blood Centre,"B-007, Basement c/o Noble Hospital, 153 Magarpatta city Road, Pune, Pune,  Maharashtra","Phone: 8999411865 ,Fax: -, Email: noblebloodbank@yahoo.in",Charitable/Vol,Pune,Magarpatta,Pune,18.50482,73.9272,49.0,3.0,30.0,4.0,94.0,7.0,30.0,6.0,2026-09-16,,blood-avail-16-9-26.pdf
18199,"Navi Mumbai Muncipal Corporation, Blood Centre","General Hospital Vashi, Near St.Mery Church Sector-10, Vashi, Thane, Thane,  Maharashtra","Phone: 9324292615 ,Fax: 1234567890, Email: nmmcbloodbank@gmail.com",Govt.,Thane,Vashi,Thane,19.08279,72.99604,5.0,0.0,4.0,0.0,5.0,1.0,4.0,0.0,2026-09-16,,blood-avail-16-9-26.pdf
18079,Pimpari Serological Institute Blood Centre,"4th Floor,Esteem Tower, opp K.S.B Pump, Pune-Mumbai Highway,, Pune, Pune,  Maharashtra","Phone: 2027422279 ,Fax: 2027421179, Email: psibbpimpri@gmail.com",Charitable/Vol,Pune,Mumbai Highway,Pune,18.62432,73.80793,25.0,1.0,40.0,6.0,45.0,2.0,20.0,1.0,2026-09-16,,blood-avail-16-9-26.pdf
18193,Chidanand Charitable Trust Blood Centre,"2nd floor shastrinagar gen.hosp Kopar road Dombivili west, , Dombivili west,  Thane, Maharashtra","Phone: 2484393 ,Fax: 0251-2484393, Email: cctbloodbank@gmail.com",Charitable/Vol,Thane,Dombivili West,Dombivli,19.216,73.082,9.0,4.0,17.0,1.0,43.0,5.0,8.0,1.0,2026-09-16,,blood-avail-16-9-26.pdf
18072,"Metro Blood Centre,Civil Hospital Aundh Pune","Aundh Camp,, Pune, Pune, Maharashtra","Phone: 9423210104 ,Fax: -, Email: bloodbank.aundh@gmail.com",Govt.,Pune,Aundh,Pune,18.55375,73.80687,19.0,8.0,9.0,4.0,22.0,4.0,9.0,0.0,2026-09-16,,blood-avail-16-9-26.pdf
18194,Plasma  Blood Centre,"Meghdoot, Behind Hotel Janaki, Opp. Manjunath School, V.P.Ro, Thane, Thane,  Maharashtra","Phone: 9833921008 ,Fax: -, Email: plasmatrust@gmail.com",Charitable/Vol,Thane,V.P.Ro,Thane,,,19.0,2.0,9.0,2.0,20.0,5.0,9.0,2.0,2026-09-16,,blood-avail-16-9-26.pdf
18073,"Grant Medical Foundation,  A.H. Wadia Trust Blood Centre","40, Sassoon Road, Ruby Hall Clinic, Post Box No. 70,, Pune, Pune, Maharashtra","Phone: 9890148566 ,Fax: 0202616452, Email: bloodbank@rubyhall.com",Charitable/Vol,Pune,Post Box No,Pune,18.53351,73.87732,15.0,11.0,8.0,9.0,31.0,17.0,8.0,4.0,2026-09-16,,blood-avail-16-9-26.pdf
18195,Kalyan Dombivali Muncipal Corporation Sponsered Nandakishore Educaation Society  Arpan Blood Bank,"2nd floor, Bai Rukhminibal Hospital, Near Railway Station, K, Thane, Thane,  Maharashtra","Phone: 0251-3266322 ,Fax: -, Email: nandkishor@arpanbloodbank.org",Charitable/Vol,Thane,Kalyan (West),Thane,19.24464,73.12353,10.0,0.0,15.0,2.0,24.0,0.0,2.0,0.0,2026-09-16,,blood-avail-16-9-26.pdf
18196,Ishwar Seva Trusts Dombivali Blood Center,"PTS No.7559, HIssa No.14P, Basement Pushpdeo apt, near sarve, Dombivli, Thane,  Maharashtra","Phone: 9222078605 ,Fax: 0, Email: dombivlibloodcentre@gggmail.com",Charitable/Vol,Thane,Dombivli,Dombivli,19.2094,73.09395,22.0,0.0,21.0,0.0,16.0,0.0,3.0,0.0,2026-09-16,,blood-avail-16-9-26.pdf
18190,Kai Wamanrao Oka Rakta Kendra,"VISHNU NAGAR,GHANTALI MANDIR RD,NAUPADA, THANE, Thane, Thane, Maharashtra","Phone: 9833785529 ,Fax: -, Email: woraktapedhi@gmail.com",Charitable/Vol,Thane,Naupada,Thane,19.19011,72.97148,17.0,1.0,13.0,1.0,8.0,0.0,13.0,1.0,2026-09-16,,blood-avail-16-9-26.pdf
18070,Jehangir Hospital Blood Centre,"Second floor, 32, Sasoon Road,, Pune, Pune, Pune, Maharashtra","Phone: 9175772258 ,Fax: 0, Email: bloodbank@jehangirhospital.com",Charitable/Vol,Pune,Sasoon,Pune,18.57729,73.68146,54.0,5.0,18.0,6.0,26.0,6.0,7.0,4.0,2026-09-16,,blood-avail-16-9-26.pdf
18071,Kem Hospital Blood Centre,"Sardar Moodliar Road, Rastha Peth,, Pune, Pune, Maharashtra","Phone: 9823955650 ,Fax: 1234567890, Email: mathurabloodbank@gmail.com",Charitable/Vol,Pune,Rastha Peth,Pune,18.51996,73.86703,3.0,0.0,2.0,1.0,0.0,1.0,0.0,1.0,2026-09-16,,blood-avail-16-9-26.pdf
285061,Pachpande Multispeciality Hospital Blood Storage Center,"Pachpande multispeciality hospital blood storage center, Santaji nagar, tahsil  road, muktainagar, Jalgaon, Maharashtra","Phone: 9421610802 ,Fax: -, Email: pmhbloodstorage1979@gmail.com",Private,Jalgaon,Jalgaon,muktainagar,21.0221715,75.4794827,1.0,0.0,2.0,0.0,2.0,0.0,2.0,0.0,2026-09-16,,blood-avail-16-9-26.pdf
285062,Gadchiroli Blood Centre,"1st floor, infront of Jaika Motors, Chandrapur Road,Navegaon, Gadchiroli,  Maharashtra","Phone: 6360845551 ,Fax: -, Email: gadchirolibloodcentre2025@gmail.com ",Charitable/Vol,Gadchiroli,Navegaon,Navegaon,,,13.0,2.0,3.0,0.0,22.0,3.0,3.0,0.0,2026-09-16,,blood-avail-16-9-26.pdf
285065,"Majalgaon Blood Centre, Blood Component And Apheresis Centre, Majalgaon","Plot No: 2&3, Survey No:371, 2nd floor, Naik Complex,bypass , Bid, Maharashtra","Phone: 8412844170 ,Fax: -, Email: majalgaonbloodcentre@gmail.com ",Charitable/Vol,Bid,Naik Complex,Beed,,,0.0,1.0,0.0,1.0,1.0,3.0,0.0,0.0,2026-09-16,,blood-avail-16-9-26.pdf
284150,"Shri Dhaneshwari Manav Vikas Mandals, Shantai Blood Centre, Pedgaon, Dist.  Parbhani","RP Hospital & Research Institute of Parbhani Medical College, Upper Ground  Floor, Gut No. 539, 544, 545 (Part), At. post -, Pedgaon, Parbhani, Maharashtra","Phone: 9921148810 ,Fax: -, Email: shantaibloodcenrepmc@gmail.com",Charitable/Vol,Parbhani,Pedgaon,Pedgaon,19.262469,76.7718,46.0,2.0,9.0,6.0,47.0,3.0,9.0,1.0,2026-09-16,,blood-avail-16-9-26.pdf
285067,"Jijau Blood Centre, Blood Component And Apheresis Centre, Parbhani","House no:21, City Survey no: 2139,1st floor, Vinay Agency, D, Parbhani,  Maharashtra","Phone: 9970977258 ,Fax: -, Email: jijaubloodcentrepbn@gmail.com ",Charitable/Vol,Parbhani,Parbhani,Parbhani,,,88.0,6.0,77.0,4.0,131.0,8.0,40.0,2.0,2026-09-16,,blood-avail-16-9-26.pdf
18087,"Sarvodaya Samaj Vikas Sanstha,  R.G Gholap Memorial Blood Centre","Office no.301, 3rd floor Ashoka Centre, S.No - 47/14, Pune S, Pune, Pune,  Maharashtra","Phone: 9545646001,020-64012140, 9822442140 ,Fax: -, Email:  gholapbloodbank@gmail.com",Charitable/Vol,Pune,Pune S,Pune,,,0.0,0.0,0.0,0.0,0.0,0.0,0.0,0.0,2026-09-16,,blood-avail-16-9-26.pdf
18088,Cristanand Education Society Blood Centre,"Christanand Education Society Blood Bank,  Christanand Hospi, Brahmapuri,  Chandrapur, Maharashtra","Phone: 9880804284 ,Fax: 7177272016, Email: christanandhosp@sify.com",Charitable/Vol,Chandrapur,Brahmapuri,Brahmapuri,20.607715,79.855757,0.0,0.0,0.0,0.0,0.0,0.0,0.0,0.0,2026-09-16,,blood-avail-16-9-26.pdf
18089,"Civil Surgeon, General Hospital Blood Centre, Gadchiroli","Blood Bank,  General Hospital, Medical Complex, Chandrapur r, Gadchiroli,  Gadchiroli, Maharashtra","Phone: 7972110876 ,Fax: -, Email: bloodbankgadchiroli@gmail.com",Govt.,Gadchiroli,Chandrapur R,Gadchiroli,20.17456,79.98441,6.0,0.0,11.0,1.0,3.0,2.0,11.0,0.0,2026-09-16,,blood-avail-16-9-26.pdf
18083,Smt Kashibai Navale General Hospital Blood Centre,"Sr. No. 50/15,Building No.5 2nd floor, Narhe, Ambegaon, Pune, Pune, Pune,  Maharashtra","Phone: 9422986743 ,Fax: 0206753744, Email: bloodbank@sknmcgh.org",Charitable/Vol,Pune,Ambegaon,Pune,18.45624,73.82219,4.0,0.0,1.0,0.0,6.0,0.0,1.0,0.0,2026-09-16,,blood-avail-16-9-26.pdf
18084,Chakan Blood Centre,"Chakan, Yashwant Nagar, Ambethan Road, Pune, Pune, Maharashtra","Phone: 8888221018 ,Fax: -, Email: chakanbloodcenter09@gmail.com",Charitable/Vol,Pune,Chakan,Pune,18.521428,73.854454,64.0,11.0,67.0,4.0,61.0,4.0,6.0,3.0,2026-09-16,,blood-avail-16-9-26.pdf
18085,"Indian Red Cross Society, (Late Manikbai Chandulal Saraf ) Blood Centre, Pune","Near Govt. Silver Jubilee Hospital, Patas Road Baramati,, Baramati, Pune,  Maharashtra","Phone: 9422333287, 02112-222951/320910 ,Fax: 00, Email:  ircsbbbaramati@gmail.com",Red Cross ,Pune,Baramati,Baramati,18.1526,74.57501,0.0,0.0,1.0,1.0,0.0,0.0,1.0,0.0,2026-09-16,,blood-avail-16-9-26.pdf
18086,Central India Institute Of Haematology And OncologyS Blood And Blood Component  Bank And Apheresis U,"Central India Institute Of Haematology And OncologyS Blood And Blood Component  Bank And Apheresis UNIT,5th,floor,501,502,vighnesh square,dr.N.B.Khare road,opp.dinanath high  school,dhantoli,nagpur, Nagpur, Nagpur, Maharashtra","Phone: 7774099125 ,Fax: 1234567890, Email: ciihobloodbank2023@gmail.com",Charitable/Vol,Nagpur,Dhantoli,Nagpur,21.1352,79.07834,13.0,3.0,23.0,1.0,51.0,3.0,23.0,1.0,2026-09-16,,blood-avail-16-9-26.pdf
18080,Konkan Mitra Mandal Medical TrustS Sahyadri Speaciality Hospital Blood Centre,"Konkan Mitra Mandal Medical TrustS Sahyadri Speaciality Hospital Blood Centre,  Pune, Pune, Maharashtra","Phone: 9673338405 / 9850540682 / 9422548833 ,Fax: 020 - 67213000, Email:  labqm@sahyadrihospitals.com",Charitable/Vol,Pune,Deccan Gymkhana,Pune,18.51337,73.83308,19.0,4.0,22.0,3.0,18.0,1.0,22.0,3.0,2026-09-16,,blood-avail-16-9-26.pdf
18081,Aditya Birla Memorial Hospital Blood Centre,"Aditya Birla Memorial Hospital Blood Centre, Aditya Birla Hospital Marg,  Thergaon, Chinchwad, Pune, PUNE, Pune, Maharashtra","Phone: 9011352331 ,Fax: 1234567890, Email: rpsingh008@gmail.com",Private,Pune,Chinchwad,PUNE,18.62572,73.77478,11.0,3.0,22.0,3.0,53.0,2.0,13.0,2.0,2026-09-16,,blood-avail-16-9-26.pdf
18082,Rakesh Jain Memorial Blood Centre,"C/O Poona Hospital and Research Centre, 27, Sadashiv Peth, , Pune, Pune,  Maharashtra","Phone: 9689947454 ,Fax: 2024338477, Email: rjmbb@poonahospital.org",Charitable/Vol,Pune,Sadashiv Peth,Pune,18.51089,73.86632,18.0,1.0,18.0,2.0,35.0,1.0,1.0,0.0,2026-09-16,,blood-avail-16-9-26.pdf
283298,Ved Medical Foundation Pune Vita Blood Centre,"Milkat No.4002834 R.No.1-30, S.No.816/1-15, Basement Of Kala, Sangli,  Maharashtra","Phone: 8275919681 ,Fax: -, Email: vitabloodcentervita@gmail.com",Charitable/Vol,Sangli,Basement Of Kala,Sangli,22.351115,78.667743,16.0,3.0,2.0,1.0,17.0,0.0,1.0,1.0,2026-09-16,,blood-avail-16-9-26.pdf
18058,Sion Blood Centre,"92/5,  1st floor Geeta bldg. Opp. To Sion Bus depot, Sion (E, Mumbai, Mumbai,  Maharashtra","Phone: 9594642222 ,Fax: -, Email: sionbloodbank@gmail.com",Charitable/Vol,Mumbai,Sion,Mumbai,19.03648,72.86865,60.0,0.0,30.0,0.0,170.0,0.0,10.0,0.0,2026-09-16,,blood-avail-16-9-26.pdf
18179,"Nashik Blood Bank And Transfusion Research Institute Blood Bank(Jijau Mahila  Sewabhavi Sanstha, Nash","Ishwar Krupa Ganesh Nagar, Tidke Colony,, Nashik, Nashik, Maharashtra","Phone: 9922901047,,0253-2232996 ,Fax: -, Email:  nashikbloodbank18@gmail.com",Charitable/Vol,Nashik,Tidke Colony,Nashik,19.99065,73.77526,8.0,3.0,1.0,0.0,6.0,1.0,4.0,0.0,2026-09-16,,blood-avail-16-9-26.pdf
285230,"Redlife Blood Centre, Ghansoli, Navi Mumbai, Thane","Gami Aster, First floor, A-wing, Plo No: 17&18, sector no:2,, Thane,  Maharashtra","Phone: 9820959286 ,Fax: -, Email: reyafoundation@gmail.com ",Charitable/Vol,Thane,Gami Aster,Thane,,,115.0,2.0,27.0,4.0,223.0,15.0,27.0,1.0,2026-09-16,,blood-avail-16-9-26.pdf
285231,"Shaurya Blood Centre,Blood Components and Apheresis, Chandrapur","Svy No: 107/63, A-1, Hall No:1, 3rd floor, above HBD Bank, P, Chandrapur,  Maharashtra","Phone: 9220203131 ,Fax: -, Email: shauryabloodcentre34@gmail.com ",Charitable/Vol,Chandrapur,Chandrapur,Chandrapur,,,54.0,3.0,67.0,4.0,54.0,4.0,10.0,0.0,2026-09-16,,blood-avail-16-9-26.pdf
18059,Bharatratna Dr Babasaheb Ambedkar Mun. Gen. Hospital Blood Centre,"Bharatratna Dr Babasaheb Ambedkar Mun Gen Hospital , First F, MUMBAI, Mumbai,  Maharashtra","Phone: 28647003/4 ,Fax: -, Email: bloodbankbdba@gmail.com",Govt.,Mumbai,First F,MUMBAI,19.208,72.85105,0.0,0.0,0.0,0.0,0.0,0.0,0.0,0.0,2026-09-16,,blood-avail-16-9-26.pdf
18175,Ndmvps Medical College And Hospital Blood Centre,"MVP Hospital Blood Bank, O-131, Ground Floor, OPD Building, , Nashik , Nashik,  Maharashtra","Phone: 9921737694 ,Fax: -, Email: archu12241@gmail.com",Charitable/Vol,Nashik,Adgaon,Nashik,20.03435,73.85457,35.0,2.0,27.0,8.0,54.0,6.0,9.0,0.0,2026-09-16,,blood-avail-16-9-26.pdf
18297,The Santajee Educational And Medical Foundation Trusts Navjeevan Blood Centre,"T.P No.1, Final Plot No.181,Office No.15,16,17, Second Floor, Nashik, Nashik,  Maharashtra","Phone: 0253 - 2508777, 9604496044 ,Fax: -, Email:  navjeevanbloodbanknsk@gmail.com",Charitable/Vol,Nashik,Mumbai Naka,Nashik,,,62.0,6.0,92.0,2.0,123.0,4.0,35.0,2.0,2026-09-16,,blood-avail-16-9-26.pdf
18055,"Meenatai Thackeray Blood Centre, Goregaon, Mumbai, Managed By Prabodhan  Goregaon","CTS No.899/C, First floor, Village Pahadi, Sitaram Patkar Marg, Off Aarey Road,  Goregaon West., Mumbai, Mumbai, Maharashtra","Phone: 9820313855 ,Fax: 1234567890, Email:  meenataithackeray.bloodcentre@gmail.com",Charitable/Vol,Mumbai,Goregaon West,Mumbai,19.15961,72.84028,110.0,0.0,25.0,0.0,180.0,0.0,25.0,0.0,2026-09-16,,blood-avail-16-9-26.pdf
18176,"Late. Dr. G.M. Bhavsar Charitable TrustS,Malegaon Blood Centre","Late. Dr. G.M. Bhavsar Charitable Trusts Malegaon Blood Centre, Satana Naka,  Malegaon Dist Nashik, Malegaon, Nashik, Maharashtra","Phone: 9371550550 ,Fax: 1234567890, Email: dgbhavsar@yahoo.com",Charitable/Vol,Nashik,Satana Naka,Malegaon,20.55301,74.51805,12.0,3.0,0.0,0.0,67.0,3.0,0.0,0.0,2026-09-16,,blood-avail-16-9-26.pdf
18177,"Shri Sai Seva Medical Foundation Sanchalit, Sanjeevani Blood Centre","First Floor,Plot No. 10/11, Sr. no:24/1+2+3, Vadala Shivar, , Nashik, Nashik,  Maharashtra","Phone: 9372811919,0253-2411888 ,Fax: -, Email: sanjeevani.bb@gmail.com",Charitable/Vol,Nashik,Vadala Shivar,Nashik,19.97559,73.80397,10.0,0.0,5.0,0.0,20.0,2.0,5.0,0.0,2026-09-16,,blood-avail-16-9-26.pdf
18056,Manas Serological Institute Blood Centre,"CTS NO-167 / 168 / A1 101-104  Grace Plaza  S.V.Road, near R, Mumbai, Mumbai,  Maharashtra","Phone: 9975564128 ,Fax: -, Email: manasbbmumbai@gmail.com",Charitable/Vol,Mumbai,Cts No,Mumbai,,,1.0,0.0,3.0,0.0,1.0,0.0,3.0,0.0,2026-09-16,,blood-avail-16-9-26.pdf
18057,Suburban Hi-Tech Blood Centre,"206, Shagun,Rani-Sati Marg, Malad (East), , as above, Mumbai, Mumbai,  Maharashtra","Phone: 9823244573 ,Fax: -, Email: suburban.hitech@yahoo.com",Charitable/Vol,Mumbai,Malad,Mumbai,19.18378,72.84917,2.0,0.0,1.0,1.0,0.0,1.0,1.0,0.0,2026-09-16,,blood-avail-16-9-26.pdf
18178,"Medical Superintendent, Regional Referal Hospital Blood Bank,(Superspeciality  Hospital) Nashik","Shalimar Chowk,, Nashik, Nashik, Maharashtra","Phone: 9850632960,0253-2594762 ,Fax: 0253-2594762, Email:  rrhnashik@gmail.com",Govt.,Nashik,Shalimar Chowk,Nashik,20.00054,73.7874,0.0,0.0,0.0,0.0,0.0,0.0,0.0,0.0,2026-09-16,,blood-avail-16-9-26.pdf
18050,Sevenhills Healthcare Private Limited Hospital Blood Centre,"2nd Floor, Block-16, Sevenhills Hospital,  Survey No.155, 15, Mumabi, Mumbai,  Maharashtra","Phone: 02267676719 ,Fax: -, Email: bloodbank@sevenhillshospital.com",Private,Mumbai,Mumabi,Mumbai,19.11779,72.87809,19.0,0.0,2.0,0.0,75.0,0.0,2.0,0.0,2026-09-16,,blood-avail-16-9-26.pdf
18292,"Kasturba Health SocietyS, Blood Centre, Sevagram(Mgims)","Kasturba Health SocietyS, Blood Centre, Sevagram(Mgims), Department of  Pathology, MGIMS and Kasturba Hospital  Sevagr, Wardha, Wardha, Maharashtra","Phone: 9422144855 ,Fax: 7152284333, Email: bloodbank@mgims.ac.in",Charitable/Vol,Wardha,Department Of Pathology,Wardha,20.73929,78.66093,10.0,0.0,9.0,6.0,24.0,1.0,9.0,0.0,2026-09-16,,blood-avail-16-9-26.pdf
18171,"Jankalyan Blood Centre, Nashik","3, Shree Nagar, Old Gangapur Naka, Gangapur Road,, Nashik, Nashik, Maharashtra","Phone: 7774077900 ,Fax: 1234567890, Email: rssjan_nsk@rediffmail.com",Charitable/Vol,Nashik,Gangapur,Nashik,20.00884,73.7702,36.0,8.0,49.0,1.0,60.0,5.0,8.0,1.0,2026-09-16,,blood-avail-16-9-26.pdf
18172,Sainik Aspatal Military Hospital Blood Centre,"Sainik Aspatal, Military Hospital, Devlali Nashik , Deolali, Nashik,  Maharashtra","Phone: 9148708222 ,Fax: -, Email: poonamyadav012@gmail.com",Govt.,Nashik,Devlali Nashik,Deolali,,,0.0,0.0,0.0,0.0,0.0,0.0,0.0,0.0,2026-09-16,,blood-avail-16-9-26.pdf
18051,V.N. Desai Municipal General Hospital Blood Centre,"Plot No.34,  opp. Santacruz Gymkhana, T.P.S II, 11th Road, S, santacruz east,  mumbai, Mumbai, Maharashtra","Phone: 7021670036 ,Fax: 1234567890, Email:  vndesaibloodbank@yahoo.com",Govt.,Mumbai,Santacruz East,mumbai,19.07882,72.84499,0.0,0.0,0.0,0.0,0.0,0.0,0.0,0.0,2026-09-16,,blood-avail-16-9-26.pdf
18293,Jawaharlal Nehru Medical College Blood Centre,"Acharya Vinoba Bhave Rural Hospital Building, Ground Floor, , wardha, Wardha,  Maharashtra","Phone: 8600560824 ,Fax: 0, Email: jnmcbloodbank@rediffmail.com",Charitable/Vol,Wardha,Sawangi Meghe,wardha,20.715824,78.575564,35.0,3.0,7.0,1.0,49.0,2.0,7.0,0.0,2026-09-16,,blood-avail-16-9-26.pdf
18052,Holy Spirit Hospital Blood Centre,"Holy Spirit Hospital Blood Bank, , Mahakali Caves Road, Andheri , Mumbai,  Mumbai, Maharashtra","Phone: 9167015747 ,Fax: 0, Email: bloodbank@holyspirithospital.org",Charitable/Vol,Mumbai,Andher,Mumbai,19.12839,72.8666,19.0,2.0,1.0,2.0,17.0,3.0,1.0,0.0,2026-09-16,,blood-avail-16-9-26.pdf
18173,DevaS Health And Devlopment Foundation Samta Blood Centre,"DevaS Health And Devlopment Foundation Samta Blood Centre, Nashik, Nashik,  Maharashtra","Phone: 9975997867 ,Fax: -, Email: samtabloodbank@gamil.com",Charitable/Vol,Nashik,Govind Nagar,Nashik,19.97198,73.79212,7.0,0.0,1.0,0.0,15.0,0.0,1.0,0.0,2026-09-16,,blood-avail-16-9-26.pdf
18295,"Arpan Blood Centre,Blood Component Lab. And Aphersis Centre","First Floor, H.No.1542/43, above Bank of Badoda, Swatantrya , Sangamner,  Ahmadnagar, Maharashtra","Phone: 9822324340(Tated),02425-226036 / 220457 ,Fax: -, Email:  nandkishor@arpanbloodbank.org",Charitable/Vol,Ahmadnagar,Swatantrya,Sangamner,19.56998,74.20715,7.0,0.0,18.0,1.0,21.0,6.0,18.0,0.0,2026-09-16,,blood-avail-16-9-26.pdf
280738,Superitendent Gokuldas Tejpal Hospital,"2nd floor, G. T. Hospital, L.T. Marg, Mumbai, Mumbai, Maharashtra","Phone: 8669168538 ,Fax: -, Email: gthbloodbank@gmail.com",Govt.,Mumbai,L.T.,Mumbai,18.94505,72.83183,0.0,0.0,0.0,0.0,0.0,0.0,0.0,0.0,2026-09-16,,blood-avail-16-9-26.pdf
18290,Dean Government Medical College And Super Speciality Hospital Blood Centre,"Government Medical College Campus Near Tukloji Putla and  RS, Nagpur, Nagpur,  Maharashtra","Phone: 9595219178 ,Fax: 1234567890, Email: bloodbanksshngp@gmail.com",Govt.,Nagpur,Ajni,Nagpur,21.12393,79.1041,0.0,0.0,0.0,0.0,0.0,0.0,0.0,0.0,2026-09-16,,blood-avail-16-9-26.pdf
18170,"Medical Superitendant, J.D.C. Bytco Hospital Blood Centre","1st Flr,Bytco Hospital, Nashik Road, Behind Durga Garden Sha, Nashik, Nashik,  Maharashtra","Phone: 9422762233 ,Fax: -, Email: hidocatul@rediffmail.com",Govt.,Nashik,Nashik Road,Nashik,,,0.0,0.0,0.0,0.0,0.0,0.0,0.0,0.0,2026-09-16,,blood-avail-16-9-26.pdf
18291,"District - Civil Surgeon,  General Hospital Blood Centre Wardha","New Bldg. OPD 1st Floor, General Hosp.,Dr.Ambedkar Road, Nea, wardha, Wardha,  Maharashtra","Phone: 9923228026,8380026088 ,Fax: 07152-250624, Email:  cswardha@rediffmail.com",Govt.,Wardha,General Hosp,wardha,20.73785,78.6032,15.0,0.0,1.0,1.0,20.0,1.0,1.0,1.0,2026-09-16,,blood-avail-16-9-26.pdf
18069,Jankalyan Raktapedhi Pune,"1003, Shukrawar Peth, Swargate - Saras Baugh Road, Near. Nat, Pune, Pune,  Maharashtra","Phone: 9527768755 ,Fax: -, Email: Janrakta@gmail.com",Charitable/Vol,Pune,Shukrawar Peth,Pune,18.50092,73.85753,0.0,7.0,76.0,3.0,195.0,2.0,76.0,3.0,2026-09-16,,blood-avail-16-9-26.pdf
284095,"Chhatrapati Shahu Maharaj Pratishthan, Swastik Blood Centre, Kamothe, Navi  Mumbai","Hall No. 1A, 1ST Floor, Plot No. 28, Sheetal Dhara Society, , Kamothe Navi  Mumbai, Raigarh, Maharashtra","Phone: 8652558072 ,Fax: 0, Email: swastikbloodbank22@gmail.com",Charitable/Vol,Raigarh,Kamothe Navi Mumbai,Navi Mumbai,,,20.0,0.0,26.0,2.0,49.0,3.0,9.0,1.0,2026-09-16,,blood-avail-16-9-26.pdf
285244,Raigad Blood Centre Pen Tal Pen Dis Raigarh,"Sr.No:11/110, Ground Floor,  Vikasmurti Building, Old RTO of, Pen, Raigarh,  Maharashtra","Phone: 9819634684 ,Fax: -, Email: kpataskar108@gmail.com ",Charitable/Vol,Raigarh,Old Rto Of,Pen,,,14.0,1.0,21.0,0.0,21.0,0.0,8.0,0.0,2026-09-16,,blood-avail-16-9-26.pdf
18186,Lokamanya Tssia  Blood Centre,"TSSIA house,road no 16,next to janta sahkari bank , petrol p, Thane, Thane,  Maharashtra","Phone: 8652248607 ,Fax: 1234567890, Email: lokmanyatssiabb1@gmail.com",Charitable/Vol,Thane,Petrol P,Thane,19.19471,72.95287,9.0,0.0,1.0,0.0,7.0,0.0,1.0,0.0,2026-09-16,,blood-avail-16-9-26.pdf
18065,"Deenanath Mangeshkar Hospital, Blood Centre","DEENANATH MANGESHKAR HOSPITAL RESEARCH CENTER SUPER SPECIALI, PUNE, Pune,  Maharashtra","Phone: 9822545665 ,Fax: 020-40541003, Email: bloodbank@dmhospital.org",Charitable/Vol,Pune,Erandwane,PUNE,18.50211,73.83223,32.0,6.0,72.0,2.0,61.0,12.0,18.0,2.0,2026-09-16,,blood-avail-16-9-26.pdf
18187,Chhatrapati Shivaji Maharaj Hospital Blood Centre Csm,"Thane Belapur Road, Kalwa,, Thane, Thane, Maharashtra","Phone: 9757223723,022-25347784 Ext: 1437 ,Fax: -, Email:  shivkumar.kori@rediffmail.com",Govt.,Thane,Belapur,Thane,19.19234,72.98676,15.0,1.0,3.0,1.0,17.0,1.0,3.0,1.0,2026-09-16,,blood-avail-16-9-26.pdf
18067,Indian Serological Institute Blood Centre,"21, Anand Baugh, Navi Peth, Near Vaikunth,, Pune, Pune, Maharashtra","Phone: 9096039023 ,Fax: -, Email: isibloodbank@rediffmail.com",Charitable/Vol,Pune,Navi Peth,Pune,,,11.0,0.0,3.0,0.0,21.0,2.0,5.0,0.0,2026-09-16,,blood-avail-16-9-26.pdf
18188,M/S Balasaheb Thackerey Blood Centre,"2nd floor, Hindu Hriday Samrat Balasaheb Thackerey, Traumaca, Mumbai, Mumbai,  Maharashtra","Phone: 9922901047 ,Fax: -, Email: gawlivr@yahoo.com",Charitable/Vol,Mumbai,Traumaca,Mumbai,19.14105,72.8541,17.0,2.0,8.0,2.0,18.0,10.0,18.0,0.0,2026-09-16,,blood-avail-16-9-26.pdf
18189,Jupiter Hospital Blood Centre,"Jupiter Hospital, Second Floor, South Block, Eastern Express, Thane, Thane,  Maharashtra","Phone: 9869745596 ,Fax: -, Email: mohamad.amir@jupiterhospital.com",Private,Thane,Eastern Express,Thane,19.19028,72.97115,34.0,4.0,18.0,1.0,20.0,7.0,27.0,2.0,2026-09-16,,blood-avail-16-9-26.pdf
18068,"Sadhu Vaswani Mission Medical Complex, Inlaks And Budharani Hospital Blood  Centre, Pune","7-9, Koregaon Park,, Pune, Pune, Maharashtra","Phone: 9850224042 ,Fax: 020-66099703, Email: inlaksbb@gmail.com.com",Charitable/Vol,Pune,Koregaon Park,Pune,18.53528,73.88698,14.0,0.0,8.0,1.0,11.0,1.0,8.0,1.0,2026-09-16,,blood-avail-16-9-26.pdf
18061,"Acharya Anandrishiji Blood Centre, Pune","191/192,  Sadashiv Peth, S.M.Joshi Foundation Bldg. Near Pat, Pune, Pune,  Maharashtra","Phone: 8554909040 ,Fax: 2024537627, Email: aapunebloodbank@gmail.com",Charitable/Vol,Pune,Sadashiv Peth,Pune,19.089304,73.004063,35.0,1.0,2.0,8.0,56.0,3.0,2.0,0.0,2026-09-16,,blood-avail-16-9-26.pdf
18183,"Mahatma Gandhi Blood Centre,  Operated By Task","1st Fr. Satyam Apartment, Jeevan Jyot Hospital, Near Naupada, Thane, Thane,  Maharashtra","Phone:  9892523533, 022-25380787 / 25411773 ,Fax: -, Email:   vaidya_bloodbank@rediffmail.com",Charitable/Vol,Thane,Naupada,Thane,19.187896,72.96724,5.0,0.0,8.0,0.0,6.0,0.0,3.0,0.0,2026-09-16,,blood-avail-16-9-26.pdf
18062,Akshay Blood Centre,"SURVEY NO.10, HISSA NO. 2A/1/3, UNNATINAGAR, HADAPSAR, , Pune, Pune,  Maharashtra","Phone: 9890244339 ,Fax: -, Email: akshaybloodbankpune@gmail.com",Charitable/Vol,Pune,Hadapsar,Pune,18.47143,73.959674,29.0,0.0,13.0,2.0,108.0,7.0,11.0,2.0,2026-09-16,,blood-avail-16-9-26.pdf
18184,"Vitthal  Sayanna General  Hospital (Civil Hospital) Blood Centre, Thane","Civil Hospital, 1st floor, Tembhi Naka, Thane (W), Thane, Thane, Maharashtra","Phone: 2225477205 ,Fax: O225471409, Email: cs_tan@rediffmail.com",Govt.,Thane,Tembhi Naka,Thane,19.19857,72.97797,21.0,1.0,5.0,1.0,19.0,1.0,0.0,0.0,2026-09-16,,blood-avail-16-9-26.pdf
18064,M/S Bharati Vidyapeeth Medical Foundations Bharati Hospital Blood Centre,"1st Floor, of Bharati Hospital, Bharati Vidyapeeth S.No. 28,, Pune, Pune,  Maharashtra","Phone: 9420320999,020-40555555  Ext-115 ,Fax: 020 24379432, Email:  bhbloodbank@gmail.com",Charitable/Vol,Pune,Bharati Vidyapeeth S.No,Pune,18.45956,73.85732,4.0,1.0,24.0,1.0,9.0,1.0,24.0,1.0,2026-09-16,,blood-avail-16-9-26.pdf
18185,Navjeevan Blood Centre Mangaed By Spvf,"Prakash Bhuvan, Gokhale Road, Naupada Near Dr.Mhaskars Hosp, Thane(W), Thane,  Maharashtra","Phone: 9820040536 ,Fax: -, Email: mukeshudani@yahoo.com",Charitable/Vol,Thane,Naupada,Thane,19.187729,72.967926,2.0,0.0,5.0,1.0,56.0,2.0,2.0,0.0,2026-09-16,,blood-avail-16-9-26.pdf
18181,"Shree Swami  Samartha Vaidyakiya  Shaikshanik And Sanshodhan Sanstha, Late   Shri Mukeshbai Patel Blo","1st floor, Agrasen  Patpedhi, Maharaja Complex  Shirpur,, 1st floor, Agrasen   Patpedhi, Maharaja Complex  Shirpur,, Shirpur, Dhule, Maharashtra","Phone: 8788447002 ,Fax: -, Email: shirpurbloodcentre@gmail.com",Charitable/Vol,Dhule,Dhule,Shirpur,21.34362,74.88183,10.0,1.0,7.0,1.0,35.0,6.0,7.0,1.0,2026-09-16,,blood-avail-16-9-26.pdf
280723,Mahalakshmi Blood Centre,"mahalaxmi blood bank karad shanivarpeth karad , mahalaxmi blood bank karad  shanivarpeth karad , karad, Satara, Maharashtra","Phone: 9405538281 ,Fax: 0216422312, Email:  mahalaxmibloodbankkarad2018@gmail.com",Charitable/Vol,Satara,Mahalaxmi,karad,17.27697,74.18076,26.0,5.0,9.0,1.0,70.0,1.0,9.0,1.0,2026-09-16,,blood-avail-16-9-26.pdf
18278,Dr. Murlidhar Kharche Memorial Jeevan Jyoti Blood Centre,"Bharat Kala Rd., Malkapur,, Malkapur, Buldana, Maharashtra","Phone: 9423144276 ,Fax: -, Email: jkpatho@gmail.com",Private,Buldana,Malkapur,Malkapur,20.88649,76.20717,0.0,0.0,0.0,0.0,0.0,0.0,0.0,0.0,2026-09-16,,blood-avail-16-9-26.pdf
18157,Civil Hospital Blood Centre,"Civil hospital blood bank, Dixit Wadi, Zilha Peth,JALGAON, Jalgaon, Jalgaon,  Maharashtra","Phone: 9890607987 ,Fax: 0, Email: chjbbjal@gmail.com",Govt.,Jalgaon,Zilha Peth,Jalgaon,21.00844,75.56821,41.0,6.0,6.0,2.0,76.0,1.0,6.0,2.0,2026-09-16,,blood-avail-16-9-26.pdf
18279,"Medical Superitendant, Saibai Mote General Hospital Blood Centre, Shegaon","Saibai Mote General Hospital Shegaon, Shegaon, Buldana, Maharashtra","Phone: 9422915379, 07265-252020 ,Fax: 07265-252866, Email:  saibai_mote@rediffmail.com",Govt.,Buldana,Shegaon,Shegaon,,,0.0,0.0,0.0,0.0,0.0,0.0,0.0,0.0,2026-09-16,,blood-avail-16-9-26.pdf
18037,Deepak Foundations Anviksha Blood Centre,"1st floor, Paras Darshan, M.G.Road, Ghatkopar (East), Mumbai, Mumbai,  Maharashtra","Phone: 8591265830 ,Fax: 9820144154, Email: anvikshabb@hotmail.com",Charitable/Vol,Mumbai,Ghatkopar,Mumbai,19.0824,72.90455,61.0,0.0,6.0,0.0,37.0,0.0,26.0,0.0,2026-09-16,,blood-avail-16-9-26.pdf
18158,Indian Red Cross Society Sanchalit Askaran Tarachand Jain Blood Centre,"First floor ,Jawahar Market, Near Old Tehasil Office,, Chopda, Jalgaon,  Maharashtra","Phone: 7020718245 ,Fax: -, Email: ircschopda1999@gmail.com",Red Cross ,Jalgaon,Jalgaon,Chopda,21.00423,75.54455,0.0,0.0,0.0,0.0,0.0,0.0,0.0,0.0,2026-09-16,,blood-avail-16-9-26.pdf
284084,"Washim Blood Centre (Trust), Washim Managed By Ocean Bahuuddeshiya Sanstha,  Pusad, Dist. Yavtmal","Plot No. 217/2, First Floor, Near Sarada Hospital, Akola Nak, Washim, Washim,  Maharashtra","Phone: 7588775111 ,Fax: -, Email: washimbloodcentre@gmail.com",Charitable/Vol,Washim,Akola Nak,Washim,20.12835,77.17592,31.0,3.0,19.0,1.0,22.0,3.0,19.0,3.0,2026-09-16,,blood-avail-16-9-26.pdf
18038,"K.B.Bhabha Muncipal General Hospital, Blood Centre","1st floor, N.38, R.K.Patkar Marg, Bandra (W), Mumbai, Mumbai, Maharashtra","Phone: 9321152854 ,Fax: 022-26405227, Email: bhabha.bandra@gmail.com",Govt.,Mumbai,Bandra,Mumbai,19.05749,72.83363,0.0,0.0,0.0,0.0,0.0,0.0,0.0,0.0,2026-09-16,,blood-avail-16-9-26.pdf
18159,Jeevanshri Raktapedi,"I st Floor, Rasmanju complex, Bhagwat Road, Amalner,, Jalgaon, Jalgaon,  Maharashtra","Phone: 9226894187 ,Fax: 09226894187, Email: jsbbamalner@gmail.com",Charitable/Vol,Jalgaon,Amalner,Jalgaon,21.04221,75.06002,0.0,0.0,0.0,0.0,0.0,0.0,0.0,0.0,2026-09-16,,blood-avail-16-9-26.pdf
18039,Lilavati Hospital And Research Centre Blood Centre,"A 791, Bandra Reclaimation, Bandra (W),, Bandra, Mumbai, Maharashtra","Phone: 0226568220 ,Fax: 2226437648, Email: bloodbank@lilavatihospital.com",Charitable/Vol,Mumbai,Bandra Reclaimation,Bandra,19.05096,72.82903,16.0,0.0,2.0,0.0,21.0,0.0,2.0,0.0,2026-09-16,,blood-avail-16-9-26.pdf
18153,Jeevan Jyoti Blood Centre,"Plot No-204,Graund Floor ,Green Park ,Station Road ,Dhule, Dhule, Dhule,  Maharashtra","Phone: 9607407777 ,Fax: -, Email: jeevanjyotibloodbank492@gmail.com",Charitable/Vol,Dhule,Green Park,Dhule,20.89788,74.77535,40.0,0.0,8.0,2.0,77.0,2.0,8.0,0.0,2026-09-16,,blood-avail-16-9-26.pdf
18275,Shri Gajanan Blood Centre And Components,"Property No: 71, Road No.9, 2nd Floor, Bajaj Satkar Bhavan,, Yavatmal, Yavatmal,  Maharashtra","Phone: 9422167186 ,Fax: -, Email: kavita201@gmail.com",Charitable/Vol,Yavatmal,Bajaj Satkar Bhavan,Yavatmal,20.39687,78.11875,0.0,0.0,0.0,0.0,0.0,0.0,0.0,0.0,2026-09-16,,blood-avail-16-9-26.pdf
18154,Shree Navjeevan Blood Centre Dhule,"Plot No.39, Survey no- 579 / 3+5, Behind Vaibhav Nagar, Behi, Dhule, Dhule,  Maharashtra","Phone: 9881171637 / 9822969653,02562-245662 ,Fax: 02562-245662, Email:  navjeevan.dhule@gmail.com",Charitable/Vol,Dhule,Behi,Dhule,20.89443,74.7597,24.0,6.0,17.0,2.0,58.0,9.0,17.0,2.0,2026-09-16,,blood-avail-16-9-26.pdf
18033,Bhabha Atomic Research Centre Hospital Blood Centre,"Blood Bank Pathology Dept. BARC Hospital, Anushakti Nagar,, Mumbai, Mumbai,  Maharashtra","Phone: 022-25598353 / 25598361 ,Fax: 022-25558494 , Email:  aroraveena@yahoo.com",Govt.,Mumbai,Anushakti Nagar,Mumbai,19.04246,72.91436,0.0,0.0,0.0,0.0,0.0,0.0,0.0,0.0,2026-09-16,,blood-avail-16-9-26.pdf
18276,"Medical Superitendant, Government Hospital Blood Centre(Khamgaon)","General Hospital Shegaon Road, Khamgaon, Khamgaon, Buldana, Maharashtra","Phone: 7588846831 ,Fax: -, Email: ms_ghkhamgaon@rediffmail.com",Govt.,Buldana,Shegaon,Khamgaon,,,0.0,0.0,0.0,0.0,0.0,0.0,0.0,0.0,2026-09-16,,blood-avail-16-9-26.pdf
18034,"Seth V.C.Gandhi And M.A.Vora Municipal General Hospital, Rajawadi ,Ghatkopar","1st Floor, Smt. Meenatai Thackerey Building, Rajawadi Hospit, Ghatkopar, Mumbai,  Maharashtra","Phone: 9167490596 ,Fax: 0221027372, Email: rajawadi.rbb04@gmail.com",Govt.,Mumbai,Rajawadi Hospit,Ghatkopar,19.0793,72.90169,22.0,0.0,9.0,1.0,15.0,0.0,12.0,1.0,2026-09-16,,blood-avail-16-9-26.pdf
18155,Dhanwantri Blood Centre,"Dhanwantri Blood Centre,  H. No. 5/464/1 plot No. 77/3, Jamn, Bhusawal, Jalgaon,  Maharashtra","Phone: 9326728048 ,Fax: -, Email: mahajanpath@hotmail.com",Charitable/Vol,Jalgaon,Jalgaon,Bhusawal,21.03429,75.78103,7.0,0.0,11.0,0.0,29.0,0.0,0.0,0.0,2026-09-16,,blood-avail-16-9-26.pdf
18035,"Sushilaben R. Mehta And Sir. Kikabai Cardiac Institute, Blood Centre","Basements R. No.1-12,Plot No.96,Rd.No.31,Near Gandhi Market , Mumbai, Mumbai,  Maharashtra","Phone: 2269105443 ,Fax: 0224094732, Email: bloodbank@srmkpcardiac.com",Charitable/Vol,Mumbai,Gandhi Market,Mumbai,19.03241,72.85958,34.0,1.0,21.0,6.0,45.0,4.0,9.0,0.0,2026-09-16,,blood-avail-16-9-26.pdf
18156,Keshavsmruti Pratishthan Sanchalit Madhavrao Golwalkar Swayamsevi Raktpedhi,"OPP. GOLANI MARKET, JALGAON, DR. ANIL ACHYARYA BHAVAN, Jalgaon, Jalgaon,  Maharashtra","Phone: 9422564079 ,Fax: 2572229963, Email: mgsr98@gmail.com",Charitable/Vol,Jalgaon,Dr. Anil Achyarya Bhavan,Jalgaon,21.01724,75.56417,11.0,0.0,14.0,1.0,25.0,2.0,14.0,1.0,2026-09-16,,blood-avail-16-9-26.pdf
18277,"Civil Surgeon, District General Hospital Blood Centre","General Hospital Blood Bank Buldhana , Near Prabadhan School, Buldana, Buldana,  Maharashtra","Phone: 9423452824(Dr.Pardge), 9422184152(Tech) ,Fax: 07262-242423, Email:  bloodbankcsbuldhana@gmail.com",Govt.,Buldana,Prabadhan School,Buldana,20.525426,76.191415,12.0,2.0,4.0,2.0,8.0,0.0,0.0,2.0,2026-09-16,,blood-avail-16-9-26.pdf
18150,Shri Bhausaheb Hire Govt. Medical College And Hospital Blood Centre Dhule,"C.S. No.501, Chakkarbardi, Surat By-pass Highway, Dhule, Dhule, Dhule, Dhule,  Maharashtra","Phone: 9422775998 ,Fax: -, Email: bloodbankdhule@gmail.com",Govt.,Dhule,Surat By,Dhule,20.86395,74.76235,2.0,0.0,8.0,6.0,9.0,0.0,0.0,0.0,2026-09-16,,blood-avail-16-9-26.pdf
18030,K.J.Somaiya Medical College And Hospital Blood Centre,"K.J. Somaiya Medical college And Hospital Blood Bank, First , Mumbai, Mumbai,  Maharashtra","Phone: 0225095473 ,Fax: 24091855/24020946, Email: blood-centre@somaiya.edu",Charitable/Vol,Mumbai,First,Mumbai,19.0473,72.8746,44.0,3.0,33.0,2.0,41.0,4.0,17.0,2.0,2026-09-16,,blood-avail-16-9-26.pdf
280719,Swami Vivekanand Blood Centre,"-, Nanded, Nanded, Maharashtra","Phone: 9145432530 ,Fax: -, Email: svbloodbank111@gmail.com",Charitable/Vol,Nanded,Nanded,Nanded,19.17209,77.3153,68.0,1.0,29.0,3.0,95.0,0.0,29.0,1.0,2026-09-16,,blood-avail-16-9-26.pdf
18152,Jawahar Medical Foundation Blood Centre,"Hutatma Shririshkumar Nagar, Opp.Jawahar Suthgirani, Morane,, A.C.P.M. COLLEGE  MORANE DHULE, Dhule, Dhule, Maharashtra","Phone: 9011125456 ,Fax: 02562-277298, Email: acpm@rediffmail.com",Charitable/Vol,Dhule,Morane,Dhule,20.90361,74.741293,2.0,1.0,4.0,0.0,11.0,1.0,4.0,0.0,2026-09-16,,blood-avail-16-9-26.pdf
18031,"L.T.M.G., Municipal Hospital Blood Centre","Lokmanya Tilak Gen. Mun. Hospital premise,, Sion, Sion, Mumbai, Maharashtra","Phone: 9167059179,022-2406 3494 / 95   Ext:3469 ,Fax: 022-2402 1771, Email:  bloodbank2009@gmail.com",Govt.,Mumbai,Sion,Mumbai,19.0435,72.86451,44.0,13.0,33.0,9.0,50.0,7.0,33.0,0.0,2026-09-16,,blood-avail-16-9-26.pdf
18047,Fortis  Hospital Blood Centre,"Mulund Goregaon Link Road, Nahur,, Mumbai, Mumbai, Maharashtra","Phone: 7678085566,02249254370 ,Fax: 022-67994242/4343, Email:  bloodbank.mul@fortishealthcare.com",Private,Mumbai,Goregaon,Mumbai,19.16149,72.9415,32.0,0.0,13.0,0.0,18.0,0.0,0.0,0.0,2026-09-16,,blood-avail-16-9-26.pdf
18289,Rainbow Blood Centre,"3rd Floor, 282, Rainbow Diagnostic Services Central Bazar Ro, Nagpur, Nagpur,  Maharashtra","Phone: 7875128923 ,Fax: 0712-66366, Email:  rainbowbloodbank.nagpur@gmail.com",Charitable/Vol,Nagpur,Rainbow Diagnostic Services Central Bazar Ro,Nagpur,21.13358,79.07274,31.0,2.0,64.0,3.0,30.0,1.0,22.0,3.0,2026-09-16,,blood-avail-16-9-26.pdf
18168,Arpan Blood Centre And Blood Component Laboratory And Research Centre Nashik,"1 st floor, Office No.102/103, Dr. Athawale Chambers, Opp.Ga, Nashik, Nashik,  Maharashtra","Phone: 9822324340(Tated)/9422770765 ,Fax: 0253-2313662, Email:  nandkishor@arpanbloodbank.org",Charitable/Vol,Nashik,Opp.Ga,Nashik,20.00487,73.78716,3.0,0.0,36.0,1.0,14.0,2.0,2.0,1.0,2026-09-16,,blood-avail-16-9-26.pdf
18169,Civil Hospital Blood Centre Nashik,"Near Thakkar Bazaar, Trimbak Naka, Nashik, Nashik, Maharashtra","Phone: 7821024199 ,Fax: -, Email: civilbloodbanknsk@gmail.com",Govt.,Nashik,Trimbak Naka,Nashik,19.99689,73.77818,2.0,5.0,1.0,2.0,4.0,2.0,1.0,1.0,2026-09-16,,blood-avail-16-9-26.pdf
18048,Kokilaben Dhirubhai Ambani Blood Centre,"4 bunglows, Achutrao Patwardhan Marg, Andheri (west),, Mumbai, Mumbai,  Maharashtra","Phone: 9320070111,+91-22-3090 0900 ,Fax: +91 22 3097 2030, Email:  Raees.Ahmed@relianceada.com",Charitable/Vol,Mumbai,Andheri,Mumbai,,,48.0,1.0,3.0,6.0,30.0,4.0,3.0,0.0,2026-09-16,,blood-avail-16-9-26.pdf
18049,Rotary D.G Goenka Blood Centre( Municipal Gen. Hospital)," 2nd floor, Opp Bus Depot,  Near Railway Station Andheri (W), Mumbai Suburban,  Mumbai, Maharashtra","Phone: 9004437823 ,Fax: 0226715000, Email: ghrcbloodcentre@gmail.com,  ",Charitable/Vol,Mumbai,Andheri,Mumbai,19.119457,72.844948,15.0,1.0,25.0,1.0,12.0,1.0,8.0,1.0,2026-09-16,,blood-avail-16-9-26.pdf
285265,Shrinivasa Blood Centre,"Shri Height IN, Plot No:1, Gut No: 310, H.No: 13556 & Plot N, Deglur , Nanded,  Maharashtra","Phone: 8999636228 ,Fax: 0, Email: prachihalge@gmail.com",Private,Nanded,Deglur,Deglur,,,14.0,0.0,20.0,0.0,5.0,0.0,5.0,0.0,2026-09-16,,blood-avail-16-9-26.pdf
18164,"Civil Surgeon, District General Hospital Blood Centre,  Nandurbar","Railway Station Road Survey No.406 Civil Hospital Compound, , Nandurbar,  Nandurbar, Maharashtra","Phone: 9823270226(Jayashree Khaiche 9890806397) ,Fax: 02564 - 210122, Email:  csnandurbar1@gmail.com",Govt.,Nandurbar,Nandurbar,Nandurbar,21.37555,74.24276,16.0,1.0,17.0,1.0,11.0,0.0,2.0,0.0,2026-09-16,,blood-avail-16-9-26.pdf
18285,Sainath Blood Centre,"1st floor, Manoj Bldg, Central Bajar Road, opp Hotel Centre , Nagpur, Nagpur,  Maharashtra","Phone: 9422502066 ,Fax: 0712452035, Email: sainathbloodbank@gmail.com",Charitable/Vol,Nagpur,Hotel Centre,Nagpur,21.13193,79.06823,1.0,1.0,55.0,3.0,19.0,3.0,38.0,0.0,2026-09-16,,blood-avail-16-9-26.pdf
18043,Poona Serological Institute Blood Centre,"C.T.S. No-592,3rd Floor,Dhanwantari Complex, Near Tarachand , Pune, Pune,  Maharashtra","Phone: 9225507815,020-26133387/26141719 ,Fax: 020-27472876, Email:  psibbpune@gmail.com",Charitable/Vol,Pune,C.T.S. No,Pune,18.51663,73.86651,66.0,1.0,20.0,2.0,44.0,3.0,7.0,1.0,2026-09-16,,blood-avail-16-9-26.pdf
18165,"Ansar Blood Centre, Malegaon","1398/1, Islampura, Industrial Society Compound, Quidwai Road, Malegaon, Nashik,  Maharashtra","Phone: 9309907158 ,Fax: -, Email: dransarbloodbankmalegaon@rediffmail.com",Charitable/Vol,Nashik,Islampura,Malegaon,,,0.0,0.0,0.0,0.0,0.0,0.0,0.0,0.0,2026-09-16,,blood-avail-16-9-26.pdf
18286,Jeevan Jyoti Blood Centre And Component,"J-12, West High Court Road, Opp. Bank of Baroda, Laxmi Nagar, Nagpur, Nagpur,  Nagpur, Maharashtra","Phone: 9422113811 ,Fax: 0, Email: jjbb21@hotmail.com",Charitable/Vol,Nagpur,Laxmi Nagar,Nagpur,21.12305,79.05715,0.0,1.0,3.0,2.0,2.0,0.0,0.0,2.0,2026-09-16,,blood-avail-16-9-26.pdf
18044,Bandra Holly Family Hospital Society Blood Centre,"Holly Family Hospital Blood Bank,  St. Andrews Road, Bandra , Mumbai, Mumbai,  Maharashtra","Phone: 9819463424 ,Fax: 1234567890, Email:  hfhbloodcentre@holyfamilyhospital.in",Charitable/Vol,Mumbai,Bandra,Mumbai,19.05522,72.82723,47.0,4.0,44.0,6.0,32.0,8.0,20.0,5.0,2026-09-16,,blood-avail-16-9-26.pdf
18287,Ayush Blood Centre And Component Lab Ramdaspeth Nagpur,"NRPL House plot no.22/1 3d floor ,khare marg Dhantoli ,Nagpu, Nagpur, Nagpur,  Maharashtra","Phone: 9822231664 ,Fax: 0712-66101, Email: ayush_bbc@rediffmail.com",Charitable/Vol,Nagpur,Dhantoli,Nagpur,21.13523,79.07298,5.0,1.0,47.0,0.0,40.0,0.0,3.0,0.0,2026-09-16,,blood-avail-16-9-26.pdf
18045,"Dr. L. H. Hiranandani Hospital, Blood Centre","Hill Side, Hiranandani Gardens Powai, Powai,, Mumbai, Mumbai, Maharashtra","Phone: 9619597757,022-25763355 / 25763356 ,Fax: 25763344, Email:  lincy.jacob@hiranandanihospital.org",Charitable/Vol,Mumbai,Powai,Mumbai,19.12032,72.91731,4.0,1.0,15.0,3.0,13.0,6.0,15.0,0.0,2026-09-16,,blood-avail-16-9-26.pdf
18166,Ashirwad Medical Foundations Gsk Blood Centre And Components,"1, Manoj Building, Besides Gurudwara, Central Bazar Road, Ra, Nagpur, Nagpur,  Nagpur, Maharashtra","Phone: 9322041459 ,Fax: -, Email: gskbloodbank@gmail.com",Charitable/Vol,Nagpur,Besides Gurudwara,Nagpur,21.13422,79.07634,8.0,0.0,29.0,1.0,15.0,2.0,1.0,1.0,2026-09-16,,blood-avail-16-9-26.pdf
18167,Seva Blood Centre,"NILKANTH BUILDING, SATANA NAKA, SOYGAON, MALEGAON, Nashik, Maharashtra","Phone: 8390615555 ,Fax: -, Email: sevabldbankmalegaon@gmail.com",Charitable/Vol,Nashik,Soygaon,MALEGAON,20.55255,74.47539,69.0,0.0,35.0,0.0,58.0,0.0,12.0,0.0,2026-09-16,,blood-avail-16-9-26.pdf
18288,Lifeline Blood Centre Nagpur,"Neeti Gaurav Complex, B wing 2nd Floor, Central Bazar Road, , Nagpur, Nagpur,  Maharashtra","Phone: 9823051771 ,Fax: -, Email: lifelinenagpur1@gmail.com",Charitable/Vol,Nagpur,Central Bazar Road,Nagpur,21.136,79.088,2.0,2.0,3.0,2.0,3.0,2.0,2.0,2.0,2026-09-16,,blood-avail-16-9-26.pdf
18160,Jeevan Surabhi Blood Centre,"Laxmi Nagar, Kargaon Road,, Chalisgaon, Jalgaon, Maharashtra","Phone: 9422383322 ,Fax: 9823232307, Email: jsbb@live.in",Charitable/Vol,Jalgaon,Jalgaon,Chalisgaon,21.00423,75.55692,0.0,0.0,0.0,0.0,0.0,0.0,0.0,0.0,2026-09-16,,blood-avail-16-9-26.pdf
18040,Sant Nirankari Blood Centre,"3rd Floor Sant Nirankari Satsang Bhawan, Western Express Hig, Vile Parle, Mumbai  Suburban, Maharashtra","Phone: 9650400141 ,Fax: 0, Email: santnirankaribb@gmail.com",Charitable/Vol,Mumbai Suburban,Western Express Hig,Vile Parle,19.10428,72.85361,48.0,0.0,34.0,1.0,119.0,1.0,34.0,1.0,2026-09-16,,blood-avail-16-9-26.pdf
18161,Indian Red Cross Society Blood Centre Jalgaon,"Near Civil Hospital, Athwadi Bazar, Opp.B.J.Market,, TPSII PLOT NO 167A Near B J  Market Near Civil Hospital RD Ja, Jalgaon, Jalgaon, Maharashtra","Phone: 9921459583 ,Fax: -, Email: ircs_jal@yahoo.in",Red Cross ,Jalgaon,Opp.B.J.Market,Jalgaon,21.01028,75.5677,104.0,0.0,125.0,10.0,179.0,2.0,48.0,0.0,2026-09-16,,blood-avail-16-9-26.pdf
18162,Godavari FoundationS Dr.Ulhas Patil Medical College And Hospital Blood Centre,"Godavari FoundationS Dr.Ulhas Patil Medical College And Hospital Blood Centre,  Jalgaon- Kh, Jalgaon, Jalgaon, Jalgaon, Maharashtra","Phone: 9823100333, 0257-2366739 ,Fax: 0257-2366648, Email:  dupmcbloodcentre2010@gmail.com",Charitable/Vol,Jalgaon,Jalgaon Khurd,Jalgaon,21.05727,75.69546,20.0,2.0,14.0,1.0,73.0,2.0,9.0,1.0,2026-09-16,,blood-avail-16-9-26.pdf
18283,Dr. Hegdewar Blood Centre,"2, Sitaram Smruti, West High Court Road, Laxmibhuvan Square,, Nagpur, Nagpur,  Maharashtra","Phone: 9922407171,0712-2528292 /2538900/6542233 ,Fax: -, Email:  hbb.nagpur@gmail.com",Charitable/Vol,Nagpur,Laxmibhuvan Square,Nagpur,21.13965,79.0602,0.0,2.0,6.0,4.0,69.0,1.0,6.0,2.0,2026-09-16,,blood-avail-16-9-26.pdf
18284,"Nkp Salve Inst.Of Med.Sci. And Res.Center.Lata Mangeshkar Hosp, Blood Centre","5,YMCA Complex, Digdoh Hills, Hingna Road,, Nagpur, Nagpur, Maharashtra","Phone: 9850448905,07104-306167 ,Fax: -, Email: dilipwankar16@gmail.com",Charitable/Vol,Nagpur,Hingna,Nagpur,21.1013,79.002,4.0,0.0,3.0,2.0,1.0,0.0,3.0,0.0,2026-09-16,,blood-avail-16-9-26.pdf
18042,"Matoshri Valbai Mulji Shah, Arpan Blood Centre","Aniraj Tower, 2nd Floor, Janta Markat, Opp Metro Mall, L.B.S, Mumbai, Mumbai,  Maharashtra","Phone: 7507771544 ,Fax: 02267417980, Email: nandkishor@arpanbloodbank.org",Charitable/Vol,Mumbai,Janta Markat,Mumbai,19.14264,72.93339,0.0,0.0,7.0,1.0,0.0,3.0,7.0,1.0,2026-09-16,,blood-avail-16-9-26.pdf
280536,Apollo Hospital Charitable Trusts' Apollo Hospital Blood Centre,"Apollo Hospital Charitable Trusts Apollo Hospital Blood Centre, Navi Mumbai,  Raigarh, Maharashtra","Phone: 022 33503583 , 9664367238 ,Fax: -, Email:  bloodbank_nm@apollohospitals.com",Charitable/Vol,Raigarh,Belapur,Navi Mumbai,19.030826,73.019854,4.0,2.0,3.0,0.0,4.0,2.0,3.0,0.0,2026-09-16,,blood-avail-16-9-26.pdf
280537,M/S. Sri. Bhagwant Blood Centre ,"1st Floor, Mayuresh Clinic Building, Near Kurduwadi Naka, Ba, Solapur, Solapur,  Maharashtra","Phone: 9371119449 ,Fax: -, Email: samarpanbloodbank13@gmail.com",Charitable/Vol,Solapur,Near Kurduwadi Naka,Solapur,17.849907,75.27632,53.0,6.0,25.0,2.0,59.0,5.0,25.0,2.0,2026-09-16,,blood-avail-16-9-26.pdf
280535,Jupiter Lifeline Hospital Blood Centre,"Jupiter Lifeline Hospital, Second Floor, Near Prathmesh Park, Pune, Pune,  Maharashtra","Phone: 9370558767 ,Fax: -, Email: bloodbank.pune@jupiterhospital.com",Private,Pune,Near Prathmesh Park,Pune,18.56501,73.78593,38.0,4.0,19.0,9.0,50.0,2.0,19.0,1.0,2026-09-16,,blood-avail-16-9-26.pdf
280770,Jeevan Adhar Blood Centre Nanded,"2nd floor narshinha bharosa height, opp to ayurvedic college, Nanded, Nanded,  Maharashtra","Phone: 9049888111 ,Fax: 0, Email: jeevanadhar.bloodbank@gmail.com",Charitable/Vol,Nanded,To Ayurvedic College,Nanded,19.18166,77.3276,1.0,2.0,60.0,0.0,40.0,0.0,2.0,0.0,2026-09-16,,blood-avail-16-9-26.pdf
280768,Sanjeevani Blood Centre Bhosari,"3RD FLOOR, MAHALAXMI TOWER, PMT CHOWK, PUNE NASHIK HIGHWAY BHOSARI PUNE,  Bhosari, Pune, Maharashtra","Phone: 7756873333 ,Fax: 0, Email: pransanjeevanibb@gmail.com ",Charitable/Vol,Pune,Mahalaxmi,Bhosari,18.61485,73.84795,9.0,1.0,16.0,1.0,28.0,0.0,1.0,0.0,2026-09-16,,blood-avail-16-9-26.pdf
280765,Sspm Medical College  Lifetime Hospital Blood Centre,"SSPM medical college  lifetime hospital padave, Tal kudal dist Sindhudurg, Tal  Kudal, Sindhudurg, Maharashtra","Phone: 9167403214 ,Fax: -, Email: sspmbloodbank@gmail.com",Charitable/Vol,Sindhudurg,Sindhudurg,Kudal,16.13793,73.68393,33.0,0.0,20.0,3.0,18.0,0.0,0.0,0.0,2026-09-16,,blood-avail-16-9-26.pdf
280766,Smt.Devakabai Kalyanji Cheddha Blood Centre,"107/207, Kuldeep Arcade, C-Wing, Near Phatak, Survey No 108/, Palgarh, Palghar,  Maharashtra","Phone: 9028641886 ,Fax: -, Email: vijaymsao1@gmail.com",Charitable/Vol,Palghar,Palghar,Palgarh,,,40.0,0.0,4.0,1.0,86.0,11.0,4.0,1.0,2026-09-16,,blood-avail-16-9-26.pdf
280520,Mgm Medical College And Hospital Blood Centre,"Town centre Cidco N-6, Aurangabad, Aurangabad, Maharashtra","Phone: 9881177615 ,Fax: 0240-2484445, Email: mahadev.gayke@rediffmail.com",Charitable/Vol,Aurangabad,Cidco,Aurangabad,19.877263,75.339024,16.0,1.0,3.0,2.0,12.0,3.0,3.0,0.0,2026-09-16,,blood-avail-16-9-26.pdf
280516,"Sadguru Gajanan Maharaj Education Society,  Paramedical Inst., Revneel Blood  Centre","CTC. No.2909/1/B/3, Mahalaxmi Complex, 2nd Floor, Behind San, Sangola, Solapur,  Maharashtra","Phone: 9823817494 ,Fax: -, Email: revneelbloodbank05@gmail.com",Charitable/Vol,Solapur,Mahalaxmi,Sangola,17.43339,75.18919,55.0,7.0,117.0,4.0,69.0,7.0,95.0,4.0,2026-09-16,,blood-avail-16-9-26.pdf
280757,Nh Srcc ChildrenS Hospital Blood Centre,"Nh Srcc ChildrenS Hospital Blood Centre, Mumbai, Mumbai, Maharashtra","Phone: 8291287570 ,Fax: -, Email: nhsrcc.bloodbank@narayanaheath.org",Charitable/Vol,Mumbai,Mahalaxmi,Mumbai,18.97939,72.81287,19.0,2.0,51.0,5.0,30.0,8.0,14.0,0.0,2026-09-16,,blood-avail-16-9-26.pdf
280753,Girija Blood Centre,"Sr No  . 8, Hissa No 623 Plot no 1, Ground floor, Giriraj Nursing college, ,  Giriraj Hospital Campus , Indapur Road  Baramati, Baramati, Pune, Maharashtra","Phone: 7276792755 ,Fax: 0, Email: girijabloodbank@gmail.com",Charitable/Vol,Pune,Baramati,Baramati,,,34.0,1.0,13.0,2.0,67.0,3.0,13.0,2.0,2026-09-16,,blood-avail-16-9-26.pdf
283609,Aiims Nagpur Blood Center,"GROUND FLOOR, AYUSH BUILDING, AIIMS NAGPUR,, Nagpur, Nagpur, Maharashtra","Phone: 07122352055 ,Fax: -, Email: bloodcenter@aiimsnagpur.edu.in",Govt.,Nagpur,Aiims Nagpur,Nagpur,21.03871,79.02413,22.0,3.0,19.0,1.0,51.0,8.0,19.0,1.0,2026-09-16,,blood-avail-16-9-26.pdf
280696,Shaswat Blood Centre Sangli,"plot No.5/13,Naman Building, Bahind sarvmangal Hospital, Mir, Miraj, Sangli,  Maharashtra","Phone: 9209278421, 8390386825 ,Fax: -, Email: shashwatbloodbank@gmail.com",Charitable/Vol,Sangli,Miraj,Miraj,16.83286,74.64113,34.0,0.0,6.0,0.0,23.0,3.0,6.0,0.0,2026-09-16,,blood-avail-16-9-26.pdf
283840,"Radhai Blood Centre, Components Laboratory And Apheresis Centre, Udgir, Dist.  Latur","Shop no-22,first floor Swami complex,survey no-302,milkat no, UDGIR, Latur,  Maharashtra","Phone: 9403505248 ,Fax: -, Email: Radhaibloodcetre@22gmail.com",Charitable/Vol,Latur,Milkat No,UDGIR,18.398227,76.562591,3566.0,244.0,3642.0,175.0,7805.0,159.0,2012.0,113.0,2026-09-16,,blood-avail-16-9-26.pdf
280694,Medicare Blood Centre,"BEHIND RAMDEOBABA PETROL PUMP, MEDICARE CAMPUS, PUSAD, Yavatmal, Maharashtra","Phone: 9422166035 ,Fax: 7233246535, Email:  pusadhospital@gmail.com",Charitable/Vol,Yavatmal,Yavatmal,Pusad,19.9137,77.5707,28.0,2.0,26.0,3.0,44.0,1.0,26.0,3.0,2026-09-16,,blood-avail-16-9-26.pdf
280692,Pune Blood Centre,"Orient villa , serve no 266, plot no 6 , Hadapsar Pune, Pune, Pune,  Maharashtra","Phone: 9075653410 ,Fax: -, Email: punebloodbank@gmail.com",Charitable/Vol,Pune,Hadapsar,Pune,,,67.0,2.0,53.0,2.0,123.0,3.0,15.0,2.0,2026-09-16,,blood-avail-16-9-26.pdf
284803,"Hinjewadi Blood Centre, Hinjewadi, Tal. Mulshi, Dist. Pune","Sr/ No.218, Hissa no 28/2&2/1, Om Plaza, 4th Floor, Plot No , Pune, Pune,  Maharashtra","Phone: 7773966539 ,Fax: -, Email:  hinjewadibloodcentre@gmail.com",Charitable/Vol,Pune,Om Plaza,Pune,,,80.0,5.0,50.0,3.0,95.0,4.0,18.0,0.0,2026-09-16,,blood-avail-16-9-26.pdf
284921,M/S. AsplS Csmss Medical College And Hospital Blood Centre,"M/S. AsplS Csmss Medical College And Hospital Blood Centre, Aurangabad,  Maharashtra","Phone: 8983697477 ,Fax: -, Email: bloodcentre@csmssmch.com ",Private,Aurangabad,M/S. Aspls Csmss Medical College And Hospital Blood Centre,Aurangabad,,,0.0,0.0,1.0,0.0,1.0,0.0,0.0,0.0,2026-09-16,,blood-avail-16-9-26.pdf
282741,"Jeevandai Blood Centre, Components And Apheresis Centre Beed","1st floor Aman Plaza, Barshi Road, Beed, Beed, Bid, Maharashtra","Phone: 9762217658 ,Fax: -, Email: Jeevandaibloodbank12@gmail.com",Charitable/Vol,Bid,Barshi,Beed,22.351115,78.667743,28.0,3.0,1.0,2.0,31.0,0.0,1.0,2.0,2026-09-16,,blood-avail-16-9-26.pdf
284915,Yogeshwari Blood Centre,"1st &2nd floor, Above Adhar Diagnostic Center, House No:8/13, Bid, Maharashtra","Phone: 9922222068 ,Fax: -, Email: -",Charitable/Vol,Bid,House No,Beed,,,28.0,1.0,43.0,0.0,31.0,1.0,6.0,0.0,2026-09-16,,blood-avail-16-9-26.pdf
282735,Sahyaadrie Blood Centre Osmanabad,"27/2384, 2nd floor. Chhatrapati Sambhaji Raje Marg, Kakde plot, Osmanbad,  Osmanabad, Maharashtra","Phone: 9923594400 ,Fax: -, Email: sahyaadrieblood@gmail.com",Charitable/Vol,Osmanabad,Kakde Plot,Osmanabad,28.64458,77.19042,10.0,2.0,16.0,1.0,47.0,0.0,2.0,1.0,2026-09-16,,blood-avail-16-9-26.pdf
282733,Rotary Blood Centre,"18, Mahesh Society, Gopalwadi Road, Daund, Dist. Pune, Pune, Pune, Maharashtra","Phone: 7756873333 ,Fax: 0, Email:  rotarybloodbank2017@gmail.com",Charitable/Vol,Pune,Daund,Pune,18.521428,73.854454,6.0,3.0,8.0,0.0,16.0,3.0,4.0,0.0,2026-09-16,,blood-avail-16-9-26.pdf
282612,Red Plus Blood Center Jalgaon,"Plot No 422, M.J. College Road, Near Bhoite School, Jalgaon, Jalgaon,  Maharashtra","Phone: 8208661874 ,Fax: -, Email: rpbbjalgaon@gmail.com",Charitable/Vol,Jalgaon,College Road,Jalgaon,20.99969,75.55626,4.0,0.0,2.0,1.0,8.0,0.0,2.0,0.0,2026-09-16,,blood-avail-16-9-26.pdf
280674,Pandharpur Blood Centre,"C.S. No. 4757, Plot No. 21  Gajanan Co - Op. Housing Society, Pandharpur,  Solapur, Maharashtra","Phone: 02186-222555  8669100500 ,Fax: -, Email: pandharpurbbppr@gmail.com",Charitable/Vol,Solapur,Pandharpur,Pandharpur,17.67048,75.31635,27.0,1.0,31.0,2.0,19.0,6.0,2.0,2.0,2026-09-16,,blood-avail-16-9-26.pdf
282601,Symbiosis University Hospital And Research Center Blood Centre Of Symbiosis  Trust,"Room No.1806,Block B, Ground Floor, Gat No.936/1 & 936/2, At, Mulshi, Pune,  Pune, Pune, Maharashtra","Phone: 8087072212 ,Fax: 0, Email: bloodbnk@suhrc.siu,edu.in",Charitable/Vol,Pune,Mulshi,Pune,18.521428,73.854454,51.0,11.0,11.0,5.0,76.0,5.0,11.0,1.0,2026-09-16,,blood-avail-16-9-26.pdf
280662,Mimer Medical College And Garware Blood Centre,"Near HP Gas godown, Talegaon Chakan Road, Talegaon Dabhade , Pune, Pune,  Maharashtra","Phone: 8087099051 ,Fax: -, Email: kumarpr56@gmail.com",Charitable/Vol,Pune,Talegaon Dabhade,Pune,18.73524,73.67442,1.0,3.0,7.0,0.0,4.0,1.0,7.0,0.0,2026-09-16,,blood-avail-16-9-26.pdf
27128,Patangshah Cottage Hospital Blood Centre Jawhar Palghar,"cottage hospital, jawhar palghar, Palghar, Maharashtra","Phone: 973078707 ,Fax: -, Email: pchjbloodbank@gmail.com",Govt.,Palghar,Palghar,Jawhar,,,0.0,0.0,0.0,0.0,0.0,0.0,0.0,0.0,2026-09-16,,blood-avail-16-9-26.pdf
27129,"Dean, Govt. Medical College Hospital Blood Centre Akola","Dist.Gen Hospital Comp. Z.P.Road, Akola, Akola, Maharashtra","Phone: 9503865536 ,Fax: -, Email: bloodbankgmcakola@gmail.com",Govt.,Akola,Dist.Gen Hospital Comp. Z.P.Road,Akola,20.702666,77.001984,4.0,5.0,2.0,3.0,15.0,2.0,2.0,3.0,2026-09-16,,blood-avail-16-9-26.pdf
27126,Civil Hospital Sindhudurg,"At post - Oros, Tal - Kudal, Kudal, Sindhudurg, Maharashtra","Phone: 9422416949 ,Fax: -, Email: satardekar_prashant@yahoo.in",Govt.,Sindhudurg,Sindhudurg,Kudal,16.12019,73.689563,48.0,4.0,4.0,3.0,14.0,3.0,4.0,3.0,2026-09-16,,blood-avail-16-9-26.pdf
27127,"Blood Centre, Govt.Medical College, General Hospital Latur","Blood Bank, Govt.Medical College & Hospital Old Railway Station,  Gandhi Chowk,    Latur, Latur, Maharashtra","Phone: 9881417339 ,Fax: -, Email: bloodbankgmclatur13@gmail.com",Govt.,Latur,Gandhi Chowk,Latur,18.39451,76.57814,13.0,13.0,32.0,1.0,39.0,0.0,0.0,1.0,2026-09-16,,blood-avail-16-9-26.pdf
27120,Sasoon Blood Centre Pune,"Ground Floor,Section 5, Opp.Ambedkar Chawk,Station Rd, Pune, Pune, Maharashtra","Phone: 9372787100 ,Fax: -, Email: bjmc.bloodbank@gmail.com",Govt.,Pune,Opp.Ambedkar Chawk,Pune,18.52043,73.85674,6.0,1.0,4.0,0.0,14.0,1.0,5.0,0.0,2026-09-16,,blood-avail-16-9-26.pdf
27121,"Government Medical College And Hospital ,Blood Centre, Miraj","Pandharpur Rd, Maji Sainik Vasahat Miraj Sangli Maharashtra, Miraj, Sangli,  Maharashtra","Phone: 8217623897 ,Fax: -, Email: gmchmirajbloodbank@gmail.com",Govt.,Sangli,Pandharpur Rd,Miraj,16.84394,74.6516,45.0,0.0,13.0,2.0,109.0,2.0,13.0,2.0,2026-09-16,,blood-avail-16-9-26.pdf
280138,Irrapanna N Bolli Blood Centre,"5th Floor New Buliding Shri Markandey Solapur Sah Rugnalay , Solapur, Solapur,  Maharashtra","Phone: 9850556567 ,Fax: -, Email: inbolliblood@gmail.com",Charitable/Vol,Solapur,Bhavani Peth,Solapur,17.67228,75.91947,15.0,0.0,44.0,0.0,32.0,0.0,11.0,0.0,2026-09-16,,blood-avail-16-9-26.pdf
27124,"Central Hospital Blood Centre, Ulhasnagar, Thane","Central Hospital Ulhasnagar No.3,Near Sewa Sadan College, Ulhasnagar, ulhasnagar  , Thane, Maharashtra","Phone: 0251-2708730 ,Fax: -, Email: bloodbankulhasnagar@gmail.com",Govt.,Thane,Ulhasnagar,ulhasnagar,19.22966,73.16502,22.0,1.0,23.0,1.0,43.0,2.0,4.0,0.0,2026-09-16,,blood-avail-16-9-26.pdf
27122,Indira Gandhi Medical College & Hospital Nagpur,"IGMC Hosp. Central Avenue Road, Near Railway Station, Nagpur, Nagpur, Nagpur,  Maharashtra","Phone: 9823839662 ,Fax: -, Email: dramrapali.gaikwad@gmail.com",Govt.,Nagpur,Central Avenue,Nagpur,21.14893,79.11656,4.0,2.0,7.0,1.0,11.0,3.0,7.0,1.0,2026-09-16,,blood-avail-16-9-26.pdf
27123,Civil Hospital Washim,"General Hospital Blood Bank, Near Akola Naka, Washim, Washim, Maharashtra","Phone: 7972007989 ,Fax: 0, Email: bb328@rediffmail.com",Govt.,Washim,Near Akola Naka,Washim,20.12176,77.13136,0.0,0.0,0.0,1.0,13.0,2.0,0.0,1.0,2026-09-16,,blood-avail-16-9-26.pdf
280132,Prakash Blood Centre And Blood Component Seperation Unit,"Islampur Sangli Road, Uran - Islampur, Tal -Walwa,, Prakash Hospital and  Research Centre, Urun-Islampur., Urun Ishwarpur, Sangli, Maharashtra","Phone: 9545546906 ,Fax: 1234567890, Email: prakashbloodbank16@gmail.com",Private,Sangli,Islampur,Uran Islampur,16.8524,74.58148,26.0,1.0,12.0,1.0,41.0,0.0,12.0,1.0,2026-09-16,,blood-avail-16-9-26.pdf
280133,"S. S.Venutai Y. Chavan Sub-District Hospital, Blood Centre Karad","Plot No.290/91, Budhwar peth, Station Road,, Karad, Satara, Maharashtra","Phone: 9423271924,(02164)222459/222462 ,Fax: 02164-222459/221020, Email:  mskarad@gmail.com",Govt.,Satara,Budhwar Peth,Karad,17.28431,74.18119,0.0,0.0,0.0,0.0,0.0,0.0,0.0,0.0,2026-09-16,,blood-avail-16-9-26.pdf
280130,"Indian Red Cross Society, Dr. Shirgaonkar Blood Centre","Red Cross Chowk, Civil Hospital Road,, Sangli, Sangli, Maharashtra","Phone: 8080368303 ,Fax: 2332372376, Email: shirgaonkar_sangli@yahoo.co.in",Red Cross ,Sangli,Red Cross Chowk,Sangli,16.85381,74.575,29.0,1.0,9.0,0.0,22.0,3.0,9.0,0.0,2026-09-16,,blood-avail-16-9-26.pdf
280131,"Padma Bhushan Vasantdada Patil (Civil Surgeon), Govt. General Hospital Blood  Centre, Sangli","Padma bhushan Vasantdada Patil (Civil Surgeon), Govt. Genera, Sangli, Sangli,  Maharashtra","Phone:  9011654102 ,   9890935611,0233- 2374651 ,Fax: 0233-2374585, Email:  sanglicivilbb@gmail.com",Govt.,Sangli,Govt. Genera,Sangli,16.852571,74.574678,0.0,0.0,0.0,0.0,0.0,0.0,0.0,0.0,2026-09-16,,blood-avail-16-9-26.pdf
282670,Pimpri Chinchwad  Municipal CorporationS Y.C.M. Hospital Blood Centre,"Pimpri Chinchwad  Municipal CorporationS Y.C.M. Hospital Blood Centre, Pune,  Pune, Maharashtra","Phone: 8275782665 ,Fax: 1234567890, Email: bloodbank@pcmcindia.gov.in",Govt.,Pune,Chinchwad,Pune,18.62308,73.81859,95.0,18.0,71.0,7.0,235.0,9.0,71.0,7.0,2026-09-16,,blood-avail-16-9-26.pdf
27131,Dr.Shankarrao Chavan Government Medical College And Hospital Blood Centre  Nanded,"Dr.Shankarrao Chavan government medical college and hospital, vishnupuri,  Nanded, Nanded, Nanded, Maharashtra","Phone: 9970054434 ,Fax: -, Email: gmcbbnanded@gmail.com",Govt.,Nanded,Vishnupuri,Nanded,19.1564,77.31328,84.0,3.0,16.0,1.0,44.0,1.0,16.0,0.0,2026-09-16,,blood-avail-16-9-26.pdf
282668,Lokmanya Blood Centre,"Gopinath Chambers Basement Floor, Adalat Road Aurangabad, Au, Aurangabad,  Aurangabad, Maharashtra","Phone: 9049550011 ,Fax: -, Email: lokmanyabloodbank@gmail.com",Charitable/Vol,Aurangabad,Adalat Road,Aurangabad,19.87294,75.32071,36.0,1.0,3.0,2.0,111.0,2.0,3.0,2.0,2026-09-16,,blood-avail-16-9-26.pdf
27130,"Medical Supritentent Sub-District (Rural) Hospital Blood Centre, Gadchiroli  Aheri","Sub-District (Rural) Hospital Blood Bank, Aheri, At Post & Tal. Aheri, Dist.  Gadchiroli, Aheri, Gadchiroli, Maharashtra","Phone: 9822555932 ,Fax: 0, Email: ms.sdhaheri@gmail.com",Govt.,Gadchiroli,Gadchiroli,Aheri,20.1861,79.9906,0.0,0.0,0.0,0.0,0.0,0.0,0.0,0.0,2026-09-16,,blood-avail-16-9-26.pdf
280128,M/S Navi Mumbai Blood Centre,"Vishwanath Bhavan, C-87, Sector 12,, Kharghar, Raigarh, Maharashtra","Phone: 9137877436 ,Fax: -, Email: Newman.bloodbank@rediffmail.com",Charitable/Vol,Raigarh,Kharghar,Kharghar,19.0432,73.06625,10.0,2.0,2.0,1.0,7.0,0.0,4.0,1.0,2026-09-16,,blood-avail-16-9-26.pdf
280125,Red Plus Blood Centre Pune,"Sr.No.952 to 958, Hiraratan Building., 1st floor, Near PMT B, Pune, Pune,  Maharashtra","Phone: 020-27112365 /  27112333, 9921166011 ,Fax: -, Email:  redplusbloodbank@gmail.com",Charitable/Vol,Pune,Pmt B,Pune,18.63853,73.84779,9.0,2.0,10.0,1.0,59.0,2.0,10.0,1.0,2026-09-16,,blood-avail-16-9-26.pdf
284844,"Civil Hospital Palghar Blood Centre, Palghar","Civil Hospital Palghar Blood Centre, Room No.1 to 22, 1st Fl, Palghar, Palghar,  Maharashtra","Phone: 0000000000 ,Fax: -, Email: bloodcentrepalghar@gmail.com",Govt.,Palghar,St Fl,Palghar,19.6941318,72.7705169,7.0,3.0,8.0,1.0,14.0,2.0,2.0,1.0,2026-09-16,,blood-avail-16-9-26.pdf
280126,Morya Blood Centre ,"N.B.Engineers, Plot No.Se/1/1-1, D-11, Block, MIDC, Near Mohan Nagar, CHINCHWAD,  Pune, Maharashtra","Phone: 9975564130, 02027462000 ,Fax: -, Email: morayabloodbank7@gmail.com",Charitable/Vol,Pune,Midc,Chinchwad,18.6238,73.80396,10.0,2.0,3.0,1.0,10.0,2.0,3.0,0.0,2026-09-16,,blood-avail-16-9-26.pdf
27133,Daga Memorial Women Govt. Hospital Blood Centre Nagpr,"Gandhibag, Nagpur, Nagpur, Maharashtra","Phone: 7038150432 ,Fax: -, Email: Poonam.nimgade14@gmail.com",Govt.,Nagpur,Gandhibag,Nagpur,,,0.0,0.0,0.0,0.0,0.0,0.0,0.0,0.0,2026-09-16,,blood-avail-16-9-26.pdf
280123,M/S Vidyashree Charitable Trusts Om Blood Centre,"Upper Ground Floor, CTs No.61/1, Maruti Heights, Mangalwar P, Pune, Pune,  Maharashtra","Phone: 09665012355,08149508080 / 7304101080 ,Fax: -, Email:  muneshkolhe@rediffmail.com",Charitable/Vol,Pune,Mangalwar P,Pune,18.51455,73.86499,65.0,1.0,23.0,3.0,138.0,2.0,4.0,3.0,2026-09-16,,blood-avail-16-9-26.pdf
284843,"Government Medical College And General Hospital Blood Centre, Baramati,  District  Pune","No.25, First Floor, Plot No. 107, MIDC Area, In front of Mah, Baramati, Pune,  Maharashtra","Phone: 2112244172 ,Fax: -, Email: bloodcentregmcbaramati@gmail.com",Govt.,Pune,Midc Area,Baramati,18.1653907,74.5662682,8.0,0.0,8.0,0.0,3.0,1.0,1.0,0.0,2026-09-16,,blood-avail-16-9-26.pdf
280124,M/S Pimpri Chinchwad Blood Centre,"Mhada commercial complex,2nd floor above dakshin hotelSant T, Pimpri, Pune,  Maharashtra","Phone: 7559419137 ,Fax: -, Email: bloodbankpc@gmail.com",Charitable/Vol,Pune,Mhada Commercial Complex,Pimpri,18.623079,73.818593,23.0,1.0,57.0,2.0,89.0,4.0,9.0,1.0,2026-09-16,,blood-avail-16-9-26.pdf
284721,"Kranti Mitra Mandal Public Charitable Trusts, Om Blood Centre, Shirur.","House No. 1412, Chhatrapati Housing Society, Near Rayat Scho, Shirur, Pune,  Maharashtra","Phone: 9156018001 ,Fax: -, Email:  ombloodcentershirur@gmail.com",Charitable/Vol,Pune,Shirur,Shirur,18.8263986,74.3772285,68.0,1.0,16.0,1.0,81.0,6.0,16.0,1.0,2026-09-16,,blood-avail-16-9-26.pdf
284720,"Dr. D.Y. Patil Medical College Hospital And Research Centre Blood Centre,  Pimpri, Pune.","Dr. D.Y. Patil Medical College Hospital and Research Centre,, Pimpri, Pune.,  Pune, Maharashtra","Phone: 0206711649 ,Fax: -, Email: blood.centre@dpu.edu.in",Charitable/Vol,Pune,Pimpri,Pimpri,18.6240652,73.819007,47.0,4.0,46.0,6.0,60.0,7.0,14.0,2.0,2026-09-16,,blood-avail-16-9-26.pdf
284961,"Wagholi Blood Centre, Wagholi,Pune","Building in Success Square office no: 301,302, Gut No:861,1,, Pune,  Maharashtra","Phone: 8329534210 ,Fax: 0, Email: wagholibloodcentre@gmail.com",Charitable/Vol,Pune,Wagholi,Pune,,,67.0,4.0,68.0,3.0,49.0,3.0,22.0,3.0,2026-09-16,,blood-avail-16-9-26.pdf
280120,Shree Swami Samarth Blood Centre,"B.K.L.Walwalkar Hosp.Diagnostic & Rech.Cent., Shree Kshetra , Ratnagiri,  Ratnagiri, Maharashtra","Phone: 9822881027, 02355-264693/264149 ,Fax: 02355-264181, Email:  bloodbank@walawalkarhospital.com",Charitable/Vol,Ratnagiri,Shree Kshetra,Ratnagiri,17.399914,73.547448,40.0,4.0,34.0,2.0,39.0,0.0,19.0,1.0,2026-09-16,,blood-avail-16-9-26.pdf
27107,TATA MEMORIAL CENTRE- TATA MEMORIAL HOSPITAL,"Department of Transfusion Medicine, 5th and 6th Floor, Service Block, Tata  Memorial Hospital, Parel, Mumbai, Mumbai, Mumbai, Maharashtra","Phone: 2224127096 ,Fax: 1234567890, Email: dtmtata@gmail.com",Govt.,Mumbai,Parel,Mumbai,19.00486,72.84292,5.0,0.0,5.0,0.0,5.0,0.0,5.0,0.0,2026-09-16,,blood-avail-16-9-26.pdf
27104,Sanjeevani Blood Centre,"Malan plaza,near Durgamata mander,jawahar, Malan plaza,near Durgamata  mander,jawahar, Aurangabad, Aurangabad, Maharashtra","Phone: 9970628874 ,Fax: -, Email: aurangabadbloodbank@gmail.com",Charitable/Vol,Aurangabad,Jawahar,Aurangabad,19.87338,75.34497,6.0,0.0,2.0,0.0,54.0,1.0,2.0,0.0,2026-09-16,,blood-avail-16-9-26.pdf
27105,Indian Red Cross Society Blood Bank Ratnagiri,"Nagarparishad Compound,,  (KD-25) Ratnagiri, Ratnagiri, Ratnagiri, Maharashtra","Phone: 02352-223262 ,Fax: -, Email: redcrossratnagiri@rediffmail.com",Red Cross ,Ratnagiri,Nagarparishad Compound,Ratnagiri,16.98862,73.29818,26.0,0.0,21.0,1.0,45.0,0.0,8.0,0.0,2026-09-16,,blood-avail-16-9-26.pdf
27108,Jankalyan Blood Center,"First Floor, Vivekanand Hospital,Desaipura,, Nandurbar, Nandurbar, Maharashtra","Phone: 9421362381 ,Fax: 1234567890, Email: drrajeshkeswani@gmail.com",Charitable/Vol,Nandurbar,Desaipura,Nandurbar,21.35958,74.25067,1281.0,186.0,4602.0,38.0,1891.0,185.0,383.0,38.0,2026-09-16,,blood-avail-16-9-26.pdf
27109,District General Hospital Blood Bank Satara,"District General Hospital Camps, Sadar Bazar Satara, Satara, Satara,  Maharashtra","Phone: 02162234522 ,Fax: -, Email: bbsknpsatara@gmail.com",Govt.,Satara,Sadar,Satara,17.70774,74.00063,0.0,0.0,0.0,0.0,0.0,0.0,0.0,0.0,2026-09-16,,blood-avail-16-9-26.pdf
284835,"Shaurya Blood Centre, Blood Component And Apheresis Centre, Ahmedpur, Dist.  Latur","Milkat No. E-219, E-219/1, S. No. 86/1/A, Second Floor, Redd, Ahmedpur, Latur,  Maharashtra","Phone: 9220203131 ,Fax: -, Email: shauryabloodcentre24@gmail.com",Charitable/Vol,Latur,Redd,Ahmedpur,18.7049,76.93939,15.0,2.0,11.0,2.0,51.0,0.0,11.0,0.0,2026-09-16,,blood-avail-16-9-26.pdf
27117,"Blood Bank Civil Hospital, Bhandara","General Hospital Blood Bank, Bhandara, Bhandara, Maharashtra","Phone: 8007263650 ,Fax: -, Email: bloodbank_bhandara@rediffmail.com",Govt.,Bhandara,General Hospital Blood Bank,Bhandara,21.17501,79.65582,2.0,0.0,38.0,0.0,34.0,0.0,8.0,0.0,2026-09-16,,blood-avail-16-9-26.pdf
27118,"Blood Bank Civil Hospital, Ratnagiri","BLOOD BANK, DistricHospital Ratnagiri, opposite Dr.babasaheb ambedkar statue,  tal Ratnagiri, Ratnagiri, Ratnagiri, Maharashtra","Phone: 7709268824 ,Fax: -, Email: bloodbank.ghr123@gmail.com",Govt.,Ratnagiri,Districhospital Ratnagiri,Ratnagiri,16.98913,73.29887,17.0,0.0,34.0,3.0,91.0,5.0,24.0,0.0,2026-09-16,,blood-avail-16-9-26.pdf
27115,"Blood Bank Civil Hospital, Beed","Civil Surgeon Dist- General Hospital, Barshi Road, Beed, Bid, Maharashtra","Phone: 8177922654 ,Fax: -, Email: cs_beed@rediffmail.com",Govt.,Bid,Barshi,Beed,18.98909,75.76008,4.0,3.0,1.0,2.0,2.0,10.0,1.0,0.0,2026-09-16,,blood-avail-16-9-26.pdf
27116,"Blood Bank Civil Hospital, Alibag","Civil Hospital, Alibagh, Alibag, Raigarh, Maharashtra","Phone: 9881671533 ,Fax: -, Email: bloodbankalibag@gmail.com",Govt.,Raigarh,Alibag,Alibag,18.64078,72.87172,22.0,2.0,1.0,2.0,0.0,3.0,13.0,0.0,2026-09-16,,blood-avail-16-9-26.pdf
27119,"Blood Bank Civil Hospital, Solapur","OPD Building 1st Floor, Solapur, Solapur, Maharashtra","Phone: 9850741985 ,Fax: -, Email: Deansolapur@gmail.com",Govt.,Solapur,Rasta Peth,Solapur,17.65992,75.90639,0.0,1.0,9.0,2.0,4.0,1.0,0.0,2.0,2026-09-16,,blood-avail-16-9-26.pdf
284946,Keshari Blood Centre,"Navpankh Foundation BK No:122, near Durga Mata Temple, Near , Thane,  Maharashtra","Phone: 9223300850 ,Fax: -, Email: kesharibloodcentre@gmail.com",Charitable/Vol,Thane,Near,Thane,,,18.0,2.0,12.0,2.0,12.0,1.0,1.0,2.0,2026-09-16,,blood-avail-16-9-26.pdf
27113,"Blood Bank Civil Hospital, Chandrapura","Govt. General Hospital Blood Bank, near chota bazar, main road, Mahatma gandhi  marg,, Chandrapur, Chandrapur, Maharashtra","Phone: 9766915047 ,Fax: -, Email: bbchandrapur@gmail.com",Govt.,Chandrapur,Near Chota Bazar,Chandrapur,,,5.0,0.0,3.0,0.0,7.0,2.0,3.0,0.0,2026-09-16,,blood-avail-16-9-26.pdf
27114,"Blood Bank Civil Hospital, Amravati","Dr. Babasaheb Ambedkar Chowk Dist - General Hospital Blood Bank, Amravati,  Amravati, Maharashtra","Phone: 9960616471 ,Fax: -, Email: csamaravati2016@gmail.com",Govt.,Amravati,Dr. Babasaheb Ambedkar Chowk Dist,Amravati,20.93326,77.76077,14.0,7.0,22.0,3.0,97.0,3.0,5.0,1.0,2026-09-16,,blood-avail-16-9-26.pdf
27111,Shwas foundation kavathemahankal trust sanchalit maha blood centre and  comprehensive thalassemia day,"S.No 4380, Property No 2/3618, second floor, President Apartment, Opp.St.stand,  Pune Road, Saswad , Tal Purandar, Pune, Maharashtra, Pune, Pune, Maharashtra","Phone: 7972587797 ,Fax: 0, Email: purandarbloodcenter@gmail.com",Charitable/Vol,Pune,Saswad,Pune,17.02311,74.85763,51.0,3.0,29.0,1.0,26.0,5.0,16.0,1.0,2026-09-16,,blood-avail-16-9-26.pdf
283208,Support Multipurpose Society Aadhar Blood Centre,"2nd,3rd,4th floor, Nidan Diagnostics, opposite Dhanwantari M, Sangamner,    Ahmadnagar, Maharashtra","Phone: 9823860718 ,Fax: -, Email: aadharbbsangamner@gmail.com",Charitable/Vol,Ahmadnagar,Opposite Dhanwantari M,Sangamner,19.162773,74.858024,41.0,3.0,20.0,3.0,48.0,3.0,20.0,1.0,2026-09-16,,blood-avail-16-9-26.pdf
283207,Muktai Blood Centre Of Shivpooja Bahuudeshiya Shikhan Prasarak Mandal Solapur,"Gat no 371, S no 416, Near Primary Teacher Society Pathsanst, Pune, Pune,  Maharashtra","Phone: 9422341380 ,Fax: -, Email: muktaibloodcenter@gmail.com",Charitable/Vol,Pune,S No,Pune,18.521428,73.854454,1.0,0.0,6.0,1.0,30.0,1.0,3.0,0.0,2026-09-16,,blood-avail-16-9-26.pdf
282598,Dnyandeep Blood Center Of Modern Institute Of Technology,"Milkat No. 2264/1, ground and First Floor,Near S.T. Stand Na, Natepute, Solapur,  Maharashtra","Phone: 9860229473 ,Fax: -, Email: dnyandeepbloodcenter@gmail.com",Charitable/Vol,Solapur,Natepute,Natepute,17.6599,75.9064,12.0,2.0,16.0,1.0,73.0,5.0,0.0,1.0,2026-09-16,,blood-avail-16-9-26.pdf
282599,Dean Datta Meghe Medical Collecge M.S.Dattatraya Blood Centre,"CCL Building,Ground Floor, Wanadongri,Hingana, Nagpur, Nagpur, Nagpur,  Maharashtra","Phone: 9823087554 ,Fax: 0, Email: dattatrayabloodbank@gmail.com ",Charitable/Vol,Nagpur,Hingana,Nagpur,21.09393,78.97617,11.0,0.0,2.0,2.0,9.0,4.0,2.0,0.0,2026-09-16,,blood-avail-16-9-26.pdf
284529,Spandan Blood Centre,"Sr.No-13, Hissa no: 1A/2/3,1A/2/7,1A/2/8,1A/2/23,3rd floor, , Pune,  Maharashtra","Phone: 9823817494 ,Fax: -, Email: spandanbloodcentre@gmail.com ",Charitable/Vol,Pune,Pune,Pune,18.54499,73.85989,24.0,7.0,31.0,4.0,14.0,1.0,3.0,4.0,2026-09-16,,blood-avail-16-9-26.pdf
284765,"Shree Sainath Blood Centre, Sinnar, Tal. Sinnar, Dist. Nashik","Property No. 1772, 1st Floor, Shop No. F-17 to F-24, Udyog B, Sinnar, Nashik,  Maharashtra","Phone: 9022340171 ,Fax: -, Email: bloodcentressbc@gmail.com",Charitable/Vol,Nashik,Udyog B,Sinnar,19.850495,73.969353,11.0,0.0,5.0,2.0,20.0,1.0,5.0,0.0,2026-09-16,,blood-avail-16-9-26.pdf
284764,"Blood Centre And Component Separation Unit, Sub-District Hospital, Dharni,  District Amravati","Sub-District Hospital, Plot no.104, Sheet no 3, Dharni, Dist, Dharni, Amravati,  Maharashtra","Phone: 70385 3492 ,Fax: -, Email:  bccsudharni@gmail.com",Govt.,Amravati,Dharni,Dharni,20.9047868,77.7146924,1.0,0.0,14.0,0.0,31.0,0.0,3.0,0.0,2026-09-16,,blood-avail-16-9-26.pdf
282586,"Varad Charitable And Medical Trust, Balaji Blood Centre, Satara","Situated at 2nd & 3rd Floor, plot no.30, 467/7A/1/44, Behind, Satara, Satara,  Maharashtra","Phone: 9860022646 ,Fax: -, Email: balajibbsatara@gmail.com",Charitable/Vol,Satara,Behind,Satara,17.636129,74.298278,5.0,1.0,4.0,1.0,10.0,1.0,4.0,1.0,2026-09-16,,blood-avail-16-9-26.pdf
283795,Autus Blood Centre,"Hous no 11 First floor old Pune Mumbai highway near waghmare, Pune, Pune,  Maharashtra","Phone: 8600005558 ,Fax: -, Email: vimalcharitabletrust@gmail.com",Charitable/Vol,Pune,Dehu Road,Pune,18.521428,73.854454,0.0,0.0,0.0,0.0,0.0,0.0,0.0,0.0,2026-09-16,,blood-avail-16-9-26.pdf
284763,"Balaji Blood Centre, Lonand, Khandala Taluk, Dist. Satara","2nd and 3rd Floor, Balaji Height, S no 415-2-2, Lonand- Sata, Lonand, Satara,  Maharashtra","Phone: 9834273171 ,Fax: -, Email: balajibblonand@gmail.com",Charitable/Vol,Satara,Sata,Lonand,17.6935611,74.0089344,24.0,0.0,30.0,2.0,5.0,2.0,0.0,0.0,2026-09-16,,blood-avail-16-9-26.pdf
284762,"Maya Blood Centre, Badlapur (W), Tal. Ambernath, Dist.Thane","Shop no. 16-22, Safalya Extension, B-wing, Next to Forest Of, Badlapur (W),  Thane, Maharashtra","Phone: 9766103661 ,Fax: -, Email: mayabcbadlapur@gmail.com",Charitable/Vol,Thane,Badlapur,Badlapur (W),,,4.0,0.0,1.0,0.0,8.0,0.0,0.0,0.0,2026-09-16,,blood-avail-16-9-26.pdf
283310,Renuka Blood Centre Component And Apheresis Centre,"House no:1/698, City survey no. 4083, Sheet no.54, 2nd floor, Osmanabad,  Maharashtra","Phone: 9561175643 ,Fax: 0, Email: renukabloodbank@gmail.com",Charitable/Vol,Osmanabad,Osmanabad,Osmanabad,18.18759,76.0311,14.0,1.0,24.0,1.0,9.0,2.0,2.0,1.0,2026-09-16,,blood-avail-16-9-26.pdf
283307,Sant Jagnnath Maharaj Anjalekar Bahuuudeshiya Sansthas Sanjivani Blood Centre,"CS No.1842C, TDA Complex, 1st floor, Subhash Chowk, Faizpur,, Jalgaon,  Maharashtra","Phone: 9823390587 ,Fax: -, Email: santjagannathmabs@gmail.com",Charitable/Vol,Jalgaon,Jalgaon,Faizpur,21.16669,75.8627,2.0,0.0,12.0,0.0,9.0,3.0,0.0,0.0,2026-09-16,,blood-avail-16-9-26.pdf
283306,Jalna Blood Centre Components And Apheresis Centre,"2nd and 3rd floor, Panna Chamber, Deulgaon Raja Road, Jalna, Jalna,  Maharashtra","Phone: 9766980909 ,Fax: 0, Email: jalnabloodcentre01@gmail.com",Charitable/Vol,Jalna,Panna Chamber,Jalna,19.839339,75.881881,12.0,3.0,29.0,1.0,30.0,5.0,0.0,1.0,2026-09-16,,blood-avail-16-9-26.pdf
283305,Surabhi Hospital Pvt.Ltd. Surabhi Blood Centre,"S.No.87-A, Plot No.1, Property No. Z157060754, Kavijung Naga, Ahmednagar,    Ahmadnagar, Maharashtra","Phone: 9225570262 ,Fax: -, Email: surabhibloodcentre50@gmail.com",Private,Ahmadnagar,Kavijung Naga,Ahmednagar,19.18772,73.02151,44.0,3.0,50.0,0.0,45.0,2.0,17.0,0.0,2026-09-16,,blood-avail-16-9-26.pdf
284514,M/S . Ideal Foundations Ideal Blood Centre,"At Building No:3, Plot no:40, Village-Posheri, Tal: Wada, Di, Palghar,  Maharashtra","Phone: 8262961856 ,Fax: -, Email: ideal.secretary2013@gmail.com ",Charitable/Vol,Palghar,Palghar,Wada,19.6689,73.06283,7.0,5.0,1.0,2.0,1.0,1.0,1.0,0.0,2026-09-16,,blood-avail-16-9-26.pdf
282577,"Welfare And Educational Trust Of Nmrcw, Chemist Blood Centre","2nd floor, Chemist Bhavan, Chemist Bhavan Marg, Plot No. 8.1, Thane, Thane,  Maharashtra","Phone: 91369044500  9136904451 ,Fax: -, Email: nmchemistbb@gmail.com",Charitable/Vol,Thane,Chemist Bhavan,Thane,19.194329,72.970178,26.0,3.0,38.0,1.0,40.0,2.0,8.0,1.0,2026-09-16,,blood-avail-16-9-26.pdf
284510,"Saiseva Blood Cantre, Blood Components And Apheresis Centre","Plot no:2,19,20. Survey No:118, City Syrvey No:7370, Basemen, Ahmadnagar,  Maharashtra","Phone: 9220203131 ,Fax: -, Email: lokarajyasp@gmail.com ",Charitable/Vol,Ahmadnagar,sarjepura,Ahmednagar,19.10463,74.7344,1.0,0.0,35.0,0.0,65.0,1.0,35.0,0.0,2026-09-16,,blood-avail-16-9-26.pdf
282570,Sankalp Blood Centre,"Basement of Riddhi Siddhi apartment, -Opp.ICICI Bank, Near R, Thane, Thane,  Maharashtra","Phone: 9970330784 ,Fax: -, Email: sankalpbloodbank@gmail.com",Charitable/Vol,Thane,Thane,Thane,19.194329,72.970178,29.0,0.0,25.0,0.0,30.0,0.0,8.0,0.0,2026-09-16,,blood-avail-16-9-26.pdf
282571,"Shri Manoharpant Sapate Bahuuddeshiya Samajseva Sansthan TrustS, M/S. Medicare  Blood Centre","Shri Manoharpant Sapate Bahuuddeshiya Samajseva Sansthan TrustS, M/S. Medicare  Blood Centre, Solapur, Solapur, Maharashtra","Phone: 8983555150 ,Fax: -, Email: -",Charitable/Vol,Solapur,Solapur,Solapur,17.849907,75.27632,2.0,3.0,20.0,1.0,35.0,4.0,0.0,2.0,2026-09-16,,blood-avail-16-9-26.pdf
284509,Sankalp Blood Centre,"Survey No: 22B + 23 B, Plot no.7,2nd floor, flat no:S-1 & S-, Satara,  Maharashtra","Phone: 9881441404 ,Fax: -, Email: sankalpbloodcenter@gmail.com ",Charitable/Vol,Satara,Satara,Satara,20.9727,79.4027,0.0,0.0,0.0,0.0,0.0,0.0,0.0,0.0,2026-09-16,,blood-avail-16-9-26.pdf
284508,Dr.Rajendra Gode Blood Centre And Component Lab,"Block-1A, Ground Floor,Dr.Rajendra Gode Multispeciality and , Amravati,  Maharashtra","Phone: 0000000000 ,Fax: -, Email: drgmcbloodcentre2024@gmail.com ",Charitable/Vol,Amravati,Amravati,Amravati,20.94354,77.84283,11.0,0.0,21.0,1.0,17.0,4.0,1.0,0.0,2026-09-16,,blood-avail-16-9-26.pdf
280149,Advanced Centre For Treatment Reasearch And Education In Cancer,"Owe Village, Sector 22,Plot no-2, Kharghar, Navi Mumbai,, Panvel, Raigarh,  Maharashtra","Phone: ,022-27405073 ,Fax: 02227405061, Email: transmed.dept@actrec.gov.in",Govt.,Raigarh,Kharghar,Panvel,19.06394,73.06442,12.0,1.0,12.0,1.0,14.0,1.0,7.0,1.0,2026-09-16,,blood-avail-16-9-26.pdf
280147,"Ocean Bahuuddeshiy Sanstha, M/S Ekneel Blood Centre","Ocean Bahuuddeshiy Sanstha, M/s Ekneel Blood Bank,  Ward No., Pushad, Yavatmal,  Maharashtra","Phone: 8177983399,07232 - 250111 ,Fax: -, Email:  ekneelbloodbank@rediffmail.com",Charitable/Vol,Yavatmal,Yavatmal,Pusad,20.38882,78.12042,29.0,6.0,33.0,1.0,56.0,12.0,0.0,3.0,2026-09-16,,blood-avail-16-9-26.pdf
282568,Vbss Sanchalit Latur Blood Centre And Components Latur,"R2-148/1, 1st floor, above vishwa super market, Old renapur , Near 2 no. bus  stand,  LATUR, Latur, Maharashtra","Phone: 9220203131 ,Fax: 0, Email: laturbloodbank@gmail.com",Charitable/Vol,Latur,Old Renapur,LATUR,18.40111,76.58047,51.0,4.0,58.0,2.0,82.0,2.0,24.0,1.0,2026-09-16,,blood-avail-16-9-26.pdf
280148,"M/S Adhar Blood Centre, Ichalkaranji","1st Floor, C.S. No. 16432 / 1, H No. 12/966, C/O Dr Dilip Jo, Kolhapur,  Kolhapur, Maharashtra","Phone: 9823536364,0230-2430073 / 74 ,Fax: -, Email:  satishmete8888@gmail.com",Charitable/Vol,Kolhapur,Ichalkaranji,Kolhapur,16.67935,74.46245,13.0,0.0,11.0,0.0,20.0,1.0,11.0,0.0,2026-09-16,,blood-avail-16-9-26.pdf
280145,Terna Blood Centre,"Terna Sahyadri Speciality Hospital Research Centre, Plot No 12 SEC 22, Thane,  Thane, Maharashtra","Phone: 9702540333 ,Fax: 0, Email: ternabloodbank@gmail.com",Charitable/Vol,Thane,Nerul,Thane,19.03632,73.01544,20.0,1.0,7.0,2.0,28.0,0.0,7.0,2.0,2026-09-16,,blood-avail-16-9-26.pdf
282565,"Sathiya Educational SocietyS Sathiya Trust Blood Centre, Nalasopara, Palghar","Sathiya Educational SocietyS Sathiya Trust Blood Centre, Nalasopara, Palghar,  Palgarh, Palghar, Maharashtra","Phone: 9028641886 ,Fax: -, Email: stbb2018@gmail.com",Charitable/Vol,Palghar,Palghar,Nalasopara,19.696714,72.769885,21.0,2.0,31.0,1.0,53.0,3.0,0.0,1.0,2026-09-16,,blood-avail-16-9-26.pdf
280146,Blood Centre Shri Vasantrao Naik  Govt. Medical College And Hospital,"Waghapur Road,, Yavatmal, Yavatmal, Maharashtra","Phone: 9822471353 ,Fax: -, Email: deanvngmc@rediffmail.com",Govt.,Yavatmal,Waghapur Road,Yavatmal,20.39606,78.11931,37.0,2.0,18.0,3.0,30.0,8.0,18.0,2.0,2026-09-16,,blood-avail-16-9-26.pdf
284864,"Sahyaadrie Blood Centre,  Midc Waluj Industrial Area, Vadgaon Kolhati, Chh.  Sambhajinagar.","Plot No. X-151, First floor, MIDC Waluj Industrial Area, Vad, Aurangabad,  Aurangabad, Maharashtra","Phone: 9420879219 ,Fax: -, Email: bloodbanksahyaadrie@gmail.com",Charitable/Vol,Aurangabad,Waluj,Aurangabad,19.84282,75.22779,13.0,0.0,14.0,0.0,43.0,1.0,14.0,0.0,2026-09-16,,blood-avail-16-9-26.pdf
280143,Triumph Foundations Triumph Blood Center,"216, Orion Business Park, Ghodbunder Road, Thane west, , Thane, Thane,  Maharashtra","Phone: 9987720371 ,Fax: -, Email: triumphbloodbank@gmail.com",Charitable/Vol,Thane,Thane West,Thane,28.63847,77.18943,5.0,1.0,5.0,0.0,6.0,0.0,1.0,0.0,2026-09-16,,blood-avail-16-9-26.pdf
282564,M/S Aman Blood Centre Gandhibag Nagpur,"2nd & 3rd floor, Chota Loharpura Masjid, Opp. H.P. Petrol pu, Nagpur, Nagpur,  Maharashtra","Phone: 9371272082 ,Fax: 1234567890, Email: dr.navedamanhospital@gmail.com",Charitable/Vol,Nagpur,Chota Loharpura Masjid,Nagpur,21.1458,79.088155,4.0,0.0,16.0,3.0,44.0,0.0,16.0,3.0,2026-09-16,,blood-avail-16-9-26.pdf
280141,Mallikarjun Blood Centre,"942, FIRST FLOOR NORTH SADAR BAZAR, SATH RASTA,SOLAPUR, Solapur, Solapur,  Maharashtra","Phone: 9096803121,0217 2310355 / 9975829128 ,Fax: -, Email:  mallikarjunbloodbanksolapur@gmail.com",Charitable/Vol,Solapur,Sadar,Solapur,17.65882,75.90745,14.0,1.0,15.0,4.0,16.0,2.0,2.0,0.0,2026-09-16,,blood-avail-16-9-26.pdf
284861,"Indian Red Cross Society Bel Air Blood Centre, Wai, Dist. Satara","Ground Floor, Gat No. 47/2B, At. Sidhnathwadi, Wai, Tal. Wai, Wai, Satara,  Maharashtra","Phone: 7057241562 ,Fax: 0, Email: ircsbelairbloodcenterwai@gmail.com",Red Cross ,Satara,Wai,Wai,,,12.0,4.0,6.0,1.0,29.0,1.0,6.0,1.0,2026-09-16,,blood-avail-16-9-26.pdf
282683,"Mgm Blood Centre , Kamothe ","MGM Blood bank , Kamothe , Raigarh, Raigarh, Maharashtra","Phone: 9975236056 ,Fax: -, Email: mgmhkbb@gmail.com",Charitable/Vol,Raigarh,Kamothe,Raigarh,22.5,83.5,41.0,3.0,7.0,4.0,47.0,1.0,7.0,4.0,2026-09-16,,blood-avail-16-9-26.pdf
282562,Kokilaben Dhirubhai Ambani Hospital Navi Mumbai Blood Centre,"Room No. 01016, 1st floor, Reliance Hospital, Plot No. X-8, , Room No. 01016,  1st floor, Reliance Hospital, Plot No. X-8, , Thane, Thane, Maharashtra","Phone: 7304467774 ,Fax: -, Email: Bloodbank.rhnm@kokilabenhospitals.com",Charitable/Vol,Thane,Kopar Khairane,Thane,19.15588,73.02779,12.0,1.0,17.0,2.0,12.0,2.0,3.0,0.0,2026-09-16,,blood-avail-16-9-26.pdf
280142,"Maharashtra Bloodbank, Component And Apheresis Center","C- wing, 107/207, Kuldeep Arcade, Near Navli Railway Phatak,, PALGHAR, Palghar,  Maharashtra","Phone: 9049522578 ,Fax: -, Email: maharashtrabloodbank@gmail.com",Charitable/Vol,Palghar,Navli Railway Phatak,PALGHAR,19.692902,72.772639,2.0,0.0,1.0,0.0,3.0,0.0,0.0,0.0,2026-09-16,,blood-avail-16-9-26.pdf
280140,"M.M.Patel Public Charitable Trust,  Ashwini Rural Medical College And Hospital  Blood Centre","Ashwini Rural Medical College, Hospital & Research Centre Bl, ASHWINI HOSPITAL  KUMBHARI SOLAPUR, South Solapur, Solapur, Maharashtra","Phone: 9850087068 ,Fax: 0, Email: armchbb@gmail.com",Charitable/Vol,Solapur,South Solapur,Solapur,17.62508,75.97379,2.0,0.0,10.0,0.0,7.0,0.0,1.0,0.0,2026-09-16,,blood-avail-16-9-26.pdf
