hospital_code,blood_bank_name,district,city,area,observations,stockout_frequency,low_stock_frequency,stockout_score,low_stock_score,shortage_severity_score,stock_volatility,volatility_score,stockout_episodes,recovered_episodes,unresolved_stockout_episodes,recovery_rate,mean_recovery_snapshots,median_recovery_snapshots,recovery_weakness_score,recovery_score,BBRI,risk_class
18001,"Jaslok Hospital And Research Centre, Blood Centre",Mumbai,Mumbai,Dr.G.Deshmukh,184,0.5489130434782609,0.2391304347826087,54.891304347826086,23.91304347826087,66.21376811594203,2.3892168556755995,61.801476548083166,23.0,19.0,4.0,82.6086956521739,2.6842105263157894,1.0,17.391304347826093,17.391304347826093,48.4688496706171,Moderate Risk
18002,The B.D. Petit Parsee General Hospital Bsu,Mumbai,Mumbai,Grant Road,208,0.7788461538461539,0.22115384615384615,77.88461538461539,22.115384615384613,95.99358974358975,1.570395986466248,47.37377368762416,19.0,11.0,8.0,57.89473684210527,7.636363636363637,5.0,42.10526315789473,42.10526315789473,61.82420886303621,High Risk
18003,"Byl Nair Hospital, Blood Centre",Mumbai,Mumbai,Mumbai Central,208,0.04326923076923077,0.3173076923076923,4.326923076923077,31.73076923076923,22.19551282051282,0.4350880251201665,29.166463873274736,5.0,5.0,0.0,100.0,1.8,1.0,0.0,0.0,17.120658897929186,Low Risk
18004,Goodwill Social ClubS Amruta Blood Centre,Aurangabad,Aurangabad,Cidco,208,0.12980769230769232,0.3894230769230769,12.980769230769232,38.94230769230769,35.57692307692308,0.6559616134343098,37.232134836459274,7.0,7.0,0.0,100.0,3.857142857142857,1.0,0.0,0.0,24.269685971127455,Low Risk
18005,Breach Candy Hospital Trust Blood Centre,Mumbai,Mumbai,Breach Candy,208,0.1201923076923077,0.375,12.01923076923077,37.5,42.14743589743589,0.8663716282033594,43.27982632690554,17.0,17.0,0.0,100.0,1.4705882352941178,1.0,0.0,0.0,28.47575407478048,Moderate Risk
18006,St. GeorgeS Hospital And Regional  Blood Centre,Mumbai,Mumbai,Fort,208,0.4519230769230769,0.35096153846153844,45.19230769230769,35.09615384615385,65.22435897435896,1.4621111407716598,54.18775835602165,13.0,9.0,4.0,69.23076923076923,5.666666666666667,1.0,30.769230769230774,30.769230769230774,50.060449366537135,High Risk
18007,Saifee Hospital Trust Blood Centre,Mumbai,Mumbai,Charni Road,208,0.4807692307692308,0.4951923076923077,48.07692307692308,49.519230769230774,80.60897435897438,0.9619307920152256,44.72910710717427,28.0,23.0,5.0,82.14285714285714,2.4782608695652173,2.0,17.85714285714286,17.85714285714286,47.73174144109717,Moderate Risk
18008,"Cama And Albles Hosp., Abdul Fazalbhoy Blood Centre",Mumbai,Mumbai,Mumbai Cst,208,1.0,0.0,100.0,0.0,100.0,0.0,0.0,8.0,0.0,8.0,0.0,0.0,0.0,100.0,100.0,66.66666666666667,High Risk
18009,Bombay Red Cross Blood Centre,Mumbai,Mumbai,Fort,208,0.9230769230769231,0.057692307692307696,92.3076923076923,5.769230769230769,96.39423076923077,3.8910550555770573,78.81444907009315,22.0,14.0,8.0,63.63636363636363,11.857142857142858,14.5,36.36363636363637,36.36363636363637,70.52410540098676,High Risk
18011,General Hospital Blood Centre,Chandrapur,Chandrapur,Chandrapur,208,0.04326923076923077,0.4807692307692308,4.326923076923077,48.07692307692308,28.205128205128204,0.5724287625275444,35.90888360117984,9.0,9.0,0.0,100.0,1.0,1.0,0.0,0.0,21.37133726876935,Low Risk
18014,Bombay Hospital Trust Blood Centre,Mumbai,Mumbai,Marine Lines,208,0.9807692307692307,0.019230769230769232,98.07692307692307,1.9230769230769231,99.19871794871796,1.7770462766947297,30.937031021907792,12.0,4.0,8.0,33.33333333333333,13.25,17.0,66.66666666666667,66.66666666666667,65.60080521243081,High Risk
18015,"P.D. Hinduja Hospital And Medical Research, Blood Centre",Mumbai,Mumbai,Mahim,208,0.6875,0.09134615384615384,68.75,9.134615384615383,73.23717948717949,0.9393182528936632,27.22328756912607,11.0,5.0,6.0,45.45454545454545,2.6,2.0,54.54545454545455,54.54545454545455,51.66864053392004,High Risk
18016,K.E.M. Hospital Blood Centre,Mumbai,Mumbai,Parel,208,0.40865384615384615,0.24519230769230768,40.86538461538461,24.519230769230766,56.25,2.085968568121984,58.358177499827995,11.0,7.0,4.0,63.63636363636363,3.2857142857142856,2.0,36.36363636363637,36.36363636363637,50.32393795448812,High Risk
18017,Masina Hospital Blood Centre,Mumbai,Mumbai,Byculla,208,0.6826923076923077,0.23076923076923078,68.26923076923077,23.076923076923077,85.8173076923077,1.7808343427689302,63.34489271554031,25.0,17.0,8.0,68.0,6.705882352941177,4.0,32.0,32.0,60.38740013594933,High Risk
18018,N.M Wadia Hospital Blood Centre Parel Mumbai,Mumbai,Mumbai,Opp. Kem Hospital,208,0.5,0.07211538461538461,50.0,7.211538461538461,54.006410256410255,1.9283994704525027,46.96453583418936,8.0,7.0,1.0,87.5,11.142857142857142,1.0,12.5,12.5,37.82364869686654,Moderate Risk
18019,Prince Aly Khan Hospital Blood Centre,Mumbai,Mumbai,Mazgaon,208,0.5,0.15865384615384615,50.0,15.865384615384615,52.644230769230774,0.03203489609630776,2.549982272464229,4.0,0.0,4.0,0.0,0.0,0.0,100.0,100.0,51.73140434723167,High Risk
18021,Sir J.J.Mahanagar Rakthapedhi,Mumbai,Mumbai,Byculla,208,0.0,0.15865384615384615,0.0,15.865384615384615,7.9326923076923075,0.07710982354209772,5.8316945776628355,0.0,0.0,0.0,100.0,0.0,0.0,0.0,0.0,4.588128961785048,Low Risk
18022,Sir H N Hospital And Research Centre Blood Centre,Mumbai,Mumbai,Girgoan,208,0.4807692307692308,0.1201923076923077,48.07692307692308,12.01923076923077,54.96794871794871,1.2530804296426394,36.8525562427846,7.0,3.0,4.0,42.857142857142854,6.666666666666667,4.0,57.142857142857146,57.142857142857146,49.65445403453015,Moderate Risk
18023,Shushrusha Citizens Co-Op Hospital Blood Centre,Mumbai,Mumbai,Dadar West,208,0.3269230769230769,0.22596153846153846,32.69230769230769,22.596153846153847,47.67628205128205,3.0876397682073513,74.1212623936152,6.0,4.0,2.0,66.66666666666666,8.0,6.5,33.33333333333334,33.33333333333334,51.710292592743535,High Risk
18024,Smt. Kapoorben Vasanji Lathiya Blood Centre,Mumbai,Mumbai,Vile Parle,208,0.6201923076923077,0.11057692307692307,62.019230769230774,11.057692307692307,66.58653846153845,0.7398571192504447,19.16703612169375,6.0,1.0,5.0,16.666666666666664,14.0,14.0,83.33333333333334,83.33333333333334,56.36230263885519,High Risk
18025,"S. L. Raheja Hospital. Blood Centre, Mahim",Mumbai,Mumbai,Mahim,208,0.07692307692307693,0.3701923076923077,7.6923076923076925,37.019230769230774,22.916666666666664,0.36122026914512984,22.824111629967216,1.0,1.0,0.0,100.0,16.0,16.0,0.0,0.0,15.246926098877958,Low Risk
18026,"Shri Balyogi Shikshan Prasarak Mandal Charitable Trust, Sai Jeewan Blood  Centre",Akola,Akola,Akola,208,0.03365384615384615,0.30288461538461536,3.3653846153846154,30.288461538461537,18.589743589743595,0.38891447209963376,27.37355327993618,5.0,5.0,0.0,100.0,1.4,1.0,0.0,0.0,15.321098956559924,Low Risk
18027,M/S Beed Blood Centre,Beed,Beed,Beed,208,0.07211538461538461,0.5480769230769231,7.211538461538461,54.807692307692314,35.657051282051285,0.6693239947681905,38.74257357631391,4.0,4.0,0.0,100.0,3.75,3.0,0.0,0.0,24.7998749527884,Low Risk
18030,K.J.Somaiya Medical College And Hospital Blood Centre,Mumbai,Mumbai,First,208,0.0,0.47596153846153844,0.0,47.59615384615385,26.842948717948715,0.4072895600668176,27.457118649705194,0.0,0.0,0.0,100.0,0.0,0.0,0.0,0.0,18.100022455884638,Low Risk
18031,"L.T.M.G., Municipal Hospital Blood Centre",Mumbai,Mumbai,Sion,208,0.07692307692307693,0.20673076923076922,7.6923076923076925,20.673076923076923,18.910256410256412,0.5728033164027265,33.584917446937894,7.0,7.0,0.0,100.0,2.2857142857142856,2.0,0.0,0.0,17.498391285731433,Low Risk
18033,Bhabha Atomic Research Centre Hospital Blood Centre,Mumbai,Mumbai,Anushakti Nagar,208,1.0,0.0,100.0,0.0,100.0,0.0,0.0,8.0,0.0,8.0,0.0,0.0,0.0,100.0,100.0,66.66666666666667,High Risk
18034,"Seth V.C.Gandhi And M.A.Vora Municipal General Hospital, Rajawadi ,Ghatkopar",Mumbai,Ghatkopar,Rajawadi Hospit,208,0.18269230769230768,0.3605769230769231,18.269230769230766,36.05769230769231,42.46794871794872,0.797051880427661,39.88383097433038,6.0,4.0,2.0,66.66666666666666,6.25,6.0,33.33333333333334,33.33333333333334,38.561704341870815,Moderate Risk
18035,"Sushilaben R. Mehta And Sir. Kikabai Cardiac Institute, Blood Centre",Mumbai,Mumbai,Gandhi Market,208,0.15384615384615385,0.27403846153846156,15.384615384615385,27.403846153846157,30.689102564102566,0.22337167988793188,16.89320087060206,3.0,1.0,2.0,33.33333333333333,1.0,1.0,66.66666666666667,66.66666666666667,38.08299003379043,Moderate Risk
18037,Deepak Foundations Anviksha Blood Centre,Mumbai,Mumbai,Ghatkopar,208,0.3894230769230769,0.125,38.94230769230769,12.5,47.27564102564102,1.3141762827387926,50.97781986527755,19.0,19.0,0.0,100.0,4.2631578947368425,3.0,0.0,0.0,32.75115363030619,Moderate Risk
18038,"K.B.Bhabha Muncipal General Hospital, Blood Centre",Mumbai,Mumbai,Bandra,208,1.0,0.0,100.0,0.0,100.0,0.0,0.0,8.0,0.0,8.0,0.0,0.0,0.0,100.0,100.0,66.66666666666667,High Risk
18039,Lilavati Hospital And Research Centre Blood Centre,Mumbai,Bandra,Bandra Reclaimation,208,0.25,0.22596153846153846,25.0,22.596153846153847,38.46153846153847,0.790782644938125,40.76689421537976,20.0,16.0,4.0,80.0,2.5,2.0,20.0,20.0,33.07614422563941,Moderate Risk
18040,Sant Nirankari Blood Centre,Mumbai Suburban,Vile Parle,Western Express Hig,208,0.28365384615384615,0.25,28.365384615384613,25.0,44.391025641025635,1.0159951357423727,47.3771012324968,15.0,14.0,1.0,93.33333333333333,3.9285714285714284,2.0,6.666666666666671,6.666666666666671,32.811597846729704,Moderate Risk
18042,"Matoshri Valbai Mulji Shah, Arpan Blood Centre",Mumbai,Mumbai,Janta Markat,192,0.15625,0.4791666666666667,15.625,47.91666666666667,44.878472222222214,0.7405742024155247,41.399379486264536,11.0,11.0,0.0,100.0,2.727272727272727,2.0,0.0,0.0,28.759283902828916,Moderate Risk
18043,Poona Serological Institute Blood Centre,Pune,Pune,C.T.S. No,208,0.09134615384615384,0.3076923076923077,9.134615384615383,30.76923076923077,27.64423076923077,0.9681665255619252,45.105669654502286,3.0,1.0,2.0,33.33333333333333,10.0,10.0,66.66666666666667,66.66666666666667,46.472189030133244,Moderate Risk
18044,Bandra Holly Family Hospital Society Blood Centre,Mumbai,Mumbai,Bandra,208,0.0,0.3942307692307692,0.0,39.42307692307692,12.259615384615383,0.21266547938229974,17.217483019746716,0.0,0.0,0.0,100.0,0.0,0.0,0.0,0.0,9.8256994681207,Low Risk
18045,"Dr. L. H. Hiranandani Hospital, Blood Centre",Mumbai,Mumbai,Powai,208,0.1971153846153846,0.2644230769230769,19.71153846153846,26.442307692307693,35.57692307692308,0.8394518563907218,38.10213725116169,7.0,7.0,0.0,100.0,5.857142857142857,2.0,0.0,0.0,24.559686776028258,Low Risk
18047,Fortis  Hospital Blood Centre,Mumbai,Mumbai,Goregaon,208,0.5096153846153846,0.11538461538461539,50.96153846153846,11.538461538461538,57.612179487179496,2.0091440844895785,49.38061988617532,13.0,8.0,5.0,61.53846153846154,4.125,2.5,38.46153846153846,38.46153846153846,48.48477927829776,Moderate Risk
18048,Kokilaben Dhirubhai Ambani Blood Centre,Mumbai,Mumbai,Andheri,208,0.20673076923076922,0.36538461538461536,20.673076923076923,36.53846153846153,42.70833333333333,1.090222373339908,48.57124562548069,12.0,9.0,3.0,75.0,4.444444444444445,1.0,25.0,25.0,38.75985965293801,Moderate Risk
18049,Rotary D.G Goenka Blood Centre( Municipal Gen. Hospital),Mumbai,Mumbai,Andheri,208,0.014423076923076924,0.5432692307692307,1.4423076923076923,54.32692307692307,41.18589743589743,0.4301568276794448,29.919624263293517,1.0,1.0,0.0,100.0,3.0,3.0,0.0,0.0,23.70184056639698,Low Risk
18050,Sevenhills Healthcare Private Limited Hospital Blood Centre,Mumbai,Mumbai,Mumabi,208,0.44711538461538464,0.15865384615384615,44.71153846153847,15.865384615384615,53.76602564102565,0.7780172391839145,31.95059426489553,7.0,4.0,3.0,57.14285714285714,6.25,5.5,42.85714285714286,42.85714285714286,42.85792092102135,Moderate Risk
18051,V.N. Desai Municipal General Hospital Blood Centre,Mumbai,mumbai,Santacruz East,208,1.0,0.0,100.0,0.0,100.0,0.0,0.0,8.0,0.0,8.0,0.0,0.0,0.0,100.0,100.0,66.66666666666667,High Risk
18052,Holy Spirit Hospital Blood Centre,Mumbai,Mumbai,Andher,200,0.185,0.435,18.5,43.5,48.416666666666664,1.1194145163052014,41.148345385093805,11.0,10.0,1.0,90.9090909090909,1.3,1.0,9.090909090909093,9.090909090909093,32.88530704755652,Moderate Risk
18055,"Meenatai Thackeray Blood Centre, Goregaon, Mumbai, Managed By Prabodhan    Goregaon",Mumbai,Mumbai,Goregaon West,8,0.5,0.0,50.0,0.0,50.0,0.48316676138059905,21.3251938477964,5.0,1.0,4.0,20.0,4.0,4.0,80.0,80.0,50.4417312825988,High Risk
18055,"Meenatai Thackeray Blood Centre, Goregaon, Mumbai, Managed By Prabodhan  Goregaon",Mumbai,Mumbai,Goregaon West,200,0.48,0.02,48.0,2.0,49.583333333333336,0.48316676138059905,21.3251938477964,5.0,1.0,4.0,20.0,4.0,4.0,80.0,80.0,50.30284239370991,High Risk
18056,Manas Serological Institute Blood Centre,Mumbai,Mumbai,Cts No,208,0.5,0.2932692307692308,50.0,29.326923076923077,69.15064102564104,1.988940450328758,52.50902309297355,9.0,5.0,4.0,55.55555555555556,3.8,4.0,44.44444444444444,44.44444444444444,55.368036187686336,High Risk
18057,Suburban Hi-Tech Blood Centre,Mumbai,Mumbai,Malad,208,0.375,0.375,37.5,37.5,63.30128205128206,1.5074771930033755,58.57741162621562,14.0,13.0,1.0,92.85714285714286,4.615384615384615,3.0,7.142857142857139,7.142857142857139,43.00718360678494,Moderate Risk
18058,Sion Blood Centre,Mumbai,Mumbai,Sion,208,0.5,0.02403846153846154,50.0,2.403846153846154,50.400641025641036,0.1971863355464605,13.469545893531821,4.0,0.0,4.0,0.0,0.0,0.0,100.0,100.0,54.623395639724286,High Risk
18059,Bharatratna Dr Babasaheb Ambedkar Mun. Gen. Hospital Blood Centre,Mumbai,MUMBAI,First F,208,1.0,0.0,100.0,0.0,100.0,0.0,0.0,8.0,0.0,8.0,0.0,0.0,0.0,100.0,100.0,66.66666666666667,High Risk
18061,"Acharya Anandrishiji Blood Centre, Pune",Pune,Pune,Sadashiv Peth,208,0.13942307692307693,0.44711538461538464,13.942307692307693,44.71153846153847,40.06410256410256,0.8999084615014618,38.74939075618603,5.0,3.0,2.0,60.0,6.666666666666667,4.0,40.0,40.0,39.60449777342953,Moderate Risk
18062,Akshay Blood Centre,Pune,Pune,Hadapsar,208,0.08653846153846154,0.14423076923076922,8.653846153846153,14.423076923076922,16.98717948717949,0.7044767160146957,39.849867949801535,5.0,5.0,0.0,100.0,3.6,2.0,0.0,0.0,18.945682478993675,Low Risk
18064,M/S Bharati Vidyapeeth Medical Foundations Bharati Hospital Blood Centre,Pune,Pune,Bharati Vidyapeeth S.No,208,0.10576923076923077,0.3798076923076923,10.576923076923077,37.980769230769226,35.8974358974359,0.6449638552934567,37.44568370002233,8.0,8.0,0.0,100.0,2.75,1.0,0.0,0.0,24.447706532486077,Low Risk
18065,"Deenanath Mangeshkar Hospital, Blood Centre",Pune,PUNE,Erandwane,208,0.02403846153846154,0.25,2.403846153846154,25.0,16.346153846153847,0.4622050971738571,30.687181229403578,2.0,2.0,0.0,100.0,2.5,2.5,0.0,0.0,15.677778358519141,Low Risk
18067,Indian Serological Institute Blood Centre,Pune,Pune,Navi Peth,208,0.375,0.375,37.5,37.5,53.205128205128204,0.030429030972509225,2.4471804577076735,3.0,0.0,3.0,0.0,0.0,0.0,100.0,100.0,51.88410288761196,High Risk
18068,"Sadhu Vaswani Mission Medical Complex, Inlaks And Budharani Hospital Blood  Centre, Pune",Pune,Pune,Koregaon Park,208,0.1875,0.3557692307692308,18.75,35.57692307692308,39.90384615384615,0.7385884221682881,39.78906257219187,5.0,5.0,0.0,100.0,7.8,7.0,0.0,0.0,26.564302908679338,Moderate Risk
18069,Jankalyan Raktapedhi Pune,Pune,Pune,Shukrawar Peth,208,0.03365384615384615,0.32211538461538464,3.3653846153846154,32.21153846153847,20.03205128205128,0.6717241352936439,38.075672214705634,7.0,7.0,0.0,100.0,1.0,1.0,0.0,0.0,19.36924116558564,Low Risk
18070,Jehangir Hospital Blood Centre,Pune,Pune,Sasoon,208,0.0673076923076923,0.23557692307692307,6.730769230769231,23.557692307692307,17.067307692307693,0.41306802026772044,26.57270589585694,3.0,2.0,1.0,66.66666666666666,4.0,4.0,33.33333333333334,33.33333333333334,25.65778230716599,Moderate Risk
18071,Kem Hospital Blood Centre,Pune,Pune,Rastha Peth,208,0.39903846153846156,0.375,39.90384615384615,37.5,64.1826923076923,1.245503093898933,53.87206464781111,35.0,33.0,2.0,94.28571428571428,2.4242424242424243,1.0,5.714285714285722,5.714285714285722,41.25634755659638,Moderate Risk
18072,"Metro Blood Centre,Civil Hospital Aundh Pune",Pune,Pune,Aundh,208,0.1201923076923077,0.19230769230769232,12.01923076923077,19.230769230769234,21.474358974358974,0.7713091532214886,33.58193095426758,2.0,2.0,0.0,100.0,12.5,12.5,0.0,0.0,18.35209664287552,Low Risk
18073,"Grant Medical Foundation,  A.H. Wadia Trust Blood Centre",Pune,Pune,Post Box No,208,0.019230769230769232,0.12980769230769232,1.9230769230769231,12.980769230769232,6.971153846153847,0.35379574810029224,25.677216046106672,4.0,4.0,0.0,100.0,1.0,1.0,0.0,0.0,10.88278996408684,Low Risk
18076,"Abhinav Sikshan MandalS,  Sanjeevan Blood Centre",Kolhapur,Kolhapur,Abhinav Sikshan Mandals,208,0.125,0.3942307692307692,12.5,39.42307692307692,36.137820512820504,0.769135905890854,41.94567947049192,9.0,9.0,0.0,100.0,2.888888888888889,2.0,0.0,0.0,26.027833327770807,Moderate Risk
18077,Padmashree Dr.D.Y Patil (Vishweshwar) Blood Centre,Pune,Pune,Sant,208,1.0,0.0,100.0,0.0,100.0,0.0,0.0,8.0,0.0,8.0,0.0,0.0,0.0,100.0,100.0,66.66666666666667,High Risk
18078,Noble Charitable Trust S Noble Blood Centre,Pune,Pune,Magarpatta,208,0.014423076923076924,0.2548076923076923,1.4423076923076923,25.48076923076923,8.733974358974358,0.3282329200625929,23.996391685039058,3.0,3.0,0.0,100.0,1.0,1.0,0.0,0.0,10.910122014671138,Low Risk
18079,Pimpari Serological Institute Blood Centre,Pune,Pune,Mumbai Highway,208,0.15384615384615385,0.34134615384615385,15.384615384615385,34.13461538461539,34.77564102564102,0.7393391211501377,40.30505201480846,5.0,5.0,0.0,100.0,6.4,6.0,0.0,0.0,25.02689768014983,Moderate Risk
18080,Konkan Mitra Mandal Medical TrustS Sahyadri Speaciality Hospital Blood Centre,Pune,Pune,Deccan Gymkhana,208,0.038461538461538464,0.3701923076923077,3.8461538461538463,37.019230769230774,23.4775641025641,0.38294958886652897,26.427041597194034,3.0,3.0,0.0,100.0,2.6666666666666665,1.0,0.0,0.0,16.634868566586047,Low Risk
18081,Aditya Birla Memorial Hospital Blood Centre,Pune,PUNE,Chinchwad,208,0.03365384615384615,0.4567307692307692,3.3653846153846154,45.67307692307692,30.84935897435897,0.40743388477792775,27.900829793537678,1.0,1.0,0.0,100.0,7.0,7.0,0.0,0.0,19.58339625596555,Low Risk
18082,Rakesh Jain Memorial Blood Centre,Pune,Pune,Sadashiv Peth,208,0.13942307692307693,0.4519230769230769,13.942307692307693,45.19230769230769,44.230769230769226,0.7677099324791196,38.05112368262029,4.0,4.0,0.0,100.0,7.25,3.5,0.0,0.0,27.42729763779651,Moderate Risk
18083,Smt Kashibai Navale General Hospital Blood Centre,Pune,Pune,Ambegaon,208,0.3605769230769231,0.5432692307692307,36.05769230769231,54.32692307692307,73.3173076923077,2.5757523665398114,70.03945805885934,7.0,7.0,0.0,100.0,10.714285714285714,8.0,0.0,0.0,47.78558858372234,Moderate Risk
18084,Chakan Blood Centre,Pune,Pune,Chakan,208,0.019230769230769232,0.2644230769230769,1.9230769230769231,26.442307692307693,15.464743589743588,0.5185704994114586,33.51361751977218,4.0,4.0,0.0,100.0,1.0,1.0,0.0,0.0,16.32612036983859,Low Risk
18085,"Indian Red Cross Society, (Late Manikbai Chandulal Saraf ) Blood Centre, Pune",Pune,Baramati,Baramati,208,0.6153846153846154,0.25,61.53846153846154,25.0,80.52884615384616,1.4679075890170115,44.74170433836413,11.0,6.0,5.0,54.54545454545454,5.666666666666667,6.0,45.45454545454546,45.45454545454546,56.90836531558525,High Risk
18086,Central India Institute Of Haematology And OncologyS Blood And Blood Component  Bank And Apheresis U,Nagpur,Nagpur,Dhantoli,208,0.14423076923076922,0.3317307692307692,14.423076923076922,33.17307692307692,33.97435897435897,0.6914702191302189,35.62628308622079,5.0,4.0,1.0,80.0,6.0,4.0,20.0,20.0,29.86688068685992,Moderate Risk
18087,"Sarvodaya Samaj Vikas Sanstha,  R.G Gholap Memorial Blood Centre",Pune,Pune,Pune S,208,1.0,0.0,100.0,0.0,100.0,0.0,0.0,8.0,0.0,8.0,0.0,0.0,0.0,100.0,100.0,66.66666666666667,High Risk
18088,Cristanand Education Society Blood Centre,Chandrapur,Brahmapuri,Brahmapuri,208,1.0,0.0,100.0,0.0,100.0,0.0,0.0,8.0,0.0,8.0,0.0,0.0,0.0,100.0,100.0,66.66666666666667,High Risk
18089,"Civil Surgeon, General Hospital Blood Centre, Gadchiroli",Gadchiroli,Gadchiroli,Chandrapur R,208,0.23557692307692307,0.34134615384615385,23.557692307692307,34.13461538461539,44.95192307692308,0.6298321108755783,29.22894687125398,2.0,1.0,1.0,50.0,23.0,23.0,50.0,50.0,41.39362331605902,Moderate Risk
18090,"Islampur Medical Foundations, Rajaram Bapu Blood Centre , Islampur",Sangli,Islampur,Scan Peth,208,0.2692307692307692,0.3173076923076923,26.923076923076923,31.73076923076923,49.919871794871796,0.5867362439267411,31.990521104446245,7.0,5.0,2.0,71.42857142857143,5.2,3.0,28.57142857142857,28.57142857142857,36.8272738235822,Moderate Risk
18091,Smt. Anila Kantilal Kothari Blood Centre And Dept. Of Hemato Oncology,Sangli,Sangli,Shri Siddhivinayak Ganapati Cance,208,0.4375,0.3173076923076923,43.75,31.73076923076923,64.82371794871794,1.7034807697098953,56.65924848049799,16.0,14.0,2.0,87.5,3.142857142857143,2.0,12.5,12.5,44.66098880973865,Moderate Risk
18094,Vasantdada Patil Blood Centre And Haematology Research Centre,Sangli,Miraj,Mirasaheb Shopping Complex,208,0.03365384615384615,0.3798076923076923,3.3653846153846154,37.980769230769226,23.63782051282051,0.366212675186874,25.786728471079833,6.0,6.0,0.0,100.0,1.1666666666666667,1.0,0.0,0.0,16.474849661300116,Low Risk
18095,"Hindratna Prakashbapu Patil Blood Centre, Sangli",Sangli,Sangli,Siddhivinayak Commercial Complex Guest House,208,0.052884615384615384,0.3798076923076923,5.288461538461538,37.980769230769226,26.682692307692307,0.5202291113608298,33.367310234449114,6.0,6.0,0.0,100.0,1.8333333333333333,1.5,0.0,0.0,20.01666751404714,Low Risk
18096,Bharati Vidyapeeth University Medical College And Hospital Blood Centre,Sangli,Sangli,Miraj,208,0.11057692307692307,0.4951923076923077,11.057692307692307,49.519230769230774,42.30769230769231,0.5675856228725894,34.880498583442765,7.0,6.0,1.0,85.71428571428571,2.8333333333333335,2.0,14.285714285714292,14.285714285714292,30.491301725616452,Moderate Risk
18097,"Miraj Serological Institute Blood Centre, Miraj",Sangli,Sangli,S.No.795/A,208,0.11538461538461539,0.32211538461538464,11.538461538461538,32.21153846153847,32.29166666666667,0.7037428055684158,37.54145530289031,9.0,9.0,0.0,100.0,2.6666666666666665,1.0,0.0,0.0,23.277707323185663,Low Risk
18098,"Akshay Blood Centre, Miraj",Sangli,Miraj,Miraj,200,0.005,0.46,0.5,46.0,31.25,0.5352391003003545,33.949647335355536,1.0,1.0,0.0,100.0,1.0,1.0,0.0,0.0,21.733215778451846,Low Risk
18099,"Akshay Medical Trust, Akshay Blood Centre",Satara,Satara,Sadar,208,0.6009615384615384,0.2644230769230769,60.09615384615385,26.442307692307693,76.76282051282051,1.6732739022535796,60.17351144454459,26.0,21.0,5.0,80.76923076923077,4.619047619047619,3.0,19.230769230769226,19.230769230769226,52.05570039604478,High Risk
18102,"Krishna Hospital And Medical Research Centre, Blood Centre",Satara,Satara,Karad,208,0.019230769230769232,0.18269230769230768,1.9230769230769231,18.269230769230766,10.49679487179487,0.2800085650888152,20.704612446804063,3.0,3.0,0.0,100.0,1.3333333333333333,1.0,0.0,0.0,10.400469106199644,Low Risk
18103,Mauli Blood Centre satara,Satara,Satara,Sadarbazar,208,0.2403846153846154,0.27884615384615385,24.03846153846154,27.884615384615387,42.54807692307692,0.8582061154142353,42.291557728224696,12.0,10.0,2.0,83.33333333333334,3.6,1.0,16.666666666666657,16.666666666666657,33.835433772656096,Moderate Risk
18104,Phaltan Medical FoundationS Blood Centre,Satara,Phaltan,Phaltan,208,0.014423076923076924,0.3173076923076923,1.4423076923076923,31.73076923076923,13.862179487179487,0.39075647894787285,26.571635334068233,2.0,2.0,0.0,100.0,1.5,1.5,0.0,0.0,13.47793827374924,Low Risk
18105,Yashwantrao Chavan Blood Centre,Satara,Karad,Karad,208,0.5576923076923077,0.21634615384615385,55.769230769230774,21.634615384615387,69.95192307692307,1.8674289549713106,61.25704008119215,31.0,25.0,6.0,80.64516129032258,3.04,3.0,19.354838709677423,19.354838709677423,50.18793395593087,High Risk
18107,Dr. Hegdewar Rakta Pedhi,Solapur,Solapur,Railwaylines,208,0.10096153846153846,0.22115384615384615,10.096153846153847,22.115384615384613,21.794871794871796,0.44251654513990835,27.901300365216,10.0,10.0,0.0,100.0,2.1,1.0,0.0,0.0,16.565390720029267,Low Risk
18108,"Ima, Sahakar Maharshi Shankarrao Mohite Patil Blood Centre",Solapur,Solapur,Ganeshnagar Akluj,208,0.1201923076923077,0.4567307692307692,12.01923076923077,45.67307692307692,42.78846153846153,0.8293738205879615,43.538409242848005,14.0,13.0,1.0,92.85714285714286,1.8461538461538463,1.0,7.142857142857139,7.142857142857139,31.156575974722227,Moderate Risk
18109,"Indian Red Cross Society Blood Centre, Bai Gopabai Damani Blood Centre,  Solapur",Solapur,Solapur,Red Cross R,208,0.27884615384615385,0.375,27.884615384615387,37.5,49.27884615384615,1.0231850550896198,47.14737527935628,20.0,19.0,1.0,95.0,2.9473684210526314,2.0,5.0,5.0,33.80874047773415,Moderate Risk
18110,"Indian Red Cross Society , Sarjubai, Bansila Bajaj Blood Centre",Solapur,Pandharpur,Pandharpur,8,0.125,0.375,12.5,37.5,43.75,0.0,0.0,1.0,0.0,1.0,0.0,0.0,0.0,100.0,100.0,47.916666666666664,Moderate Risk
18111,"Indian Red Cross Society Blood Centre, Shriman Rambhai Shah Blood Centre",Solapur,Solapur,Somwarpe,208,0.009615384615384616,0.30288461538461536,0.9615384615384616,30.288461538461537,13.942307692307693,0.41551213536432235,28.758683236297376,1.0,1.0,0.0,100.0,2.0,2.0,0.0,0.0,14.233663642868356,Low Risk
18112,"Smbt Institute Of Medical Science And Research Centre, Blood Centre And  Component",Nashik,Nashik,Igatpuri,208,0.0,0.33653846153846156,0.0,33.65384615384615,14.583333333333332,0.27759473899952514,20.86494160751148,0.0,0.0,0.0,100.0,0.0,0.0,0.0,0.0,11.816091646948271,Low Risk
18113,M/S Jeevan Jyot Charitable TrustS Solapur Blood Centre,Solapur,Solapur,Siddheshwar Peth,208,0.5048076923076923,0.15384615384615385,50.480769230769226,15.384615384615385,60.096153846153854,0.4582568718477532,23.635031478235007,5.0,1.0,4.0,20.0,1.0,1.0,80.0,80.0,54.577061774796285,High Risk
18114,Akshay Blood Centre,Solapur,Solapur,Lashkar,208,0.04326923076923077,0.3701923076923077,4.326923076923077,37.019230769230774,25.48076923076923,0.707962885795262,40.63790758225684,2.0,2.0,0.0,100.0,4.5,4.5,0.0,0.0,22.039558937675356,Low Risk
18115,"Athar Blood Centre, Solapur",Solapur,Solapur,Athar Blood,112,0.11607142857142858,0.4732142857142857,11.607142857142858,47.32142857142857,42.857142857142854,0.8412937587790704,37.189290102430974,4.0,3.0,1.0,75.0,11.333333333333334,5.0,25.0,25.0,35.015477653191276,Moderate Risk
18115,"Athar Blood Centre, Solapur ",Solapur,Solapur,Athar Blood,96,0.23958333333333334,0.4270833333333333,23.958333333333336,42.70833333333333,51.21527777777778,0.8412937587790704,37.189290102430974,4.0,3.0,1.0,75.0,11.333333333333334,5.0,25.0,25.0,37.80152262673625,Moderate Risk
18116,Rajashri Chatrapati Shahu Maharaj Govt. Medical College And Chatrapati  Pramilaraje  General  Hospita,Kolhapur,Karveer,Somwar Peth,208,0.2932692307692308,0.25961538461538464,29.326923076923077,25.961538461538463,46.875,1.326398748870332,52.587590232745406,13.0,13.0,0.0,100.0,4.6923076923076925,2.0,0.0,0.0,33.15419674424847,Moderate Risk
18117,Leelavati Blood Centre,Buldana,Buldhana,John Lay Out,208,1.0,0.0,100.0,0.0,100.0,0.0,0.0,8.0,0.0,8.0,0.0,0.0,0.0,100.0,100.0,66.66666666666667,High Risk
18118,Annasaheb Galatge Lions Blood Centre  Run By Gadhinglaj Lions Welfare  Association,Kolhapur,Gadhinglaj,Doctors Colony,208,0.02403846153846154,0.4326923076923077,2.403846153846154,43.269230769230774,26.442307692307693,0.27510090296551415,20.637448141982212,1.0,1.0,0.0,100.0,5.0,5.0,0.0,0.0,15.693251944763302,Low Risk
18120,"Late Balasaheb Datye, Lions Blood Centre, Ichalkaranji",Kolhapur,Ichalkaranji,Hatkananga,208,0.47115384615384615,0.23557692307692307,47.11538461538461,23.557692307692307,60.09615384615385,0.7206095732578388,34.12880813437744,9.0,5.0,4.0,55.55555555555556,8.2,4.0,44.44444444444444,44.44444444444444,46.2231354749919,Moderate Risk
18121,"Mahatma Gandhi Hospital Blood Centre, New Pargaon",Kolhapur,Hatkanangale,New Pargaon,208,0.09134615384615384,0.4230769230769231,9.134615384615383,42.30769230769231,35.33653846153847,0.7299825606546226,41.00333437445285,6.0,6.0,0.0,100.0,3.1666666666666665,2.0,0.0,0.0,25.446624278663773,Moderate Risk
18122,Dr. D.Y Patil Hospital Blood Centre,Kolhapur,Kolhapur,Kadamwadi,208,0.1201923076923077,0.3701923076923077,12.01923076923077,37.019230769230774,30.048076923076923,0.7475369643569094,35.6530316102817,3.0,2.0,1.0,66.66666666666666,1.0,1.0,33.33333333333334,33.33333333333334,33.01148062223066,Moderate Risk
18123,Rajarshi Shahu Indian Red Cross Blood Centre,Kolhapur,Kolhapur,K.E.Assembly,208,0.08653846153846154,0.28846153846153844,8.653846153846153,28.846153846153843,23.237179487179485,0.556688306212607,31.85435082897511,3.0,3.0,0.0,100.0,6.0,5.0,0.0,0.0,18.3638434387182,Low Risk
18124,Acharya Shree Tulsi Blood Centre,Kolhapur,jaysingpur,Udagaon,208,0.21153846153846154,0.2980769230769231,21.153846153846153,29.807692307692307,44.230769230769226,0.7214928201323848,38.27777946985431,4.0,3.0,1.0,75.0,8.333333333333334,12.0,25.0,25.0,35.836182900207845,Moderate Risk
18125,"Arpan Blood Centre, Blood Component And Apheresis Centre Kolhapur",Kolhapur,KOLHAPUR,reliance mall,208,0.08653846153846154,0.375,8.653846153846153,37.5,33.012820512820504,0.6778034598999296,39.02837957310377,9.0,9.0,0.0,100.0,2.0,2.0,0.0,0.0,24.013733361974758,Low Risk
18126,"Sai Seva Medical Foundation, Vaibhavlaxmi Blood Centre",Kolhapur,Kolhapur,Deccan,208,0.12980769230769232,0.3798076923076923,12.980769230769232,37.980769230769226,35.41666666666667,0.7702650543871923,42.04628291643989,9.0,9.0,0.0,100.0,3.0,2.0,0.0,0.0,25.820983194368853,Moderate Risk
18129,Chattrapati Shahu Maharaj Aadhar Blood Centre,Pune,Pune,Patil Plaza,208,0.3125,0.1875,31.25,18.75,44.95192307692308,0.9792685985575812,45.21948558138945,24.0,20.0,4.0,83.33333333333334,1.55,1.0,16.666666666666657,16.666666666666657,35.61269177499306,Moderate Risk
18130,"Shri Basaveshwar Manav  Vikas, Grameen Sevabhavi Sanstha, Adarsh Blood Centre",Sangli,Sangli,Ganesh Nagar,208,0.21634615384615385,0.2980769230769231,21.634615384615387,29.807692307692307,38.86217948717948,0.8486400954217531,40.477155317303755,5.0,5.0,0.0,100.0,9.0,11.0,0.0,0.0,26.446444934827742,Moderate Risk
18131,"Azad Panchi Groups, M/S Siddheshwar Blood Centre, Solapur",Solapur,Solapur,Siddheshwar Peth,208,0.11538461538461539,0.38461538461538464,11.538461538461538,38.46153846153847,33.81410256410257,0.9252464030003529,47.14347699003501,7.0,7.0,0.0,100.0,3.4285714285714284,3.0,0.0,0.0,26.985859851379193,Moderate Risk
18132,Jeevandhara Blood Centre,Kolhapur,KOLHAPUR,Rajarampuri,208,0.8076923076923077,0.038461538461538464,80.76923076923077,3.8461538461538463,83.17307692307693,2.4703045622564264,53.797223468267134,12.0,5.0,7.0,41.66666666666667,6.0,5.0,58.33333333333333,58.33333333333333,65.10121124155914,High Risk
18133,M/S Nanded Blood Centre,Nanded,Nanded,Shivaji Nagar,16,0.5,0.375,50.0,37.5,65.625,0.13023504273504274,9.84375,4.0,0.0,4.0,0.0,0.0,0.0,100.0,100.0,58.489583333333336,High Risk
18134,"Azad Panchi Groups, Miraj Serological Institute Blood Centre",Sangli,Sangli,Ganesh Nagar,208,0.07692307692307693,0.3942307692307692,7.6923076923076925,39.42307692307692,32.93269230769231,0.6804082338741464,38.46715165148808,4.0,4.0,0.0,100.0,4.0,4.5,0.0,0.0,23.799947986393462,Low Risk
18135,"M/S. Shri Hazur Saheb Blood Centre, Components Laboratory And Apheresis  Centre",Parbhani,Parbhani,Shivaji Nagar,208,0.052884615384615384,0.42788461538461536,5.288461538461538,42.78846153846153,30.208333333333336,0.5416373652176093,34.1392771111452,3.0,2.0,1.0,66.66666666666666,2.0,2.0,33.33333333333334,33.33333333333334,32.56031459260396,Moderate Risk
18136,M/S. Global Hospital-Super Speciality Andtransplant Centre,Mumbai,Mumbai,Parel,208,0.1346153846153846,0.4375,13.461538461538462,43.75,33.97435897435897,0.8856881776756927,29.722732446220192,4.0,3.0,1.0,75.0,8.333333333333334,2.0,25.0,25.0,29.565697140193056,Moderate Risk
18137,"Padmashri Dr. Vitthalrao Vikhe Patil Foundation Ahmednagar Medical College  Hospital, Blood Bank",Ahmadnagar,Ahmednagar,Vadgaon,208,0.1875,0.3173076923076923,18.75,31.73076923076923,38.541666666666664,0.7749648070368009,41.93478825711622,6.0,4.0,2.0,66.66666666666666,3.5,3.5,33.33333333333334,33.33333333333334,37.93659608570541,Moderate Risk
18138,Jankalyan Blood Centre,Ahmadnagar,Ahmednagar,Nalegaon,208,0.07211538461538461,0.47115384615384615,7.211538461538461,47.11538461538461,34.13461538461539,0.6906802669522585,40.61141276934489,10.0,10.0,0.0,100.0,1.5,1.0,0.0,0.0,24.91534271798676,Low Risk
18139,Pravara Medical Trusts Blood Centre,Ahmadnagar,Rahata,Loni,208,0.1778846153846154,0.33653846153846156,17.78846153846154,33.65384615384615,35.016025641025635,0.6960518774688117,34.49854017038082,4.0,2.0,2.0,50.0,3.5,3.5,50.0,50.0,39.83818860380215,Moderate Risk
18140,Shri Sainath Blood Centre,Ahmadnagar,Shirdi,Rahata,208,0.9903846153846154,0.004807692307692308,99.03846153846155,0.4807692307692308,99.27884615384616,0.48814060474416576,9.95164487898831,10.0,2.0,8.0,20.0,3.0,3.0,80.0,80.0,63.07683034427816,High Risk
18141,Ahmednagar Municipal Council Blood Centre,Ahmadnagar,Ahmednagar,Asha Theatre,208,1.0,0.0,100.0,0.0,100.0,0.0,0.0,8.0,0.0,8.0,0.0,0.0,0.0,100.0,100.0,66.66666666666667,High Risk
18142,"Civil Surgeon, General Hospital, Blood Centre",Ahmadnagar,Ahmednagar,Savedi,208,0.09134615384615384,0.27403846153846156,9.134615384615383,27.403846153846157,23.958333333333332,0.4405920268534119,27.789433615185896,7.0,6.0,1.0,85.71428571428571,2.1666666666666665,1.0,14.285714285714292,14.285714285714292,22.011160411411172,Low Risk
18143,Dr. JondhaleS Nityaseva Blood Centre,Ahmadnagar,Shrirampur,Shrirampur,208,0.02403846153846154,0.6201923076923077,2.403846153846154,62.019230769230774,40.86538461538461,0.644471971917862,37.50780620159986,3.0,3.0,0.0,100.0,1.6666666666666667,1.0,0.0,0.0,26.124396938994824,Moderate Risk
18144,Ashtavinayak Blood Bank,Ahmadnagar,Ahmednagar,Akashwani Kendra,208,0.5096153846153846,0.019230769230769232,50.96153846153846,1.9230769230769231,51.84294871794872,0.2852377754979767,17.753089367329714,6.0,0.0,6.0,0.0,0.0,0.0,100.0,100.0,56.53201269509282,High Risk
18145,"Rotary Blood Centre, Rahuri Charitable Trust",Ahmadnagar,Rahuri,Nagar Manmad,208,0.0,0.5,0.0,50.0,33.01282051282052,0.3423893905497106,24.542125938960062,0.0,0.0,0.0,100.0,0.0,0.0,0.0,0.0,19.184982150593527,Low Risk
18146,Sanjeevani Blood Centre,Ahmadnagar,Kopargaon,Vivekanand Nagar,208,0.12980769230769232,0.4807692307692308,12.980769230769232,48.07692307692308,43.830128205128204,0.6791520713128342,39.44638284534113,6.0,6.0,0.0,100.0,4.5,2.5,0.0,0.0,27.75883701682311,Moderate Risk
18147,Anandrushiji Blood Centre,Ahmadnagar,Ahmednagar,Burudgaon,208,0.04807692307692308,0.27403846153846156,4.807692307692308,27.403846153846157,20.11217948717949,0.446139048490175,29.33431970216319,4.0,3.0,1.0,75.0,1.3333333333333333,1.0,25.0,25.0,24.815499729780893,Low Risk
18149,Laksh Foundation New Arpan Voluntary Blood Centre Ahmednagar,Ahmadnagar,Ahmednagar,Bus Stand,208,0.5048076923076923,0.004807692307692308,50.480769230769226,0.4807692307692308,50.641025641025635,0.2152382196082452,14.689318740428819,5.0,1.0,4.0,20.0,1.0,1.0,80.0,80.0,48.44344812715148,Moderate Risk
18150,Shri Bhausaheb Hire Govt. Medical College And Hospital Blood Centre Dhule,Dhule,Dhule,Surat By,208,0.2548076923076923,0.3942307692307692,25.48076923076923,39.42307692307692,44.230769230769226,0.9091377802318078,41.97786570990936,12.0,10.0,2.0,83.33333333333334,4.5,2.0,16.666666666666657,16.666666666666657,34.29176720244842,Moderate Risk
18152,Jawahar Medical Foundation Blood Centre,Dhule,Dhule,Morane,208,0.2403846153846154,0.5721153846153846,24.03846153846154,57.21153846153846,61.21794871794871,0.8601448237439657,44.35928070051448,9.0,7.0,2.0,77.77777777777779,3.7142857142857144,2.0,22.222222222222214,22.222222222222214,42.5998172135618,Moderate Risk
18153,Jeevan Jyoti Blood Centre,Dhule,Dhule,Green Park,208,0.1346153846153846,0.33653846153846156,13.461538461538462,33.65384615384615,31.41025641025641,0.760513924851609,41.97346356605784,12.0,11.0,1.0,91.66666666666666,2.3636363636363638,1.0,8.333333333333343,8.333333333333343,27.239017769882526,Moderate Risk
18154,Shree Navjeevan Blood Centre Dhule,Dhule,Dhule,Behi,208,0.004807692307692308,0.3269230769230769,0.4807692307692308,32.69230769230769,16.746794871794872,0.47459160585992327,30.703475217764545,1.0,1.0,0.0,100.0,1.0,1.0,0.0,0.0,15.816756696519805,Low Risk
18155,Dhanwantri Blood Centre,Jalgaon,Bhusawal,Jalgaon,208,0.4951923076923077,0.3076923076923077,49.519230769230774,30.76923076923077,69.47115384615384,0.8300358826017857,38.321932900838824,15.0,11.0,4.0,73.33333333333333,2.1818181818181817,1.0,26.66666666666667,26.66666666666667,44.81991780455311,Moderate Risk
18156,Keshavsmruti Pratishthan Sanchalit Madhavrao Golwalkar Swayamsevi Raktpedhi,Jalgaon,Jalgaon,Dr. Anil Achyarya Bhavan,208,0.057692307692307696,0.4230769230769231,5.769230769230769,42.30769230769231,34.93589743589743,0.5650624591394465,35.32468024893601,3.0,3.0,0.0,100.0,4.0,4.0,0.0,0.0,23.420192561611145,Low Risk
18157,Civil Hospital Blood Centre,Jalgaon,Jalgaon,Zilha Peth,208,0.10576923076923077,0.3942307692307692,10.576923076923077,39.42307692307692,34.61538461538461,0.5956364825339228,35.327376150003374,8.0,7.0,1.0,87.5,2.4285714285714284,1.0,12.5,12.5,27.48092025512933,Moderate Risk
18158,Indian Red Cross Society Sanchalit Askaran Tarachand Jain Blood Centre,Jalgaon,Chopda,Jalgaon,208,1.0,0.0,100.0,0.0,100.0,0.0,0.0,8.0,0.0,8.0,0.0,0.0,0.0,100.0,100.0,66.66666666666667,High Risk
18159,Jeevanshri Raktapedi,Jalgaon,Jalgaon,Amalner,208,1.0,0.0,100.0,0.0,100.0,0.0,0.0,8.0,0.0,8.0,0.0,0.0,0.0,100.0,100.0,66.66666666666667,High Risk
18160,Jeevan Surabhi Blood Centre,Jalgaon,Chalisgaon,Jalgaon,208,1.0,0.0,100.0,0.0,100.0,0.0,0.0,8.0,0.0,8.0,0.0,0.0,0.0,100.0,100.0,66.66666666666667,High Risk
18161,Indian Red Cross Society Blood Centre Jalgaon,Jalgaon,Jalgaon,Opp.B.J.Market,208,0.13942307692307693,0.22596153846153846,13.942307692307693,22.596153846153847,28.685897435897434,0.6391417271928974,36.05132437638487,10.0,9.0,1.0,90.0,3.0,2.0,10.0,10.0,24.912407270760767,Low Risk
18162,Godavari FoundationS Dr.Ulhas Patil Medical College And Hospital Blood Centre,Jalgaon,Jalgaon,Jalgaon Khurd,208,0.07211538461538461,0.5,7.211538461538461,50.0,38.70192307692308,0.4982532156398465,30.169799565489146,2.0,2.0,0.0,100.0,7.5,7.5,0.0,0.0,22.957240880804076,Low Risk
18164,"Civil Surgeon, District General Hospital Blood Centre,  Nandurbar",Nandurbar,Nandurbar,Nandurbar,208,0.2403846153846154,0.47596153846153844,24.03846153846154,47.59615384615385,48.958333333333336,1.0222035810908003,48.05396125179832,16.0,15.0,1.0,93.75,1.8666666666666667,1.0,6.25,6.25,34.42076486171055,Moderate Risk
18165,"Ansar Blood Centre, Malegaon",Nashik,Malegaon,Islampura,208,1.0,0.0,100.0,0.0,100.0,0.0,0.0,8.0,0.0,8.0,0.0,0.0,0.0,100.0,100.0,66.66666666666667,High Risk
18166,Ashirwad Medical Foundations Gsk Blood Centre And Components,Nagpur,Nagpur,Besides Gurudwara,208,0.1971153846153846,0.44711538461538464,19.71153846153846,44.71153846153847,52.80448717948717,0.8571974345726627,45.048573611365256,10.0,10.0,0.0,100.0,4.1,2.0,0.0,0.0,32.617686930284144,Moderate Risk
18167,Seva Blood Centre,Nashik,MALEGAON,Soygaon,208,0.375,0.1346153846153846,37.5,13.461538461538462,45.3525641025641,1.3690885868112028,46.19400805406511,4.0,4.0,0.0,100.0,19.5,21.5,0.0,0.0,30.515524052209738,Moderate Risk
18168,Arpan Blood Centre And Blood Component Laboratory And Research Centre Nashik,Nashik,Nashik,Opp.Ga,208,0.125,0.39903846153846156,12.5,39.90384615384615,38.86217948717948,0.8526020822797058,45.72454327945478,12.0,11.0,1.0,91.66666666666666,2.1818181818181817,2.0,8.333333333333343,8.333333333333343,30.973352033322538,Moderate Risk
18169,Civil Hospital Blood Centre Nashik,Nashik,Nashik,Trimbak Naka,208,0.038461538461538464,0.5961538461538461,3.8461538461538463,59.61538461538461,39.743589743589745,0.5707465616907739,35.2360584556806,5.0,5.0,0.0,100.0,1.6,1.0,0.0,0.0,24.993216066423447,Low Risk
18170,"Medical Superitendant, J.D.C. Bytco Hospital Blood Centre",Nashik,Nashik,Nashik Road,208,0.7980769230769231,0.17307692307692307,79.8076923076923,17.307692307692307,93.10897435897438,1.6153691398257843,56.74741928623489,8.0,7.0,1.0,87.5,20.0,20.0,12.5,12.5,54.11879788173642,High Risk
18171,"Jankalyan Blood Centre, Nashik",Nashik,Nashik,Gangapur,208,0.019230769230769232,0.3076923076923077,1.9230769230769231,30.76923076923077,16.746794871794872,0.7335763744751905,41.27342208794241,4.0,4.0,0.0,100.0,1.0,1.0,0.0,0.0,19.340072319912426,Low Risk
18172,Sainik Aspatal Military Hospital Blood Centre,Nashik,Deolali,Devlali Nashik,200,1.0,0.0,100.0,0.0,100.0,0.0,0.0,8.0,0.0,8.0,0.0,0.0,0.0,100.0,100.0,66.66666666666667,High Risk
18173,DevaS Health And Devlopment Foundation Samta Blood Centre,Nashik,Nashik,Govind Nagar,208,0.5913461538461539,0.2548076923076923,59.13461538461539,25.48076923076923,74.91987179487178,0.7941592373729927,32.86940548113127,18.0,14.0,4.0,77.77777777777779,3.142857142857143,1.0,22.222222222222214,22.222222222222214,43.33716649940842,Moderate Risk
18175,Ndmvps Medical College And Hospital Blood Centre,Nashik,Nashik,Adgaon,208,0.09615384615384616,0.15865384615384615,9.615384615384617,15.865384615384615,18.589743589743588,0.6169252498653242,29.361229359572853,4.0,3.0,1.0,75.0,1.3333333333333333,1.0,25.0,25.0,24.31699098310548,Low Risk
18176,"Late. Dr. G.M. Bhavsar Charitable TrustS,Malegaon Blood Centre",Nashik,Malegaon,Satana Naka,208,0.12980769230769232,0.3125,12.980769230769232,31.25,26.842948717948715,0.8664251816193276,37.06081161293527,5.0,4.0,1.0,80.0,3.5,1.0,20.0,20.0,27.96792011029466,Moderate Risk
18177,"Shri Sai Seva Medical Foundation Sanchalit, Sanjeevani Blood Centre",Nashik,Nashik,Vadala Shivar,208,0.3125,0.2932692307692308,31.25,29.326923076923077,44.39102564102564,0.7255330850557422,38.195241979905695,14.0,10.0,4.0,71.42857142857143,3.6,1.0,28.57142857142857,28.57142857142857,37.0525653974533,Moderate Risk
18178,"Medical Superintendent, Regional Referal Hospital Blood Bank,(Superspeciality  Hospital) Nashik",Nashik,Nashik,Shalimar Chowk,208,1.0,0.0,100.0,0.0,100.0,0.0,0.0,8.0,0.0,8.0,0.0,0.0,0.0,100.0,100.0,66.66666666666667,High Risk
18179,"Nashik Blood Bank And Transfusion Research Institute Blood Bank(Jijau Mahila  Sewabhavi Sanstha, Nash",Nashik,Nashik,Tidke Colony,208,0.11538461538461539,0.5144230769230769,11.538461538461538,51.442307692307686,41.666666666666664,0.6848796013115335,39.053730532293535,7.0,6.0,1.0,85.71428571428571,3.3333333333333335,2.0,14.285714285714292,14.285714285714292,31.66870382822483,Moderate Risk
18181,"Shree Swami  Samartha Vaidyakiya  Shaikshanik And Sanshodhan Sanstha, Late    Shri Mukeshbai Patel Blo",Dhule,Shirpur,Dhule,8,0.0,0.5,0.0,50.0,27.083333333333336,0.46534062241119767,30.690082895338097,1.0,0.0,1.0,0.0,0.0,0.0,100.0,100.0,52.59113874289048,High Risk
18181,"Shree Swami  Samartha Vaidyakiya  Shaikshanik And Sanshodhan Sanstha, Late   Shri Mukeshbai Patel Blo",Dhule,Shirpur,Dhule,200,0.01,0.415,1.0,41.5,27.500000000000004,0.46534062241119767,30.690082895338097,1.0,0.0,1.0,0.0,0.0,0.0,100.0,100.0,52.730027631779365,High Risk
18183,"Mahatma Gandhi Blood Centre,  Operated By Task",Thane,Thane,Naupada,208,0.34134615384615385,0.39903846153846156,34.13461538461539,39.90384615384615,57.692307692307686,1.5969869324252721,59.269337964959675,18.0,15.0,3.0,83.33333333333334,2.6666666666666665,1.0,16.666666666666657,16.666666666666657,44.54277077464467,Moderate Risk
18184,"Vitthal  Sayanna General  Hospital (Civil Hospital) Blood Centre, Thane",Thane,Thane,Tembhi Naka,208,0.2548076923076923,0.3557692307692308,25.48076923076923,35.57692307692308,47.83653846153847,0.8508817734182125,43.543886391980465,15.0,13.0,2.0,86.66666666666667,2.3076923076923075,3.0,13.333333333333329,13.333333333333329,34.90458606228409,Moderate Risk
18185,Navjeevan Blood Centre Mangaed By Spvf,Thane,Thane,Naupada,208,0.3317307692307692,0.3173076923076923,33.17307692307692,31.73076923076923,55.20833333333333,0.7424092979862944,38.070274510954455,9.0,7.0,2.0,77.77777777777779,5.0,4.0,22.222222222222214,22.222222222222214,38.50027668883667,Moderate Risk
18186,Lokamanya Tssia  Blood Centre,Thane,Thane,Petrol P,208,0.2980769230769231,0.2932692307692308,29.807692307692307,29.326923076923077,48.31730769230769,1.5079894859916927,57.036879134923545,22.0,21.0,1.0,95.45454545454545,2.7142857142857144,2.0,4.545454545454547,4.545454545454547,36.63321379089526,Moderate Risk
18187,Chhatrapati Shivaji Maharaj Hospital Blood Centre Csm,Thane,Thane,Belapur,208,0.27884615384615385,0.35096153846153844,27.884615384615387,35.09615384615385,52.644230769230774,0.8108865930567011,41.8319478212288,16.0,15.0,1.0,93.75,3.6666666666666665,1.0,6.25,6.25,33.57539286348652,Moderate Risk
18188,M/S Balasaheb Thackerey Blood Centre,Mumbai,Mumbai,Traumaca,208,0.1346153846153846,0.3173076923076923,13.461538461538462,31.73076923076923,34.61538461538461,0.7987771334574243,42.35653337765409,12.0,10.0,2.0,83.33333333333334,1.4,1.0,16.666666666666657,16.666666666666657,31.21286155323512,Moderate Risk
18189,Jupiter Hospital Blood Centre,Thane,Thane,Eastern Express,208,0.009615384615384616,0.3894230769230769,0.9615384615384616,38.94230769230769,24.839743589743595,0.4711628905853574,31.295370936399852,2.0,2.0,0.0,100.0,1.0,1.0,0.0,0.0,18.711704842047816,Low Risk
18190,Kai Wamanrao Oka Rakta Kendra,Thane,Thane,Naupada,208,0.19230769230769232,0.3701923076923077,19.230769230769234,37.019230769230774,43.269230769230774,0.728415706665803,40.648775145386544,13.0,12.0,1.0,92.3076923076923,3.25,2.5,7.692307692307693,7.692307692307693,30.536771202308334,Moderate Risk
18191,Blood Line Charitable Blood Centre,Thane,Thane,Thane West,16,0.375,0.1875,37.5,18.75,42.708333333333336,0.18278729658680154,12.587435511146593,3.0,0.0,3.0,0.0,0.0,0.0,100.0,100.0,51.765256281493315,High Risk
18193,Chidanand Charitable Trust Blood Centre,Thane,Dombivli,Dombivili West,208,0.3942307692307692,0.125,39.42307692307692,12.5,46.31410256410257,1.3489124301859128,49.918695694331866,19.0,19.0,0.0,100.0,4.315789473684211,2.0,0.0,0.0,32.07759941947814,Moderate Risk
18194,Plasma  Blood Centre,Thane,Thane,V.P.Ro,208,0.0,0.5,0.0,50.0,25.721153846153843,0.058362395961815396,4.692451656451265,0.0,0.0,0.0,100.0,0.0,0.0,0.0,0.0,10.13786850086837,Low Risk
18195,Kalyan Dombivali Muncipal Corporation Sponsered Nandakishore Educaation Society   Arpan Blood Bank,Thane,Thane,Kalyan (West),8,0.5,0.375,50.0,37.5,64.58333333333334,1.3167962071904173,52.19740375550926,9.0,8.0,1.0,88.88888888888889,8.875,5.5,11.111111111111114,11.111111111111114,42.630616066651235,Moderate Risk
18195,Kalyan Dombivali Muncipal Corporation Sponsered Nandakishore Educaation Society  Arpan Blood Bank,Thane,Thane,Kalyan (West),200,0.345,0.375,34.5,37.5,58.83333333333333,1.3167962071904173,52.19740375550926,9.0,8.0,1.0,88.88888888888889,8.875,5.5,11.111111111111114,11.111111111111114,40.713949399984564,Moderate Risk
18196,Ishwar Seva Trusts Dombivali Blood Center,Thane,Dombivli,Dombivli,208,0.7115384615384616,0.16346153846153846,71.15384615384616,16.346153846153847,82.45192307692307,2.1123973369842806,66.64403387977191,13.0,8.0,5.0,61.53846153846154,7.5,6.0,38.46153846153846,38.46153846153846,62.51916513941114,High Risk
18199,"Navi Mumbai Muncipal Corporation, Blood Centre",Thane,Thane,Vashi,208,0.30288461538461536,0.3557692307692308,30.288461538461537,35.57692307692308,47.51602564102564,0.7004833018852631,36.19506235327582,5.0,4.0,1.0,80.0,9.25,10.0,20.0,20.0,34.57036266476715,Moderate Risk
18201,"Dr. D.Y. Patil Hospital And Research Centre, Blood Centre",Thane,Thane,Nerul,208,0.36538461538461536,0.39903846153846156,36.53846153846153,39.90384615384615,61.85897435897437,1.1054114900597622,51.51398549472358,27.0,22.0,5.0,81.48148148148148,2.8636363636363638,2.0,18.51851851851852,18.51851851851852,43.96382612407215,Moderate Risk
18203,"Jai Matadi Bahuuddeshiya Sevabhavi Sasthas Guru Gobindsinghji Blood Centre,  Blood Comp And Aphs Nand",Nanded,Nanded,Naroji,208,0.014423076923076924,0.22115384615384615,1.4423076923076923,22.115384615384613,14.823717948717949,0.36349728564314654,25.718033300336472,3.0,3.0,0.0,100.0,1.0,1.0,0.0,0.0,13.513917083018141,Low Risk
18204,Bhiwandi Blood Centre,Thane,Bhiwandi,Hera Complex Teen Batti,208,0.27884615384615385,0.3557692307692308,27.884615384615387,35.57692307692308,52.88461538461539,0.7274854355641118,33.67153172015722,7.0,6.0,1.0,85.71428571428571,5.333333333333333,1.5,14.285714285714292,14.285714285714292,33.613953796828966,Moderate Risk
18205,Mira Bhayandar Muncipal Corporation Rajeev Gandhi Blood Centre,Thane,Mira Road,Mira Road,208,0.2403846153846154,0.5384615384615384,24.03846153846154,53.84615384615385,60.496794871794876,0.9992895164186233,49.20445886938254,22.0,21.0,1.0,95.45454545454545,2.142857142857143,2.0,4.545454545454547,4.545454545454547,38.08223609554399,Moderate Risk
18206,Tarapure Automic Power Station Hospital Blood Centre,Palghar,Boisar,Palghar,208,1.0,0.0,100.0,0.0,100.0,0.0,0.0,8.0,0.0,8.0,0.0,0.0,0.0,100.0,100.0,66.66666666666667,High Risk
18207,Sarla Blood Centre,Palghar,Vasai,Palghar,208,0.42788461538461536,0.17307692307692307,42.78846153846153,17.307692307692307,51.92307692307693,1.1416227795313614,41.67021833976399,11.0,7.0,4.0,63.63636363636363,7.714285714285714,1.0,36.36363636363637,36.36363636363637,43.318977208825764,Moderate Risk
18208,M/S. Shri Hazur Saheb Blood Centre,Nanded,NANDED,Opp. Bank Of I,208,0.14423076923076922,0.3557692307692308,14.423076923076922,35.57692307692308,35.657051282051285,0.7157804115578486,38.24947962420219,4.0,4.0,0.0,100.0,7.5,6.5,0.0,0.0,24.635510302084487,Low Risk
18209,Vijayee Blood Centre Vasai (W),Palghar,Vasai,Palghar,208,0.3317307692307692,0.27884615384615385,33.17307692307692,27.884615384615387,48.55769230769231,1.4662077517033392,49.061481602343605,9.0,8.0,1.0,88.88888888888889,6.0,4.5,11.111111111111114,11.111111111111114,36.243428340382344,Moderate Risk
18214,"Kakasaheb Chitle  Memorial Centre Sanchalit,  Jankalyan Blood Centre",Raigarh,Raigarh,Raigrah,208,0.11057692307692307,0.42788461538461536,11.057692307692307,42.78846153846153,42.94871794871795,0.47254966700707,30.916968739765558,7.0,6.0,1.0,85.71428571428571,2.3333333333333335,1.5,14.285714285714292,14.285714285714292,29.3838003247326,Moderate Risk
18215,"Shree Sai Medical TrustS,  Shree Sai Blood Centre, Old Panvel",Raigarh,Panvel,Panvel,208,0.3125,0.5,31.25,50.0,61.137820512820504,1.049275987059409,48.7396504186049,11.0,9.0,2.0,81.81818181818183,4.111111111111111,1.0,18.181818181818173,18.181818181818173,42.68642970441453,Moderate Risk
18216,Rotary Club New Panvel Charitable  Trust S Late Dr. B.V. Limaye Blood Centre,Raigarh,PANVEL,Panvel,208,0.07211538461538461,0.5528846153846154,7.211538461538461,55.28846153846154,36.37820512820513,0.5788784044884546,35.650232844418994,6.0,5.0,1.0,83.33333333333334,2.6,1.0,16.666666666666657,16.666666666666657,29.56503487976359,Moderate Risk
18220,"Mauli Blood Centre, Latur",Latur,Latur,Barshi,208,0.24519230769230768,0.27403846153846156,24.519230769230766,27.403846153846157,41.666666666666664,0.9425176462929528,45.60428208893974,13.0,10.0,3.0,76.92307692307693,3.4,3.5,23.076923076923066,23.076923076923066,36.78262394417649,Moderate Risk
18221,Shri Sai Seva Medical Foundation Sanchalit Nirnay Janseva Blood Centre,Dhule,Dhule,C.S.No,208,0.19230769230769232,0.4326923076923077,19.230769230769234,43.269230769230774,49.679487179487175,0.5975409444055464,33.019188523014975,6.0,5.0,1.0,83.33333333333334,2.8,1.0,16.666666666666657,16.666666666666657,33.12178078972294,Moderate Risk
18223,Dattaji Bhale Blood Centre,Aurangabad,Aurangabad,Jawa,208,0.11057692307692307,0.2644230769230769,11.057692307692307,26.442307692307693,25.961538461538463,0.5706893762387568,32.65002517508601,8.0,6.0,2.0,75.0,1.5,1.0,25.0,25.0,27.870521212208157,Moderate Risk
18225,Adarsh Blood Centre,Aurangabad,Aurangabad,Aurangabad,208,0.5,0.0,50.0,0.0,50.0,0.2443400071221603,16.313586553655462,4.0,0.0,4.0,0.0,0.0,0.0,100.0,100.0,55.43786218455182,High Risk
18226,Lions Blood Centre,Aurangabad,Aurangabad,Guru Teg Bahadur,208,0.4519230769230769,0.11057692307692307,45.19230769230769,11.057692307692307,51.84294871794872,1.9877674423379903,54.90675823821474,14.0,10.0,4.0,71.42857142857143,7.8,8.0,28.57142857142857,28.57142857142857,45.107045175864016,Moderate Risk
18227,Jankalyan Blood Centre,Jalna,Jalna,Apmcs Chatrapati Shivaji Complex,208,0.09134615384615384,0.23557692307692307,9.134615384615383,23.557692307692307,20.753205128205128,0.5419143660908774,30.8034901063547,4.0,3.0,1.0,75.0,1.0,1.0,25.0,25.0,25.51889841151994,Moderate Risk
18228,"Civil Surgeon, General Hospital, Blood Centre",Jalna,Jalna,Samarth Nagar,208,0.3942307692307692,0.4519230769230769,39.42307692307692,45.19230769230769,62.900641025641036,1.2905588474341982,53.1577315891327,16.0,11.0,5.0,68.75,2.8181818181818183,4.0,31.25,31.25,49.102790871591246,Moderate Risk
18229,Kalpataru Bahuuddeshiya Sansthas Lokmanya Blood Centre Gondia,Gondiya,Gondia,Hanuman Ma,16,0.4375,0.125,43.75,12.5,48.958333333333336,2.38547762794946,70.07651808179783,16.0,9.0,7.0,56.25,1.0,1.0,43.75,43.75,54.261617138377055,High Risk
18229,Kalpataru Bahuuddeshiya Sansthas Lokmanya Blood Centre Gondia ,Gondiya,Gondia,Hanuman Ma,64,0.703125,0.265625,70.3125,26.5625,87.23958333333333,2.38547762794946,70.07651808179783,16.0,9.0,7.0,56.25,1.0,1.0,43.75,43.75,67.02203380504372,High Risk
18230,Jeevandhara Buldana Urban Blood Centre Run And Managed By Shree Charitable  Trust,Buldana,Buldana,Dsd City Mall,208,0.3701923076923077,0.4423076923076923,37.019230769230774,44.230769230769226,64.74358974358975,1.508540268698798,52.8398334152645,18.0,14.0,4.0,77.77777777777779,3.0714285714285716,1.5,22.222222222222214,22.222222222222214,46.601881793692165,Moderate Risk
18231,"Dean, Swami Ramanand Tirtha Rural Medical College. And Hospital, Blood Centre",Beed,Ambajogai,Mch Ambajogai Tq.Ambajogai,176,0.13068181818181818,0.3465909090909091,13.068181818181818,34.659090909090914,31.53409090909091,0.7714599556335272,41.72253056567803,7.0,7.0,0.0,100.0,3.7142857142857144,2.0,0.0,0.0,24.41887382492298,Low Risk
18231,"Dean, Swami Ramanand Tirtha Rural Medical College. And Hospital, Blood Centre",Bid,Ambajogai,Mch Ambajogai Tq.Ambajogai,32,0.09375,0.65625,9.375,65.625,51.5625,0.7714599556335272,41.72253056567803,7.0,7.0,0.0,100.0,3.7142857142857144,2.0,0.0,0.0,31.095010188559343,Moderate Risk
18232,Vaidyanath Blood Centre,Beed,Parli-Vajinath,Parli,176,0.39204545454545453,0.10227272727272728,39.20454545454545,10.227272727272728,45.45454545454545,1.1599670142567036,44.63759841405704,17.0,17.0,0.0,100.0,4.352941176470588,3.0,0.0,0.0,30.030714622867496,Moderate Risk
18232,Vaidyanath Blood Centre,Bid,Parli-Vajinath,Parli,32,0.15625,0.34375,15.625,34.375,36.458333333333336,1.1599670142567036,44.63759841405704,17.0,17.0,0.0,100.0,4.352941176470588,3.0,0.0,0.0,27.031977249130126,Moderate Risk
18233,Pallavi Blood Centre Govandi East,Mumbai,Mumbai,Govandi East,16,0.375,0.125,37.5,12.5,47.91666666666667,0.3749010158521912,21.721836527105324,4.0,0.0,4.0,0.0,0.0,0.0,100.0,100.0,56.546167731257334,High Risk
18234,Sanjivan   Blood Centre,Chandrapur,Chandrapur,Kasturba Rd,208,0.21153846153846154,0.39903846153846156,21.153846153846153,39.90384615384615,45.59294871794872,0.46327051466039454,27.12041731787835,6.0,2.0,4.0,33.33333333333333,2.0,2.0,66.66666666666667,66.66666666666667,46.46001090083124,Moderate Risk
18236,"Indian Red Cross Society, Dr. Bhalchandra Blood Centre",Latur,Latur,Ircs,208,0.3317307692307692,0.49038461538461536,33.17307692307692,49.03846153846153,63.86217948717948,1.6759280456358658,59.71468151788339,15.0,13.0,2.0,86.66666666666667,5.153846153846154,3.0,13.333333333333329,13.333333333333329,45.63673144613207,Moderate Risk
18237,"Dean, Maeer,S Smt.Saraswati Karad Blood Centre",Latur,Latur,Ambajogai,208,0.014423076923076924,0.014423076923076924,1.4423076923076923,1.4423076923076923,2.403846153846154,0.2851341824208701,21.785811295808955,3.0,3.0,0.0,100.0,1.0,1.0,0.0,0.0,8.063219149885036,Low Risk
18238,"Ircs Nagappa Ambarkhane Blood Centre, Udgir",Latur,Udgir,Udgir,208,0.19230769230769232,0.30288461538461536,19.230769230769234,30.288461538461537,35.49679487179487,0.8314481796808297,39.723485420945266,2.0,2.0,0.0,100.0,20.0,20.0,0.0,0.0,25.073426764246715,Moderate Risk
18240,"Ankur Hospital Blood Centre, Chandrapur",Chandrapur,Chandrapur,Balaji Nagar,208,0.20192307692307693,0.4326923076923077,20.192307692307693,43.269230769230774,50.080128205128204,0.3721029660886473,25.081913307849888,6.0,5.0,1.0,83.33333333333334,3.2,1.0,16.666666666666657,16.666666666666657,30.609569393214915,Moderate Risk
18241,Shrikrishna Blood Center,Osmanabad,Omerga,Ajay Nagar,112,0.026785714285714284,0.26785714285714285,2.6785714285714284,26.785714285714285,15.327380952380953,0.5161915722059833,31.313604852664184,1.0,1.0,0.0,100.0,13.0,13.0,0.0,0.0,15.546995268348377,Low Risk
18241,Shrikrishna Blood Center ,Osmanabad,Omerga,Ajay Nagar,96,0.10416666666666667,0.17708333333333334,10.416666666666668,17.708333333333336,17.534722222222225,0.5161915722059833,31.313604852664184,1.0,1.0,0.0,100.0,13.0,13.0,0.0,0.0,16.282775691628803,Low Risk
18243,"Indian Red Cross Society Blood Centre, Nanded",Nanded,Nanded,Vazirabad,208,0.5432692307692307,0.33653846153846156,54.32692307692307,33.65384615384615,73.5576923076923,0.9231338633966533,38.89501158891924,10.0,7.0,3.0,70.0,7.0,11.0,30.0,30.0,47.48423463220385,Moderate Risk
18244,Golwalkari Guruji Blood Centre,Nanded,Nanded,Banda Chat,208,0.052884615384615384,0.46153846153846156,5.288461538461538,46.15384615384615,36.53846153846153,0.4296043479084572,29.317328617698042,3.0,3.0,0.0,100.0,3.6666666666666665,5.0,0.0,0.0,21.95193005205319,Low Risk
18247,Navjivan Blood Centre Mged By Saraswati Vidyaprasarak Foundation,Mumbai,Mumbai,Borivali,208,0.1875,0.40865384615384615,18.75,40.86538461538461,44.31089743589744,0.7551474327000134,39.271043483150265,7.0,7.0,0.0,100.0,5.571428571428571,2.0,0.0,0.0,27.8606469730159,Moderate Risk
18248,Noor Hospital Blood Centre,Jalna,Warudi,Jalna,208,0.04807692307692308,0.40384615384615385,4.807692307692308,40.38461538461539,29.326923076923073,0.48336667157376123,31.89740713059403,6.0,6.0,0.0,100.0,1.6666666666666667,1.0,0.0,0.0,20.408110069172366,Low Risk
18250,"Kanthak Sevabhavi Sanstha, New Life Blood  Centre, Parbhani",Parbhani,Parbhani,Station Road,208,0.375,0.625,37.5,62.5,68.26923076923077,0.04657704893618,3.393304147099596,3.0,0.0,3.0,0.0,0.0,0.0,100.0,100.0,57.22084497211012,High Risk
18251,"Blood Center Government Medical College And Hospital, Osmanabad",Osmanabad,Osmanabad,Marwadi Galli Osmanabad,112,0.3482142857142857,0.3482142857142857,34.82142857142857,34.82142857142857,55.65476190476192,1.3266911411318554,47.37687412034593,16.0,13.0,3.0,81.25,2.6153846153846154,2.0,18.75,18.75,40.593878675035945,Moderate Risk
18251,"Blood Center Government Medical College And Hospital, Osmanabad ",Osmanabad,Osmanabad,Marwadi Galli Osmanabad,96,0.28125,0.3854166666666667,28.125,38.54166666666667,54.34027777777778,1.3266911411318554,47.37687412034593,16.0,13.0,3.0,81.25,2.6153846153846154,2.0,18.75,18.75,40.15571729937457,Moderate Risk
18252,"Dean, Govt. Medical College Hospital Blood Centre Aurangabad",Aurangabad,Aurangabad,Jublee Park,208,0.0,0.10096153846153846,0.0,10.096153846153847,5.528846153846153,0.37098092539753097,26.33310283345007,0.0,0.0,0.0,100.0,0.0,0.0,0.0,0.0,10.620649662432074,Low Risk
18253,"Shri Balaji Blood Centre , Blood Component Lab And Blood Transfusion Center",Amravati,Amravati,Ambapeth,208,0.27403846153846156,0.22596153846153846,27.403846153846157,22.596153846153847,38.621794871794876,0.8796636094904743,40.43789771349406,8.0,7.0,1.0,87.5,7.428571428571429,6.0,12.5,12.5,30.51989752842964,Moderate Risk
18255,"Dr. P.D.M.H.C. Hospital And Research Centre, Blood Centre",Amravati,Amravati,Shivaji Nagar,16,0.0,0.4375,0.0,43.75,29.166666666666668,0.3430047219987006,23.426770245971944,0.0,0.0,0.0,100.0,0.0,0.0,0.0,0.0,17.531145637546203,Low Risk
18256,M/S Late Dr. Sadanandji Burma Trust Blood Centre,Amravati,Amravati,Amravati,208,0.10576923076923077,0.47596153846153844,10.576923076923077,47.59615384615385,39.82371794871795,0.6411130006242581,38.28381135854933,10.0,10.0,0.0,100.0,2.2,1.0,0.0,0.0,26.035843102422422,Moderate Risk
18257,"Sant Gadgebaba Blood Centre And Component Centre, Badnera",Amravati,Amravati,Badnera,208,0.10576923076923077,0.3557692307692308,10.576923076923077,35.57692307692308,29.807692307692307,0.5522760094932665,31.577924813643172,4.0,3.0,1.0,75.0,7.0,8.0,25.0,25.0,28.79520570711183,Moderate Risk
18258,"Dr Mankar Memorial Trust, Late. Dr. B.P. Thakre Memorial Component Blood    Centre",Akola,Akola,Akola,8,0.375,0.125,37.5,12.5,47.91666666666667,1.3341092586994674,50.20241606052263,13.0,9.0,4.0,69.23076923076923,5.444444444444445,3.0,30.769230769230774,30.769230769230774,42.962771165473356,Moderate Risk
18258,"Dr Mankar Memorial Trust, Late. Dr. B.P. Thakre Memorial Component Blood  Centre",Akola,Akola,Akola,200,0.25,0.28,25.0,28.000000000000004,46.0,1.3341092586994674,50.20241606052263,13.0,9.0,4.0,69.23076923076923,5.444444444444445,3.0,30.769230769230774,30.769230769230774,42.32388227658447,Moderate Risk
18261,Akola Diagnostic Centre Blood Centre And Component Lab,Akola,Akola,Ramnagar,208,0.1201923076923077,0.42788461538461536,12.01923076923077,42.78846153846153,35.65705128205128,1.1659167546883082,47.35009948635033,14.0,14.0,0.0,100.0,1.7857142857142858,1.0,0.0,0.0,27.66905025613387,Moderate Risk
18262,"Civil Surgeon, District General Hospital Blood Centre",Parbhani,Parbhani,Parbhani,208,0.014423076923076924,0.25961538461538464,1.4423076923076923,25.961538461538463,12.33974358974359,0.3806877880600626,26.91844916597927,3.0,3.0,0.0,100.0,1.0,1.0,0.0,0.0,13.08606425190762,Low Risk
18264,"Medical Supritendant District-Hospital For Women, Blood Centre(C.S)",Akola,Akola,Akola,208,1.0,0.0,100.0,0.0,100.0,0.0,0.0,8.0,0.0,8.0,0.0,0.0,0.0,100.0,100.0,66.66666666666667,High Risk
18265,"Nandkishor Education Society Trust, Arpan Voluntary Blood Centre",Nagpur,Nagpur,Gandhi Nagar,208,0.09615384615384616,0.5480769230769231,9.615384615384617,54.807692307692314,45.11217948717948,0.7927098841220391,42.94688355671813,5.0,5.0,0.0,100.0,4.0,2.0,0.0,0.0,29.353021014632535,Moderate Risk
18266,"Adarsh Sanskaar Mandal  Sanchalit, Dr. Hedgewar Rakta Pedhi, Blood Centre",Akola,Akola,Near Jathat Peth,208,0.028846153846153848,0.4807692307692308,2.8846153846153846,48.07692307692308,36.217948717948715,0.47751906657402793,30.495090613271106,3.0,2.0,1.0,66.66666666666666,2.5,2.5,33.33333333333334,33.33333333333334,33.34879088818439,Moderate Risk
18267,Sau. Kantadevi Dale Blood Centre,Washim,Washim,Washim,208,0.5336538461538461,0.41346153846153844,53.36538461538461,41.34615384615385,72.19551282051283,1.868550928396,48.15453008875974,11.0,7.0,4.0,63.63636363636363,3.2857142857142856,2.0,36.36363636363637,36.36363636363637,52.23789309096964,High Risk
18268,Arpan Blood Centre Blood Component And Apheresis Centre,Latur,Latur,Sawe Wadi,208,0.028846153846153848,0.32211538461538464,2.8846153846153846,32.21153846153847,18.669871794871792,0.35102169368487035,25.37456634728761,6.0,6.0,0.0,100.0,1.0,1.0,0.0,0.0,14.681479380719802,Low Risk
18269,"Shri. Brahman Swrankar Samaj Trust, Blood Centre",Buldana,Buldana,Khamgaon,208,0.5,0.5,50.0,50.0,80.28846153846155,0.04504907263543279,3.3114759123101214,4.0,0.0,4.0,0.0,0.0,0.0,100.0,100.0,61.19997915025723,High Risk
18275,Shri Gajanan Blood Centre And Components,Yavatmal,Yavatmal,Bajaj Satkar Bhavan,208,0.9951923076923077,0.004807692307692308,99.51923076923077,0.4807692307692308,99.91987179487178,0.6249999999999999,10.416666666666666,8.0,0.0,8.0,0.0,0.0,0.0,100.0,100.0,70.11217948717949,High Risk
18276,"Medical Superitendant, Government Hospital Blood Centre(Khamgaon)",Buldana,Khamgaon,Shegaon,208,1.0,0.0,100.0,0.0,100.0,0.0,0.0,8.0,0.0,8.0,0.0,0.0,0.0,100.0,100.0,66.66666666666667,High Risk
18277,"Civil Surgeon, District General Hospital Blood Centre",Buldana,Buldana,Prabadhan School,208,0.16346153846153846,0.7403846153846154,16.346153846153847,74.03846153846155,66.58653846153845,0.7175649237335832,39.00824973722003,13.0,11.0,2.0,84.61538461538461,2.090909090909091,1.0,15.384615384615387,15.384615384615387,40.32646786112462,Moderate Risk
18278,Dr. Murlidhar Kharche Memorial Jeevan Jyoti Blood Centre,Buldana,Malkapur,Malkapur,208,1.0,0.0,100.0,0.0,100.0,0.0,0.0,8.0,0.0,8.0,0.0,0.0,0.0,100.0,100.0,66.66666666666667,High Risk
18279,"Medical Superitendant, Saibai Mote General Hospital Blood Centre, Shegaon",Buldana,Shegaon,Shegaon,208,1.0,0.0,100.0,0.0,100.0,0.0,0.0,8.0,0.0,8.0,0.0,0.0,0.0,100.0,100.0,66.66666666666667,High Risk
18283,Dr. Hegdewar Blood Centre,Nagpur,Nagpur,Laxmibhuvan Square,208,0.052884615384615384,0.34134615384615385,5.288461538461538,34.13461538461539,27.403846153846157,0.6583394520748959,39.08649276439257,9.0,9.0,0.0,100.0,1.2222222222222223,1.0,0.0,0.0,22.163446306079575,Low Risk
18284,"Nkp Salve Inst.Of Med.Sci. And Res.Center.Lata Mangeshkar Hosp, Blood Centre",Nagpur,Nagpur,Hingna,208,0.3701923076923077,0.5240384615384616,37.019230769230774,52.40384615384615,66.10576923076923,1.7216859939004647,46.08053578364851,4.0,3.0,1.0,75.0,17.0,25.0,25.0,25.0,45.72876833813925,Moderate Risk
18285,Sainath Blood Centre,Nagpur,Nagpur,Hotel Centre,208,0.1201923076923077,0.39903846153846156,12.01923076923077,39.90384615384615,37.820512820512825,0.5643972562962547,34.22284122482416,12.0,11.0,1.0,91.66666666666666,2.1818181818181817,1.0,8.333333333333343,8.333333333333343,26.792229126223443,Moderate Risk
18286,Jeevan Jyoti Blood Centre And Component,Nagpur,Nagpur,Laxmi Nagar,208,0.25,0.6153846153846154,25.0,61.53846153846154,64.58333333333334,1.1614011397214448,52.892086894000784,21.0,19.0,2.0,90.47619047619048,2.3157894736842106,2.0,9.523809523809518,9.523809523809518,42.33307658371455,Moderate Risk
18287,Ayush Blood Centre And Component Lab Ramdaspeth Nagpur,Nagpur,Nagpur,Dhantoli,208,0.21153846153846154,0.35096153846153844,21.153846153846153,35.09615384615385,43.18910256410257,0.8131064518046934,42.880332779936694,8.0,8.0,0.0,100.0,5.5,5.0,0.0,0.0,28.68981178134642,Moderate Risk
18288,Lifeline Blood Centre Nagpur,Nagpur,Nagpur,Central Bazar Road,208,0.019230769230769232,0.8461538461538461,1.9230769230769231,84.61538461538461,56.730769230769226,1.0226904575566695,46.76416073714339,3.0,3.0,0.0,100.0,1.3333333333333333,1.0,0.0,0.0,34.498309989304204,Moderate Risk
18289,Rainbow Blood Centre,Nagpur,Nagpur,Rainbow Diagnostic Services Central Bazar Ro,208,0.10576923076923077,0.3942307692307692,10.576923076923077,39.42307692307692,33.81410256410256,0.6393171473721403,35.239065396500216,3.0,2.0,1.0,66.66666666666666,9.5,9.5,33.33333333333334,33.33333333333334,34.12883376464537,Moderate Risk
18290,Dean Government Medical College And Super Speciality Hospital Blood Centre,Nagpur,Nagpur,Ajni,208,1.0,0.0,100.0,0.0,100.0,0.0,0.0,8.0,0.0,8.0,0.0,0.0,0.0,100.0,100.0,66.66666666666667,High Risk
18291,"District - Civil Surgeon,  General Hospital Blood Centre Wardha",Wardha,wardha,General Hosp,208,0.2403846153846154,0.40384615384615385,24.03846153846154,40.38461538461539,51.28205128205129,0.788119903710335,40.52045965733045,14.0,10.0,4.0,71.42857142857143,2.7,1.5,28.57142857142857,28.57142857142857,40.12464650360344,Moderate Risk
18292,"Kasturba Health SocietyS, Blood Centre, Sevagram(Mgims)",Wardha,Wardha,Department Of Pathology,208,0.3269230769230769,0.14903846153846154,32.69230769230769,14.903846153846153,40.785256410256416,0.920313751254641,34.31058906458395,8.0,6.0,2.0,75.0,5.0,4.5,25.0,25.0,33.365281824946784,Moderate Risk
18293,Jawaharlal Nehru Medical College Blood Centre,Wardha,wardha,Sawangi Meghe,208,0.17307692307692307,0.4230769230769231,17.307692307692307,42.30769230769231,40.94551282051281,1.0246305319136615,36.14873840024602,4.0,2.0,2.0,50.0,2.5,2.5,50.0,50.0,42.364750406919605,Moderate Risk
18295,"Arpan Blood Centre,Blood Component Lab. And Aphersis Centre",Ahmadnagar,Sangamner,Swatantrya,208,0.17307692307692307,0.3269230769230769,17.307692307692307,32.69230769230769,33.253205128205124,0.8505197867645548,40.293812832899086,7.0,7.0,0.0,100.0,5.142857142857143,2.0,0.0,0.0,24.515672653701404,Low Risk
18297,The Santajee Educational And Medical Foundation Trusts Navjeevan Blood Centre,Nashik,Nashik,Mumbai Naka,208,0.09615384615384616,0.2932692307692308,9.615384615384617,29.326923076923077,25.16025641025641,0.26789228698179496,16.887348375571843,7.0,7.0,0.0,100.0,2.857142857142857,1.0,0.0,0.0,14.015868261942751,Low Risk
27104,Sanjeevani Blood Centre,Aurangabad,Aurangabad,Jawahar,208,0.24519230769230768,0.36538461538461536,24.519230769230766,36.53846153846153,43.34935897435897,0.674188645490067,36.603377035453256,5.0,2.0,3.0,40.0,1.0,1.0,60.0,60.0,46.65091200327074,Moderate Risk
27105,Indian Red Cross Society Blood Bank Ratnagiri,Ratnagiri,Ratnagiri,Nagarparishad Compound,208,0.3076923076923077,0.19230769230769232,30.76923076923077,19.230769230769234,46.31410256410256,0.9229066162615058,37.97763008316006,6.0,3.0,3.0,50.0,11.666666666666666,14.0,50.0,50.0,44.76391088242087,Moderate Risk
27107,TATA MEMORIAL CENTRE- TATA MEMORIAL HOSPITAL,Mumbai,Mumbai,Parel,64,0.53125,0.4375,53.125,43.75,62.760416666666664,0.5374383472698914,25.869972047713002,16.0,12.0,4.0,75.0,4.25,3.0,25.0,25.0,37.87679623812655,Moderate Risk
27107,TATA MEMORIAL CENTRE-ACTREC,Mumbai,Mumbai,Parel,144,0.8402777777777778,0.1597222222222222,84.02777777777779,15.972222222222221,87.5,0.5374383472698914,25.869972047713002,16.0,12.0,4.0,75.0,4.25,3.0,25.0,25.0,46.12332401590434,Moderate Risk
27108,Jankalyan Blood Center,Nandurbar,Nandurbar,Desaipura,208,0.0,0.0,0.0,0.0,0.0,0.1565578519864051,12.81260856051394,0.0,0.0,0.0,100.0,0.0,0.0,0.0,0.0,4.270869520171313,Low Risk
27109,District General Hospital Blood Bank Satara,Satara,Satara,Sadar,208,1.0,0.0,100.0,0.0,100.0,0.0,0.0,8.0,0.0,8.0,0.0,0.0,0.0,100.0,100.0,66.66666666666667,High Risk
27111,Shwas foundation kavathemahankal trust sanchalit maha blood centre and   comprehensive thalassemia day,Pune,Pune,Saswad,8,0.0,0.625,0.0,62.5,24.999999999999996,0.4865380615158253,32.3034991580856,3.0,3.0,0.0,100.0,1.0,1.0,0.0,0.0,19.101166386028535,Low Risk
27111,Shwas foundation kavathemahankal trust sanchalit maha blood centre and  comprehensive thalassemia day,Pune,Pune,Saswad,200,0.015,0.37,1.5,37.0,22.416666666666668,0.4865380615158253,32.3034991580856,3.0,3.0,0.0,100.0,1.0,1.0,0.0,0.0,18.240055274917424,Low Risk
27113,"Blood Bank Civil Hospital, Chandrapura",Chandrapur,Chandrapur,Near Chota Bazar,208,0.375,0.3942307692307692,37.5,39.42307692307692,55.128205128205124,0.0335029697130245,2.6421405363636774,3.0,0.0,3.0,0.0,0.0,0.0,100.0,100.0,52.59011522152293,High Risk
27114,"Blood Bank Civil Hospital, Amravati",Amravati,Amravati,Dr. Babasaheb Ambedkar Chowk Dist,208,0.02403846153846154,0.5576923076923077,2.403846153846154,55.769230769230774,32.37179487179487,0.5219065818098595,32.5238467342637,5.0,5.0,0.0,100.0,1.0,1.0,0.0,0.0,21.63188053535286,Low Risk
27115,"Blood Bank Civil Hospital, Beed",Beed,Beed,Barshi,176,0.125,0.7386363636363636,12.5,73.86363636363636,57.67045454545454,0.9539959807937058,45.94949731246891,5.0,5.0,0.0,100.0,4.8,2.0,0.0,0.0,34.539983952641144,Moderate Risk
27115,"Blood Bank Civil Hospital, Beed",Bid,Beed,Barshi,32,0.0625,0.4375,6.25,43.75,33.33333333333333,0.9539959807937058,45.94949731246891,5.0,5.0,0.0,100.0,4.8,2.0,0.0,0.0,26.42761021526741,Moderate Risk
27116,"Blood Bank Civil Hospital, Alibag",Raigarh,Alibag,Alibag,208,0.12980769230769232,0.4375,12.980769230769232,43.75,37.25961538461539,0.7934262689293545,36.95573894084186,5.0,5.0,0.0,100.0,5.4,1.0,0.0,0.0,24.73845144181908,Low Risk
27117,"Blood Bank Civil Hospital, Bhandara",Bhandara,Bhandara,General Hospital Blood Bank,208,0.25,0.28365384615384615,25.0,28.365384615384613,39.90384615384615,0.9082590632036969,43.89522435460648,22.0,21.0,1.0,95.45454545454545,2.2857142857142856,1.0,4.545454545454547,4.545454545454547,29.448175017969064,Moderate Risk
27118,"Blood Bank Civil Hospital, Ratnagiri",Ratnagiri,Ratnagiri,Districhospital Ratnagiri,208,0.22115384615384615,0.2403846153846154,22.115384615384613,24.03846153846154,33.57371794871795,0.9664335109028988,37.242341127867086,6.0,5.0,1.0,83.33333333333334,5.4,2.0,16.666666666666657,16.666666666666657,29.1609085810839,Moderate Risk
27119,"Blood Bank Civil Hospital, Solapur",Solapur,Solapur,Rasta Peth,208,0.1778846153846154,0.6057692307692307,17.78846153846154,60.57692307692307,56.730769230769226,0.6804775674656227,38.36652135940855,9.0,8.0,1.0,88.88888888888889,3.125,3.0,11.111111111111114,11.111111111111114,35.4028005670963,Moderate Risk
27120,Sasoon Blood Centre Pune,Pune,Pune,Opp.Ambedkar Chawk,208,0.25,0.33653846153846156,25.0,33.65384615384615,43.910256410256416,1.1197211247503296,50.110724887032454,8.0,6.0,2.0,75.0,4.0,2.5,25.0,25.0,39.67366043242962,Moderate Risk
27121,"Government Medical College And Hospital ,Blood Centre, Miraj",Sangli,Miraj,Pandharpur Rd,208,0.11057692307692307,0.38461538461538464,11.057692307692307,38.46153846153847,36.05769230769231,0.5204460987392944,32.35999615068007,8.0,7.0,1.0,87.5,2.142857142857143,1.0,12.5,12.5,26.972562819457455,Moderate Risk
27122,Indira Gandhi Medical College & Hospital Nagpur,Nagpur,Nagpur,Central Avenue,208,0.03365384615384615,0.5625,3.3653846153846154,56.25,35.81730769230769,0.881388478307374,41.64653187180358,5.0,4.0,1.0,80.0,1.5,1.0,20.0,20.0,32.487946521370425,Moderate Risk
27123,Civil Hospital Washim,Washim,Washim,Near Akola Naka,208,0.4951923076923077,0.3076923076923077,49.519230769230774,30.76923076923077,72.11538461538461,1.2033551461051373,45.03030016693657,13.0,9.0,4.0,69.23076923076923,6.444444444444445,4.0,30.769230769230774,30.769230769230774,49.30497185051732,Moderate Risk
27124,"Central Hospital Blood Centre, Ulhasnagar, Thane",Thane,ulhasnagar,Ulhasnagar,208,0.15384615384615385,0.5096153846153846,15.384615384615385,50.96153846153846,49.03846153846153,0.7303113094410582,39.179290736985806,5.0,3.0,2.0,60.0,2.3333333333333335,1.0,40.0,40.0,42.73925075848245,Moderate Risk
27126,Civil Hospital Sindhudurg,Sindhudurg,Kudal,Sindhudurg,208,0.004807692307692308,0.47115384615384615,0.4807692307692308,47.11538461538461,18.910256410256405,0.35892507671179597,25.890742492255633,1.0,1.0,0.0,100.0,1.0,1.0,0.0,0.0,14.933666300837345,Low Risk
27127,"Blood Centre, Govt.Medical College, General Hospital Latur",Latur,Latur,Gandhi Chowk,208,0.15384615384615385,0.33653846153846156,15.384615384615385,33.65384615384615,39.42307692307692,0.5618976708430883,34.340378875224296,14.0,11.0,3.0,78.57142857142857,2.090909090909091,2.0,21.42857142857143,21.42857142857143,31.73067574229088,Moderate Risk
27128,Patangshah Cottage Hospital Blood Centre Jawhar Palghar,Palghar,Jawhar,Palghar,168,1.0,0.0,100.0,0.0,100.0,0.0,0.0,8.0,0.0,8.0,0.0,0.0,0.0,100.0,100.0,66.66666666666667,High Risk
27129,"Dean, Govt. Medical College Hospital Blood Centre Akola",Akola,Akola,Dist.Gen Hospital Comp. Z.P.Road,208,0.07692307692307693,0.6875,7.6923076923076925,68.75,42.387820512820504,0.6267646798360175,36.656552170458234,7.0,6.0,1.0,85.71428571428571,2.5,1.0,14.285714285714292,14.285714285714292,31.110028989664343,Moderate Risk
27130,"Medical Supritentent Sub-District (Rural) Hospital Blood Centre, Gadchiroli  Aheri",Gadchiroli,Aheri,Gadchiroli,208,1.0,0.0,100.0,0.0,100.0,0.0,0.0,8.0,0.0,8.0,0.0,0.0,0.0,100.0,100.0,66.66666666666667,High Risk
27131,Dr.Shankarrao Chavan Government Medical College And Hospital Blood Centre  Nanded,Nanded,Nanded,Vishnupuri,208,0.375,0.21153846153846154,37.5,21.153846153846153,49.19871794871795,0.7627798965581316,39.470733469416416,29.0,24.0,5.0,82.75862068965517,1.6666666666666667,1.0,17.241379310344826,17.241379310344826,35.3036102428264,Moderate Risk
27133,Daga Memorial Women Govt. Hospital Blood Centre Nagpr,Nagpur,Nagpur,Gandhibag,208,1.0,0.0,100.0,0.0,100.0,0.0,0.0,8.0,0.0,8.0,0.0,0.0,0.0,100.0,100.0,66.66666666666667,High Risk
27145,"Civil Surgeon, District General Hospital Blood Centre & Blood Component Unit  Hingoli",Hingoli,Hingoli,Hingoli Akola,208,0.20192307692307693,0.27884615384615385,20.192307692307693,27.884615384615387,40.22435897435897,0.8932680345454823,39.78806006830559,5.0,2.0,3.0,40.0,6.0,6.0,60.0,60.0,46.67080634755485,Moderate Risk
27146,"Govt. Medical College Blood Centre, Nagpur",Nagpur,Nagpur,Hospital Building,208,0.5,0.2644230769230769,50.0,26.442307692307693,67.70833333333333,1.3917910829332871,46.587388402536405,12.0,9.0,3.0,75.0,4.666666666666667,3.0,25.0,25.0,46.43190724528991,Moderate Risk
27150,"Sub -Dist Cottage Hospital, Blood Centre , Sawantwadi, Sindhudurg",Sindhudurg,Sawantwadi,Sindhudurg,208,1.0,0.0,100.0,0.0,100.0,0.0,0.0,8.0,0.0,8.0,0.0,0.0,0.0,100.0,100.0,66.66666666666667,High Risk
27152,Bai Gangabai Ladies Hospital Blood Centre Gondiya,Gondiya,Gondia,Civil Lines,208,0.5,0.3894230769230769,50.0,38.94230769230769,68.99038461538461,0.249381504777487,15.736875547336053,4.0,0.0,4.0,0.0,0.0,0.0,100.0,100.0,61.57575338757355,High Risk
27154,"Sir, J.J. Group Hospital Blood Centre, Byculla Mumbai",Mumbai,Mumbai,Byculla,208,0.004807692307692308,0.4423076923076923,0.4807692307692308,44.230769230769226,26.121794871794872,0.7266418909493682,38.31555484945814,1.0,1.0,0.0,100.0,1.0,1.0,0.0,0.0,21.479116573751003,Low Risk
27160,Spandan Blood Centre Yavatmal,Yavatmal,Umerkhed,Yavatmal,208,0.12980769230769232,0.41346153846153844,12.980769230769232,41.34615384615385,39.66346153846153,0.9976920047340166,36.05182772190633,4.0,3.0,1.0,75.0,2.6666666666666665,1.0,25.0,25.0,33.57176308678928,Moderate Risk
27162,Jeevan Dhara Blood Centre,Pune,Pune,Dhanori,208,0.28846153846153844,0.375,28.846153846153843,37.5,52.96474358974359,0.9662976997764348,42.07197172861379,8.0,7.0,1.0,87.5,7.142857142857143,4.0,12.5,12.5,35.845571772785796,Moderate Risk
27163,"Matoshree Blood Centre, Blood Component and Apheresis Centre",Parbhani,Parbhani,Jintur,208,0.19230769230769232,0.5769230769230769,19.230769230769234,57.692307692307686,56.08974358974359,0.7418186932972668,37.06217321727966,5.0,2.0,3.0,40.0,4.0,4.0,60.0,60.0,51.050638935674414,High Risk
27164,HINDU HRUDAYSAMRAT BALASAHEB  THACKERAY  HOSPITAL BLOOD CENTRE,Nashik,Nashik,Deolali,208,0.2403846153846154,0.6057692307692307,24.03846153846154,60.57692307692307,64.50320512820514,0.46333025279492346,29.101210941001916,4.0,2.0,2.0,50.0,9.5,9.5,50.0,50.0,47.86813868973568,Moderate Risk
27165,Panchavati Blood Centre Nashik,Nashik,Nashik,Tarwala Nagar,208,0.15865384615384615,0.375,15.865384615384615,37.5,40.7051282051282,0.9242482896904899,42.613537739167775,13.0,11.0,2.0,84.61538461538461,2.3636363636363638,1.0,15.384615384615387,15.384615384615387,32.90109377630379,Moderate Risk
27166,M/s. Jupiter Hospital Blood Centre Kalyan Thane,Thane,Thane,Kalyan,208,0.24519230769230768,0.3557692307692308,24.519230769230766,35.57692307692308,45.833333333333336,0.4990674948450443,29.308811128094995,7.0,6.0,1.0,85.71428571428571,4.166666666666667,1.0,14.285714285714292,14.285714285714292,29.809286249047542,Moderate Risk
27167,Warje Blood Centre,Pune,Pune,Warje,208,0.02403846153846154,0.625,2.403846153846154,62.5,42.94871794871795,0.5791045205046178,34.82983881505335,1.0,1.0,0.0,100.0,5.0,5.0,0.0,0.0,25.926185587923765,Moderate Risk
27168,Siddeshwar Pratisthans Manwath Blood Centre,Parbhani,Manwath,Manwath,208,0.1778846153846154,0.3269230769230769,17.78846153846154,32.69230769230769,41.34615384615385,0.280956710793356,19.657607901310442,3.0,2.0,1.0,66.66666666666666,5.5,5.5,33.33333333333334,33.33333333333334,31.44569836026588,Moderate Risk
27169,Ocean Bahuudeshiya Sansthas Lions Blood Centre Wardha,Wardha,Wardha,Shastri Chowk,208,0.08653846153846154,0.47596153846153844,8.653846153846153,47.59615384615385,38.94230769230769,0.5599365728105555,33.97360401716291,4.0,2.0,2.0,50.0,1.5,1.5,50.0,50.0,40.97197056982353,Moderate Risk
27170,B S P Medical College Blood Centre Chh Sambhaji Nagar,Aurangabad,Aurangabad,Beed Highway Road Nipani Bhalgaon Chh.Sambhaji Nagar,208,0.02403846153846154,0.38461538461538464,2.403846153846154,38.46153846153847,23.15705128205128,0.3673503418913952,25.11327657992029,1.0,0.0,1.0,0.0,0.0,0.0,100.0,100.0,49.42344262065719,Moderate Risk
27171,Shri Chhatrapati Shivaji Bahuuddheshiya Sansthas Varad Blood Centre Dhule,Dhule,Dhule,Manmad Junction,208,0.057692307692307696,0.4182692307692308,5.769230769230769,41.82692307692308,29.326923076923073,0.738381027993642,40.950941984246896,1.0,1.0,0.0,100.0,12.0,12.0,0.0,0.0,23.42595502038999,Low Risk
27174,MGM College Nerul Blood Centre,Thane,Thane,Belapur,208,0.8653846153846154,0.0625,86.53846153846155,6.25,91.66666666666667,0.7635955854125716,23.801950910716833,8.0,0.0,8.0,0.0,0.0,0.0,100.0,100.0,71.8228725257945,High Risk
27177,Warud Blood Centre Tal Warud Dis Amravati,Amravati,Warud,Warud,208,0.3125,0.27884615384615385,31.25,27.884615384615387,47.59615384615385,0.9499712128317275,38.92545798509397,3.0,1.0,2.0,33.33333333333333,24.0,24.0,66.66666666666667,66.66666666666667,51.06275949930483,High Risk
27178,Shri Balaji Blood Centre component Lab Apheresis & Research centre,Amravati,Achalpur,Achalpur,208,0.27403846153846156,0.40384615384615385,27.403846153846157,40.38461538461539,56.08974358974359,0.5786205010238676,30.20448446599686,4.0,2.0,2.0,50.0,13.0,13.0,50.0,50.0,45.43140935191349,Moderate Risk
27179,Shree Mangalmurti Blood Centre Component and Apheresis Centre,Hingoli,Hingoli,Hingoli,208,0.4567307692307692,0.2980769230769231,45.67307692307692,29.807692307692307,63.541666666666664,1.5720007550362527,57.68479459068624,15.0,10.0,5.0,66.66666666666666,3.0,1.0,33.33333333333334,33.33333333333334,51.519931530228746,High Risk
280120,Shree Swami Samarth Blood Centre,Ratnagiri,Ratnagiri,Shree Kshetra,208,0.014423076923076924,0.4855769230769231,1.4423076923076923,48.55769230769231,31.65064102564103,0.3656127178358525,25.98981450428009,1.0,1.0,0.0,100.0,3.0,3.0,0.0,0.0,19.213485176640372,Low Risk
280123,M/S Vidyashree Charitable Trusts Om Blood Centre,Pune,Pune,Mangalwar P,208,0.03365384615384615,0.5096153846153846,3.3653846153846154,50.96153846153846,28.125,0.507794705781833,32.39593824392405,6.0,6.0,0.0,100.0,1.1666666666666667,1.0,0.0,0.0,20.173646081308018,Low Risk
280124,M/S Pimpri Chinchwad Blood Centre,Pune,Pimpri,Mhada Commercial Complex,208,0.08653846153846154,0.4423076923076923,8.653846153846153,44.230769230769226,36.85897435897436,0.6179808937030336,36.38727107579602,4.0,3.0,1.0,75.0,5.666666666666667,4.0,25.0,25.0,32.74874847825679,Moderate Risk
280125,Red Plus Blood Centre Pune,Pune,Pune,Pmt B,208,0.014423076923076924,0.46634615384615385,1.4423076923076923,46.63461538461539,32.05128205128205,0.884265926900087,46.67657230857455,3.0,3.0,0.0,100.0,1.0,1.0,0.0,0.0,26.242618119952198,Moderate Risk
280126,Morya Blood Centre,Pune,Chinchwad,Midc,112,0.09821428571428571,0.4017857142857143,9.821428571428571,40.17857142857143,36.607142857142854,0.6327848097268898,37.556009114722855,2.0,2.0,0.0,100.0,9.0,9.0,0.0,0.0,24.721050657288572,Low Risk
280126,Morya Blood Centre ,Pune,Chinchwad,Midc,96,0.07291666666666667,0.5208333333333334,7.291666666666667,52.083333333333336,40.10416666666667,0.6327848097268898,37.556009114722855,2.0,2.0,0.0,100.0,9.0,9.0,0.0,0.0,25.886725260463177,Moderate Risk
280128,M/S Navi Mumbai Blood Centre,Raigarh,Kharghar,Kharghar,208,0.19230769230769232,0.625,19.230769230769234,62.5,57.37179487179487,0.7382412019615137,40.29039226533033,5.0,4.0,1.0,80.0,7.5,9.0,20.0,20.0,39.2207290457084,Moderate Risk
280130,"Indian Red Cross Society, Dr. Shirgaonkar Blood Centre",Sangli,Sangli,Red Cross Chowk,208,0.18269230769230768,0.38461538461538464,18.269230769230766,38.46153846153847,39.262820512820504,0.41506948593449194,26.97728857679324,4.0,2.0,2.0,50.0,5.5,5.5,50.0,50.0,38.74670302987125,Moderate Risk
280131,"Padma Bhushan Vasantdada Patil (Civil Surgeon), Govt. General Hospital Blood  Centre, Sangli",Sangli,Sangli,Govt. Genera,208,1.0,0.0,100.0,0.0,100.0,0.0,0.0,8.0,0.0,8.0,0.0,0.0,0.0,100.0,100.0,66.66666666666667,High Risk
280132,Prakash Blood Centre And Blood Component Seperation Unit,Sangli,Uran Islampur,Islampur,208,0.21153846153846154,0.28846153846153844,21.153846153846153,28.846153846153843,44.871794871794876,0.6075854683541722,32.37290675887068,5.0,3.0,2.0,60.0,11.0,11.0,40.0,40.0,39.081567210221856,Moderate Risk
280133,"S. S.Venutai Y. Chavan Sub-District Hospital, Blood Centre Karad",Satara,Karad,Budhwar Peth,208,1.0,0.0,100.0,0.0,100.0,0.0,0.0,8.0,0.0,8.0,0.0,0.0,0.0,100.0,100.0,66.66666666666667,High Risk
280138,Irrapanna N Bolli Blood Centre,Solapur,Solapur,Bhavani Peth,208,0.2403846153846154,0.23076923076923078,24.03846153846154,23.076923076923077,37.74038461538461,1.1775056119332759,42.912472320008405,4.0,3.0,1.0,75.0,12.666666666666666,10.0,25.0,25.0,35.21761897846434,Moderate Risk
280140,"M.M.Patel Public Charitable Trust,  Ashwini Rural Medical College And Hospital  Blood Centre",Solapur,Solapur,South Solapur,208,0.35096153846153844,0.5192307692307693,35.09615384615385,51.92307692307693,69.31089743589743,0.9183156768557759,41.78040846189867,13.0,10.0,3.0,76.92307692307693,4.1,2.5,23.076923076923066,23.076923076923066,44.72274299157306,Moderate Risk
280141,Mallikarjun Blood Centre,Solapur,Solapur,Sadar,208,0.04326923076923077,0.4326923076923077,4.326923076923077,43.269230769230774,28.766025641025646,1.206375608465381,52.08035074269645,3.0,2.0,1.0,66.66666666666666,1.0,1.0,33.33333333333334,33.33333333333334,38.05990323901848,Moderate Risk
280142,"Maharashtra Bloodbank, Component And Apheresis Center",Palghar,PALGHAR,Navli Railway Phatak,208,0.5288461538461539,0.4375,52.88461538461539,43.75,81.25,2.765115542976404,69.01044981463251,10.0,8.0,2.0,80.0,8.5,4.0,20.0,20.0,56.75348327154418,High Risk
280143,Triumph Foundations Triumph Blood Center,Thane,Thane,Thane West,208,0.5336538461538461,0.36538461538461536,53.36538461538461,36.53846153846153,75.64102564102565,2.479594324269087,64.81094303958623,12.0,9.0,3.0,75.0,6.222222222222222,2.0,25.0,25.0,55.15065622687063,High Risk
280144,M/S Sadgurus Charitable Blood Centre,Thane,Navi Mumbai,Kopar Khairane,16,0.25,0.3125,25.0,31.25,46.875,0.41349530440434823,25.01967378456162,3.0,1.0,2.0,33.33333333333333,1.0,1.0,66.66666666666667,66.66666666666667,46.18711348374276,Moderate Risk
280145,Terna Blood Centre,Thane,Thane,Nerul,208,0.15384615384615385,0.3894230769230769,15.384615384615385,38.94230769230769,42.868589743589745,0.6823074321337075,38.33008941695539,5.0,3.0,2.0,60.0,3.3333333333333335,1.0,40.0,40.0,40.39955972018171,Moderate Risk
280146,Blood Centre Shri Vasantrao Naik  Govt. Medical College And Hospital,Yavatmal,Yavatmal,Waghapur Road,208,0.019230769230769232,0.30288461538461536,1.9230769230769231,30.288461538461537,18.269230769230766,0.4464999528746527,29.909894747106012,4.0,4.0,0.0,100.0,1.0,1.0,0.0,0.0,16.059708505445595,Low Risk
280147,"Ocean Bahuuddeshiy Sanstha, M/S Ekneel Blood Centre",Yavatmal,Pusad,Yavatmal,208,0.02403846153846154,0.3173076923076923,2.403846153846154,31.73076923076923,19.230769230769234,0.446587490194702,29.88587001475756,5.0,5.0,0.0,100.0,1.0,1.0,0.0,0.0,16.372213081842265,Low Risk
280148,"M/S Adhar Blood Centre, Ichalkaranji",Kolhapur,Kolhapur,Ichalkaranji,208,0.28365384615384615,0.2644230769230769,28.365384615384613,26.442307692307693,46.63461538461539,0.9969024406412523,45.08505927793,12.0,9.0,3.0,75.0,3.0,1.0,25.0,25.0,38.90655822084846,Moderate Risk
280149,Advanced Centre For Treatment Reasearch And Education In Cancer,Raigarh,Panvel,Kharghar,208,0.4326923076923077,0.3125,43.269230769230774,31.25,62.900641025641036,1.2255632453079448,54.88469766601685,47.0,45.0,2.0,95.74468085106383,1.9555555555555555,2.0,4.255319148936167,4.255319148936167,40.68021928019802,Moderate Risk
280516,"Sadguru Gajanan Maharaj Education Society,  Paramedical Inst., Revneel Blood  Centre",Solapur,Sangola,Mahalaxmi,208,0.014423076923076924,0.30288461538461536,1.4423076923076923,30.288461538461537,13.381410256410255,0.47958880196707615,31.54659499966442,3.0,3.0,0.0,100.0,1.0,1.0,0.0,0.0,14.976001752024892,Low Risk
280520,Mgm Medical College And Hospital Blood Centre,Aurangabad,Aurangabad,Cidco,208,0.10576923076923077,0.5,10.576923076923077,50.0,41.746794871794876,0.581632432629596,35.663820591609365,3.0,1.0,2.0,33.33333333333333,6.0,6.0,66.66666666666667,66.66666666666667,48.02576071002363,Moderate Risk
280535,Jupiter Lifeline Hospital Blood Centre,Pune,Pune,Near Prathmesh Park,208,0.0673076923076923,0.3942307692307692,6.730769230769231,39.42307692307692,30.60897435897436,0.454161922812084,29.826096805949106,8.0,6.0,2.0,75.0,1.3333333333333333,1.0,25.0,25.0,28.47835705497449,Moderate Risk
280536,Apollo Hospital Charitable Trusts' Apollo Hospital Blood Centre,Raigarh,Navi Mumbai,Belapur,208,0.15384615384615385,0.5625,15.384615384615385,56.25,50.56089743589743,0.8304827403100327,44.94566008126526,11.0,9.0,2.0,81.81818181818183,2.6666666666666665,3.0,18.181818181818173,18.181818181818173,37.89612523299362,Moderate Risk
280537,M/S. Sri. Bhagwant Blood Centre,Solapur,Solapur,Near Kurduwadi Naka,112,0.026785714285714284,0.1875,2.6785714285714284,18.75,13.541666666666668,0.5748603300770866,36.13623857441162,3.0,3.0,0.0,100.0,1.0,1.0,0.0,0.0,16.559301747026097,Low Risk
280537,M/S. Sri. Bhagwant Blood Centre ,Solapur,Solapur,Near Kurduwadi Naka,96,0.0,0.3854166666666667,0.0,38.54166666666667,16.840277777777775,0.5748603300770866,36.13623857441162,3.0,3.0,0.0,100.0,1.0,1.0,0.0,0.0,17.658838784063132,Low Risk
280662,Mimer Medical College And Garware Blood Centre,Pune,Pune,Talegaon Dabhade,208,0.15384615384615385,0.42788461538461536,15.384615384615385,42.78846153846153,39.262820512820504,1.0766334278087886,38.565081370017076,2.0,1.0,1.0,50.0,7.0,7.0,50.0,50.0,42.60930062761253,Moderate Risk
280674,Pandharpur Blood Centre,Solapur,Pandharpur,Pandharpur,208,0.08173076923076923,0.2932692307692308,8.173076923076923,29.326923076923077,27.964743589743584,0.6749969864227555,39.38867170235527,5.0,5.0,0.0,100.0,3.4,2.0,0.0,0.0,22.451138430699615,Low Risk
280692,Pune Blood Centre,Pune,Pune,Hadapsar,208,0.052884615384615384,0.4230769230769231,5.288461538461538,42.30769230769231,31.08974358974359,0.5655990721889604,35.21993924063589,3.0,3.0,0.0,100.0,3.6666666666666665,1.0,0.0,0.0,22.103227610126492,Low Risk
280694,Medicare Blood Centre,Yavatmal,Pusad,Yavatmal,208,0.028846153846153848,0.4567307692307692,2.8846153846153846,45.67307692307692,27.884615384615387,0.3834394335544135,27.244940764499475,4.0,4.0,0.0,100.0,1.5,1.5,0.0,0.0,18.37651871637162,Low Risk
280696,Shaswat Blood Centre Sangli,Sangli,Miraj,Miraj,208,0.09615384615384616,0.27884615384615385,9.615384615384617,27.884615384615387,22.676282051282055,0.6712413564115095,38.56000663573915,3.0,3.0,0.0,100.0,6.666666666666667,2.0,0.0,0.0,20.412096229007066,Low Risk
280719,Swami Vivekanand Blood Centre,Nanded,Nanded,Nanded,200,0.035,0.465,3.5000000000000004,46.5,32.33333333333333,0.4083120455171231,27.274061536530038,3.0,2.0,1.0,66.66666666666666,1.5,1.5,33.33333333333334,33.33333333333334,30.980242734398903,Moderate Risk
280723,Mahalakshmi Blood Centre,Satara,karad,Mahalaxmi,208,0.0625,0.46634615384615385,6.25,46.63461538461539,37.339743589743584,0.6943687791119102,40.024179456583674,7.0,7.0,0.0,100.0,1.8571428571428572,1.0,0.0,0.0,25.78797434877575,Moderate Risk
280735,Jagiivan Ram Hospital (Western Railway) Blood Centre,Mumbai,Mumbai,Mumbai Central,16,0.0,0.25,0.0,25.0,17.708333333333336,0.2949405754067722,19.58120367370264,0.0,0.0,0.0,100.0,0.0,0.0,0.0,0.0,12.429845669011991,Low Risk
280738,Superitendent Gokuldas Tejpal Hospital,Mumbai,Mumbai,L.T.,208,1.0,0.0,100.0,0.0,100.0,0.0,0.0,8.0,0.0,8.0,0.0,0.0,0.0,100.0,100.0,66.66666666666667,High Risk
280753,Girija Blood Centre,Pune,Baramati,Baramati,208,0.004807692307692308,0.47115384615384615,0.4807692307692308,47.11538461538461,31.73076923076923,0.4030677656114896,27.45809428906769,1.0,1.0,0.0,100.0,1.0,1.0,0.0,0.0,19.729621173278975,Low Risk
280757,Nh Srcc ChildrenS Hospital Blood Centre,Mumbai,Mumbai,Mahalaxmi,208,0.12980769230769232,0.20192307692307693,12.980769230769232,20.192307692307693,25.080128205128204,0.5573506586869238,30.440619446125158,7.0,5.0,2.0,71.42857142857143,2.2,1.0,28.57142857142857,28.57142857142857,28.03072540756064,Moderate Risk
280765,Sspm Medical College  Lifetime Hospital Blood Centre,Sindhudurg,Kudal,Sindhudurg,208,0.40384615384615385,0.22115384615384615,40.38461538461539,22.115384615384613,54.96794871794872,0.5770780446169449,27.42590760257252,6.0,3.0,3.0,50.0,4.0,5.0,50.0,50.0,44.13128544017375,Moderate Risk
280766,Smt.Devakabai Kalyanji Cheddha Blood Centre,Palghar,Palgarh,Palghar,208,0.5769230769230769,0.22115384615384615,57.692307692307686,22.115384615384613,71.47435897435899,1.7497691102032957,63.026719791211654,28.0,21.0,7.0,75.0,4.285714285714286,2.0,25.0,25.0,53.167026255190216,High Risk
280768,Sanjeevani Blood Centre Bhosari,Pune,Bhosari,Mahalaxmi,208,0.125,0.4519230769230769,12.5,45.19230769230769,40.86538461538461,0.8508646143285191,45.33634715867161,9.0,7.0,2.0,77.77777777777779,3.0,1.0,22.222222222222214,22.222222222222214,36.141317998759476,Moderate Risk
280770,Jeevan Adhar Blood Centre Nanded,Nanded,Nanded,To Ayurvedic College,208,0.3557692307692308,0.25,35.57692307692308,25.0,50.881410256410255,0.8931515505492627,40.52992210504608,19.0,16.0,3.0,84.21052631578947,2.3125,1.5,15.789473684210535,15.789473684210535,35.733602015222296,Moderate Risk
281039,General Hospital Malegaon Blood Centre,Nashik,Malegaon,Malegaon,208,1.0,0.0,100.0,0.0,100.0,0.0,0.0,8.0,0.0,8.0,0.0,0.0,0.0,100.0,100.0,66.66666666666667,High Risk
282562,Kokilaben Dhirubhai Ambani Hospital Navi Mumbai Blood Centre,Thane,Thane,Kopar Khairane,208,0.1346153846153846,0.4423076923076923,13.461538461538462,44.230769230769226,41.98717948717948,0.8233812683948312,35.30227342092496,5.0,3.0,2.0,60.0,5.0,3.0,40.0,40.0,39.09648430270148,Moderate Risk
282564,M/S Aman Blood Centre Gandhibag Nagpur,Nagpur,Nagpur,Chota Loharpura Masjid,208,0.16346153846153846,0.3798076923076923,16.346153846153847,37.980769230769226,38.06089743589743,0.7709064425452381,39.06188968325363,8.0,7.0,1.0,87.5,4.714285714285714,1.0,12.5,12.5,29.874262373050357,Moderate Risk
282565,"Sathiya Educational SocietyS Sathiya Trust Blood Centre, Nalasopara, Palghar",Palghar,Nalasopara,Palghar,208,0.038461538461538464,0.4807692307692308,3.8461538461538463,48.07692307692308,32.532051282051285,0.43984021802229,29.318830068214083,3.0,3.0,0.0,100.0,2.6666666666666665,1.0,0.0,0.0,20.616960450088456,Low Risk
282568,Vbss Sanchalit Latur Blood Centre And Components Latur,Latur,LATUR,Old Renapur,208,0.1971153846153846,0.2403846153846154,19.71153846153846,24.03846153846154,34.61538461538461,0.7658518179069,38.035014758912624,19.0,16.0,3.0,84.21052631578947,2.0,1.0,15.789473684210535,15.789473684210535,29.479957686169257,Moderate Risk
282570,Sankalp Blood Centre,Thane,Thane,Thane,208,0.5,0.03365384615384615,50.0,3.3653846153846154,50.96153846153846,0.24441460778232763,16.279747463530896,4.0,0.0,4.0,0.0,0.0,0.0,100.0,100.0,55.74709530835645,High Risk
282571,"Shri Manoharpant Sapate Bahuuddeshiya Samajseva Sansthan TrustS, M/S. Medicare   Blood Centre",Solapur,Solapur,Solapur,8,0.0,0.375,0.0,37.5,25.0,0.6297090417459317,36.937982457002306,5.0,5.0,0.0,100.0,3.6,2.0,0.0,0.0,20.6459941523341,Low Risk
282571,"Shri Manoharpant Sapate Bahuuddeshiya Samajseva Sansthan TrustS, M/S. Medicare  Blood Centre",Solapur,Solapur,Solapur,200,0.09,0.5,9.0,50.0,37.0,0.6297090417459317,36.937982457002306,5.0,5.0,0.0,100.0,3.6,2.0,0.0,0.0,24.6459941523341,Low Risk
282577,"Welfare And Educational Trust Of Nmrcw, Chemist Blood Centre",Thane,Thane,Chemist Bhavan,208,0.028846153846153848,0.47115384615384615,2.8846153846153846,47.11538461538461,34.05448717948719,0.46542213367307733,31.606850100167,3.0,3.0,0.0,100.0,2.0,1.0,0.0,0.0,21.887112426551397,Low Risk
282586,"Varad Charitable And Medical Trust, Balaji Blood Centre, Satara",Satara,Satara,Behind,208,0.12980769230769232,0.34615384615384615,12.980769230769232,34.61538461538461,33.41346153846153,0.9333304122549628,47.39641290743857,15.0,15.0,0.0,100.0,1.8,1.0,0.0,0.0,26.936624815300036,Moderate Risk
282598,Dnyandeep Blood Center Of Modern Institute Of Technology,Solapur,Natepute,Natepute,208,0.057692307692307696,0.47115384615384615,5.769230769230769,47.11538461538461,30.76923076923077,0.5623220953131964,34.058770602397985,3.0,3.0,0.0,100.0,4.0,2.0,0.0,0.0,21.60933379054292,Low Risk
282599,Dean Datta Meghe Medical Collecge M.S.Dattatraya Blood Centre,Nagpur,Nagpur,Hingana,208,0.22115384615384615,0.40865384615384615,22.115384615384613,40.86538461538461,44.791666666666664,0.5255995093745598,27.280791067712155,3.0,1.0,2.0,33.33333333333333,19.0,19.0,66.66666666666667,66.66666666666667,46.2463748003485,Moderate Risk
282601,Symbiosis University Hospital And Research Center Blood Centre Of Symbiosis   Trust,Pune,Pune,Mulshi,8,0.0,0.375,0.0,37.5,14.583333333333332,0.3194911217588077,23.42790598061259,0.0,0.0,0.0,100.0,0.0,0.0,0.0,0.0,12.67041310464864,Low Risk
282601,Symbiosis University Hospital And Research Center Blood Centre Of Symbiosis  Trust,Pune,Pune,Mulshi,200,0.0,0.38,0.0,38.0,20.833333333333336,0.3194911217588077,23.42790598061259,0.0,0.0,0.0,100.0,0.0,0.0,0.0,0.0,14.753746437981974,Low Risk
282612,Red Plus Blood Center Jalgaon,Jalgaon,Jalgaon,College Road,208,0.20673076923076922,0.3173076923076923,20.673076923076923,31.73076923076923,40.544871794871796,0.8590315303680234,44.695732745115116,7.0,7.0,0.0,100.0,6.142857142857143,5.0,0.0,0.0,28.413534846662305,Moderate Risk
282668,Lokmanya Blood Centre,Aurangabad,Aurangabad,Adalat Road,208,0.019230769230769232,0.4423076923076923,1.9230769230769231,44.230769230769226,28.205128205128204,0.5114680216079767,32.90294324991289,3.0,2.0,1.0,66.66666666666666,1.0,1.0,33.33333333333334,33.33333333333334,31.480468262791476,Moderate Risk
282670,Pimpri Chinchwad  Municipal CorporationS Y.C.M. Hospital Blood Centre,Pune,Pune,Chinchwad,208,0.014423076923076924,0.03365384615384615,1.4423076923076923,3.3653846153846154,2.403846153846154,0.3310594428579559,24.463790794140525,3.0,3.0,0.0,100.0,1.0,1.0,0.0,0.0,8.955878982662226,Low Risk
282683,"Mgm Blood Centre , Kamothe",Raigarh,Raigarh,Kamothe,112,0.0,0.5178571428571429,0.0,51.78571428571429,28.125,0.38094691671421904,26.994454693393404,0.0,0.0,0.0,100.0,0.0,0.0,0.0,0.0,18.373151564464468,Low Risk
282683,"Mgm Blood Centre , Kamothe ",Raigarh,Raigarh,Kamothe,96,0.0,0.5,0.0,50.0,27.430555555555554,0.38094691671421904,26.994454693393404,0.0,0.0,0.0,100.0,0.0,0.0,0.0,0.0,18.141670082982987,Low Risk
282733,Rotary Blood Centre,Pune,Pune,Daund,208,0.1971153846153846,0.4519230769230769,19.71153846153846,45.19230769230769,41.98717948717948,0.6399259866200856,35.10784382609888,5.0,4.0,1.0,80.0,3.75,3.0,20.0,20.0,32.365007771092785,Moderate Risk
282735,Sahyaadrie Blood Centre Osmanabad,Osmanabad,Osmanabad,Kakde Plot,208,0.10096153846153846,0.44711538461538464,10.096153846153847,44.71153846153847,42.70833333333333,0.5386788946513519,34.261793064994464,6.0,5.0,1.0,83.33333333333334,3.2,2.0,16.666666666666657,16.666666666666657,31.21226435499815,Moderate Risk
282741,"Jeevandai Blood Centre, Components And Apheresis Centre Beed",Beed,Beed,Barshi,176,0.07954545454545454,0.48863636363636365,7.954545454545454,48.86363636363637,35.70075757575758,0.5352886764925222,33.27569333298725,2.0,2.0,0.0,100.0,7.0,7.0,0.0,0.0,22.99215030291494,Low Risk
282741,"Jeevandai Blood Centre, Components And Apheresis Centre Beed",Bid,Beed,Barshi,32,0.0,0.5625,0.0,56.25,33.854166666666664,0.5352886764925222,33.27569333298725,2.0,2.0,0.0,100.0,7.0,7.0,0.0,0.0,22.37661999988464,Low Risk
283142,Samarpan Blood Centre,Bhandara,Bhandara,Bhandara,208,0.08653846153846154,0.41346153846153844,8.653846153846153,41.34615384615385,33.73397435897436,0.5167829957207837,32.64490307371649,4.0,3.0,1.0,75.0,4.666666666666667,2.0,25.0,25.0,30.45962581089695,Moderate Risk
283198,Riddhi Vinayak Hospital Services Public Charitable Trust Blood Centre,Palghar,Palghar,Palghar,208,0.2980769230769231,0.40384615384615385,29.807692307692307,40.38461538461539,54.32692307692307,0.5822918702080097,26.277559749062203,5.0,1.0,4.0,20.0,1.0,1.0,80.0,80.0,53.53482760866175,High Risk
283207,Muktai Blood Centre Of Shivpooja Bahuudeshiya Shikhan Prasarak Mandal Solapur,Pune,Pune,S No,208,0.16346153846153846,0.3605769230769231,16.346153846153847,36.05769230769231,37.74038461538461,0.977015800940021,42.4123789377691,5.0,5.0,0.0,100.0,6.8,2.0,0.0,0.0,26.717587851051235,Moderate Risk
283208,Support Multipurpose Society Aadhar Blood Centre,Ahmadnagar,Sangamner,Opposite Dhanwantari M,200,0.01,0.445,1.0,44.5,23.333333333333332,0.3735118359278611,27.004139903703113,2.0,2.0,0.0,100.0,1.0,1.0,0.0,0.0,16.779157745678816,Low Risk
283233,Kurduwadi Blood Centre,Solapur,Solapur,Madha,208,0.15865384615384615,0.44711538461538464,15.865384615384615,44.71153846153847,39.1025641025641,0.8460275734881157,45.771077807834416,5.0,4.0,1.0,80.0,6.0,7.5,20.0,20.0,34.95788063679951,Moderate Risk
283250,Ms.Sanjeevani Blood Centre,Latur,Latur,Latur,24,0.4166666666666667,0.08333333333333333,41.66666666666667,8.333333333333332,48.611111111111114,0.5452132263879856,28.150601038650862,4.0,0.0,4.0,0.0,0.0,0.0,100.0,100.0,58.92057071658733,High Risk
283259,Sanjeevan Blood Component And Apheresis Centre,Thane,Badlapur,Badlapur,208,0.014423076923076924,0.09134615384615384,1.4423076923076923,9.134615384615383,3.125,0.8500135650616101,42.675589882460855,3.0,3.0,0.0,100.0,1.0,1.0,0.0,0.0,15.266863294153618,Low Risk
283260,Samarpit Bahuddeshiya Sevabhavi Sanshta Tarpan Blood Centre,Pune,Pune,Loni Kalbhor,208,0.02403846153846154,0.12980769230769232,2.403846153846154,12.980769230769232,4.807692307692308,0.4830419123985229,31.848267633964323,5.0,5.0,0.0,100.0,1.0,1.0,0.0,0.0,12.218653313885545,Low Risk
283261,The Yugantar Education Society S Nashikrao Tirpude Blood Centre,Nagpur,Nagpur,Chalks Colony,208,0.11538461538461539,0.5240384615384616,11.538461538461538,52.40384615384615,44.15064102564102,0.7159538720771429,37.20023453986603,5.0,3.0,2.0,60.0,1.0,1.0,40.0,40.0,40.45029185516902,Moderate Risk
283264,Aurangabad Thalassemia Society Shri Satya Sai Blood Centre,Aurangabad,Aurangabad,Opposite Sant Tukaram N,208,0.2692307692307692,0.2980769230769231,26.923076923076923,29.807692307692307,46.9551282051282,1.0514230463157144,47.019110720834995,11.0,7.0,4.0,63.63636363636363,4.285714285714286,5.0,36.36363636363637,36.36363636363637,43.44595842986652,Moderate Risk
283286,Raigad Hospital Blood Centre Of Saraswati Education Society,Raigarh,karjat,Karjat,208,0.028846153846153848,0.5625,2.8846153846153846,56.25,41.18589743589743,0.5590552170459883,35.39893396864465,5.0,5.0,0.0,100.0,1.2,1.0,0.0,0.0,25.52827713484736,Moderate Risk
283287,Manikraj Bahuudeshiya Samajsevi Sanstha Shivneri Blood Centre,Pune,Pune,Soham Nagari,208,0.057692307692307696,0.12980769230769232,5.769230769230769,12.980769230769232,10.416666666666666,0.5914199771126415,36.68035438630177,11.0,11.0,0.0,100.0,1.0909090909090908,1.0,0.0,0.0,15.699007017656145,Low Risk
283289,Mahatma Basaveshwar Blood Centre,Solapur,Solapur,Solapur,208,0.16826923076923078,0.46634615384615385,16.826923076923077,46.63461538461539,46.15384615384615,1.1871903194842521,53.64190151798134,16.0,16.0,0.0,100.0,2.1875,1.5,0.0,0.0,33.2652492239425,Moderate Risk
283290,Jijai Blood Centre Components Laboratory And Apheresis Centre C,Nanded,Nanded,Nand,208,0.1346153846153846,0.3605769230769231,13.461538461538462,36.05769230769231,32.85256410256411,0.7567587471035819,39.349034722823596,7.0,5.0,2.0,71.42857142857143,1.2,1.0,28.57142857142857,28.57142857142857,33.59100913227209,Moderate Risk
283298,Ved Medical Foundation Pune Vita Blood Centre,Sangli,Sangli,Basement Of Kala,208,0.02403846153846154,0.5432692307692307,2.403846153846154,54.32692307692307,35.09615384615385,0.5883297689271192,36.17426187104428,2.0,2.0,0.0,100.0,2.5,2.5,0.0,0.0,23.75680523906604,Low Risk
283305,Surabhi Hospital Pvt.Ltd. Surabhi Blood Centre,Ahmadnagar,Ahmednagar,Kavijung Naga,208,0.23557692307692307,0.2644230769230769,23.557692307692307,26.442307692307693,42.06730769230769,1.1570429671640643,41.130327488750986,8.0,6.0,2.0,75.0,3.3333333333333335,3.5,25.0,25.0,36.065878393686226,Moderate Risk
283306,Jalna Blood Centre Components And Apheresis Centre,Jalna,Jalna,Panna Chamber,208,0.07692307692307693,0.4423076923076923,7.6923076923076925,44.230769230769226,30.208333333333332,0.4090514429487425,27.873786497963966,3.0,3.0,0.0,100.0,5.333333333333333,5.0,0.0,0.0,19.360706610432434,Low Risk
283307,Sant Jagnnath Maharaj Anjalekar Bahuuudeshiya Sansthas Sanjivani Blood Centre,Jalgaon,Faizpur,Jalgaon,208,0.16826923076923078,0.4326923076923077,16.826923076923077,43.269230769230774,43.75,0.9679000500264104,46.33565492765909,5.0,5.0,0.0,100.0,7.0,4.0,0.0,0.0,30.02855164255303,Moderate Risk
283310,Renuka Blood Centre Component And Apheresis Centre,Osmanabad,Osmanabad,Osmanabad,208,0.057692307692307696,0.46153846153846156,5.769230769230769,46.15384615384615,37.09935897435898,0.7880211292386167,43.802091446773204,6.0,6.0,0.0,100.0,2.0,1.5,0.0,0.0,26.967150140377395,Moderate Risk
283339,Ahmednagar Blood Centre,Ahmadnagar,Ahmednagar,Ahmednagar,208,0.4951923076923077,0.28365384615384615,49.519230769230774,28.365384615384613,61.378205128205124,1.0535573884014937,40.36816399156116,8.0,5.0,3.0,62.5,8.6,5.0,37.5,37.5,46.41545637325543,Moderate Risk
283459,"Azad Panchi Groups Sanchalit, Janseva Blood Centre, Hinjewadi Phase-1, Pune",Pune,Hinjewadi,Hinjewadi,208,0.057692307692307696,0.3942307692307692,5.769230769230769,39.42307692307692,32.131410256410255,0.7162366504044011,39.983977745061964,4.0,2.0,2.0,50.0,3.0,3.0,50.0,50.0,40.70512933382407,Moderate Risk
283609,Aiims Nagpur Blood Center,Nagpur,Nagpur,Aiims Nagpur,208,0.0673076923076923,0.2692307692307692,6.730769230769231,26.923076923076923,23.23717948717949,0.5584608641837195,34.2325344483296,3.0,3.0,0.0,100.0,4.666666666666667,1.0,0.0,0.0,19.156571311836363,Low Risk
283795,Autus Blood Centre,Pune,Pune,Dehu Road,208,0.5384615384615384,0.28365384615384615,53.84615384615385,28.365384615384613,66.26602564102562,1.0832353751039236,51.99765557558986,8.0,0.0,8.0,0.0,0.0,0.0,100.0,100.0,72.7545604055385,High Risk
283840,"Radhai Blood Centre, Components Laboratory And Apheresis Centre, Udgir, Dist.  Latur",Latur,UDGIR,Milkat No,208,0.014423076923076924,0.02403846153846154,1.4423076923076923,2.403846153846154,2.8846153846153846,0.32706842869679065,24.620495448396966,3.0,3.0,0.0,100.0,1.0,1.0,0.0,0.0,9.168370277670784,Low Risk
284014,"Shri Kamala Bhavani Blood Centre, Karmala",Solapur,Karmala,Swatantra Saini,208,0.3798076923076923,0.18269230769230768,37.980769230769226,18.269230769230766,46.394230769230774,0.9631443000381813,48.809820724527725,10.0,10.0,0.0,100.0,7.9,9.0,0.0,0.0,31.734683831252834,Moderate Risk
284015,Aai Bahuuddeshiya Sevabhavi Sanstha Shourya Blood Centre Yavatmal,Yavatmal,Yavatmal,Yavatmal,208,0.028846153846153848,0.3605769230769231,2.8846153846153846,36.05769230769231,20.592948717948715,0.4642708491843218,31.214545933638792,3.0,2.0,1.0,66.66666666666666,2.5,2.5,33.33333333333334,33.33333333333334,28.380275994973616,Moderate Risk
284016,"Dr. R.N.Cooper Hospital Blood Centre Vile Parle (W) Mumbai,",Mumbai,Mumbai,Parel,8,0.0,0.25,0.0,25.0,12.5,0.46463240613579326,30.757515162443593,1.0,1.0,0.0,100.0,2.0,2.0,0.0,0.0,14.419171720814532,Low Risk
284016,"Dr. R.N.Cooper Hospital Blood Centre Vile Parle (W) Mumbai,",Mumbai,Mumbai,Vile Parle,88,0.0,0.125,0.0,12.5,2.840909090909091,0.46463240613579326,30.757515162443593,1.0,1.0,0.0,100.0,2.0,2.0,0.0,0.0,11.199474751117561,Low Risk
284016,"Dr. R.N.Cooper Hospital Blood Centre Vile Parle (W) Mumbai, ",Mumbai,Mumbai,Vile Parle,88,0.022727272727272728,0.2727272727272727,2.272727272727273,27.27272727272727,19.318181818181817,0.46463240613579326,30.757515162443593,1.0,1.0,0.0,100.0,2.0,2.0,0.0,0.0,16.691898993541802,Low Risk
284084,"Washim Blood Centre (Trust), Washim Managed By Ocean Bahuuddeshiya Sanstha,  Pusad, Dist. Yavtmal",Washim,Washim,Akola Nak,208,0.028846153846153848,0.47115384615384615,2.8846153846153846,47.11538461538461,28.846153846153843,0.4325775080798006,29.373519790459575,2.0,2.0,0.0,100.0,3.0,3.0,0.0,0.0,19.40655787887114,Low Risk
284095,"Chhatrapati Shahu Maharaj Pratishthan, Swastik Blood Centre, Kamothe, Navi  Mumbai",Raigarh,Navi Mumbai,Kamothe Navi Mumbai,208,0.07692307692307693,0.3894230769230769,7.6923076923076925,38.94230769230769,34.77564102564102,0.4152974195768022,24.802857065401742,1.0,1.0,0.0,100.0,16.0,16.0,0.0,0.0,19.85949936368092,Low Risk
284112,Mahalaxmi Blood Centre,Kolhapur,Kolhapur,West Side,208,0.11538461538461539,0.3894230769230769,11.538461538461538,38.94230769230769,35.8974358974359,0.8023537383669808,44.261571076154226,11.0,11.0,0.0,100.0,2.1818181818181817,1.0,0.0,0.0,26.71966899119671,Moderate Risk
284117,"Vedanta Hospital And Research Center Blood Centre, Saswand, Post Dhundalwadi",Palghar,Saswand,Palghar,200,0.32,0.29,32.0,28.999999999999996,47.75,0.39227823001651957,25.07541966649244,4.0,0.0,4.0,0.0,0.0,0.0,100.0,100.0,57.60847322216415,High Risk
284140,Arpan Blood Centre Nanded,Nanded,Nanded,Nanded,208,0.49038461538461536,0.04807692307692308,49.03846153846153,4.807692307692308,50.96153846153846,1.5182732087824338,36.08695009441415,4.0,0.0,4.0,0.0,0.0,0.0,100.0,100.0,62.34949618531754,High Risk
284150,"Shri Dhaneshwari Manav Vikas Mandals, Shantai Blood Centre, Pedgaon, Dist.    Parbhani",Parbhani,Pedgaon,Pedgaon,8,0.0,0.375,0.0,37.5,25.0,0.4157625929374408,28.826082855015724,5.0,4.0,1.0,80.0,1.75,2.0,20.0,20.0,24.608694285005242,Low Risk
284150,"Shri Dhaneshwari Manav Vikas Mandals, Shantai Blood Centre, Pedgaon, Dist.  Parbhani",Parbhani,Pedgaon,Pedgaon,200,0.04,0.375,4.0,37.5,29.75,0.4157625929374408,28.826082855015724,5.0,4.0,1.0,80.0,1.75,2.0,20.0,20.0,26.192027618338575,Moderate Risk
284246,Ms.Rambhabai Bahuuddeshiya Seva Sanstha Seva Blood Centre,Nandurbar,Nandurbar,Shahada,208,0.004807692307692308,0.28365384615384615,0.4807692307692308,28.365384615384613,19.471153846153847,0.3703385187663667,24.802152959239585,1.0,0.0,1.0,0.0,0.0,0.0,100.0,100.0,48.091102268464475,Moderate Risk
284254,Blood Center District Hospital Aurangabad,Aurangabad,Aurangabad,Chikalthana,208,0.019230769230769232,0.6442307692307693,1.9230769230769231,64.42307692307693,40.78525641025641,0.5676316415664284,35.46148071169979,4.0,4.0,0.0,100.0,1.0,1.0,0.0,0.0,25.415579040652066,Moderate Risk
284350,Manipal Hospitals Pvt Ltd Blood Centre,Pune,Pune,Baner,208,0.15384615384615385,0.5240384615384616,15.384615384615385,52.40384615384615,41.82692307692308,0.759331116453085,38.18135025953326,3.0,2.0,1.0,66.66666666666666,5.5,5.5,33.33333333333334,33.33333333333334,37.78053555659656,Moderate Risk
284358,"Poona Medical Relief And Research Foundation, Kai Madhukar Sakharam Bidkar   Blood Centre, Pune",Pune,Pune,Mangalwar Peth,16,0.125,0.25,12.5,25.0,26.041666666666664,0.7112162156489061,40.214033512283414,11.0,10.0,1.0,90.9090909090909,2.5,1.0,9.090909090909093,9.090909090909093,25.11553642328639,Moderate Risk
284358,"Poona Medical Relief And Research Foundation, Kai Madhukar Sakharam Bidkar  Blood Centre, Pune",Pune,Pune,Mangalwar Peth,192,0.13541666666666666,0.390625,13.541666666666666,39.0625,38.45486111111111,0.7112162156489061,40.214033512283414,11.0,10.0,1.0,90.9090909090909,2.5,1.0,9.090909090909093,9.090909090909093,29.25326790476787,Moderate Risk
284359,"Maha Victory Charitable Trust, Lifeline Blood Centre, Bapgaon, Tal. Bhiwandi,  Dist. Thane",Thane,Bhiwandi,Kalyan,208,0.4519230769230769,0.3076923076923077,45.19230769230769,30.76923076923077,64.66346153846155,1.4802728339613704,48.65466480509373,15.0,12.0,3.0,80.0,4.083333333333333,2.0,20.0,20.0,44.43937544785175,Moderate Risk
284360,"Criticare Asia Hospital Blood Centre, Pvt. Ltd., Kurla (W), Mumbai",Mumbai,Mumbai,Kurla,208,0.5625,0.3125,56.25,31.25,74.67948717948717,0.944997212142966,29.708413610983982,8.0,3.0,5.0,37.5,6.666666666666667,8.0,62.5,62.5,55.629300263490386,High Risk
284361,"Laksh Foundation, Lifeline Blood Centre, Nashik",Nashik,Nashik,Suyojit Commercial Complex,208,0.19230769230769232,0.16346153846153846,19.230769230769234,16.346153846153847,28.766025641025646,0.9079148192428215,40.65370928809372,4.0,3.0,1.0,75.0,6.0,1.0,25.0,25.0,31.473244976373124,Moderate Risk
284432,"City Blood Centre, Component And Apheresis Centre, Beed",Jalna,Jalna,Jalna,208,0.28846153846153844,0.34134615384615385,28.846153846153843,34.13461538461539,49.59935897435898,1.0156725720928401,49.90288686309701,17.0,9.0,8.0,52.94117647058824,1.1111111111111112,1.0,47.05882352941176,47.05882352941176,48.85368978895591,Moderate Risk
284433,"Ayush Blood Centre, Vaduj, Tal. Khatav, Dist. Satara",Satara,Vaduj,Vaduj,208,0.0625,0.3798076923076923,6.25,37.980769230769226,27.083333333333332,0.5417994784698749,33.617045518657,2.0,2.0,0.0,100.0,6.5,6.5,0.0,0.0,20.233459617330112,Low Risk
284443,"Maharashtra Blood Centre, Waluj Midc, Dist. Chh. Sambhaji Nagar (Aurangabad)",Aurangabad,Waluj,Waluj,208,0.2403846153846154,0.2644230769230769,24.03846153846154,26.442307692307693,38.381410256410255,0.4462083782108921,25.42633594124673,3.0,1.0,2.0,33.33333333333333,6.0,6.0,66.66666666666667,66.66666666666667,43.49147095477455,Moderate Risk
284448,"Shwas Foundation Poona Blood Centre, Narayangaon, Tal- Junnar, Dist. Pune",Pune,Narayangaon,Narayangaon,208,0.028846153846153848,0.4182692307692308,2.8846153846153846,41.82692307692308,28.846153846153843,0.5952743011355281,36.565147865226635,2.0,2.0,0.0,100.0,3.0,3.0,0.0,0.0,21.803767237126824,Low Risk
284454,"Bhavar Blood Centre,  Badlapur (E), Taluka Ambernath, Dist. Thane",Thane,Badlapur,Badlapur,208,0.15865384615384615,0.33653846153846156,15.865384615384615,33.65384615384615,35.65705128205128,0.7848585703074658,40.791069169387555,12.0,9.0,3.0,75.0,2.888888888888889,1.0,25.0,25.0,33.81604015047961,Moderate Risk
284467,"Mahalaxmi Blood Centre, Kagal,Kolhapur",Kolhapur,Kolhapur,Jaysinghrao Park N.R,208,0.08653846153846154,0.3942307692307692,8.653846153846153,39.42307692307692,35.41666666666667,0.6462592396443849,38.54064605786331,7.0,6.0,1.0,85.71428571428571,2.1666666666666665,1.5,14.285714285714292,14.285714285714292,29.414342336748092,Moderate Risk
284498,Shri Gajanan Blood Centre,Washim,Washim,Washim,208,1.0,0.0,100.0,0.0,100.0,0.0,0.0,8.0,0.0,8.0,0.0,0.0,0.0,100.0,100.0,66.66666666666667,High Risk
284499,"M/S.Uaims Advanced Blood Centre, Ushahkal Abhinav Institute Of Medical  Sciences(Uaims), Sangli. (A U",Sangli,Sangli,Sangli,208,0.5096153846153846,0.028846153846153848,50.96153846153846,2.8846153846153846,52.644230769230774,1.3081366481531593,35.35876033399264,10.0,6.0,4.0,60.0,6.333333333333333,2.0,40.0,40.0,42.667663701074474,Moderate Risk
284508,Dr.Rajendra Gode Blood Centre And Component Lab,Amravati,Amravati,Amravati,208,0.33653846153846156,0.2980769230769231,33.65384615384615,29.807692307692307,49.919871794871796,0.48482489569680853,29.39020671322361,6.0,2.0,4.0,33.33333333333333,3.0,3.0,66.66666666666667,66.66666666666667,48.658915058254024,Moderate Risk
284509,Sankalp Blood Centre,Satara,Satara,Satara,208,0.6490384615384616,0.18269230769230768,64.90384615384616,18.269230769230766,77.40384615384616,1.6095225984360417,61.37533661019612,23.0,23.0,0.0,100.0,5.869565217391305,4.0,0.0,0.0,46.259727588014094,Moderate Risk
284510,"Saiseva Blood Cantre, Blood Components And Apheresis Centre",Ahmadnagar,Ahmednagar,sarjepura,208,0.25,0.3076923076923077,25.0,30.76923076923077,46.71474358974359,0.8935821571986285,42.877533495263016,10.0,6.0,4.0,60.0,2.5,1.0,40.0,40.0,43.1974256950022,Moderate Risk
284514,M/S . Ideal Foundations Ideal Blood Centre,Palghar,Wada,Palghar,208,0.1971153846153846,0.6105769230769231,19.71153846153846,61.057692307692314,56.730769230769226,0.671266887980107,36.15171557264187,7.0,6.0,1.0,85.71428571428571,2.5,2.0,14.285714285714292,14.285714285714292,35.722733029708465,Moderate Risk
284529,Spandan Blood Centre,Pune,Pune,Pune,208,0.0,0.3701923076923077,0.0,37.019230769230774,16.025641025641026,0.5142232263733268,32.749475067106985,0.0,0.0,0.0,100.0,0.0,0.0,0.0,0.0,16.258372030916004,Low Risk
284555,M/S. Freedom Foundation Sanchlit Lifeline Blood Centre,Pune,Pune,Somatane,208,0.014423076923076924,0.3798076923076923,1.4423076923076923,37.980769230769226,21.955128205128208,0.38798345348837376,26.93301943762539,2.0,1.0,1.0,50.0,1.0,1.0,50.0,50.0,32.96271588091786,Moderate Risk
284589,M/S. Jai Mata Di Bahuddeshiya SansthaS Melghat Blood Centre,Amravati,Amravati,Melghat,208,0.14423076923076922,0.23076923076923078,14.423076923076922,23.076923076923077,25.400641025641026,0.6037200003172172,30.398816299971635,8.0,6.0,2.0,75.0,1.6666666666666667,1.0,25.0,25.0,26.933152441870888,Moderate Risk
284720,"Dr. D.Y. Patil Medical College Hospital And Research Centre Blood Centre,  Pimpri, Pune.",Pune,Pimpri,Pimpri,208,0.028846153846153848,0.2692307692307692,2.8846153846153846,26.923076923076923,15.865384615384615,0.3793045511373882,26.89071142413007,6.0,6.0,0.0,100.0,1.0,1.0,0.0,0.0,14.252032013171563,Low Risk
284721,"Kranti Mitra Mandal Public Charitable Trusts, Om Blood Centre, Shirur.",Pune,Shirur,Shirur,208,0.009615384615384616,0.4567307692307692,0.9615384615384616,45.67307692307692,30.448717948717945,0.4930422889353011,32.550370027962146,2.0,2.0,0.0,100.0,1.0,1.0,0.0,0.0,20.999695992226695,Low Risk
284762,"Maya Blood Centre, Badlapur (W), Tal. Ambernath, Dist.Thane",Thane,Badlapur (W),Badlapur,208,0.625,0.25,62.5,25.0,77.08333333333333,0.0,0.0,5.0,0.0,5.0,0.0,0.0,0.0,100.0,100.0,59.02777777777777,High Risk
284763,"Balaji Blood Centre, Lonand, Khandala Taluk, Dist. Satara",Satara,Lonand,Sata,208,0.2692307692307692,0.34615384615384615,26.923076923076923,34.61538461538461,47.03525641025641,1.0149074176847241,46.87983720486985,8.0,7.0,1.0,87.5,5.571428571428571,5.0,12.5,12.5,35.471697871708756,Moderate Risk
284764,"Blood Centre And Component Separation Unit, Sub-District Hospital, Dharni,  District Amravati",Amravati,Dharni,Dharni,208,0.038461538461538464,0.5528846153846154,3.8461538461538463,55.28846153846154,33.09294871794872,0.5285939402212138,33.36340669454945,8.0,8.0,0.0,100.0,1.0,1.0,0.0,0.0,22.152118470832722,Low Risk
284765,"Shree Sainath Blood Centre, Sinnar, Tal. Sinnar, Dist. Nashik",Nashik,Sinnar,Udyog B,208,0.21634615384615385,0.5240384615384616,21.634615384615387,52.40384615384615,52.64423076923076,0.9920768943854569,48.55916892338457,10.0,10.0,0.0,100.0,4.5,3.5,0.0,0.0,33.734466564205114,Moderate Risk
284803,"Hinjewadi Blood Centre, Hinjewadi, Tal. Mulshi, Dist. Pune",Pune,Pune,Om Plaza,208,0.038461538461538464,0.22596153846153846,3.8461538461538463,22.596153846153847,12.900641025641024,0.45637471297258136,30.62358446427109,1.0,1.0,0.0,100.0,8.0,8.0,0.0,0.0,14.508075163304037,Low Risk
284835,"Shaurya Blood Centre, Blood Component And Apheresis Centre, Ahmedpur, Dist.  Latur",Latur,Ahmedpur,Redd,208,0.052884615384615384,0.24519230769230768,5.288461538461538,24.519230769230766,18.189102564102566,0.6442203351885021,38.883777960840334,7.0,7.0,0.0,100.0,1.5714285714285714,1.0,0.0,0.0,19.0242935083143,Low Risk
284843,"Government Medical College And General Hospital Blood Centre, Baramati,  District  Pune",Pune,Baramati,Midc Area,208,0.4807692307692308,0.375,48.07692307692308,37.5,73.23717948717949,0.9787259740598887,35.74718606945367,10.0,4.0,6.0,40.0,3.75,3.0,60.0,60.0,56.32812185221105,High Risk
284844,"Civil Hospital Palghar Blood Centre, Palghar",Palghar,Palghar,St Fl,208,0.0,0.6634615384615384,0.0,66.34615384615384,43.75,0.3144442499091705,20.252959557741683,0.0,0.0,0.0,100.0,0.0,0.0,0.0,0.0,21.334319852580563,Low Risk
284861,"Indian Red Cross Society Bel Air Blood Centre, Wai, Dist. Satara",Satara,Wai,Wai,208,0.07692307692307693,0.5144230769230769,7.6923076923076925,51.442307692307686,43.10897435897436,0.5623723498843741,34.315227772474614,4.0,4.0,0.0,100.0,4.0,4.5,0.0,0.0,25.808067377149655,Moderate Risk
284864,"Sahyaadrie Blood Centre,  Midc Waluj Industrial Area, Vadgaon Kolhati, Chh.  Sambhajinagar.",Aurangabad,Aurangabad,Waluj,208,0.2403846153846154,0.22115384615384615,24.03846153846154,22.115384615384613,41.34615384615385,0.7787604290164376,38.94760895363066,5.0,5.0,0.0,100.0,10.0,12.0,0.0,0.0,26.764587599928166,Moderate Risk
284915,Yogeshwari Blood Centre,Beed,Beed,House No,176,0.23863636363636365,0.2840909090909091,23.863636363636363,28.40909090909091,45.6439393939394,1.142007784764615,39.83190714104599,8.0,5.0,3.0,62.5,1.8,1.0,37.5,37.5,40.99194884499513,Moderate Risk
284915,Yogeshwari Blood Centre,Bid,Beed,House No,32,0.3125,0.40625,31.25,40.625,53.64583333333333,1.142007784764615,39.83190714104599,8.0,5.0,3.0,62.5,1.8,1.0,37.5,37.5,43.65924682479311,Moderate Risk
284919,Mumbadevi Blood And Thalassemia Day Care Centre,Thane,Navi Mumbai,Vashi,24,0.2916666666666667,0.375,29.166666666666668,37.5,56.94444444444445,0.6447094217041359,35.62087770403631,4.0,0.0,4.0,0.0,0.0,0.0,100.0,100.0,64.18844071616026,High Risk
284921,M/S. AsplS Csmss Medical College And Hospital Blood Centre,Aurangabad,Aurangabad,M/S. Aspls Csmss Medical College And Hospital Blood Centre,208,0.5721153846153846,0.34134615384615385,57.21153846153846,34.13461538461539,83.33333333333334,1.2952088121465026,41.98956802635187,11.0,8.0,3.0,72.72727272727273,8.25,6.5,27.272727272727266,27.272727272727266,50.865209544137485,High Risk
284946,Keshari Blood Centre,Thane,Thane,Near,208,0.14903846153846154,0.46634615384615385,14.903846153846153,46.63461538461539,47.67628205128205,0.6565222788399828,38.64215114807745,14.0,14.0,0.0,100.0,2.2142857142857144,1.5,0.0,0.0,28.77281106645317,Moderate Risk
284961,"Wagholi Blood Centre, Wagholi,Pune",Pune,Pune,Wagholi,208,0.2548076923076923,0.2932692307692308,25.48076923076923,29.326923076923077,44.230769230769226,0.8680334357419075,43.23995664888954,9.0,9.0,0.0,100.0,5.888888888888889,3.0,0.0,0.0,29.156908626552923,Moderate Risk
285061,Pachpande Multispeciality Hospital Blood Storage Center,Jalgaon,muktainagar,Jalgaon,208,0.5817307692307693,0.4182692307692308,58.17307692307693,41.82692307692308,82.05128205128204,0.35003939263847994,19.815014820176536,11.0,7.0,4.0,63.63636363636363,2.4285714285714284,2.0,36.36363636363637,36.36363636363637,46.07664441169832,Moderate Risk
285062,Gadchiroli Blood Centre,Gadchiroli,Navegaon,Navegaon,208,0.36538461538461536,0.3173076923076923,36.53846153846153,31.73076923076923,56.250000000000014,0.80393462940245,38.86271055361421,14.0,10.0,4.0,71.42857142857143,4.0,1.5,28.57142857142857,28.57142857142857,41.228046375014266,Moderate Risk
285065,"Majalgaon Blood Centre, Blood Component And Apheresis Centre, Majalgaon",Beed,Beed,Naik Complex,176,0.3522727272727273,0.3977272727272727,35.22727272727273,39.77272727272727,59.65909090909091,0.6758124073197674,35.441381573404186,7.0,6.0,1.0,85.71428571428571,7.0,6.0,14.285714285714292,14.285714285714292,36.46206225606979,Moderate Risk
285065,"Majalgaon Blood Centre, Blood Component And Apheresis Centre, Majalgaon",Bid,Beed,Naik Complex,32,0.1875,0.65625,18.75,65.625,56.25,0.6758124073197674,35.441381573404186,7.0,6.0,1.0,85.71428571428571,7.0,6.0,14.285714285714292,14.285714285714292,35.32569861970616,Moderate Risk
285067,"Jijau Blood Centre, Blood Component And Apheresis Centre, Parbhani",Parbhani,Parbhani,Parbhani,208,0.028846153846153848,0.27403846153846156,2.8846153846153846,27.403846153846157,18.589743589743588,0.2854812854165659,21.457570907148014,5.0,5.0,0.0,100.0,1.2,1.0,0.0,0.0,13.3491048322972,Low Risk
285230,"Redlife Blood Centre, Ghansoli, Navi Mumbai, Thane",Thane,Thane,Gami Aster,208,0.009615384615384616,0.3798076923076923,0.9615384615384616,37.980769230769226,22.596153846153847,0.4597749736474531,30.427666713525102,1.0,1.0,0.0,100.0,2.0,2.0,0.0,0.0,17.67460685322632,Low Risk
285231,"Shaurya Blood Centre,Blood Components and Apheresis, Chandrapur",Chandrapur,Chandrapur,Chandrapur,208,0.13942307692307693,0.40865384615384615,13.942307692307693,40.86538461538461,36.53846153846153,0.3159437187685848,22.745915559479023,4.0,3.0,1.0,75.0,1.0,1.0,25.0,25.0,28.094792365980187,Moderate Risk
285244,Raigad Blood Centre Pen Tal Pen Dis Raigarh,Raigarh,Pen,Old Rto Of,208,0.375,0.13942307692307693,37.5,13.942307692307693,46.47435897435898,0.7520372124384807,32.76371117227103,6.0,3.0,3.0,50.0,1.0,1.0,50.0,50.0,43.079356715543334,Moderate Risk
285265,Shrinivasa Blood Centre,Nanded,Deglur,Deglur,208,0.3798076923076923,0.3076923076923077,37.980769230769226,30.76923076923077,55.849358974358964,0.9684018738120359,39.73467821958536,6.0,1.0,5.0,16.666666666666664,1.0,1.0,83.33333333333334,83.33333333333334,59.63912350909256,High Risk
285274,"Bhartiya Sanskruti Shikshan Prasarak Mandal, Sangola sanchlit,Sangola Blood    Centre,Sangola,Solapur",Solapur,Pandharpur,Opp.Market Yard,16,0.1875,0.3125,18.75,31.25,39.583333333333336,0.6374212716189026,38.42292098750369,3.0,3.0,0.0,100.0,4.333333333333333,5.0,0.0,0.0,26.002084773612342,Moderate Risk
285274,"Bhartiya Sanskruti Shikshan Prasarak Mandal, Sangola sanchlit,Sangola Blood  Centre,Sangola,Solapur",Solapur,Pandharpur,Opp.Market Yard,192,0.052083333333333336,0.4583333333333333,5.208333333333334,45.83333333333333,35.9375,0.6374212716189026,38.42292098750369,3.0,3.0,0.0,100.0,4.333333333333333,5.0,0.0,0.0,24.786806995834564,Low Risk
285275,"Pushplata D.Y.Patil Hospital & Research Centre Blood Centre, Maval, Pune",Pune,Pune,Pushplata D.Y.Patil Hospi,208,0.40384615384615385,0.5721153846153846,40.38461538461539,57.21153846153846,82.37179487179488,1.0390927568195008,36.344250788931376,5.0,4.0,1.0,80.0,14.5,11.5,20.0,20.0,46.23868188690875,Moderate Risk
285276,"Shri.Swami Samarth Blood Centre, Pandharpur, Solapur",Solapur,Solapur,Gokul,208,0.0,0.21153846153846154,0.0,21.153846153846153,10.096153846153845,0.6056381347425026,36.38380052057977,0.0,0.0,0.0,100.0,0.0,0.0,0.0,0.0,15.493318122244538,Low Risk
285312,"Navjeevan Blood Centre, Kankawali, Sindhudurga",Sindhudurg,Kankavli,Sindhudurg,208,0.3605769230769231,0.28846153846153844,36.05769230769231,28.846153846153843,53.36538461538461,0.7296756412917199,36.97351066195825,8.0,7.0,1.0,87.5,7.0,5.0,12.5,12.5,34.27963175911429,Moderate Risk
